2025-12-16T18:42:58.555403+0100 chargesom manager[864884]: [INFO] bsp:CbChargeSOM  :: handle_pwm_off: Setting new duty cycle of 100.0%
2025-12-16T18:44:09.050474+0100 chargesom manager[864918]: [INFO] powersupply_dc:  :: Infy[0xFF]: communication fault cleared
2025-12-16T18:44:09.051811+0100 chargesom manager[864918]: [INFO] powersupply_dc:  :: Cleared error of type power_supply_DC/CommunicationFault with sub_type
2025-12-16T18:44:24.050431+0100 chargesom manager[864918]: [WARN] powersupply_dc: size_t InfyCanDevice::remove_expired_telemetry_entries() :: Infy[0x00]: module communication expired (timeout: 15s). Removing from active modules.
2025-12-16T18:44:24.069772+0100 chargesom manager[864918]: [INFO] powersupply_dc:  :: Infy: Communication fault detected - all 1 modules unresponsive, forcing system OFF for safety
2025-12-16T18:44:24.069772+0100 chargesom manager[864918]: [ERRO] powersupply_dc: module::main::power_supply_DCImpl::init()::<lambda(uint8_t, InfyCanDevice::Error, bool)> :: Infy[0xFF]: communication fault detected
2025-12-16T18:44:24.069772+0100 chargesom manager[864918]: [ERRO] powersupply_dc:  :: Error raised, type: power_supply_DC/CommunicationFault, sub_type: , message: Infy[0xFF]: communication fault detected
2025-12-16T18:44:24.069772+0100 chargesom manager[864918]: [INFO] powersupply_dc:  :: Infy: Removed 1 expired modules. Active modules remaining: 0
2025-12-16T18:44:24.069772+0100 chargesom manager[864918]: [INFO] powersupply_dc:  :: Infy: No telemetries received, setting default capabilities
2025-12-16T18:44:24.102141+0100 chargesom manager[864914]: [WARN] iso15118_charge  :: Physical value out of scope. Ignore value
2025-12-16T18:44:52.704113+0100 chargesom systemd[1]: Stopping EVerest...
2025-12-16T18:44:52.739867+0100 chargesom systemd[1]: everest.service: Deactivated successfully.
2025-12-16T18:44:52.740770+0100 chargesom systemd[1]: Stopped EVerest.
2025-12-16T18:44:52.758049+0100 chargesom systemd[1]: Starting EVerest...
2025-12-16T18:44:52.764252+0100 chargesom sh[867778]: Starting to migrate EVerest configurations
2025-12-16T18:44:52.784709+0100 chargesom sh[867778]: EVerest configurations migrated successfully
2025-12-16T18:44:52.786183+0100 chargesom systemd[1]: Started EVerest.
2025-12-16T18:44:52.810491+0100 chargesom manager[867782]: [INFO] manager          ::   ________      __                _
2025-12-16T18:44:52.810491+0100 chargesom manager[867782]: [INFO] manager          ::  |  ____\ \    / /               | |
2025-12-16T18:44:52.811909+0100 chargesom manager[867782]: [INFO] manager          ::  | |__   \ \  / /__ _ __ ___  ___| |_
2025-12-16T18:44:52.811909+0100 chargesom manager[867782]: [INFO] manager          ::  |  __|   \ \/ / _ \ '__/ _ \/ __| __|
2025-12-16T18:44:52.811909+0100 chargesom manager[867782]: [INFO] manager          ::  | |____   \  /  __/ | |  __/\__ \ |_
2025-12-16T18:44:52.811909+0100 chargesom manager[867782]: [INFO] manager          ::  |______|   \/ \___|_|  \___||___/\__|
2025-12-16T18:44:52.811909+0100 chargesom manager[867782]: [INFO] manager          ::
2025-12-16T18:44:52.811909+0100 chargesom manager[867782]: [INFO] manager          :: everest-framework 0.23.0 main@v0.23.0
2025-12-16T18:44:52.811909+0100 chargesom manager[867782]: [INFO] manager          :: everest-core 2025.8.0 feature/json-rpc-api-2025.8.0@2025.8.0-351-g14709eef-dirty
2025-12-16T18:44:52.811909+0100 chargesom manager[867782]: [INFO] manager          ::
2025-12-16T18:44:52.811909+0100 chargesom manager[867782]: [INFO] manager          :: Using MQTT broker localhost:1883
2025-12-16T18:44:52.828252+0100 chargesom manager[867784]: [INFO] everest_ctrl     :: Launching controller service on port 8849
2025-12-16T18:44:52.842259+0100 chargesom manager[867782]: [INFO] manager          :: Boot mode is set to YamlFile, loading module configs from YAML file
2025-12-16T18:44:52.842594+0100 chargesom manager[867782]: [INFO] manager          :: Loading config file at: /etc/everest/config.yaml
2025-12-16T18:44:52.958769+0100 chargesom manager[867782]: [INFO] manager          :: Config loading completed in 145ms
2025-12-16T18:44:52.963660+0100 chargesom manager[867782]: [INFO] manager          :: Starting 14 modules
2025-12-16T18:44:54.731024+0100 chargesom manager[867804]: [INFO] auth:Auth        :: Module auth initialized [1705ms]
2025-12-16T18:44:54.754379+0100 chargesom manager[867803]: [WARN] api:API          :: No evse energy sink configured for evse_id: 1. API module does therefore not allow control of amps or power limits for this EVSE
2025-12-16T18:44:54.754379+0100 chargesom manager[867803]: [INFO] api:API          :: Module api initialized [1751ms]
2025-12-16T18:44:54.759880+0100 chargesom manager[867805]: [INFO] bsp:CbChargeSOM  :: chargebyte's Charge SOM EVerest module (version: 0.24.0)
2025-12-16T18:44:54.824758+0100 chargesom manager[867811]: [INFO] error_history:E  :: Using database at "/tmp/error_history.db"
2025-12-16T18:44:54.824758+0100 chargesom manager[867811]: [INFO] error_history:E  :: Checking database
2025-12-16T18:44:54.845452+0100 chargesom manager[867807]: [INFO] energy_manager:  :: Module energy_manager initialized [1771ms]
2025-12-16T18:44:54.852109+0100 chargesom manager[867826]: [INFO] imd:IMDSimulato  :: Module imd initialized [1697ms]
2025-12-16T18:44:54.869290+0100 chargesom manager[867816]: [INFO] evse_security:E  :: Module evse_security initialized [1787ms]
2025-12-16T18:44:54.871088+0100 chargesom manager[867811]: [INFO] error_history:E  :: Module error_history initialized [1812ms]
2025-12-16T18:44:54.872285+0100 chargesom manager[867820]: [INFO] grid_connection  :: Module grid_connection_point initialized [1755ms]
2025-12-16T18:44:54.874678+0100 chargesom manager[867806]: [INFO] connector:EvseM  :: Module connector initialized [1795ms]
2025-12-16T18:44:54.898543+0100 chargesom manager[867819]: [INFO] evse_slac:EvseS  :: Module evse_slac initialized [1793ms]
2025-12-16T18:44:54.909310+0100 chargesom manager[867837]: [INFO] powersupply_dc:  :: Infy: Setting config values: CAN device: can0
2025-12-16T18:44:54.910279+0100 chargesom manager[867837]: [INFO] powersupply_dc:  :: Infy: Operating with controller address: 0xf0
2025-12-16T18:44:54.910279+0100 chargesom manager[867837]: [INFO] powersupply_dc:  :: Infy: Operating in FIXED_ADDRESS mode with 1 addresses: 0
2025-12-16T18:44:54.910279+0100 chargesom manager[867837]: [INFO] powersupply_dc:  :: Infy: module communication timeout: 15s
2025-12-16T18:44:54.910279+0100 chargesom manager[867837]: [INFO] powersupply_dc:  :: Infy: Operating in FIXED_ADDRESS mode. No need to ping.
2025-12-16T18:44:54.910869+0100 chargesom manager[867837]: [INFO] powersupply_dc:  :: Infy: switch_on_off(false) - active modules: 1
2025-12-16T18:44:54.910869+0100 chargesom manager[867837]: [INFO] powersupply_dc:  :: Module powersupply_dc initialized [1736ms]
2025-12-16T18:44:54.910869+0100 chargesom manager[867837]: [INFO] powersupply_dc:  :: Starting CAN RX thread
2025-12-16T18:44:54.910869+0100 chargesom manager[867837]: [INFO] powersupply_dc:  :: CAN error cleared: Success
2025-12-16T18:44:54.942511+0100 chargesom manager[867831]: [INFO] iso15118_charge  :: Module iso15118_charger initialized [1763ms]
2025-12-16T18:44:54.947340+0100 chargesom manager[867843]: [INFO] token_provider:  :: Module token_provider initialized [1764ms]
2025-12-16T18:44:54.988029+0100 chargesom manager[867846]: [INFO] token_validator  :: Module token_validator initialized [1797ms]
2025-12-16T18:44:55.108050+0100 chargesom manager[867805]: [INFO] bsp:CbChargeSOM  :: Safety Controller Firmware: 0.2.5 (gde7345017c7932bc, Charge SOM, firmware)
2025-12-16T18:44:55.108426+0100 chargesom manager[867805]: [INFO] bsp:CbChargeSOM  :: Module bsp initialized [2088ms]
2025-12-16T18:44:55.109309+0100 chargesom manager[867782]: [INFO] manager          :: Clearing retained topics published by manager during startup
2025-12-16T18:44:55.110173+0100 chargesom manager[867782]: [INFO] manager          :: 🚙🚙🚙 All modules are initialized. EVerest up and running [2304ms] 🚙🚙🚙
2025-12-16T18:44:55.121963+0100 chargesom manager[867831]: [INFO] iso15118_charge  :: TCP server on eth1 is listening on port [fe80::201:87ff:fe00:3035%3]:61341
2025-12-16T18:44:55.121963+0100 chargesom manager[867831]: [INFO] iso15118_charge  :: SDP socket setup succeeded
2025-12-16T18:44:55.129164+0100 chargesom manager[867819]: [INFO] evse_slac:EvseS  :: Starting the SLAC state machine
2025-12-16T18:44:55.294853+0100 chargesom manager[867804]: [WARN] auth:Auth        :: Can not load reservations because no storage was configured.
2025-12-16T18:44:55.329532+0100 chargesom manager[867819]: [INFO] evse_slac:EvseS  :: Entered Reset state
2025-12-16T18:44:55.329879+0100 chargesom manager[867819]: [INFO] evse_slac:EvseS  :: New NMK key: 46:34:4A:34:30:36:30:32:4E:32:30:33:4E:55:47:30
2025-12-16T18:44:55.331128+0100 chargesom manager[867819]: [INFO] evse_slac:EvseS  :: Received CM_SET_KEY_CNF
2025-12-16T18:44:55.331657+0100 chargesom manager[867819]: [INFO] evse_slac:EvseS  :: Entered Idle state
2025-12-16T18:44:55.920435+0100 chargesom manager[867837]: [INFO] powersupply_dc:  :: Infy[0x00]: capabilities: 1000V / 50V, 102A, power 30000W
2025-12-16T18:44:55.921447+0100 chargesom manager[867837]: [INFO] powersupply_dc:  :: Infy: Capabilities updated: 1000V / 50V, 102A, power 30000W
2025-12-16T18:44:55.921447+0100 chargesom manager[867837]: [INFO] powersupply_dc:  :: Infy: Hot plug detected - module count increased from 0 to 1 modules, redistributing 0A from 0 to 1 modules
2025-12-16T18:44:55.921447+0100 chargesom manager[867837]: [INFO] powersupply_dc:  :: Infy: Restoring last settings: voltage=0V, current=0A, mode=Off, phase=CableCheck
2025-12-16T18:44:55.921447+0100 chargesom manager[867837]: [INFO] powersupply_dc:  :: Infy: Updating voltage/current via CAN: 50V / 1A total → 1A per module - active modules: 1
2025-12-16T18:44:55.921447+0100 chargesom manager[867837]: [INFO] powersupply_dc:  :: Infy: set_voltage_current(50V, 1A) - active modules: 1
2025-12-16T18:44:55.921447+0100 chargesom manager[867837]: [INFO] powersupply_dc:  :: Set mode via CAN: Off with phase CableCheck
2025-12-16T18:44:55.921447+0100 chargesom manager[867837]: [INFO] powersupply_dc:  :: Infy: switch_on_off(false) - active modules: 1
2025-12-16T18:44:55.921447+0100 chargesom manager[867837]: [INFO] powersupply_dc:  :: Infy[0x00]: serial number: SN_2818a396c70776_V
2025-12-16T18:45:00.667235+0100 chargesom manager[867806]: [INFO] connector:EvseM  :: Cleaning up any other transaction on start up
2025-12-16T18:45:00.759310+0100 chargesom manager[867806]: [INFO] connector:EvseM  :: 🌀🌀🌀 Ready to start charging 🌀🌀🌀
2025-12-16T18:45:00.759310+0100 chargesom manager[867806]: [WARN] connector:EvseM void module::EvseManager::ready_to_start_charging() :: No powermeter value received yet!
2025-12-16T18:45:01.152212+0100 chargesom manager[867805]: [INFO] bsp:CbChargeSOM  :: handle_enable: Setting new duty cycle of 100.0%
2025-12-16T18:45:01.281149+0100 chargesom manager[867805]: [INFO] bsp:CbChargeSOM  :: CP state change from PowerOn to A, PWM: 100.0%
2025-12-16T18:45:01.326190+0100 chargesom manager[867805]: [INFO] bsp:CbChargeSOM  :: handle_pwm_off: Setting new duty cycle of 100.0%
2025-12-16T18:45:01.417658+0100 chargesom manager[867805]: [INFO] bsp:CbChargeSOM  :: handle_allow_power_on: request to OPEN the contactor
2025-12-16T18:45:01.461097+0100 chargesom manager[867805]: [INFO] bsp:CbChargeSOM  :: handle_pwm_off: Setting new duty cycle of 100.0%
2025-12-16T18:45:01.474296+0100 chargesom manager[867806]: [INFO] connector:EvseM  :: All errors cleared
2025-12-16T18:45:31.847024+0100 chargesom manager[867805]: [INFO] bsp:CbChargeSOM  :: CP state change from A to B, PWM: 100.0%
2025-12-16T18:45:31.893767+0100 chargesom manager[867819]: [INFO] evse_slac:EvseS  :: Entered Matching state, waiting for CM_SLAC_PARM_REQ
2025-12-16T18:45:31.982117+0100 chargesom manager[867805]: [INFO] bsp:CbChargeSOM  :: handle_allow_power_on: request to OPEN the contactor
2025-12-16T18:45:32.114373+0100 chargesom manager[867806]: [INFO] connector:EvseM  :: SYS  Session logging started.
2025-12-16T18:45:32.117446+0100 chargesom manager[867806]: [INFO] connector:EvseM  :: EVSE IEC Session Started: EVConnected
2025-12-16T18:45:32.120778+0100 chargesom manager[867804]: [INFO] auth:Auth        :: Plug In event for evse#1, starting auth
2025-12-16T18:45:32.120778+0100 chargesom manager[867843]: [INFO] token_provider:  :: Publishing new dummy token: {
2025-12-16T18:45:32.120778+0100 chargesom manager[867843]:     "authorization_type": "RFID",
2025-12-16T18:45:32.120778+0100 chargesom manager[867843]:     "id_token": {
2025-12-16T18:45:32.120778+0100 chargesom manager[867843]:         "type": "ISO14443",
2025-12-16T18:45:32.120778+0100 chargesom manager[867843]:         "value": "[redacted] hash: 29F2679CA504908"
2025-12-16T18:45:32.120778+0100 chargesom manager[867843]:     },
2025-12-16T18:45:32.120778+0100 chargesom manager[867843]:     "parent_id_token": {
2025-12-16T18:45:32.120778+0100 chargesom manager[867843]:         "type": "ISO14443",
2025-12-16T18:45:32.120778+0100 chargesom manager[867843]:         "value": "[redacted] hash: 29F2679CA504908"
2025-12-16T18:45:32.120778+0100 chargesom manager[867843]:     }
2025-12-16T18:45:32.123558+0100 chargesom manager[867843]: }
2025-12-16T18:45:32.126278+0100 chargesom manager[867804]: [INFO] auth:Auth        :: Received new token: {
2025-12-16T18:45:32.126278+0100 chargesom manager[867804]:     "authorization_type": "RFID",
2025-12-16T18:45:32.126278+0100 chargesom manager[867804]:     "id_token": {
2025-12-16T18:45:32.126278+0100 chargesom manager[867804]:         "type": "ISO14443",
2025-12-16T18:45:32.126278+0100 chargesom manager[867804]:         "value": "[redacted] hash: 29F2679CA504908"
2025-12-16T18:45:32.126278+0100 chargesom manager[867804]:     },
2025-12-16T18:45:32.126278+0100 chargesom manager[867804]:     "parent_id_token": {
2025-12-16T18:45:32.126278+0100 chargesom manager[867804]:         "type": "ISO14443",
2025-12-16T18:45:32.126278+0100 chargesom manager[867804]:         "value": "[redacted] hash: 29F2679CA504908"
2025-12-16T18:45:32.126278+0100 chargesom manager[867804]:     }
2025-12-16T18:45:32.126278+0100 chargesom manager[867804]: }
2025-12-16T18:45:32.169880+0100 chargesom manager[867846]: [INFO] token_validator  :: Got validation request for token: [redacted] hash: 29F2679CA504908
2025-12-16T18:45:32.421643+0100 chargesom manager[867846]: [INFO] token_validator  :: Returning validation status: Accepted
2025-12-16T18:45:32.422967+0100 chargesom manager[867804]: [INFO] auth:Auth        :: Providing authorization to evse#1
2025-12-16T18:45:32.617559+0100 chargesom manager[867806]: [INFO] connector:EvseM  :: EVSE IEC Set PWM On (5.0%) took 0 ms
2025-12-16T18:45:32.661625+0100 chargesom manager[867805]: [INFO] bsp:CbChargeSOM  :: handle_pwm_on: Setting new duty cycle of 5.0%
2025-12-16T18:45:32.787284+0100 chargesom manager[867804]: [INFO] auth:Auth        :: Result for token: [redacted] hash: 29F2679CA504908: ACCEPTED
2025-12-16T18:45:32.837798+0100 chargesom manager[867806]: [INFO] connector:EvseM  :: EVSE IEC EIM Authorization received
2025-12-16T18:45:32.838236+0100 chargesom manager[867806]: [INFO] connector:EvseM  :: EVSE IEC Transaction Started (0 kWh)
2025-12-16T18:45:32.839004+0100 chargesom manager[867806]: [INFO] connector:EvseM  :: EVSE IEC DC mode. We are in 5percent mode so we can continue without further action.
2025-12-16T18:45:32.840630+0100 chargesom manager[867806]: [INFO] connector:EvseM  :: EVSE IEC Charger state: Wait for Auth->PrepareCharging
2025-12-16T18:45:38.641511+0100 chargesom manager[867819]: [INFO] evse_slac:EvseS  :: Session (run_id=9B6800008040A0D0, ev_mac=F0:7F:0C:11:12:F1): initialized, waiting for CM_START_ATTEN_CHAR_IND
2025-12-16T18:45:38.879212+0100 chargesom manager[867819]: [INFO] evse_slac:EvseS  :: Session (run_id=9B6800008040A0D0, ev_mac=F0:7F:0C:11:12:F1): received CM_START_ATTEN_CHAR_IND, going to substate SOUNDING
2025-12-16T18:45:38.919343+0100 chargesom manager[867819]: [INFO] evse_slac:EvseS  :: Session (run_id=9B6800008040A0D0, ev_mac=F0:7F:0C:11:12:F1): needs to be in state WAIT_FOR_START_ATTEN_CHAR for CM_START_ATTEN_CHAR_IND
2025-12-16T18:45:38.959208+0100 chargesom manager[867819]: [INFO] evse_slac:EvseS  :: Session (run_id=9B6800008040A0D0, ev_mac=F0:7F:0C:11:12:F1): needs to be in state WAIT_FOR_START_ATTEN_CHAR for CM_START_ATTEN_CHAR_IND
2025-12-16T18:45:38.999219+0100 chargesom manager[867819]: [INFO] evse_slac:EvseS  :: Session (run_id=9B6800008040A0D0, ev_mac=F0:7F:0C:11:12:F1): received CM_MNBC_SOUND_IND
2025-12-16T18:45:39.006589+0100 chargesom manager[867819]: [INFO] evse_slac:EvseS  :: Session (run_id=9B6800008040A0D0, ev_mac=F0:7F:0C:11:12:F1): received CM_ATTEN_PROFILE_IND
2025-12-16T18:45:39.039188+0100 chargesom manager[867819]: [INFO] evse_slac:EvseS  :: Session (run_id=9B6800008040A0D0, ev_mac=F0:7F:0C:11:12:F1): received CM_MNBC_SOUND_IND
2025-12-16T18:45:39.046765+0100 chargesom manager[867819]: [INFO] evse_slac:EvseS  :: Session (run_id=9B6800008040A0D0, ev_mac=F0:7F:0C:11:12:F1): received CM_ATTEN_PROFILE_IND
2025-12-16T18:45:39.079196+0100 chargesom manager[867819]: [INFO] evse_slac:EvseS  :: Session (run_id=9B6800008040A0D0, ev_mac=F0:7F:0C:11:12:F1): received CM_MNBC_SOUND_IND
2025-12-16T18:45:39.086536+0100 chargesom manager[867819]: [INFO] evse_slac:EvseS  :: Session (run_id=9B6800008040A0D0, ev_mac=F0:7F:0C:11:12:F1): received CM_ATTEN_PROFILE_IND
2025-12-16T18:45:39.119834+0100 chargesom manager[867819]: [INFO] evse_slac:EvseS  :: Session (run_id=9B6800008040A0D0, ev_mac=F0:7F:0C:11:12:F1): received CM_MNBC_SOUND_IND
2025-12-16T18:45:39.127215+0100 chargesom manager[867819]: [INFO] evse_slac:EvseS  :: Session (run_id=9B6800008040A0D0, ev_mac=F0:7F:0C:11:12:F1): received CM_ATTEN_PROFILE_IND
2025-12-16T18:45:39.159261+0100 chargesom manager[867819]: [INFO] evse_slac:EvseS  :: Session (run_id=9B6800008040A0D0, ev_mac=F0:7F:0C:11:12:F1): received CM_MNBC_SOUND_IND
2025-12-16T18:45:39.166794+0100 chargesom manager[867819]: [INFO] evse_slac:EvseS  :: Session (run_id=9B6800008040A0D0, ev_mac=F0:7F:0C:11:12:F1): received CM_ATTEN_PROFILE_IND
2025-12-16T18:45:39.199311+0100 chargesom manager[867819]: [INFO] evse_slac:EvseS  :: Session (run_id=9B6800008040A0D0, ev_mac=F0:7F:0C:11:12:F1): received CM_MNBC_SOUND_IND
2025-12-16T18:45:39.206612+0100 chargesom manager[867819]: [INFO] evse_slac:EvseS  :: Session (run_id=9B6800008040A0D0, ev_mac=F0:7F:0C:11:12:F1): received CM_ATTEN_PROFILE_IND
2025-12-16T18:45:39.239182+0100 chargesom manager[867819]: [INFO] evse_slac:EvseS  :: Session (run_id=9B6800008040A0D0, ev_mac=F0:7F:0C:11:12:F1): received CM_MNBC_SOUND_IND
2025-12-16T18:45:39.246822+0100 chargesom manager[867819]: [INFO] evse_slac:EvseS  :: Session (run_id=9B6800008040A0D0, ev_mac=F0:7F:0C:11:12:F1): received CM_ATTEN_PROFILE_IND
2025-12-16T18:45:39.279200+0100 chargesom manager[867819]: [INFO] evse_slac:EvseS  :: Session (run_id=9B6800008040A0D0, ev_mac=F0:7F:0C:11:12:F1): received CM_MNBC_SOUND_IND
2025-12-16T18:45:39.286596+0100 chargesom manager[867819]: [INFO] evse_slac:EvseS  :: Session (run_id=9B6800008040A0D0, ev_mac=F0:7F:0C:11:12:F1): received CM_ATTEN_PROFILE_IND
2025-12-16T18:45:39.319199+0100 chargesom manager[867819]: [INFO] evse_slac:EvseS  :: Session (run_id=9B6800008040A0D0, ev_mac=F0:7F:0C:11:12:F1): received CM_MNBC_SOUND_IND
2025-12-16T18:45:39.326595+0100 chargesom manager[867819]: [INFO] evse_slac:EvseS  :: Session (run_id=9B6800008040A0D0, ev_mac=F0:7F:0C:11:12:F1): received CM_ATTEN_PROFILE_IND
2025-12-16T18:45:39.359141+0100 chargesom manager[867819]: [INFO] evse_slac:EvseS  :: Session (run_id=9B6800008040A0D0, ev_mac=F0:7F:0C:11:12:F1): received CM_MNBC_SOUND_IND
2025-12-16T18:45:39.366546+0100 chargesom manager[867819]: [INFO] evse_slac:EvseS  :: Session (run_id=9B6800008040A0D0, ev_mac=F0:7F:0C:11:12:F1): received CM_ATTEN_PROFILE_IND
2025-12-16T18:45:39.366841+0100 chargesom manager[867819]: [INFO] evse_slac:EvseS  :: Session (run_id=9B6800008040A0D0, ev_mac=F0:7F:0C:11:12:F1): received all sounds, going to substate FINALIZE_SOUNDING
2025-12-16T18:45:39.410874+0100 chargesom manager[867819]: [INFO] evse_slac:EvseS  :: Session (run_id=9B6800008040A0D0, ev_mac=F0:7F:0C:11:12:F1): Finalize sounding, sending CM_ATTEN_CHAR_IND
2025-12-16T18:45:39.417052+0100 chargesom manager[867819]: [INFO] evse_slac:EvseS  :: Session (run_id=9B6800008040A0D0, ev_mac=F0:7F:0C:11:12:F1): received CM_ATTEN_CHAR_RSP, going to substate WAIT_FOR_SLAC_MATCH
2025-12-16T18:45:40.089410+0100 chargesom manager[867819]: [INFO] evse_slac:EvseS  :: Session (run_id=9B6800008040A0D0, ev_mac=F0:7F:0C:11:12:F1): Received CM_SLAC_MATCH_REQ, sending CM_SLAC_MATCH_CNF -> session complete
2025-12-16T18:45:40.090622+0100 chargesom manager[867819]: [INFO] evse_slac:EvseS  :: Entered Matched state
2025-12-16T18:45:40.092162+0100 chargesom manager[867806]: [INFO] connector:EvseM  :: EVSE ISO SLAC MATCHED
2025-12-16T18:45:40.093253+0100 chargesom manager[867806]: [INFO] connector:EvseM  :: EVSE ISO D-LINK_READY (true)
2025-12-16T18:45:41.879218+0100 chargesom manager[867831]: [INFO] iso15118_charge  :: Received packet from [fe80::f27f:cff:fe11:12f1]:49152 with security 0x10 and protocol 0x00
2025-12-16T18:45:41.879218+0100 chargesom manager[867831]: [INFO] iso15118_charge  :: SDP requested NO-TLS, announcing NO-TLS
2025-12-16T18:45:41.879218+0100 chargesom manager[867831]: [INFO] iso15118_charge  :: sendto([fe80::f27f:cff:fe11:12f1]:49152) succeeded
2025-12-16T18:45:41.949303+0100 chargesom manager[867831]: [INFO] iso15118_charge  :: Incoming connection on eth1 from [a00:c000:0:0:fe80::]:49152
2025-12-16T18:45:41.949808+0100 chargesom manager[867831]: [INFO] iso15118_charge  :: Started new TCP connection thread
2025-12-16T18:45:41.969833+0100 chargesom manager[867831]: [INFO] iso15118_charge  :: Handling SupportedAppProtocolReq
2025-12-16T18:45:41.970933+0100 chargesom manager[867831]: [INFO] iso15118_charge  :: Protocol negotiation was successful. Selected protocol is ISO15118
2025-12-16T18:45:41.973039+0100 chargesom manager[867806]: [INFO] connector:EvseM  ::                                     CAR ISO V2G SupportedAppProtocolReq
2025-12-16T18:45:41.974844+0100 chargesom manager[867806]: [INFO] connector:EvseM  :: EVSE ISO V2G SupportedAppProtocolRes
2025-12-16T18:45:42.009444+0100 chargesom manager[867831]: [INFO] iso15118_charge  :: SessionSetupReq.EVCCID: F0:7F:0C:11:12:F1
2025-12-16T18:45:42.009854+0100 chargesom manager[867831]: [INFO] iso15118_charge  :: No session_id found or not equal to the id from the preceding v2g session. Generating random session id.
2025-12-16T18:45:42.009854+0100 chargesom manager[867831]: [INFO] iso15118_charge  :: Created new session with id 0x17274681993006152587
2025-12-16T18:45:42.054074+0100 chargesom manager[867806]: [INFO] connector:EvseM  ::                                     CAR ISO V2G SessionSetupReq
2025-12-16T18:45:42.108065+0100 chargesom manager[867806]: [INFO] connector:EvseM  :: EVSE ISO V2G SessionSetupRes
2025-12-16T18:45:42.149359+0100 chargesom manager[867831]: [WARN] iso15118_charge  :: PnC is not allowed without TLS-communication. Correcting value to '1' (ExternalPayment)
2025-12-16T18:45:42.151284+0100 chargesom manager[867806]: [INFO] connector:EvseM  ::                                     CAR ISO V2G ServiceDiscoveryReq
2025-12-16T18:45:42.248821+0100 chargesom manager[867806]: [INFO] connector:EvseM  :: EVSE ISO V2G ServiceDiscoveryRes
2025-12-16T18:45:42.289318+0100 chargesom manager[867831]: [INFO] iso15118_charge  :: SelectedPaymentOption: ExternalPayment
2025-12-16T18:45:42.290945+0100 chargesom manager[867806]: [INFO] connector:EvseM  ::                                     CAR ISO V2G PaymentServiceSelectionReq
2025-12-16T18:45:42.388045+0100 chargesom manager[867806]: [INFO] connector:EvseM  :: EVSE ISO V2G PaymentServiceSelectionRes
2025-12-16T18:45:42.485679+0100 chargesom manager[867806]: [INFO] connector:EvseM  ::                                     CAR ISO V2G AuthorizationReq
2025-12-16T18:45:42.538749+0100 chargesom manager[867806]: [INFO] connector:EvseM  :: EVSE ISO V2G AuthorizationRes
2025-12-16T18:45:42.660167+0100 chargesom manager[867806]: [INFO] connector:EvseM  ::                                     CAR ISO V2G AuthorizationReq
2025-12-16T18:45:42.758828+0100 chargesom manager[867806]: [INFO] connector:EvseM  :: EVSE ISO V2G AuthorizationRes
2025-12-16T18:45:42.799389+0100 chargesom manager[867831]: [INFO] iso15118_charge  :: Parameter-phase started
2025-12-16T18:45:42.800773+0100 chargesom manager[867831]: [INFO] iso15118_charge  :: Selected energy transfer mode: DC_extended
2025-12-16T18:45:42.846172+0100 chargesom manager[867806]: [INFO] connector:EvseM  :: Received EV maximum limits: {
2025-12-16T18:45:42.846172+0100 chargesom manager[867806]:     "dc_ev_maximum_current_limit": 350.0,
2025-12-16T18:45:42.846172+0100 chargesom manager[867806]:     "dc_ev_maximum_voltage_limit": 464.0
2025-12-16T18:45:42.846172+0100 chargesom manager[867806]: }
2025-12-16T18:45:42.934041+0100 chargesom manager[867806]: [INFO] connector:EvseM  ::                                     CAR ISO V2G ChargeParameterDiscoveryReq
2025-12-16T18:45:42.935540+0100 chargesom manager[867806]: [INFO] connector:EvseM  :: EVSE ISO V2G ChargeParameterDiscoveryRes
2025-12-16T18:45:44.181534+0100 chargesom manager[867805]: [INFO] bsp:CbChargeSOM  :: CP state change from B to C, PWM: 5.0%
2025-12-16T18:45:44.210247+0100 chargesom manager[867806]: [INFO] connector:EvseM  ::                                     CAR IEC Event CarRequestedPower
2025-12-16T18:45:44.213726+0100 chargesom manager[867806]: [INFO] connector:EvseM  :: EVSE ISO Start cable check...
2025-12-16T18:45:44.213726+0100 chargesom manager[867806]: [INFO] connector:EvseM  ::                                     CAR ISO V2G CableCheckReq
2025-12-16T18:45:44.213726+0100 chargesom manager[867806]: [INFO] connector:EvseM  ::                                     CAR ISO DC HLC Close contactor (in CableCheck)
2025-12-16T18:45:44.253699+0100 chargesom manager[867805]: [INFO] bsp:CbChargeSOM  :: handle_allow_power_on: request to CLOSE the contactor
2025-12-16T18:45:44.291382+0100 chargesom manager[867805]: [INFO] bsp:CbChargeSOM  :: Contactor 1 state change detected: now Closed
2025-12-16T18:45:44.291798+0100 chargesom manager[867805]: [INFO] bsp:CbChargeSOM  :: Contactor 2 state change detected: now Closed
2025-12-16T18:45:44.297583+0100 chargesom manager[867806]: [INFO] connector:EvseM  :: EVSE IEC Event PowerOn
2025-12-16T18:45:44.313983+0100 chargesom manager[867806]: [INFO] connector:EvseM  :: EV reports 464 V as maximum voltage
2025-12-16T18:45:44.314832+0100 chargesom manager[867806]: [INFO] connector:EvseM  :: EVSE IEC DC power supply set: 500.00V/2.00A, requested was 500.00V/2.00A.
2025-12-16T18:45:44.315632+0100 chargesom manager[867806]: [INFO] connector:EvseM  :: EVSE ISO V2G CableCheckRes
2025-12-16T18:45:44.317368+0100 chargesom manager[867837]: [INFO] powersupply_dc:  :: Infy: Updating voltage/current via CAN: 500V / 2A total → 2A per module - active modules: 1
2025-12-16T18:45:44.318590+0100 chargesom manager[867837]: [INFO] powersupply_dc:  :: Infy: set_voltage_current(500V, 2A) - active modules: 1
2025-12-16T18:45:44.357726+0100 chargesom manager[867806]: [INFO] connector:EvseM  :: CableCheck: Using 500 V
2025-12-16T18:45:44.358102+0100 chargesom manager[867806]: [INFO] connector:EvseM  :: EVSE IEC DC power supply: switch ON called, ChargingPhase: CableCheck
2025-12-16T18:45:44.401662+0100 chargesom manager[867837]: [INFO] powersupply_dc:  :: Set mode via CAN: Export with phase CableCheck
2025-12-16T18:45:44.401662+0100 chargesom manager[867837]: [INFO] powersupply_dc:  :: Infy: switch_on_off(true) - active modules: 1
2025-12-16T18:45:44.446716+0100 chargesom manager[867806]: [INFO] connector:EvseM  ::                                     CAR ISO V2G CableCheckReq
2025-12-16T18:45:44.528762+0100 chargesom manager[867806]: [INFO] connector:EvseM  :: EVSE ISO V2G CableCheckRes
2025-12-16T18:45:44.650503+0100 chargesom manager[867806]: [INFO] connector:EvseM  ::                                     CAR ISO V2G CableCheckReq
2025-12-16T18:45:44.749754+0100 chargesom manager[867806]: [INFO] connector:EvseM  :: EVSE ISO V2G CableCheckRes
2025-12-16T18:45:44.870293+0100 chargesom manager[867806]: [INFO] connector:EvseM  ::                                     CAR ISO V2G CableCheckReq
2025-12-16T18:45:44.968785+0100 chargesom manager[867806]: [INFO] connector:EvseM  :: EVSE ISO V2G CableCheckRes
2025-12-16T18:45:45.090316+0100 chargesom manager[867806]: [INFO] connector:EvseM  ::                                     CAR ISO V2G CableCheckReq
2025-12-16T18:45:45.188569+0100 chargesom manager[867806]: [INFO] connector:EvseM  :: EVSE ISO V2G CableCheckRes
2025-12-16T18:45:45.311656+0100 chargesom manager[867806]: [INFO] connector:EvseM  ::                                     CAR ISO V2G CableCheckReq
2025-12-16T18:45:45.409817+0100 chargesom manager[867806]: [INFO] connector:EvseM  :: EVSE ISO V2G CableCheckRes
2025-12-16T18:45:45.530151+0100 chargesom manager[867806]: [INFO] connector:EvseM  ::                                     CAR ISO V2G CableCheckReq
2025-12-16T18:45:45.628857+0100 chargesom manager[867806]: [INFO] connector:EvseM  :: EVSE ISO V2G CableCheckRes
2025-12-16T18:45:45.750223+0100 chargesom manager[867806]: [INFO] connector:EvseM  ::                                     CAR ISO V2G CableCheckReq
2025-12-16T18:45:45.848863+0100 chargesom manager[867806]: [INFO] connector:EvseM  :: EVSE ISO V2G CableCheckRes
2025-12-16T18:45:46.002077+0100 chargesom manager[867806]: [INFO] connector:EvseM  ::                                     CAR ISO V2G CableCheckReq
2025-12-16T18:45:46.068756+0100 chargesom manager[867806]: [INFO] connector:EvseM  :: EVSE ISO V2G CableCheckRes
2025-12-16T18:45:46.190227+0100 chargesom manager[867806]: [INFO] connector:EvseM  ::                                     CAR ISO V2G CableCheckReq
2025-12-16T18:45:46.288882+0100 chargesom manager[867806]: [INFO] connector:EvseM  :: EVSE ISO V2G CableCheckRes
2025-12-16T18:45:46.449798+0100 chargesom manager[867806]: [INFO] connector:EvseM  ::                                     CAR ISO V2G CableCheckReq
2025-12-16T18:45:46.537410+0100 chargesom manager[867806]: [INFO] connector:EvseM  :: EVSE ISO V2G CableCheckRes
2025-12-16T18:45:46.630283+0100 chargesom manager[867806]: [INFO] connector:EvseM  ::                                     CAR ISO V2G CableCheckReq
2025-12-16T18:45:46.749622+0100 chargesom manager[867806]: [INFO] connector:EvseM  :: EVSE ISO V2G CableCheckRes
2025-12-16T18:45:46.850244+0100 chargesom manager[867806]: [INFO] connector:EvseM  ::                                     CAR ISO V2G CableCheckReq
2025-12-16T18:45:46.948568+0100 chargesom manager[867806]: [INFO] connector:EvseM  :: EVSE ISO V2G CableCheckRes
2025-12-16T18:45:47.070541+0100 chargesom manager[867806]: [INFO] connector:EvseM  ::                                     CAR ISO V2G CableCheckReq
2025-12-16T18:45:47.168793+0100 chargesom manager[867806]: [INFO] connector:EvseM  :: EVSE ISO V2G CableCheckRes
2025-12-16T18:45:47.290288+0100 chargesom manager[867806]: [INFO] connector:EvseM  ::                                     CAR ISO V2G CableCheckReq
2025-12-16T18:45:47.388564+0100 chargesom manager[867806]: [INFO] connector:EvseM  :: EVSE ISO V2G CableCheckRes
2025-12-16T18:45:47.510313+0100 chargesom manager[867806]: [INFO] connector:EvseM  ::                                     CAR ISO V2G CableCheckReq
2025-12-16T18:45:47.633520+0100 chargesom manager[867806]: [INFO] connector:EvseM  :: EVSE ISO V2G CableCheckRes
2025-12-16T18:45:47.749353+0100 chargesom manager[867806]: [INFO] connector:EvseM  ::                                     CAR ISO V2G CableCheckReq
2025-12-16T18:45:47.828515+0100 chargesom manager[867806]: [INFO] connector:EvseM  :: EVSE ISO V2G CableCheckRes
2025-12-16T18:45:47.961414+0100 chargesom manager[867806]: [INFO] connector:EvseM  ::                                     CAR ISO V2G CableCheckReq
2025-12-16T18:45:47.964231+0100 chargesom manager[867806]: [INFO] connector:EvseM  :: CableCheck: IMD self test started.
2025-12-16T18:45:48.053148+0100 chargesom manager[867806]: [INFO] connector:EvseM  :: EVSE ISO V2G CableCheckRes
2025-12-16T18:45:48.169907+0100 chargesom manager[867806]: [INFO] connector:EvseM  ::                                     CAR ISO V2G CableCheckReq
2025-12-16T18:45:48.269506+0100 chargesom manager[867806]: [INFO] connector:EvseM  :: EVSE ISO V2G CableCheckRes
2025-12-16T18:45:48.389982+0100 chargesom manager[867806]: [INFO] connector:EvseM  ::                                     CAR ISO V2G CableCheckReq
2025-12-16T18:45:48.488384+0100 chargesom manager[867806]: [INFO] connector:EvseM  :: EVSE ISO V2G CableCheckRes
2025-12-16T18:45:48.610120+0100 chargesom manager[867806]: [INFO] connector:EvseM  ::                                     CAR ISO V2G CableCheckReq
2025-12-16T18:45:48.729316+0100 chargesom manager[867806]: [INFO] connector:EvseM  :: EVSE ISO V2G CableCheckRes
2025-12-16T18:45:48.751900+0100 chargesom manager[867806]: [INFO] connector:EvseM  :: EVSE ISO Change HLC Limits: 1260W/102A, target_voltage 0, actual_voltage 501.5, hack_bpt false
2025-12-16T18:45:48.841832+0100 chargesom manager[867806]: [INFO] connector:EvseM  ::                                     CAR ISO V2G CableCheckReq
2025-12-16T18:45:48.929322+0100 chargesom manager[867806]: [INFO] connector:EvseM  :: EVSE ISO V2G CableCheckRes
2025-12-16T18:45:49.050209+0100 chargesom manager[867806]: [INFO] connector:EvseM  ::                                     CAR ISO V2G CableCheckReq
2025-12-16T18:45:49.148663+0100 chargesom manager[867806]: [INFO] connector:EvseM  :: EVSE ISO V2G CableCheckRes
2025-12-16T18:45:49.270354+0100 chargesom manager[867806]: [INFO] connector:EvseM  ::                                     CAR ISO V2G CableCheckReq
2025-12-16T18:45:49.368449+0100 chargesom manager[867806]: [INFO] connector:EvseM  :: EVSE ISO V2G CableCheckRes
2025-12-16T18:45:49.490000+0100 chargesom manager[867806]: [INFO] connector:EvseM  ::                                     CAR ISO V2G CableCheckReq
2025-12-16T18:45:49.588630+0100 chargesom manager[867806]: [INFO] connector:EvseM  :: EVSE ISO V2G CableCheckRes
2025-12-16T18:45:49.753227+0100 chargesom manager[867806]: [INFO] connector:EvseM  ::                                     CAR ISO V2G CableCheckReq
2025-12-16T18:45:49.808316+0100 chargesom manager[867806]: [INFO] connector:EvseM  :: EVSE ISO V2G CableCheckRes
2025-12-16T18:45:49.937516+0100 chargesom manager[867806]: [INFO] connector:EvseM  ::                                     CAR ISO V2G CableCheckReq
2025-12-16T18:45:50.028355+0100 chargesom manager[867806]: [INFO] connector:EvseM  :: EVSE ISO V2G CableCheckRes
2025-12-16T18:45:50.149967+0100 chargesom manager[867806]: [INFO] connector:EvseM  ::                                     CAR ISO V2G CableCheckReq
2025-12-16T18:45:50.248686+0100 chargesom manager[867806]: [INFO] connector:EvseM  :: EVSE ISO V2G CableCheckRes
2025-12-16T18:45:50.369855+0100 chargesom manager[867806]: [INFO] connector:EvseM  ::                                     CAR ISO V2G CableCheckReq
2025-12-16T18:45:50.468280+0100 chargesom manager[867806]: [INFO] connector:EvseM  :: EVSE ISO V2G CableCheckRes
2025-12-16T18:45:50.590124+0100 chargesom manager[867806]: [INFO] connector:EvseM  ::                                     CAR ISO V2G CableCheckReq
2025-12-16T18:45:50.688368+0100 chargesom manager[867806]: [INFO] connector:EvseM  :: EVSE ISO V2G CableCheckRes
2025-12-16T18:45:50.809850+0100 chargesom manager[867806]: [INFO] connector:EvseM  ::                                     CAR ISO V2G CableCheckReq
2025-12-16T18:45:50.908412+0100 chargesom manager[867806]: [INFO] connector:EvseM  :: EVSE ISO V2G CableCheckRes
2025-12-16T18:45:50.957475+0100 chargesom manager[867806]: [INFO] connector:EvseM  :: EVSE IEC Isolation monitor self test result: true
2025-12-16T18:45:51.002244+0100 chargesom manager[867826]: [INFO] imd:IMDSimulato  :: Started simulated isolation monitoring with 1000 ms interval
2025-12-16T18:45:51.007074+0100 chargesom manager[867806]: [INFO] connector:EvseM  :: CableCheck: Waiting for 1 isolation measurement sample(s)
2025-12-16T18:45:51.053544+0100 chargesom manager[867806]: [INFO] connector:EvseM  :: EVSE IEC Isolation measurement Ok R_F 900000.
2025-12-16T18:45:51.054282+0100 chargesom manager[867806]: [INFO] connector:EvseM  ::                                     CAR ISO V2G CableCheckReq
2025-12-16T18:45:51.141705+0100 chargesom manager[867806]: [INFO] connector:EvseM  :: EVSE ISO V2G CableCheckRes
2025-12-16T18:45:51.142491+0100 chargesom manager[867806]: [INFO] connector:EvseM  :: EVSE IEC DC power supply OFF
2025-12-16T18:45:51.144438+0100 chargesom manager[867837]: [INFO] powersupply_dc:  :: Set mode via CAN: Off with phase CableCheck
2025-12-16T18:45:51.145400+0100 chargesom manager[867837]: [INFO] powersupply_dc:  :: Infy: switch_on_off(false) - active modules: 1
2025-12-16T18:45:51.249791+0100 chargesom manager[867806]: [INFO] connector:EvseM  ::                                     CAR ISO V2G CableCheckReq
2025-12-16T18:45:51.348755+0100 chargesom manager[867806]: [INFO] connector:EvseM  :: EVSE ISO V2G CableCheckRes
2025-12-16T18:45:51.469836+0100 chargesom manager[867806]: [INFO] connector:EvseM  ::                                     CAR ISO V2G CableCheckReq
2025-12-16T18:45:51.568152+0100 chargesom manager[867806]: [INFO] connector:EvseM  :: EVSE ISO V2G CableCheckRes
2025-12-16T18:45:51.689940+0100 chargesom manager[867806]: [INFO] connector:EvseM  ::                                     CAR ISO V2G CableCheckReq
2025-12-16T18:45:51.788337+0100 chargesom manager[867806]: [INFO] connector:EvseM  :: EVSE ISO V2G CableCheckRes
2025-12-16T18:45:51.910354+0100 chargesom manager[867806]: [INFO] connector:EvseM  ::                                     CAR ISO V2G CableCheckReq
2025-12-16T18:45:52.008451+0100 chargesom manager[867806]: [INFO] connector:EvseM  :: EVSE ISO V2G CableCheckRes
2025-12-16T18:45:52.149671+0100 chargesom manager[867806]: [INFO] connector:EvseM  ::                                     CAR ISO V2G CableCheckReq
2025-12-16T18:45:52.237574+0100 chargesom manager[867806]: [INFO] connector:EvseM  :: EVSE ISO V2G CableCheckRes
2025-12-16T18:45:52.349918+0100 chargesom manager[867806]: [INFO] connector:EvseM  ::                                     CAR ISO V2G CableCheckReq
2025-12-16T18:45:52.448245+0100 chargesom manager[867806]: [INFO] connector:EvseM  :: EVSE ISO V2G CableCheckRes
2025-12-16T18:45:52.570819+0100 chargesom manager[867806]: [INFO] connector:EvseM  ::                                     CAR ISO V2G CableCheckReq
2025-12-16T18:45:52.668329+0100 chargesom manager[867806]: [INFO] connector:EvseM  :: EVSE ISO V2G CableCheckRes
2025-12-16T18:45:52.789821+0100 chargesom manager[867806]: [INFO] connector:EvseM  ::                                     CAR ISO V2G CableCheckReq
2025-12-16T18:45:52.888454+0100 chargesom manager[867806]: [INFO] connector:EvseM  :: EVSE ISO V2G CableCheckRes
2025-12-16T18:45:52.917880+0100 chargesom manager[867806]: [INFO] connector:EvseM  :: CableCheck done, output is below 60V
2025-12-16T18:45:53.009744+0100 chargesom manager[867806]: [INFO] connector:EvseM  ::                                     CAR ISO V2G CableCheckReq
2025-12-16T18:45:53.107191+0100 chargesom manager[867806]: [INFO] connector:EvseM  :: EVSE ISO V2G CableCheckRes
2025-12-16T18:45:53.290848+0100 chargesom manager[867806]: [INFO] connector:EvseM  :: EVSE ISO Change HLC Limits: 1260W/102A, target_voltage 0, actual_voltage 0, hack_bpt false
2025-12-16T18:45:53.299935+0100 chargesom manager[867831]: [INFO] iso15118_charge  :: Precharge-phase started
2025-12-16T18:45:53.377904+0100 chargesom manager[867806]: [INFO] connector:EvseM  :: EVSE IEC DC power supply set: 447.00V/1.00A, requested was 447.00V/1.00A.
2025-12-16T18:45:53.422521+0100 chargesom manager[867837]: [INFO] powersupply_dc:  :: Infy: Updating voltage/current via CAN: 447V / 1A total → 1A per module - active modules: 1
2025-12-16T18:45:53.422521+0100 chargesom manager[867837]: [INFO] powersupply_dc:  :: Infy: set_voltage_current(447V, 1A) - active modules: 1
2025-12-16T18:45:53.425352+0100 chargesom manager[867806]: [INFO] connector:EvseM  :: EVSE IEC DC power supply: switch ON called, ChargingPhase: PreCharge
2025-12-16T18:45:53.469423+0100 chargesom manager[867837]: [INFO] powersupply_dc:  :: Set mode via CAN: Export with phase PreCharge
2025-12-16T18:45:53.469423+0100 chargesom manager[867837]: [INFO] powersupply_dc:  :: Infy: switch_on_off(true) - active modules: 1
2025-12-16T18:45:53.514880+0100 chargesom manager[867806]: [INFO] connector:EvseM  ::                                     CAR ISO V2G PreChargeReq
2025-12-16T18:45:53.514880+0100 chargesom manager[867806]: [INFO] connector:EvseM  :: EVSE ISO V2G PreChargeRes
2025-12-16T18:45:53.519831+0100 chargesom manager[867806]: [INFO] connector:EvseM  ::                                     CAR ISO V2G PreChargeReq
2025-12-16T18:45:53.618392+0100 chargesom manager[867806]: [INFO] connector:EvseM  :: EVSE ISO V2G PreChargeRes
2025-12-16T18:45:53.753272+0100 chargesom manager[867806]: [INFO] connector:EvseM  ::                                     CAR ISO V2G PreChargeReq
2025-12-16T18:45:53.837308+0100 chargesom manager[867806]: [INFO] connector:EvseM  :: EVSE ISO V2G PreChargeRes
2025-12-16T18:45:53.959648+0100 chargesom manager[867806]: [INFO] connector:EvseM  ::                                     CAR ISO V2G PreChargeReq
2025-12-16T18:45:54.057190+0100 chargesom manager[867806]: [INFO] connector:EvseM  :: EVSE ISO V2G PreChargeRes
2025-12-16T18:45:54.179734+0100 chargesom manager[867806]: [INFO] connector:EvseM  ::                                     CAR ISO V2G PreChargeReq
2025-12-16T18:45:54.277917+0100 chargesom manager[867806]: [INFO] connector:EvseM  :: EVSE ISO V2G PreChargeRes
2025-12-16T18:45:54.399693+0100 chargesom manager[867806]: [INFO] connector:EvseM  ::                                     CAR ISO V2G PreChargeReq
2025-12-16T18:45:54.479220+0100 chargesom manager[867806]: [INFO] connector:EvseM  :: EVSE ISO Change HLC Limits: 1260W/2.8187919A, target_voltage 447, actual_voltage 0, hack_bpt false
2025-12-16T18:45:54.522033+0100 chargesom manager[867806]: [INFO] connector:EvseM  :: EVSE ISO V2G PreChargeRes
2025-12-16T18:45:54.539455+0100 chargesom manager[867806]: [INFO] connector:EvseM  :: EVSE IEC DC power supply set: 447.00V/1.00A, requested was 447.00V/1.00A.
2025-12-16T18:45:54.581721+0100 chargesom manager[867837]: [INFO] powersupply_dc:  :: Infy: Updating voltage/current via CAN: 447V / 1A total → 1A per module - active modules: 1
2025-12-16T18:45:54.581721+0100 chargesom manager[867837]: [INFO] powersupply_dc:  :: Infy: set_voltage_current(447V, 1A) - active modules: 1
2025-12-16T18:45:54.625785+0100 chargesom manager[867806]: [INFO] connector:EvseM  ::                                     CAR ISO V2G PreChargeReq
2025-12-16T18:45:54.757259+0100 chargesom manager[867806]: [INFO] connector:EvseM  :: EVSE ISO V2G PreChargeRes
2025-12-16T18:45:54.839828+0100 chargesom manager[867806]: [INFO] connector:EvseM  ::                                     CAR ISO V2G PreChargeReq
2025-12-16T18:45:54.937156+0100 chargesom manager[867806]: [INFO] connector:EvseM  :: EVSE ISO V2G PreChargeRes
2025-12-16T18:45:55.059631+0100 chargesom manager[867806]: [INFO] connector:EvseM  ::                                     CAR ISO V2G PreChargeReq
2025-12-16T18:45:55.157427+0100 chargesom manager[867806]: [INFO] connector:EvseM  :: EVSE ISO V2G PreChargeRes
2025-12-16T18:45:55.279616+0100 chargesom manager[867806]: [INFO] connector:EvseM  ::                                     CAR ISO V2G PreChargeReq
2025-12-16T18:45:55.377112+0100 chargesom manager[867806]: [INFO] connector:EvseM  :: EVSE ISO V2G PreChargeRes
2025-12-16T18:45:55.499625+0100 chargesom manager[867806]: [INFO] connector:EvseM  ::                                     CAR ISO V2G PreChargeReq
2025-12-16T18:45:55.597082+0100 chargesom manager[867806]: [INFO] connector:EvseM  :: EVSE ISO V2G PreChargeRes
2025-12-16T18:45:55.721477+0100 chargesom manager[867806]: [INFO] connector:EvseM  ::                                     CAR ISO V2G PreChargeReq
2025-12-16T18:45:55.849610+0100 chargesom manager[867806]: [INFO] connector:EvseM  :: EVSE ISO V2G PreChargeRes
2025-12-16T18:45:55.957789+0100 chargesom manager[867806]: [INFO] connector:EvseM  ::                                     CAR ISO V2G PreChargeReq
2025-12-16T18:45:56.037228+0100 chargesom manager[867806]: [INFO] connector:EvseM  :: EVSE ISO V2G PreChargeRes
2025-12-16T18:45:56.160057+0100 chargesom manager[867806]: [INFO] connector:EvseM  ::                                     CAR ISO V2G PreChargeReq
2025-12-16T18:45:56.257051+0100 chargesom manager[867806]: [INFO] connector:EvseM  :: EVSE ISO V2G PreChargeRes
2025-12-16T18:45:56.379728+0100 chargesom manager[867806]: [INFO] connector:EvseM  ::                                     CAR ISO V2G PreChargeReq
2025-12-16T18:45:56.477122+0100 chargesom manager[867806]: [INFO] connector:EvseM  :: EVSE ISO V2G PreChargeRes
2025-12-16T18:45:56.599586+0100 chargesom manager[867806]: [INFO] connector:EvseM  ::                                     CAR ISO V2G PreChargeReq
2025-12-16T18:45:56.697468+0100 chargesom manager[867806]: [INFO] connector:EvseM  :: EVSE ISO V2G PreChargeRes
2025-12-16T18:45:56.857533+0100 chargesom manager[867806]: [INFO] connector:EvseM  ::                                     CAR ISO V2G PreChargeReq
2025-12-16T18:45:56.863731+0100 chargesom manager[867806]: [INFO] connector:EvseM  :: EVSE ISO Change HLC Limits: 1260W/2.8187919A, target_voltage 447, actual_voltage 1.7, hack_bpt false
2025-12-16T18:45:56.950208+0100 chargesom manager[867806]: [INFO] connector:EvseM  :: EVSE ISO V2G PreChargeRes
2025-12-16T18:45:56.950208+0100 chargesom manager[867806]: [INFO] connector:EvseM  :: EVSE IEC DC power supply set: 447.00V/1.00A, requested was 447.00V/1.00A.
2025-12-16T18:45:56.993704+0100 chargesom manager[867837]: [INFO] powersupply_dc:  :: Infy: Updating voltage/current via CAN: 447V / 1A total → 1A per module - active modules: 1
2025-12-16T18:45:56.994614+0100 chargesom manager[867837]: [INFO] powersupply_dc:  :: Infy: set_voltage_current(447V, 1A) - active modules: 1
2025-12-16T18:45:57.081246+0100 chargesom manager[867806]: [INFO] connector:EvseM  ::                                     CAR ISO V2G PreChargeReq
2025-12-16T18:45:57.138520+0100 chargesom manager[867806]: [INFO] connector:EvseM  :: EVSE ISO V2G PreChargeRes
2025-12-16T18:45:57.301526+0100 chargesom manager[867806]: [INFO] connector:EvseM  ::                                     CAR ISO V2G PowerDeliveryReq
2025-12-16T18:45:57.357295+0100 chargesom manager[867806]: [INFO] connector:EvseM  :: EVSE ISO V2G PowerDeliveryRes
2025-12-16T18:45:57.399867+0100 chargesom manager[867806]: [INFO] connector:EvseM  :: EVSE IEC DC power supply: switch ON in export mode
2025-12-16T18:45:57.446151+0100 chargesom manager[867837]: [INFO] powersupply_dc:  :: Set mode via CAN: Export with phase Charging
2025-12-16T18:45:57.446151+0100 chargesom manager[867837]: [INFO] powersupply_dc:  :: Infy: switch_on_off(true) - active modules: 1
2025-12-16T18:45:57.448677+0100 chargesom manager[867806]: [INFO] connector:EvseM  :: EVSE IEC DC power supply set: 447.00V/1.00A, requested was 447.00V/1.00A.
2025-12-16T18:45:57.493786+0100 chargesom manager[867837]: [INFO] powersupply_dc:  :: Infy: Updating voltage/current via CAN: 447V / 1A total → 1A per module - active modules: 1
2025-12-16T18:45:57.493786+0100 chargesom manager[867837]: [INFO] powersupply_dc:  :: Infy: set_voltage_current(447V, 1A) - active modules: 1
2025-12-16T18:45:57.497021+0100 chargesom manager[867806]: [INFO] connector:EvseM  :: EVSE IEC DC power supply set: 459.00V/1.00A, requested was 459.00V/0.00A.
2025-12-16T18:45:57.541764+0100 chargesom manager[867837]: [INFO] powersupply_dc:  :: Infy: Updating voltage/current via CAN: 459V / 1A total → 1A per module - active modules: 1
2025-12-16T18:45:57.541764+0100 chargesom manager[867837]: [INFO] powersupply_dc:  :: Infy: set_voltage_current(459V, 1A) - active modules: 1
2025-12-16T18:45:57.579424+0100 chargesom manager[867806]: [INFO] connector:EvseM  :: EVSE IEC Charger state: PrepareCharging->Charging
2025-12-16T18:45:57.580056+0100 chargesom manager[867806]: [INFO] connector:EvseM  :: Timing statistics (Plugin to CurrentDemand)
2025-12-16T18:45:57.580056+0100 chargesom manager[867806]: [INFO] connector:EvseM  :: -------------------------------------------
2025-12-16T18:45:57.580056+0100 chargesom manager[867806]: [INFO] connector:EvseM  :: ConnSetup | HLC_PWM_5%_ON: 799 ms | D-LINK_READY: 7444 ms | Auth EIM Done: 2303 ms | Total: 12275 ms
2025-12-16T18:45:57.580056+0100 chargesom manager[867806]: [INFO] connector:EvseM  :: CableCheck | <60V: 0 ms | Relay On: 100 ms | EVInfo: 0 ms | VRampUp: 3603 ms | Self test: 3040 ms | Measure: 95 ms | VRampDown: 1864 ms | Total: 8750 ms
2025-12-16T18:45:57.580056+0100 chargesom manager[867806]: [INFO] connector:EvseM  :: PrepareCharging | Charging started: 4615 ms | Total: 4615 ms
2025-12-16T18:45:57.580056+0100 chargesom manager[867806]: [INFO] connector:EvseM  :: Total duration all phases: 25642 ms
2025-12-16T18:45:57.583043+0100 chargesom manager[867806]: [INFO] connector:EvseM  ::                                     CAR ISO V2G CurrentDemandReq
2025-12-16T18:45:57.584990+0100 chargesom manager[867806]: [INFO] connector:EvseM  :: EVSE ISO V2G CurrentDemandRes
2025-12-16T18:45:57.619983+0100 chargesom manager[867806]: [INFO] connector:EvseM  :: EVSE IEC DC power supply set: 459.00V/2.00A, requested was 459.00V/2.00A.
2025-12-16T18:45:57.666179+0100 chargesom manager[867837]: [INFO] powersupply_dc:  :: Infy: Updating voltage/current via CAN: 459V / 2A total → 2A per module - active modules: 1
2025-12-16T18:45:57.666179+0100 chargesom manager[867837]: [INFO] powersupply_dc:  :: Infy: set_voltage_current(459V, 2A) - active modules: 1
2025-12-16T18:45:57.710801+0100 chargesom manager[867806]: [INFO] connector:EvseM  ::                                     CAR ISO V2G CurrentDemandReq
2025-12-16T18:45:57.757241+0100 chargesom manager[867806]: [INFO] connector:EvseM  :: EVSE ISO V2G CurrentDemandRes
2025-12-16T18:45:57.839558+0100 chargesom manager[867806]: [INFO] connector:EvseM  ::                                     CAR ISO V2G CurrentDemandReq
2025-12-16T18:45:57.961516+0100 chargesom manager[867806]: [INFO] connector:EvseM  :: EVSE ISO V2G CurrentDemandRes
2025-12-16T18:45:58.021246+0100 chargesom manager[867806]: [INFO] connector:EvseM  :: EVSE IEC Isolation measurement Ok R_F 900000.
2025-12-16T18:45:58.066308+0100 chargesom manager[867806]: [INFO] connector:EvseM  ::                                     CAR ISO V2G CurrentDemandReq
2025-12-16T18:45:58.154432+0100 chargesom manager[867806]: [INFO] connector:EvseM  :: EVSE ISO Change HLC Limits: 1260W/2.8099911A, target_voltage 459, actual_voltage 448.4, hack_bpt false
2025-12-16T18:45:58.197410+0100 chargesom manager[867806]: [INFO] connector:EvseM  :: EVSE ISO V2G CurrentDemandRes
2025-12-16T18:45:58.202786+0100 chargesom manager[867806]: [INFO] connector:EvseM  :: EVSE IEC DC power supply set: 459.00V/2.00A, requested was 459.00V/2.00A.
2025-12-16T18:45:58.205162+0100 chargesom manager[867837]: [INFO] powersupply_dc:  :: Infy: Updating voltage/current via CAN: 459V / 2A total → 2A per module - active modules: 1
2025-12-16T18:45:58.205162+0100 chargesom manager[867837]: [INFO] powersupply_dc:  :: Infy: set_voltage_current(459V, 2A) - active modules: 1
2025-12-16T18:45:58.294177+0100 chargesom manager[867806]: [INFO] connector:EvseM  ::                                     CAR ISO V2G CurrentDemandReq
2025-12-16T18:45:58.378005+0100 chargesom manager[867806]: [INFO] connector:EvseM  :: EVSE ISO V2G CurrentDemandRes
2025-12-16T18:45:58.500947+0100 chargesom manager[867806]: [INFO] connector:EvseM  ::                                     CAR ISO V2G CurrentDemandReq
2025-12-16T18:45:58.597394+0100 chargesom manager[867806]: [INFO] connector:EvseM  :: EVSE ISO V2G CurrentDemandRes
2025-12-16T18:45:58.761281+0100 chargesom manager[867806]: [INFO] connector:EvseM  ::                                     CAR ISO V2G CurrentDemandReq
2025-12-16T18:45:58.817196+0100 chargesom manager[867806]: [INFO] connector:EvseM  :: EVSE ISO V2G CurrentDemandRes
2025-12-16T18:45:58.939779+0100 chargesom manager[867806]: [INFO] connector:EvseM  ::                                     CAR ISO V2G CurrentDemandReq
2025-12-16T18:45:59.017668+0100 chargesom manager[867806]: [INFO] connector:EvseM  :: EVSE IEC Isolation measurement Ok R_F 900000.
2025-12-16T18:45:59.061310+0100 chargesom manager[867806]: [INFO] connector:EvseM  :: EVSE ISO V2G CurrentDemandRes
2025-12-16T18:45:59.159419+0100 chargesom manager[867806]: [INFO] connector:EvseM  ::                                     CAR ISO V2G CurrentDemandReq
2025-12-16T18:45:59.259505+0100 chargesom manager[867806]: [INFO] connector:EvseM  :: EVSE ISO V2G CurrentDemandRes
2025-12-16T18:45:59.389654+0100 chargesom manager[867806]: [INFO] connector:EvseM  ::                                     CAR ISO V2G CurrentDemandReq
2025-12-16T18:45:59.478031+0100 chargesom manager[867806]: [INFO] connector:EvseM  :: EVSE ISO V2G CurrentDemandRes
2025-12-16T18:45:59.599971+0100 chargesom manager[867806]: [INFO] connector:EvseM  ::                                     CAR ISO V2G CurrentDemandReq
2025-12-16T18:45:59.698003+0100 chargesom manager[867806]: [INFO] connector:EvseM  :: EVSE ISO V2G CurrentDemandRes
2025-12-16T18:45:59.820270+0100 chargesom manager[867806]: [INFO] connector:EvseM  ::                                     CAR ISO V2G CurrentDemandReq
2025-12-16T18:45:59.917617+0100 chargesom manager[867806]: [INFO] connector:EvseM  :: EVSE ISO V2G CurrentDemandRes
2025-12-16T18:46:00.018042+0100 chargesom manager[867806]: [INFO] connector:EvseM  :: EVSE IEC Isolation measurement Ok R_F 900000.
2025-12-16T18:46:00.061543+0100 chargesom manager[867806]: [INFO] connector:EvseM  ::                                     CAR ISO V2G CurrentDemandReq
2025-12-16T18:46:00.137931+0100 chargesom manager[867806]: [INFO] connector:EvseM  :: EVSE ISO V2G CurrentDemandRes
2025-12-16T18:46:00.259467+0100 chargesom manager[867806]: [INFO] connector:EvseM  ::                                     CAR ISO V2G CurrentDemandReq
2025-12-16T18:46:00.357936+0100 chargesom manager[867806]: [INFO] connector:EvseM  :: EVSE ISO V2G CurrentDemandRes
2025-12-16T18:46:00.485638+0100 chargesom manager[867806]: [INFO] connector:EvseM  ::                                     CAR ISO V2G CurrentDemandReq
2025-12-16T18:46:00.578267+0100 chargesom manager[867806]: [INFO] connector:EvseM  :: EVSE ISO V2G CurrentDemandRes
2025-12-16T18:46:00.699565+0100 chargesom manager[867806]: [INFO] connector:EvseM  ::                                     CAR ISO V2G CurrentDemandReq
2025-12-16T18:46:00.798076+0100 chargesom manager[867806]: [INFO] connector:EvseM  :: EVSE ISO V2G CurrentDemandRes
2025-12-16T18:46:00.958269+0100 chargesom manager[867806]: [INFO] connector:EvseM  ::                                     CAR ISO V2G CurrentDemandReq
2025-12-16T18:46:01.017793+0100 chargesom manager[867806]: [INFO] connector:EvseM  :: EVSE ISO V2G CurrentDemandRes
2025-12-16T18:46:01.018968+0100 chargesom manager[867806]: [INFO] connector:EvseM  :: EVSE IEC Isolation measurement Ok R_F 900000.
2025-12-16T18:46:01.139382+0100 chargesom manager[867806]: [INFO] connector:EvseM  ::                                     CAR ISO V2G CurrentDemandReq
2025-12-16T18:46:01.238061+0100 chargesom manager[867806]: [INFO] connector:EvseM  :: EVSE ISO V2G CurrentDemandRes
2025-12-16T18:46:01.359405+0100 chargesom manager[867806]: [INFO] connector:EvseM  ::                                     CAR ISO V2G CurrentDemandReq
2025-12-16T18:46:01.457886+0100 chargesom manager[867806]: [INFO] connector:EvseM  :: EVSE ISO V2G CurrentDemandRes
2025-12-16T18:46:01.581486+0100 chargesom manager[867806]: [INFO] connector:EvseM  ::                                     CAR ISO V2G CurrentDemandReq
2025-12-16T18:46:01.713804+0100 chargesom manager[867806]: [INFO] connector:EvseM  :: EVSE ISO V2G CurrentDemandRes
2025-12-16T18:46:01.800730+0100 chargesom manager[867806]: [INFO] connector:EvseM  ::                                     CAR ISO V2G CurrentDemandReq
2025-12-16T18:46:01.898377+0100 chargesom manager[867806]: [INFO] connector:EvseM  :: EVSE ISO V2G CurrentDemandRes
2025-12-16T18:46:02.019338+0100 chargesom manager[867806]: [INFO] connector:EvseM  :: EVSE IEC Isolation measurement Ok R_F 900000.
2025-12-16T18:46:02.020992+0100 chargesom manager[867806]: [INFO] connector:EvseM  ::                                     CAR ISO V2G CurrentDemandReq
2025-12-16T18:46:02.119119+0100 chargesom manager[867806]: [INFO] connector:EvseM  :: EVSE ISO V2G CurrentDemandRes
2025-12-16T18:46:02.239410+0100 chargesom manager[867806]: [INFO] connector:EvseM  ::                                     CAR ISO V2G CurrentDemandReq
2025-12-16T18:46:02.337855+0100 chargesom manager[867806]: [INFO] connector:EvseM  :: EVSE ISO V2G CurrentDemandRes
2025-12-16T18:46:02.459329+0100 chargesom manager[867806]: [INFO] connector:EvseM  ::                                     CAR ISO V2G CurrentDemandReq
2025-12-16T18:46:02.558023+0100 chargesom manager[867806]: [INFO] connector:EvseM  :: EVSE ISO V2G CurrentDemandRes
2025-12-16T18:46:02.679291+0100 chargesom manager[867806]: [INFO] connector:EvseM  ::                                     CAR ISO V2G CurrentDemandReq
2025-12-16T18:46:02.810419+0100 chargesom manager[867806]: [INFO] connector:EvseM  :: EVSE ISO V2G CurrentDemandRes
2025-12-16T18:46:02.900903+0100 chargesom manager[867806]: [INFO] connector:EvseM  ::                                     CAR ISO V2G CurrentDemandReq
2025-12-16T18:46:03.033481+0100 chargesom manager[867806]: [INFO] connector:EvseM  :: EVSE IEC Isolation measurement Ok R_F 900000.
2025-12-16T18:46:03.034176+0100 chargesom manager[867806]: [INFO] connector:EvseM  :: EVSE ISO V2G CurrentDemandRes
2025-12-16T18:46:03.121540+0100 chargesom manager[867806]: [INFO] connector:EvseM  ::                                     CAR ISO V2G CurrentDemandReq
2025-12-16T18:46:03.218487+0100 chargesom manager[867806]: [INFO] connector:EvseM  :: EVSE ISO V2G CurrentDemandRes
2025-12-16T18:46:03.339442+0100 chargesom manager[867806]: [INFO] connector:EvseM  ::                                     CAR ISO V2G CurrentDemandReq
2025-12-16T18:46:03.437924+0100 chargesom manager[867806]: [INFO] connector:EvseM  :: EVSE ISO V2G CurrentDemandRes
2025-12-16T18:46:03.559203+0100 chargesom manager[867806]: [INFO] connector:EvseM  ::                                     CAR ISO V2G CurrentDemandReq
2025-12-16T18:46:03.657731+0100 chargesom manager[867806]: [INFO] connector:EvseM  :: EVSE ISO V2G CurrentDemandRes
2025-12-16T18:46:03.780130+0100 chargesom manager[867806]: [INFO] connector:EvseM  ::                                     CAR ISO V2G CurrentDemandReq
2025-12-16T18:46:03.905738+0100 chargesom manager[867806]: [INFO] connector:EvseM  :: EVSE ISO V2G CurrentDemandRes
2025-12-16T18:46:04.009450+0100 chargesom manager[867806]: [INFO] connector:EvseM  ::                                     CAR ISO V2G CurrentDemandReq
2025-12-16T18:46:04.019212+0100 chargesom manager[867806]: [INFO] connector:EvseM  :: EVSE IEC Isolation measurement Ok R_F 900000.
2025-12-16T18:46:04.106005+0100 chargesom manager[867806]: [INFO] connector:EvseM  :: EVSE ISO V2G CurrentDemandRes
2025-12-16T18:46:04.219308+0100 chargesom manager[867806]: [INFO] connector:EvseM  ::                                     CAR ISO V2G CurrentDemandReq
2025-12-16T18:46:04.318020+0100 chargesom manager[867806]: [INFO] connector:EvseM  :: EVSE ISO V2G CurrentDemandRes
2025-12-16T18:46:04.439309+0100 chargesom manager[867806]: [INFO] connector:EvseM  ::                                     CAR ISO V2G CurrentDemandReq
2025-12-16T18:46:04.537873+0100 chargesom manager[867806]: [INFO] connector:EvseM  :: EVSE ISO V2G CurrentDemandRes
2025-12-16T18:46:04.659155+0100 chargesom manager[867806]: [INFO] connector:EvseM  ::                                     CAR ISO V2G CurrentDemandReq
2025-12-16T18:46:04.765552+0100 chargesom manager[867806]: [INFO] connector:EvseM  :: EVSE ISO V2G CurrentDemandRes
2025-12-16T18:46:04.880299+0100 chargesom manager[867806]: [INFO] connector:EvseM  ::                                     CAR ISO V2G CurrentDemandReq
2025-12-16T18:46:05.017967+0100 chargesom manager[867806]: [INFO] connector:EvseM  :: EVSE ISO V2G CurrentDemandRes
2025-12-16T18:46:05.019718+0100 chargesom manager[867806]: [INFO] connector:EvseM  :: EVSE IEC Isolation measurement Ok R_F 900000.
2025-12-16T18:46:05.113410+0100 chargesom manager[867806]: [INFO] connector:EvseM  ::                                     CAR ISO V2G CurrentDemandReq
2025-12-16T18:46:05.197810+0100 chargesom manager[867806]: [INFO] connector:EvseM  :: EVSE ISO V2G CurrentDemandRes
2025-12-16T18:46:05.319359+0100 chargesom manager[867806]: [INFO] connector:EvseM  ::                                     CAR ISO V2G CurrentDemandReq
2025-12-16T18:46:05.417711+0100 chargesom manager[867806]: [INFO] connector:EvseM  :: EVSE ISO V2G CurrentDemandRes
2025-12-16T18:46:05.539238+0100 chargesom manager[867806]: [INFO] connector:EvseM  ::                                     CAR ISO V2G CurrentDemandReq
2025-12-16T18:46:05.638335+0100 chargesom manager[867806]: [INFO] connector:EvseM  :: EVSE ISO V2G CurrentDemandRes
2025-12-16T18:46:05.765852+0100 chargesom manager[867806]: [INFO] connector:EvseM  ::                                     CAR ISO V2G CurrentDemandReq
2025-12-16T18:46:05.857895+0100 chargesom manager[867806]: [INFO] connector:EvseM  :: EVSE ISO V2G CurrentDemandRes
2025-12-16T18:46:06.001334+0100 chargesom manager[867806]: [INFO] connector:EvseM  ::                                     CAR ISO V2G CurrentDemandReq
2025-12-16T18:46:06.020173+0100 chargesom manager[867806]: [INFO] connector:EvseM  :: EVSE IEC Isolation measurement Ok R_F 900000.
2025-12-16T18:46:06.109452+0100 chargesom manager[867806]: [INFO] connector:EvseM  :: EVSE ISO V2G CurrentDemandRes
2025-12-16T18:46:06.213594+0100 chargesom manager[867806]: [INFO] connector:EvseM  ::                                     CAR ISO V2G CurrentDemandReq
2025-12-16T18:46:06.301464+0100 chargesom manager[867806]: [INFO] connector:EvseM  :: EVSE ISO V2G CurrentDemandRes
2025-12-16T18:46:06.419227+0100 chargesom manager[867806]: [INFO] connector:EvseM  ::                                     CAR ISO V2G CurrentDemandReq
2025-12-16T18:46:06.517713+0100 chargesom manager[867806]: [INFO] connector:EvseM  :: EVSE ISO V2G CurrentDemandRes
2025-12-16T18:46:06.639520+0100 chargesom manager[867806]: [INFO] connector:EvseM  ::                                     CAR ISO V2G CurrentDemandReq
2025-12-16T18:46:06.765738+0100 chargesom manager[867806]: [INFO] connector:EvseM  :: EVSE ISO V2G CurrentDemandRes
2025-12-16T18:46:06.860032+0100 chargesom manager[867806]: [INFO] connector:EvseM  ::                                     CAR ISO V2G CurrentDemandReq
2025-12-16T18:46:06.957790+0100 chargesom manager[867806]: [INFO] connector:EvseM  :: EVSE ISO V2G CurrentDemandRes
2025-12-16T18:46:07.020333+0100 chargesom manager[867806]: [INFO] connector:EvseM  :: EVSE IEC Isolation measurement Ok R_F 900000.
2025-12-16T18:46:07.109312+0100 chargesom manager[867806]: [INFO] connector:EvseM  ::                                     CAR ISO V2G CurrentDemandReq
2025-12-16T18:46:07.177544+0100 chargesom manager[867806]: [INFO] connector:EvseM  :: EVSE ISO V2G CurrentDemandRes
2025-12-16T18:46:07.310470+0100 chargesom manager[867806]: [INFO] connector:EvseM  ::                                     CAR ISO V2G CurrentDemandReq
2025-12-16T18:46:07.397733+0100 chargesom manager[867806]: [INFO] connector:EvseM  :: EVSE ISO V2G CurrentDemandRes
2025-12-16T18:46:07.519089+0100 chargesom manager[867806]: [INFO] connector:EvseM  ::                                     CAR ISO V2G CurrentDemandReq
2025-12-16T18:46:07.617689+0100 chargesom manager[867806]: [INFO] connector:EvseM  :: EVSE ISO V2G CurrentDemandRes
2025-12-16T18:46:07.765681+0100 chargesom manager[867806]: [INFO] connector:EvseM  ::                                     CAR ISO V2G CurrentDemandReq
2025-12-16T18:46:07.837714+0100 chargesom manager[867806]: [INFO] connector:EvseM  :: EVSE ISO V2G CurrentDemandRes
2025-12-16T18:46:07.962451+0100 chargesom manager[867806]: [INFO] connector:EvseM  ::                                     CAR ISO V2G CurrentDemandReq
2025-12-16T18:46:08.020699+0100 chargesom manager[867806]: [INFO] connector:EvseM  :: EVSE IEC Isolation measurement Ok R_F 900000.
2025-12-16T18:46:08.065389+0100 chargesom manager[867806]: [INFO] connector:EvseM  :: EVSE ISO V2G CurrentDemandRes
2025-12-16T18:46:08.179175+0100 chargesom manager[867806]: [INFO] connector:EvseM  ::                                     CAR ISO V2G CurrentDemandReq
2025-12-16T18:46:08.277880+0100 chargesom manager[867806]: [INFO] connector:EvseM  :: EVSE ISO V2G CurrentDemandRes
2025-12-16T18:46:08.409277+0100 chargesom manager[867806]: [INFO] connector:EvseM  ::                                     CAR ISO V2G CurrentDemandReq
2025-12-16T18:46:08.497594+0100 chargesom manager[867806]: [INFO] connector:EvseM  :: EVSE ISO V2G CurrentDemandRes
2025-12-16T18:46:08.619289+0100 chargesom manager[867806]: [INFO] connector:EvseM  ::                                     CAR ISO V2G CurrentDemandReq
2025-12-16T18:46:08.717617+0100 chargesom manager[867806]: [INFO] connector:EvseM  :: EVSE ISO V2G CurrentDemandRes
2025-12-16T18:46:08.840014+0100 chargesom manager[867806]: [INFO] connector:EvseM  ::                                     CAR ISO V2G CurrentDemandReq
2025-12-16T18:46:08.937630+0100 chargesom manager[867806]: [INFO] connector:EvseM  :: EVSE ISO V2G CurrentDemandRes
2025-12-16T18:46:09.020982+0100 chargesom manager[867806]: [INFO] connector:EvseM  :: EVSE IEC Isolation measurement Ok R_F 900000.
2025-12-16T18:46:09.065645+0100 chargesom manager[867806]: [INFO] connector:EvseM  ::                                     CAR ISO V2G CurrentDemandReq
2025-12-16T18:46:09.158567+0100 chargesom manager[867806]: [INFO] connector:EvseM  :: EVSE ISO V2G CurrentDemandRes
2025-12-16T18:46:09.279145+0100 chargesom manager[867806]: [INFO] connector:EvseM  ::                                     CAR ISO V2G CurrentDemandReq
2025-12-16T18:46:09.377350+0100 chargesom manager[867806]: [INFO] connector:EvseM  :: EVSE ISO V2G CurrentDemandRes
2025-12-16T18:46:09.501438+0100 chargesom manager[867806]: [INFO] connector:EvseM  ::                                     CAR ISO V2G CurrentDemandReq
2025-12-16T18:46:09.597673+0100 chargesom manager[867806]: [INFO] connector:EvseM  :: EVSE ISO V2G CurrentDemandRes
2025-12-16T18:46:09.719112+0100 chargesom manager[867806]: [INFO] connector:EvseM  ::                                     CAR ISO V2G CurrentDemandReq
2025-12-16T18:46:09.817540+0100 chargesom manager[867806]: [INFO] connector:EvseM  :: EVSE ISO V2G CurrentDemandRes
2025-12-16T18:46:09.940356+0100 chargesom manager[867806]: [INFO] connector:EvseM  ::                                     CAR ISO V2G CurrentDemandReq
2025-12-16T18:46:10.021197+0100 chargesom manager[867806]: [INFO] connector:EvseM  :: EVSE IEC Isolation measurement Ok R_F 900000.
2025-12-16T18:46:10.065903+0100 chargesom manager[867806]: [INFO] connector:EvseM  :: EVSE ISO V2G CurrentDemandRes
2025-12-16T18:46:10.159382+0100 chargesom manager[867806]: [INFO] connector:EvseM  ::                                     CAR ISO V2G CurrentDemandReq
2025-12-16T18:46:10.258079+0100 chargesom manager[867806]: [INFO] connector:EvseM  :: EVSE ISO V2G CurrentDemandRes
2025-12-16T18:46:10.379167+0100 chargesom manager[867806]: [INFO] connector:EvseM  ::                                     CAR ISO V2G CurrentDemandReq
2025-12-16T18:46:10.477530+0100 chargesom manager[867806]: [INFO] connector:EvseM  :: EVSE ISO V2G CurrentDemandRes
2025-12-16T18:46:10.641738+0100 chargesom manager[867806]: [INFO] connector:EvseM  ::                                     CAR ISO V2G CurrentDemandReq
2025-12-16T18:46:10.727067+0100 chargesom manager[867806]: [INFO] connector:EvseM  :: EVSE ISO V2G CurrentDemandRes
2025-12-16T18:46:10.819846+0100 chargesom manager[867806]: [INFO] connector:EvseM  ::                                     CAR ISO V2G CurrentDemandReq
2025-12-16T18:46:10.957710+0100 chargesom manager[867806]: [INFO] connector:EvseM  :: EVSE ISO V2G CurrentDemandRes
2025-12-16T18:46:11.021544+0100 chargesom manager[867806]: [INFO] connector:EvseM  :: EVSE IEC Isolation measurement Ok R_F 900000.
2025-12-16T18:46:11.065611+0100 chargesom manager[867806]: [INFO] connector:EvseM  ::                                     CAR ISO V2G CurrentDemandReq
2025-12-16T18:46:11.136245+0100 chargesom manager[867806]: [INFO] connector:EvseM  :: EVSE ISO V2G CurrentDemandRes
2025-12-16T18:46:11.259128+0100 chargesom manager[867806]: [INFO] connector:EvseM  ::                                     CAR ISO V2G CurrentDemandReq
2025-12-16T18:46:11.356885+0100 chargesom manager[867806]: [INFO] connector:EvseM  :: EVSE ISO V2G CurrentDemandRes
2025-12-16T18:46:11.478842+0100 chargesom manager[867806]: [INFO] connector:EvseM  ::                                     CAR ISO V2G CurrentDemandReq
2025-12-16T18:46:11.576453+0100 chargesom manager[867806]: [INFO] connector:EvseM  :: EVSE ISO V2G CurrentDemandRes
2025-12-16T18:46:11.698819+0100 chargesom manager[867806]: [INFO] connector:EvseM  ::                                     CAR ISO V2G CurrentDemandReq
2025-12-16T18:46:11.796328+0100 chargesom manager[867806]: [INFO] connector:EvseM  :: EVSE ISO V2G CurrentDemandRes
2025-12-16T18:46:11.950267+0100 chargesom manager[867806]: [INFO] connector:EvseM  ::                                     CAR ISO V2G CurrentDemandReq
2025-12-16T18:46:12.016391+0100 chargesom manager[867806]: [INFO] connector:EvseM  :: EVSE ISO V2G CurrentDemandRes
2025-12-16T18:46:12.021683+0100 chargesom manager[867806]: [INFO] connector:EvseM  :: EVSE IEC Isolation measurement Ok R_F 900000.
2025-12-16T18:46:12.138844+0100 chargesom manager[867806]: [INFO] connector:EvseM  ::                                     CAR ISO V2G CurrentDemandReq
2025-12-16T18:46:12.236475+0100 chargesom manager[867806]: [INFO] connector:EvseM  :: EVSE ISO V2G CurrentDemandRes
2025-12-16T18:46:12.358825+0100 chargesom manager[867806]: [INFO] connector:EvseM  ::                                     CAR ISO V2G CurrentDemandReq
2025-12-16T18:46:12.456249+0100 chargesom manager[867806]: [INFO] connector:EvseM  :: EVSE ISO V2G CurrentDemandRes
2025-12-16T18:46:12.579090+0100 chargesom manager[867806]: [INFO] connector:EvseM  ::                                     CAR ISO V2G CurrentDemandReq
2025-12-16T18:46:12.676244+0100 chargesom manager[867806]: [INFO] connector:EvseM  :: EVSE ISO V2G CurrentDemandRes
2025-12-16T18:46:12.799790+0100 chargesom manager[867806]: [INFO] connector:EvseM  ::                                     CAR ISO V2G CurrentDemandReq
2025-12-16T18:46:12.896767+0100 chargesom manager[867806]: [INFO] connector:EvseM  :: EVSE ISO V2G CurrentDemandRes
2025-12-16T18:46:13.049941+0100 chargesom manager[867806]: [INFO] connector:EvseM  ::                                     CAR ISO V2G CurrentDemandReq
2025-12-16T18:46:13.049941+0100 chargesom manager[867806]: [INFO] connector:EvseM  :: EVSE IEC Isolation measurement Ok R_F 900000.
2025-12-16T18:46:13.141758+0100 chargesom manager[867806]: [INFO] connector:EvseM  :: EVSE ISO V2G CurrentDemandRes
2025-12-16T18:46:13.238514+0100 chargesom manager[867806]: [INFO] connector:EvseM  ::                                     CAR ISO V2G CurrentDemandReq
2025-12-16T18:46:13.336074+0100 chargesom manager[867806]: [INFO] connector:EvseM  :: EVSE ISO V2G CurrentDemandRes
2025-12-16T18:46:13.458499+0100 chargesom manager[867806]: [INFO] connector:EvseM  ::                                     CAR ISO V2G CurrentDemandReq
2025-12-16T18:46:13.556852+0100 chargesom manager[867806]: [INFO] connector:EvseM  :: EVSE ISO V2G CurrentDemandRes
2025-12-16T18:46:13.678513+0100 chargesom manager[867806]: [INFO] connector:EvseM  ::                                     CAR ISO V2G CurrentDemandReq
2025-12-16T18:46:13.776006+0100 chargesom manager[867806]: [INFO] connector:EvseM  :: EVSE ISO V2G CurrentDemandRes
2025-12-16T18:46:13.899702+0100 chargesom manager[867806]: [INFO] connector:EvseM  ::                                     CAR ISO V2G CurrentDemandReq
2025-12-16T18:46:13.996160+0100 chargesom manager[867806]: [INFO] connector:EvseM  :: EVSE ISO V2G CurrentDemandRes
2025-12-16T18:46:14.022152+0100 chargesom manager[867806]: [INFO] connector:EvseM  :: EVSE IEC Isolation measurement Ok R_F 900000.
2025-12-16T18:46:14.153520+0100 chargesom manager[867806]: [INFO] connector:EvseM  ::                                     CAR ISO V2G CurrentDemandReq
2025-12-16T18:46:14.217927+0100 chargesom manager[867806]: [INFO] connector:EvseM  :: EVSE ISO V2G CurrentDemandRes
2025-12-16T18:46:14.338654+0100 chargesom manager[867806]: [INFO] connector:EvseM  ::                                     CAR ISO V2G CurrentDemandReq
2025-12-16T18:46:14.436087+0100 chargesom manager[867806]: [INFO] connector:EvseM  :: EVSE ISO V2G CurrentDemandRes
2025-12-16T18:46:14.558413+0100 chargesom manager[867806]: [INFO] connector:EvseM  ::                                     CAR ISO V2G CurrentDemandReq
2025-12-16T18:46:14.656898+0100 chargesom manager[867806]: [INFO] connector:EvseM  :: EVSE ISO V2G CurrentDemandRes
2025-12-16T18:46:14.779483+0100 chargesom manager[867806]: [INFO] connector:EvseM  ::                                     CAR ISO V2G CurrentDemandReq
2025-12-16T18:46:14.875975+0100 chargesom manager[867806]: [INFO] connector:EvseM  :: EVSE ISO V2G CurrentDemandRes
2025-12-16T18:46:14.998431+0100 chargesom manager[867806]: [INFO] connector:EvseM  ::                                     CAR ISO V2G CurrentDemandReq
2025-12-16T18:46:15.022368+0100 chargesom manager[867806]: [INFO] connector:EvseM  :: EVSE IEC Isolation measurement Ok R_F 900000.
2025-12-16T18:46:15.109709+0100 chargesom manager[867806]: [INFO] connector:EvseM  :: EVSE ISO V2G CurrentDemandRes
2025-12-16T18:46:15.221206+0100 chargesom manager[867806]: [INFO] connector:EvseM  ::                                     CAR ISO V2G CurrentDemandReq
2025-12-16T18:46:15.353236+0100 chargesom manager[867806]: [INFO] connector:EvseM  :: EVSE ISO V2G CurrentDemandRes
2025-12-16T18:46:15.438491+0100 chargesom manager[867806]: [INFO] connector:EvseM  ::                                     CAR ISO V2G CurrentDemandReq
2025-12-16T18:46:15.536970+0100 chargesom manager[867806]: [INFO] connector:EvseM  :: EVSE ISO V2G CurrentDemandRes
2025-12-16T18:46:15.658490+0100 chargesom manager[867806]: [INFO] connector:EvseM  ::                                     CAR ISO V2G CurrentDemandReq
2025-12-16T18:46:15.773337+0100 chargesom manager[867806]: [INFO] connector:EvseM  :: EVSE ISO V2G CurrentDemandRes
2025-12-16T18:46:15.878843+0100 chargesom manager[867806]: [INFO] connector:EvseM  ::                                     CAR ISO V2G CurrentDemandReq
2025-12-16T18:46:16.009111+0100 chargesom manager[867806]: [INFO] connector:EvseM  :: EVSE ISO V2G CurrentDemandRes
2025-12-16T18:46:16.022718+0100 chargesom manager[867806]: [INFO] connector:EvseM  :: EVSE IEC Isolation measurement Ok R_F 900000.
2025-12-16T18:46:16.114343+0100 chargesom manager[867806]: [INFO] connector:EvseM  ::                                     CAR ISO V2G CurrentDemandReq
2025-12-16T18:46:16.196069+0100 chargesom manager[867806]: [INFO] connector:EvseM  :: EVSE ISO V2G CurrentDemandRes
2025-12-16T18:46:16.327220+0100 chargesom manager[867806]: [INFO] connector:EvseM  ::                                     CAR ISO V2G CurrentDemandReq
2025-12-16T18:46:16.453352+0100 chargesom manager[867806]: [INFO] connector:EvseM  :: EVSE ISO V2G CurrentDemandRes
2025-12-16T18:46:16.548385+0100 chargesom manager[867806]: [INFO] connector:EvseM  ::                                     CAR ISO V2G CurrentDemandReq
2025-12-16T18:46:16.646849+0100 chargesom manager[867806]: [INFO] connector:EvseM  :: EVSE ISO V2G CurrentDemandRes
2025-12-16T18:46:16.774180+0100 chargesom manager[867806]: [INFO] connector:EvseM  ::                                     CAR ISO V2G CurrentDemandReq
2025-12-16T18:46:16.866001+0100 chargesom manager[867806]: [INFO] connector:EvseM  :: EVSE ISO V2G CurrentDemandRes
2025-12-16T18:46:16.988346+0100 chargesom manager[867806]: [INFO] connector:EvseM  ::                                     CAR ISO V2G CurrentDemandReq
2025-12-16T18:46:17.022915+0100 chargesom manager[867806]: [INFO] connector:EvseM  :: EVSE IEC Isolation measurement Ok R_F 900000.
2025-12-16T18:46:17.109546+0100 chargesom manager[867806]: [INFO] connector:EvseM  :: EVSE ISO V2G CurrentDemandRes
2025-12-16T18:46:17.208449+0100 chargesom manager[867806]: [INFO] connector:EvseM  ::                                     CAR ISO V2G CurrentDemandReq
2025-12-16T18:46:17.306940+0100 chargesom manager[867806]: [INFO] connector:EvseM  :: EVSE ISO V2G CurrentDemandRes
2025-12-16T18:46:17.428561+0100 chargesom manager[867806]: [INFO] connector:EvseM  ::                                     CAR ISO V2G CurrentDemandReq
2025-12-16T18:46:17.525938+0100 chargesom manager[867806]: [INFO] connector:EvseM  :: EVSE ISO V2G CurrentDemandRes
2025-12-16T18:46:17.677481+0100 chargesom manager[867806]: [INFO] connector:EvseM  ::                                     CAR ISO V2G CurrentDemandReq
2025-12-16T18:46:17.774053+0100 chargesom manager[867806]: [INFO] connector:EvseM  :: EVSE ISO V2G CurrentDemandRes
2025-12-16T18:46:17.868902+0100 chargesom manager[867806]: [INFO] connector:EvseM  ::                                     CAR ISO V2G CurrentDemandReq
2025-12-16T18:46:18.005180+0100 chargesom manager[867806]: [INFO] connector:EvseM  :: EVSE ISO V2G CurrentDemandRes
2025-12-16T18:46:18.049436+0100 chargesom manager[867806]: [INFO] connector:EvseM  :: EVSE IEC Isolation measurement Ok R_F 900000.
2025-12-16T18:46:18.093160+0100 chargesom manager[867806]: [INFO] connector:EvseM  ::                                     CAR ISO V2G CurrentDemandReq
2025-12-16T18:46:18.186733+0100 chargesom manager[867806]: [INFO] connector:EvseM  :: EVSE ISO V2G CurrentDemandRes
2025-12-16T18:46:18.308726+0100 chargesom manager[867806]: [INFO] connector:EvseM  ::                                     CAR ISO V2G CurrentDemandReq
2025-12-16T18:46:18.406058+0100 chargesom manager[867806]: [INFO] connector:EvseM  :: EVSE ISO V2G CurrentDemandRes
2025-12-16T18:46:18.528329+0100 chargesom manager[867806]: [INFO] connector:EvseM  ::                                     CAR ISO V2G CurrentDemandReq
2025-12-16T18:46:18.626953+0100 chargesom manager[867806]: [INFO] connector:EvseM  :: EVSE ISO V2G CurrentDemandRes
2025-12-16T18:46:18.778798+0100 chargesom manager[867806]: [INFO] connector:EvseM  ::                                     CAR ISO V2G CurrentDemandReq
2025-12-16T18:46:18.846912+0100 chargesom manager[867806]: [INFO] connector:EvseM  :: EVSE ISO V2G CurrentDemandRes
2025-12-16T18:46:18.968996+0100 chargesom manager[867806]: [INFO] connector:EvseM  ::                                     CAR ISO V2G CurrentDemandReq
2025-12-16T18:46:19.023411+0100 chargesom manager[867806]: [INFO] connector:EvseM  :: EVSE IEC Isolation measurement Ok R_F 900000.
2025-12-16T18:46:19.109402+0100 chargesom manager[867806]: [INFO] connector:EvseM  :: EVSE ISO V2G CurrentDemandRes
2025-12-16T18:46:19.188328+0100 chargesom manager[867806]: [INFO] connector:EvseM  ::                                     CAR ISO V2G CurrentDemandReq
2025-12-16T18:46:19.287493+0100 chargesom manager[867806]: [INFO] connector:EvseM  :: EVSE ISO V2G CurrentDemandRes
2025-12-16T18:46:19.408092+0100 chargesom manager[867806]: [INFO] connector:EvseM  ::                                     CAR ISO V2G CurrentDemandReq
2025-12-16T18:46:19.506560+0100 chargesom manager[867806]: [INFO] connector:EvseM  :: EVSE ISO V2G CurrentDemandRes
2025-12-16T18:46:19.628379+0100 chargesom manager[867806]: [INFO] connector:EvseM  ::                                     CAR ISO V2G CurrentDemandReq
2025-12-16T18:46:19.726672+0100 chargesom manager[867806]: [INFO] connector:EvseM  :: EVSE ISO V2G CurrentDemandRes
2025-12-16T18:46:19.865768+0100 chargesom manager[867806]: [INFO] connector:EvseM  ::                                     CAR ISO V2G CurrentDemandReq
2025-12-16T18:46:19.953442+0100 chargesom manager[867806]: [INFO] connector:EvseM  :: EVSE ISO V2G CurrentDemandRes
2025-12-16T18:46:20.023788+0100 chargesom manager[867806]: [INFO] connector:EvseM  :: EVSE IEC Isolation measurement Ok R_F 900000.
2025-12-16T18:46:20.109734+0100 chargesom manager[867806]: [INFO] connector:EvseM  ::                                     CAR ISO V2G CurrentDemandReq
2025-12-16T18:46:20.166819+0100 chargesom manager[867806]: [INFO] connector:EvseM  :: EVSE ISO V2G CurrentDemandRes
2025-12-16T18:46:20.291988+0100 chargesom manager[867806]: [INFO] connector:EvseM  ::                                     CAR ISO V2G CurrentDemandReq
2025-12-16T18:46:20.386696+0100 chargesom manager[867806]: [INFO] connector:EvseM  :: EVSE ISO V2G CurrentDemandRes
2025-12-16T18:46:20.508330+0100 chargesom manager[867806]: [INFO] connector:EvseM  ::                                     CAR ISO V2G CurrentDemandReq
2025-12-16T18:46:20.607030+0100 chargesom manager[867806]: [INFO] connector:EvseM  :: EVSE ISO V2G CurrentDemandRes
2025-12-16T18:46:20.728218+0100 chargesom manager[867806]: [INFO] connector:EvseM  ::                                     CAR ISO V2G CurrentDemandReq
2025-12-16T18:46:20.826597+0100 chargesom manager[867806]: [INFO] connector:EvseM  :: EVSE ISO V2G CurrentDemandRes
2025-12-16T18:46:20.957549+0100 chargesom manager[867806]: [INFO] connector:EvseM  ::                                     CAR ISO V2G CurrentDemandReq
2025-12-16T18:46:21.045863+0100 chargesom manager[867806]: [INFO] connector:EvseM  :: EVSE IEC Isolation measurement Ok R_F 900000.
2025-12-16T18:46:21.049179+0100 chargesom manager[867806]: [INFO] connector:EvseM  :: EVSE ISO V2G CurrentDemandRes
2025-12-16T18:46:21.168078+0100 chargesom manager[867806]: [INFO] connector:EvseM  ::                                     CAR ISO V2G CurrentDemandReq
2025-12-16T18:46:21.267234+0100 chargesom manager[867806]: [INFO] connector:EvseM  :: EVSE ISO V2G CurrentDemandRes
2025-12-16T18:46:21.388173+0100 chargesom manager[867806]: [INFO] connector:EvseM  ::                                     CAR ISO V2G CurrentDemandReq
2025-12-16T18:46:21.486643+0100 chargesom manager[867806]: [INFO] connector:EvseM  :: EVSE ISO V2G CurrentDemandRes
2025-12-16T18:46:21.608381+0100 chargesom manager[867806]: [INFO] connector:EvseM  ::                                     CAR ISO V2G CurrentDemandReq
2025-12-16T18:46:21.706673+0100 chargesom manager[867806]: [INFO] connector:EvseM  :: EVSE ISO V2G CurrentDemandRes
2025-12-16T18:46:21.829229+0100 chargesom manager[867806]: [INFO] connector:EvseM  ::                                     CAR ISO V2G CurrentDemandReq
2025-12-16T18:46:21.926792+0100 chargesom manager[867806]: [INFO] connector:EvseM  :: EVSE ISO V2G CurrentDemandRes
2025-12-16T18:46:22.024703+0100 chargesom manager[867806]: [INFO] connector:EvseM  :: EVSE IEC Isolation measurement Ok R_F 900000.
2025-12-16T18:46:22.069522+0100 chargesom manager[867806]: [INFO] connector:EvseM  ::                                     CAR ISO V2G CurrentDemandReq
2025-12-16T18:46:22.178117+0100 chargesom manager[867806]: [INFO] connector:EvseM  :: EVSE ISO V2G CurrentDemandRes
2025-12-16T18:46:22.277316+0100 chargesom manager[867806]: [INFO] connector:EvseM  ::                                     CAR ISO V2G CurrentDemandReq
2025-12-16T18:46:22.366548+0100 chargesom manager[867806]: [INFO] connector:EvseM  :: EVSE ISO V2G CurrentDemandRes
2025-12-16T18:46:22.488259+0100 chargesom manager[867806]: [INFO] connector:EvseM  ::                                     CAR ISO V2G CurrentDemandReq
2025-12-16T18:46:22.586609+0100 chargesom manager[867806]: [INFO] connector:EvseM  :: EVSE ISO V2G CurrentDemandRes
2025-12-16T18:46:22.708241+0100 chargesom manager[867806]: [INFO] connector:EvseM  ::                                     CAR ISO V2G CurrentDemandReq
2025-12-16T18:46:22.806933+0100 chargesom manager[867806]: [INFO] connector:EvseM  :: EVSE ISO V2G CurrentDemandRes
2025-12-16T18:46:22.962314+0100 chargesom manager[867806]: [INFO] connector:EvseM  ::                                     CAR ISO V2G CurrentDemandReq
2025-12-16T18:46:23.025554+0100 chargesom manager[867806]: [INFO] connector:EvseM  :: EVSE IEC Isolation measurement Ok R_F 900000.
2025-12-16T18:46:23.069294+0100 chargesom manager[867806]: [INFO] connector:EvseM  :: EVSE ISO V2G CurrentDemandRes
2025-12-16T18:46:23.148011+0100 chargesom manager[867806]: [INFO] connector:EvseM  ::                                     CAR ISO V2G CurrentDemandReq
2025-12-16T18:46:23.285608+0100 chargesom manager[867806]: [INFO] connector:EvseM  :: EVSE ISO V2G CurrentDemandRes
2025-12-16T18:46:23.373561+0100 chargesom manager[867806]: [INFO] connector:EvseM  ::                                     CAR ISO V2G CurrentDemandReq
2025-12-16T18:46:23.466613+0100 chargesom manager[867806]: [INFO] connector:EvseM  :: EVSE ISO V2G CurrentDemandRes
2025-12-16T18:46:23.588061+0100 chargesom manager[867806]: [INFO] connector:EvseM  ::                                     CAR ISO V2G CurrentDemandReq
2025-12-16T18:46:23.686492+0100 chargesom manager[867806]: [INFO] connector:EvseM  :: EVSE ISO V2G CurrentDemandRes
2025-12-16T18:46:23.809419+0100 chargesom manager[867806]: [INFO] connector:EvseM  ::                                     CAR ISO V2G CurrentDemandReq
2025-12-16T18:46:23.906658+0100 chargesom manager[867806]: [INFO] connector:EvseM  :: EVSE ISO V2G CurrentDemandRes
2025-12-16T18:46:24.025446+0100 chargesom manager[867806]: [INFO] connector:EvseM  :: EVSE IEC Isolation measurement Ok R_F 900000.
2025-12-16T18:46:24.069601+0100 chargesom manager[867806]: [INFO] connector:EvseM  ::                                     CAR ISO V2G CurrentDemandReq
2025-12-16T18:46:24.126774+0100 chargesom manager[867806]: [INFO] connector:EvseM  :: EVSE ISO V2G CurrentDemandRes
2025-12-16T18:46:24.248193+0100 chargesom manager[867806]: [INFO] connector:EvseM  ::                                     CAR ISO V2G CurrentDemandReq
2025-12-16T18:46:24.381953+0100 chargesom manager[867806]: [INFO] connector:EvseM  :: EVSE ISO V2G CurrentDemandRes
2025-12-16T18:46:24.481813+0100 chargesom manager[867806]: [INFO] connector:EvseM  ::                                     CAR ISO V2G CurrentDemandReq
2025-12-16T18:46:24.566457+0100 chargesom manager[867806]: [INFO] connector:EvseM  :: EVSE ISO V2G CurrentDemandRes
2025-12-16T18:46:24.688027+0100 chargesom manager[867806]: [INFO] connector:EvseM  ::                                     CAR ISO V2G CurrentDemandReq
2025-12-16T18:46:24.786506+0100 chargesom manager[867806]: [INFO] connector:EvseM  :: EVSE ISO V2G CurrentDemandRes
2025-12-16T18:46:24.908969+0100 chargesom manager[867806]: [INFO] connector:EvseM  ::                                     CAR ISO V2G CurrentDemandReq
2025-12-16T18:46:25.006891+0100 chargesom manager[867806]: [INFO] connector:EvseM  :: EVSE ISO V2G CurrentDemandRes
2025-12-16T18:46:25.025596+0100 chargesom manager[867806]: [INFO] connector:EvseM  :: EVSE IEC Isolation measurement Ok R_F 900000.
2025-12-16T18:46:25.157728+0100 chargesom manager[867806]: [INFO] connector:EvseM  ::                                     CAR ISO V2G CurrentDemandReq
2025-12-16T18:46:25.226394+0100 chargesom manager[867806]: [INFO] connector:EvseM  :: EVSE ISO V2G CurrentDemandRes
2025-12-16T18:46:25.348465+0100 chargesom manager[867806]: [INFO] connector:EvseM  ::                                     CAR ISO V2G CurrentDemandReq
2025-12-16T18:46:25.446454+0100 chargesom manager[867806]: [INFO] connector:EvseM  :: EVSE ISO V2G CurrentDemandRes
2025-12-16T18:46:25.577306+0100 chargesom manager[867806]: [INFO] connector:EvseM  ::                                     CAR ISO V2G CurrentDemandReq
2025-12-16T18:46:25.667184+0100 chargesom manager[867806]: [INFO] connector:EvseM  :: EVSE ISO V2G CurrentDemandRes
2025-12-16T18:46:25.788648+0100 chargesom manager[867806]: [INFO] connector:EvseM  ::                                     CAR ISO V2G CurrentDemandReq
2025-12-16T18:46:25.886551+0100 chargesom manager[867806]: [INFO] connector:EvseM  :: EVSE ISO V2G CurrentDemandRes
2025-12-16T18:46:26.045696+0100 chargesom manager[867806]: [INFO] connector:EvseM  :: EVSE IEC Isolation measurement Ok R_F 900000.
2025-12-16T18:46:26.045696+0100 chargesom manager[867806]: [INFO] connector:EvseM  ::                                     CAR ISO V2G CurrentDemandReq
2025-12-16T18:46:26.133658+0100 chargesom manager[867806]: [INFO] connector:EvseM  :: EVSE ISO V2G CurrentDemandRes
2025-12-16T18:46:26.227865+0100 chargesom manager[867806]: [INFO] connector:EvseM  ::                                     CAR ISO V2G CurrentDemandReq
2025-12-16T18:46:26.328839+0100 chargesom manager[867806]: [INFO] connector:EvseM  :: EVSE ISO V2G CurrentDemandRes
2025-12-16T18:46:26.447874+0100 chargesom manager[867806]: [INFO] connector:EvseM  ::                                     CAR ISO V2G CurrentDemandReq
2025-12-16T18:46:26.546417+0100 chargesom manager[867806]: [INFO] connector:EvseM  :: EVSE ISO V2G CurrentDemandRes
2025-12-16T18:46:26.674008+0100 chargesom manager[867806]: [INFO] connector:EvseM  ::                                     CAR ISO V2G CurrentDemandReq
2025-12-16T18:46:26.781807+0100 chargesom manager[867806]: [INFO] connector:EvseM  :: EVSE ISO V2G CurrentDemandRes
2025-12-16T18:46:26.888421+0100 chargesom manager[867806]: [INFO] connector:EvseM  ::                                     CAR ISO V2G CurrentDemandReq
2025-12-16T18:46:26.986232+0100 chargesom manager[867806]: [INFO] connector:EvseM  :: EVSE ISO V2G CurrentDemandRes
2025-12-16T18:46:27.026177+0100 chargesom manager[867806]: [INFO] connector:EvseM  :: EVSE IEC Isolation measurement Ok R_F 900000.
2025-12-16T18:46:27.113317+0100 chargesom manager[867806]: [INFO] connector:EvseM  ::                                     CAR ISO V2G CurrentDemandReq
2025-12-16T18:46:27.206582+0100 chargesom manager[867806]: [INFO] connector:EvseM  :: EVSE ISO V2G CurrentDemandRes
2025-12-16T18:46:27.328076+0100 chargesom manager[867806]: [INFO] connector:EvseM  ::                                     CAR ISO V2G CurrentDemandReq
2025-12-16T18:46:27.426533+0100 chargesom manager[867806]: [INFO] connector:EvseM  :: EVSE ISO V2G CurrentDemandRes
2025-12-16T18:46:27.547771+0100 chargesom manager[867806]: [INFO] connector:EvseM  ::                                     CAR ISO V2G CurrentDemandReq
2025-12-16T18:46:27.645412+0100 chargesom manager[867806]: [INFO] connector:EvseM  :: EVSE ISO V2G CurrentDemandRes
2025-12-16T18:46:27.769850+0100 chargesom manager[867806]: [INFO] connector:EvseM  ::                                     CAR ISO V2G CurrentDemandReq
2025-12-16T18:46:27.901635+0100 chargesom manager[867806]: [INFO] connector:EvseM  :: EVSE ISO V2G CurrentDemandRes
2025-12-16T18:46:28.005136+0100 chargesom manager[867806]: [INFO] connector:EvseM  ::                                     CAR ISO V2G CurrentDemandReq
2025-12-16T18:46:28.026501+0100 chargesom manager[867806]: [INFO] connector:EvseM  :: EVSE IEC Isolation measurement Ok R_F 900000.
2025-12-16T18:46:28.113548+0100 chargesom manager[867806]: [INFO] connector:EvseM  :: EVSE ISO V2G CurrentDemandRes
2025-12-16T18:46:28.207822+0100 chargesom manager[867806]: [INFO] connector:EvseM  ::                                     CAR ISO V2G CurrentDemandReq
2025-12-16T18:46:28.305447+0100 chargesom manager[867806]: [INFO] connector:EvseM  :: EVSE ISO V2G CurrentDemandRes
2025-12-16T18:46:28.427602+0100 chargesom manager[867806]: [INFO] connector:EvseM  ::                                     CAR ISO V2G CurrentDemandReq
2025-12-16T18:46:28.526015+0100 chargesom manager[867806]: [INFO] connector:EvseM  :: EVSE ISO V2G CurrentDemandRes
2025-12-16T18:46:28.648075+0100 chargesom manager[867806]: [INFO] connector:EvseM  ::                                     CAR ISO V2G CurrentDemandReq
2025-12-16T18:46:28.781350+0100 chargesom manager[867806]: [INFO] connector:EvseM  :: EVSE ISO V2G CurrentDemandRes
2025-12-16T18:46:28.914288+0100 chargesom manager[867806]: [INFO] connector:EvseM  ::                                     CAR ISO V2G CurrentDemandReq
2025-12-16T18:46:29.001547+0100 chargesom manager[867806]: [INFO] connector:EvseM  :: EVSE ISO V2G CurrentDemandRes
2025-12-16T18:46:29.026757+0100 chargesom manager[867806]: [INFO] connector:EvseM  :: EVSE IEC Isolation measurement Ok R_F 900000.
2025-12-16T18:46:29.114090+0100 chargesom manager[867806]: [INFO] connector:EvseM  ::                                     CAR ISO V2G CurrentDemandReq
2025-12-16T18:46:29.185240+0100 chargesom manager[867806]: [INFO] connector:EvseM  :: EVSE ISO V2G CurrentDemandRes
2025-12-16T18:46:29.308014+0100 chargesom manager[867806]: [INFO] connector:EvseM  ::                                     CAR ISO V2G CurrentDemandReq
2025-12-16T18:46:29.406675+0100 chargesom manager[867806]: [INFO] connector:EvseM  :: EVSE ISO V2G CurrentDemandRes
2025-12-16T18:46:29.527511+0100 chargesom manager[867806]: [INFO] connector:EvseM  ::                                     CAR ISO V2G CurrentDemandReq
2025-12-16T18:46:29.625135+0100 chargesom manager[867806]: [INFO] connector:EvseM  :: EVSE ISO V2G CurrentDemandRes
2025-12-16T18:46:29.785168+0100 chargesom manager[867806]: [INFO] connector:EvseM  ::                                     CAR ISO V2G CurrentDemandReq
2025-12-16T18:46:29.845308+0100 chargesom manager[867806]: [INFO] connector:EvseM  :: EVSE ISO V2G CurrentDemandRes
2025-12-16T18:46:29.968386+0100 chargesom manager[867806]: [INFO] connector:EvseM  ::                                     CAR ISO V2G CurrentDemandReq
2025-12-16T18:46:30.058261+0100 chargesom manager[867806]: [INFO] connector:EvseM  :: EVSE IEC Isolation measurement Ok R_F 900000.
2025-12-16T18:46:30.105530+0100 chargesom manager[867806]: [INFO] connector:EvseM  :: EVSE ISO V2G CurrentDemandRes
2025-12-16T18:46:30.187811+0100 chargesom manager[867806]: [INFO] connector:EvseM  ::                                     CAR ISO V2G CurrentDemandReq
2025-12-16T18:46:30.285403+0100 chargesom manager[867806]: [INFO] connector:EvseM  :: EVSE ISO V2G CurrentDemandRes
2025-12-16T18:46:30.407679+0100 chargesom manager[867806]: [INFO] connector:EvseM  ::                                     CAR ISO V2G CurrentDemandReq
2025-12-16T18:46:30.505121+0100 chargesom manager[867806]: [INFO] connector:EvseM  :: EVSE ISO V2G CurrentDemandRes
2025-12-16T18:46:30.627584+0100 chargesom manager[867806]: [INFO] connector:EvseM  ::                                     CAR ISO V2G CurrentDemandReq
2025-12-16T18:46:30.725142+0100 chargesom manager[867806]: [INFO] connector:EvseM  :: EVSE ISO V2G CurrentDemandRes
2025-12-16T18:46:30.848323+0100 chargesom manager[867806]: [INFO] connector:EvseM  ::                                     CAR ISO V2G CurrentDemandReq
2025-12-16T18:46:30.961336+0100 chargesom manager[867806]: [INFO] connector:EvseM  :: EVSE ISO V2G CurrentDemandRes
2025-12-16T18:46:31.033428+0100 chargesom manager[867806]: [INFO] connector:EvseM  :: EVSE IEC Isolation measurement Ok R_F 900000.
2025-12-16T18:46:31.077319+0100 chargesom manager[867806]: [INFO] connector:EvseM  ::                                     CAR ISO V2G CurrentDemandReq
2025-12-16T18:46:31.201673+0100 chargesom manager[867806]: [INFO] connector:EvseM  :: EVSE ISO V2G CurrentDemandRes
2025-12-16T18:46:31.287768+0100 chargesom manager[867806]: [INFO] connector:EvseM  ::                                     CAR ISO V2G CurrentDemandReq
2025-12-16T18:46:31.385184+0100 chargesom manager[867806]: [INFO] connector:EvseM  :: EVSE ISO V2G CurrentDemandRes
2025-12-16T18:46:31.507911+0100 chargesom manager[867806]: [INFO] connector:EvseM  ::                                     CAR ISO V2G CurrentDemandReq
2025-12-16T18:46:31.605720+0100 chargesom manager[867806]: [INFO] connector:EvseM  :: EVSE ISO V2G CurrentDemandRes
2025-12-16T18:46:31.727510+0100 chargesom manager[867806]: [INFO] connector:EvseM  ::                                     CAR ISO V2G CurrentDemandReq
2025-12-16T18:46:31.826041+0100 chargesom manager[867806]: [INFO] connector:EvseM  :: EVSE ISO V2G CurrentDemandRes
2025-12-16T18:46:31.948225+0100 chargesom manager[867806]: [INFO] connector:EvseM  ::                                     CAR ISO V2G CurrentDemandReq
2025-12-16T18:46:32.027761+0100 chargesom manager[867806]: [INFO] connector:EvseM  :: EVSE IEC Isolation measurement Ok R_F 900000.
2025-12-16T18:46:32.069250+0100 chargesom manager[867806]: [INFO] connector:EvseM  :: EVSE ISO V2G CurrentDemandRes
2025-12-16T18:46:32.167455+0100 chargesom manager[867806]: [INFO] connector:EvseM  ::                                     CAR ISO V2G CurrentDemandReq
2025-12-16T18:46:32.302561+0100 chargesom manager[867806]: [INFO] connector:EvseM  :: EVSE ISO V2G CurrentDemandRes
2025-12-16T18:46:32.387419+0100 chargesom manager[867806]: [INFO] connector:EvseM  ::                                     CAR ISO V2G CurrentDemandReq
2025-12-16T18:46:32.486015+0100 chargesom manager[867806]: [INFO] connector:EvseM  :: EVSE ISO V2G CurrentDemandRes
2025-12-16T18:46:32.607542+0100 chargesom manager[867806]: [INFO] connector:EvseM  ::                                     CAR ISO V2G CurrentDemandReq
2025-12-16T18:46:32.705957+0100 chargesom manager[867806]: [INFO] connector:EvseM  :: EVSE ISO V2G CurrentDemandRes
2025-12-16T18:46:32.828366+0100 chargesom manager[867806]: [INFO] connector:EvseM  ::                                     CAR ISO V2G CurrentDemandReq
2025-12-16T18:46:32.961514+0100 chargesom manager[867806]: [INFO] connector:EvseM  :: EVSE ISO V2G CurrentDemandRes
2025-12-16T18:46:33.028004+0100 chargesom manager[867806]: [INFO] connector:EvseM  :: EVSE IEC Isolation measurement Ok R_F 900000.
2025-12-16T18:46:33.073253+0100 chargesom manager[867806]: [INFO] connector:EvseM  ::                                     CAR ISO V2G CurrentDemandReq
2025-12-16T18:46:33.146435+0100 chargesom manager[867806]: [INFO] connector:EvseM  :: EVSE ISO V2G CurrentDemandRes
2025-12-16T18:46:33.267642+0100 chargesom manager[867806]: [INFO] connector:EvseM  ::                                     CAR ISO V2G CurrentDemandReq
2025-12-16T18:46:33.402071+0100 chargesom manager[867806]: [INFO] connector:EvseM  :: EVSE ISO V2G CurrentDemandRes
2025-12-16T18:46:33.490197+0100 chargesom manager[867806]: [INFO] connector:EvseM  ::                                     CAR ISO V2G CurrentDemandReq
2025-12-16T18:46:33.586230+0100 chargesom manager[867806]: [INFO] connector:EvseM  :: EVSE ISO V2G CurrentDemandRes
2025-12-16T18:46:33.707663+0100 chargesom manager[867806]: [INFO] connector:EvseM  ::                                     CAR ISO V2G CurrentDemandReq
2025-12-16T18:46:33.805299+0100 chargesom manager[867806]: [INFO] connector:EvseM  :: EVSE ISO V2G CurrentDemandRes
2025-12-16T18:46:33.928737+0100 chargesom manager[867806]: [INFO] connector:EvseM  ::                                     CAR ISO V2G CurrentDemandReq
2025-12-16T18:46:34.025159+0100 chargesom manager[867806]: [INFO] connector:EvseM  :: EVSE ISO V2G CurrentDemandRes
2025-12-16T18:46:34.028168+0100 chargesom manager[867806]: [INFO] connector:EvseM  :: EVSE IEC Isolation measurement Ok R_F 900000.
2025-12-16T18:46:34.147402+0100 chargesom manager[867806]: [INFO] connector:EvseM  ::                                     CAR ISO V2G CurrentDemandReq
2025-12-16T18:46:34.246085+0100 chargesom manager[867806]: [INFO] connector:EvseM  :: EVSE ISO V2G CurrentDemandRes
2025-12-16T18:46:34.367394+0100 chargesom manager[867806]: [INFO] connector:EvseM  ::                                     CAR ISO V2G CurrentDemandReq
2025-12-16T18:46:34.465954+0100 chargesom manager[867806]: [INFO] connector:EvseM  :: EVSE ISO V2G CurrentDemandRes
2025-12-16T18:46:34.629562+0100 chargesom manager[867806]: [INFO] connector:EvseM  ::                                     CAR ISO V2G CurrentDemandReq
2025-12-16T18:46:34.686915+0100 chargesom manager[867806]: [INFO] connector:EvseM  :: EVSE ISO V2G CurrentDemandRes
2025-12-16T18:46:34.808227+0100 chargesom manager[867806]: [INFO] connector:EvseM  ::                                     CAR ISO V2G CurrentDemandReq
2025-12-16T18:46:34.906799+0100 chargesom manager[867806]: [INFO] connector:EvseM  :: EVSE ISO V2G CurrentDemandRes
2025-12-16T18:46:35.027432+0100 chargesom manager[867806]: [INFO] connector:EvseM  ::                                     CAR ISO V2G CurrentDemandReq
2025-12-16T18:46:35.028901+0100 chargesom manager[867806]: [INFO] connector:EvseM  :: EVSE IEC Isolation measurement Ok R_F 900000.
2025-12-16T18:46:35.162109+0100 chargesom manager[867806]: [INFO] connector:EvseM  :: EVSE ISO V2G CurrentDemandRes
2025-12-16T18:46:35.247568+0100 chargesom manager[867806]: [INFO] connector:EvseM  ::                                     CAR ISO V2G CurrentDemandReq
2025-12-16T18:46:35.345872+0100 chargesom manager[867806]: [INFO] connector:EvseM  :: EVSE ISO V2G CurrentDemandRes
2025-12-16T18:46:35.467372+0100 chargesom manager[867806]: [INFO] connector:EvseM  ::                                     CAR ISO V2G CurrentDemandReq
2025-12-16T18:46:35.565894+0100 chargesom manager[867806]: [INFO] connector:EvseM  :: EVSE ISO V2G CurrentDemandRes
2025-12-16T18:46:35.729627+0100 chargesom manager[867806]: [INFO] connector:EvseM  ::                                     CAR ISO V2G CurrentDemandReq
2025-12-16T18:46:35.789164+0100 chargesom manager[867806]: [INFO] connector:EvseM  :: EVSE ISO V2G CurrentDemandRes
2025-12-16T18:46:35.908364+0100 chargesom manager[867806]: [INFO] connector:EvseM  ::                                     CAR ISO V2G CurrentDemandReq
2025-12-16T18:46:36.005516+0100 chargesom manager[867806]: [INFO] connector:EvseM  :: EVSE ISO V2G CurrentDemandRes
2025-12-16T18:46:36.029119+0100 chargesom manager[867806]: [INFO] connector:EvseM  :: EVSE IEC Isolation measurement Ok R_F 900000.
2025-12-16T18:46:36.161663+0100 chargesom manager[867806]: [INFO] connector:EvseM  ::                                     CAR ISO V2G CurrentDemandReq
2025-12-16T18:46:36.225883+0100 chargesom manager[867806]: [INFO] connector:EvseM  :: EVSE ISO V2G CurrentDemandRes
2025-12-16T18:46:36.349257+0100 chargesom manager[867806]: [INFO] connector:EvseM  ::                                     CAR ISO V2G CurrentDemandReq
2025-12-16T18:46:36.445177+0100 chargesom manager[867806]: [INFO] connector:EvseM  :: EVSE ISO V2G CurrentDemandRes
2025-12-16T18:46:36.567167+0100 chargesom manager[867806]: [INFO] connector:EvseM  ::                                     CAR ISO V2G CurrentDemandReq
2025-12-16T18:46:36.666501+0100 chargesom manager[867806]: [INFO] connector:EvseM  :: EVSE ISO V2G CurrentDemandRes
2025-12-16T18:46:36.789943+0100 chargesom manager[867806]: [INFO] connector:EvseM  ::                                     CAR ISO V2G CurrentDemandReq
2025-12-16T18:46:36.921988+0100 chargesom manager[867806]: [INFO] connector:EvseM  :: EVSE ISO V2G CurrentDemandRes
2025-12-16T18:46:37.009538+0100 chargesom manager[867806]: [INFO] connector:EvseM  ::                                     CAR ISO V2G CurrentDemandReq
2025-12-16T18:46:37.029447+0100 chargesom manager[867806]: [INFO] connector:EvseM  :: EVSE IEC Isolation measurement Ok R_F 900000.
2025-12-16T18:46:37.119663+0100 chargesom manager[867806]: [INFO] connector:EvseM  :: EVSE ISO V2G CurrentDemandRes
2025-12-16T18:46:37.227433+0100 chargesom manager[867806]: [INFO] connector:EvseM  ::                                     CAR ISO V2G CurrentDemandReq
2025-12-16T18:46:37.326083+0100 chargesom manager[867806]: [INFO] connector:EvseM  :: EVSE ISO V2G CurrentDemandRes
2025-12-16T18:46:37.447415+0100 chargesom manager[867806]: [INFO] connector:EvseM  ::                                     CAR ISO V2G CurrentDemandReq
2025-12-16T18:46:37.546261+0100 chargesom manager[867806]: [INFO] connector:EvseM  :: EVSE ISO V2G CurrentDemandRes
2025-12-16T18:46:37.667178+0100 chargesom manager[867806]: [INFO] connector:EvseM  ::                                     CAR ISO V2G CurrentDemandReq
2025-12-16T18:46:37.789209+0100 chargesom manager[867806]: [INFO] connector:EvseM  :: EVSE ISO V2G CurrentDemandRes
2025-12-16T18:46:37.889205+0100 chargesom manager[867806]: [INFO] connector:EvseM  ::                                     CAR ISO V2G CurrentDemandReq
2025-12-16T18:46:38.023101+0100 chargesom manager[867806]: [INFO] connector:EvseM  :: EVSE ISO V2G CurrentDemandRes
2025-12-16T18:46:38.065537+0100 chargesom manager[867806]: [INFO] connector:EvseM  :: EVSE IEC Isolation measurement Ok R_F 900000.
2025-12-16T18:46:38.113657+0100 chargesom manager[867806]: [INFO] connector:EvseM  ::                                     CAR ISO V2G CurrentDemandReq
2025-12-16T18:46:38.206098+0100 chargesom manager[867806]: [INFO] connector:EvseM  :: EVSE ISO V2G CurrentDemandRes
2025-12-16T18:46:38.327177+0100 chargesom manager[867806]: [INFO] connector:EvseM  ::                                     CAR ISO V2G CurrentDemandReq
2025-12-16T18:46:38.425819+0100 chargesom manager[867806]: [INFO] connector:EvseM  :: EVSE ISO V2G CurrentDemandRes
2025-12-16T18:46:38.547635+0100 chargesom manager[867806]: [INFO] connector:EvseM  ::                                     CAR ISO V2G CurrentDemandReq
2025-12-16T18:46:38.646121+0100 chargesom manager[867806]: [INFO] connector:EvseM  :: EVSE ISO V2G CurrentDemandRes
2025-12-16T18:46:38.794000+0100 chargesom manager[867806]: [INFO] connector:EvseM  ::                                     CAR ISO V2G CurrentDemandReq
2025-12-16T18:46:38.866066+0100 chargesom manager[867806]: [INFO] connector:EvseM  :: EVSE ISO V2G CurrentDemandRes
2025-12-16T18:46:38.987278+0100 chargesom manager[867806]: [INFO] connector:EvseM  ::                                     CAR ISO V2G CurrentDemandReq
2025-12-16T18:46:39.029955+0100 chargesom manager[867806]: [INFO] connector:EvseM  :: EVSE IEC Isolation measurement Ok R_F 900000.
2025-12-16T18:46:39.118440+0100 chargesom manager[867806]: [INFO] connector:EvseM  :: EVSE ISO V2G CurrentDemandRes
2025-12-16T18:46:39.209435+0100 chargesom manager[867806]: [INFO] connector:EvseM  ::                                     CAR ISO V2G CurrentDemandReq
2025-12-16T18:46:39.337661+0100 chargesom manager[867806]: [INFO] connector:EvseM  :: EVSE ISO V2G CurrentDemandRes
2025-12-16T18:46:39.427166+0100 chargesom manager[867806]: [INFO] connector:EvseM  ::                                     CAR ISO V2G CurrentDemandReq
2025-12-16T18:46:39.525737+0100 chargesom manager[867806]: [INFO] connector:EvseM  :: EVSE ISO V2G CurrentDemandRes
2025-12-16T18:46:39.647158+0100 chargesom manager[867806]: [INFO] connector:EvseM  ::                                     CAR ISO V2G CurrentDemandReq
2025-12-16T18:46:39.745901+0100 chargesom manager[867806]: [INFO] connector:EvseM  :: EVSE ISO V2G CurrentDemandRes
2025-12-16T18:46:39.868886+0100 chargesom manager[867806]: [INFO] connector:EvseM  ::                                     CAR ISO V2G CurrentDemandReq
2025-12-16T18:46:39.965467+0100 chargesom manager[867806]: [INFO] connector:EvseM  :: EVSE ISO V2G CurrentDemandRes
2025-12-16T18:46:40.030386+0100 chargesom manager[867806]: [INFO] connector:EvseM  :: EVSE IEC Isolation measurement Ok R_F 900000.
2025-12-16T18:46:40.119285+0100 chargesom manager[867806]: [INFO] connector:EvseM  ::                                     CAR ISO V2G CurrentDemandReq
2025-12-16T18:46:40.185825+0100 chargesom manager[867806]: [INFO] connector:EvseM  :: EVSE ISO V2G CurrentDemandRes
2025-12-16T18:46:40.307594+0100 chargesom manager[867806]: [INFO] connector:EvseM  ::                                     CAR ISO V2G CurrentDemandReq
2025-12-16T18:46:40.433859+0100 chargesom manager[867806]: [INFO] connector:EvseM  :: EVSE ISO V2G CurrentDemandRes
2025-12-16T18:46:40.565532+0100 chargesom manager[867806]: [INFO] connector:EvseM  ::                                     CAR ISO V2G CurrentDemandReq
2025-12-16T18:46:40.625642+0100 chargesom manager[867806]: [INFO] connector:EvseM  :: EVSE ISO V2G CurrentDemandRes
2025-12-16T18:46:40.747687+0100 chargesom manager[867806]: [INFO] connector:EvseM  ::                                     CAR ISO V2G CurrentDemandReq
2025-12-16T18:46:40.845720+0100 chargesom manager[867806]: [INFO] connector:EvseM  :: EVSE ISO V2G CurrentDemandRes
2025-12-16T18:46:41.046070+0100 chargesom manager[867806]: [INFO] connector:EvseM  :: EVSE IEC Isolation measurement Ok R_F 900000.
2025-12-16T18:46:41.046070+0100 chargesom manager[867806]: [INFO] connector:EvseM  ::                                     CAR ISO V2G CurrentDemandReq
2025-12-16T18:46:41.093565+0100 chargesom manager[867806]: [INFO] connector:EvseM  :: EVSE ISO V2G CurrentDemandRes
2025-12-16T18:46:41.187184+0100 chargesom manager[867806]: [INFO] connector:EvseM  ::                                     CAR ISO V2G CurrentDemandReq
2025-12-16T18:46:41.285746+0100 chargesom manager[867806]: [INFO] connector:EvseM  :: EVSE ISO V2G CurrentDemandRes
2025-12-16T18:46:41.407065+0100 chargesom manager[867806]: [INFO] connector:EvseM  ::                                     CAR ISO V2G CurrentDemandReq
2025-12-16T18:46:41.505766+0100 chargesom manager[867806]: [INFO] connector:EvseM  :: EVSE ISO V2G CurrentDemandRes
2025-12-16T18:46:41.661352+0100 chargesom manager[867806]: [INFO] connector:EvseM  ::                                     CAR ISO V2G CurrentDemandReq
2025-12-16T18:46:41.725588+0100 chargesom manager[867806]: [INFO] connector:EvseM  :: EVSE ISO V2G CurrentDemandRes
2025-12-16T18:46:41.848835+0100 chargesom manager[867806]: [INFO] connector:EvseM  ::                                     CAR ISO V2G CurrentDemandReq
2025-12-16T18:46:41.945216+0100 chargesom manager[867806]: [INFO] connector:EvseM  :: EVSE ISO V2G CurrentDemandRes
2025-12-16T18:46:42.030735+0100 chargesom manager[867806]: [INFO] connector:EvseM  :: EVSE IEC Isolation measurement Ok R_F 900000.
2025-12-16T18:46:42.073740+0100 chargesom manager[867806]: [INFO] connector:EvseM  ::                                     CAR ISO V2G CurrentDemandReq
2025-12-16T18:46:42.165897+0100 chargesom manager[867806]: [INFO] connector:EvseM  :: EVSE ISO V2G CurrentDemandRes
2025-12-16T18:46:42.286981+0100 chargesom manager[867806]: [INFO] connector:EvseM  ::                                     CAR ISO V2G CurrentDemandReq
2025-12-16T18:46:42.385535+0100 chargesom manager[867806]: [INFO] connector:EvseM  :: EVSE ISO V2G CurrentDemandRes
2025-12-16T18:46:42.507314+0100 chargesom manager[867806]: [INFO] connector:EvseM  ::                                     CAR ISO V2G CurrentDemandReq
2025-12-16T18:46:42.605857+0100 chargesom manager[867806]: [INFO] connector:EvseM  :: EVSE ISO V2G CurrentDemandRes
2025-12-16T18:46:42.757307+0100 chargesom manager[867806]: [INFO] connector:EvseM  ::                                     CAR ISO V2G CurrentDemandReq
2025-12-16T18:46:42.845555+0100 chargesom manager[867806]: [INFO] connector:EvseM  :: EVSE ISO V2G CurrentDemandRes
2025-12-16T18:46:42.961648+0100 chargesom manager[867806]: [INFO] connector:EvseM  ::                                     CAR ISO V2G CurrentDemandReq
2025-12-16T18:46:43.049200+0100 chargesom manager[867806]: [INFO] connector:EvseM  :: EVSE ISO V2G CurrentDemandRes
2025-12-16T18:46:43.049749+0100 chargesom manager[867806]: [INFO] connector:EvseM  :: EVSE IEC Isolation measurement Ok R_F 900000.
2025-12-16T18:46:43.167057+0100 chargesom manager[867806]: [INFO] connector:EvseM  ::                                     CAR ISO V2G CurrentDemandReq
2025-12-16T18:46:43.264480+0100 chargesom manager[867806]: [INFO] connector:EvseM  :: EVSE ISO V2G CurrentDemandRes
2025-12-16T18:46:43.386886+0100 chargesom manager[867806]: [INFO] connector:EvseM  ::                                     CAR ISO V2G CurrentDemandReq
2025-12-16T18:46:43.484496+0100 chargesom manager[867806]: [INFO] connector:EvseM  :: EVSE ISO V2G CurrentDemandRes
2025-12-16T18:46:43.607143+0100 chargesom manager[867806]: [INFO] connector:EvseM  ::                                     CAR ISO V2G CurrentDemandReq
2025-12-16T18:46:43.705642+0100 chargesom manager[867806]: [INFO] connector:EvseM  :: EVSE ISO V2G CurrentDemandRes
2025-12-16T18:46:43.850130+0100 chargesom manager[867806]: [INFO] connector:EvseM  ::                                     CAR ISO V2G CurrentDemandReq
2025-12-16T18:46:43.957390+0100 chargesom manager[867806]: [INFO] connector:EvseM  :: EVSE ISO V2G CurrentDemandRes
2025-12-16T18:46:44.031288+0100 chargesom manager[867806]: [INFO] connector:EvseM  :: EVSE IEC Isolation measurement Ok R_F 900000.
2025-12-16T18:46:44.073236+0100 chargesom manager[867806]: [INFO] connector:EvseM  ::                                     CAR ISO V2G CurrentDemandReq
2025-12-16T18:46:44.144459+0100 chargesom manager[867806]: [INFO] connector:EvseM  :: EVSE ISO V2G CurrentDemandRes
2025-12-16T18:46:44.266924+0100 chargesom manager[867806]: [INFO] connector:EvseM  ::                                     CAR ISO V2G CurrentDemandReq
2025-12-16T18:46:44.364397+0100 chargesom manager[867806]: [INFO] connector:EvseM  :: EVSE ISO V2G CurrentDemandRes
2025-12-16T18:46:44.486950+0100 chargesom manager[867806]: [INFO] connector:EvseM  ::                                     CAR ISO V2G CurrentDemandReq
2025-12-16T18:46:44.584361+0100 chargesom manager[867806]: [INFO] connector:EvseM  :: EVSE ISO V2G CurrentDemandRes
2025-12-16T18:46:44.707259+0100 chargesom manager[867806]: [INFO] connector:EvseM  ::                                     CAR ISO V2G CurrentDemandReq
2025-12-16T18:46:44.806133+0100 chargesom manager[867806]: [INFO] connector:EvseM  :: EVSE ISO V2G CurrentDemandRes
2025-12-16T18:46:44.966192+0100 chargesom manager[867806]: [INFO] connector:EvseM  ::                                     CAR ISO V2G CurrentDemandReq
2025-12-16T18:46:45.054190+0100 chargesom manager[867806]: [INFO] connector:EvseM  :: EVSE ISO V2G CurrentDemandRes
2025-12-16T18:46:45.054545+0100 chargesom manager[867806]: [INFO] connector:EvseM  :: EVSE IEC Isolation measurement Ok R_F 900000.
2025-12-16T18:46:45.147014+0100 chargesom manager[867806]: [INFO] connector:EvseM  ::                                     CAR ISO V2G CurrentDemandReq
2025-12-16T18:46:45.244346+0100 chargesom manager[867806]: [INFO] connector:EvseM  :: EVSE ISO V2G CurrentDemandRes
2025-12-16T18:46:45.366960+0100 chargesom manager[867806]: [INFO] connector:EvseM  ::                                     CAR ISO V2G CurrentDemandReq
2025-12-16T18:46:45.464565+0100 chargesom manager[867806]: [INFO] connector:EvseM  :: EVSE ISO V2G CurrentDemandRes
2025-12-16T18:46:45.586892+0100 chargesom manager[867806]: [INFO] connector:EvseM  ::                                     CAR ISO V2G CurrentDemandReq
2025-12-16T18:46:45.684317+0100 chargesom manager[867806]: [INFO] connector:EvseM  :: EVSE ISO V2G CurrentDemandRes
2025-12-16T18:46:45.807796+0100 chargesom manager[867806]: [INFO] connector:EvseM  ::                                     CAR ISO V2G CurrentDemandReq
2025-12-16T18:46:45.904480+0100 chargesom manager[867806]: [INFO] connector:EvseM  :: EVSE ISO V2G CurrentDemandRes
2025-12-16T18:46:46.045499+0100 chargesom manager[867806]: [INFO] connector:EvseM  :: EVSE IEC Isolation measurement Ok R_F 900000.
2025-12-16T18:46:46.045892+0100 chargesom manager[867806]: [INFO] connector:EvseM  ::                                     CAR ISO V2G CurrentDemandReq
2025-12-16T18:46:46.134363+0100 chargesom manager[867806]: [INFO] connector:EvseM  :: EVSE ISO V2G CurrentDemandRes
2025-12-16T18:46:46.247236+0100 chargesom manager[867806]: [INFO] connector:EvseM  ::                                     CAR ISO V2G CurrentDemandReq
2025-12-16T18:46:46.347659+0100 chargesom manager[867806]: [INFO] connector:EvseM  :: EVSE ISO V2G CurrentDemandRes
2025-12-16T18:46:46.466902+0100 chargesom manager[867806]: [INFO] connector:EvseM  ::                                     CAR ISO V2G CurrentDemandReq
2025-12-16T18:46:46.564384+0100 chargesom manager[867806]: [INFO] connector:EvseM  :: EVSE ISO V2G CurrentDemandRes
2025-12-16T18:46:46.686913+0100 chargesom manager[867806]: [INFO] connector:EvseM  ::                                     CAR ISO V2G CurrentDemandReq
2025-12-16T18:46:46.797369+0100 chargesom manager[867806]: [INFO] connector:EvseM  :: EVSE ISO V2G CurrentDemandRes
2025-12-16T18:46:46.907877+0100 chargesom manager[867806]: [INFO] connector:EvseM  ::                                     CAR ISO V2G CurrentDemandReq
2025-12-16T18:46:47.005776+0100 chargesom manager[867806]: [INFO] connector:EvseM  :: EVSE ISO V2G CurrentDemandRes
2025-12-16T18:46:47.032665+0100 chargesom manager[867806]: [INFO] connector:EvseM  :: EVSE IEC Isolation measurement Ok R_F 900000.
2025-12-16T18:46:47.166145+0100 chargesom manager[867806]: [INFO] connector:EvseM  ::                                     CAR ISO V2G CurrentDemandReq
2025-12-16T18:46:47.233591+0100 chargesom manager[867806]: [INFO] connector:EvseM  :: EVSE ISO V2G CurrentDemandRes
2025-12-16T18:46:47.346927+0100 chargesom manager[867806]: [INFO] connector:EvseM  ::                                     CAR ISO V2G CurrentDemandReq
2025-12-16T18:46:47.444451+0100 chargesom manager[867806]: [INFO] connector:EvseM  :: EVSE ISO V2G CurrentDemandRes
2025-12-16T18:46:47.567060+0100 chargesom manager[867806]: [INFO] connector:EvseM  ::                                     CAR ISO V2G CurrentDemandReq
2025-12-16T18:46:47.664301+0100 chargesom manager[867806]: [INFO] connector:EvseM  :: EVSE ISO V2G CurrentDemandRes
2025-12-16T18:46:47.798150+0100 chargesom manager[867806]: [INFO] connector:EvseM  ::                                     CAR ISO V2G CurrentDemandReq
2025-12-16T18:46:47.884687+0100 chargesom manager[867806]: [INFO] connector:EvseM  :: EVSE ISO V2G CurrentDemandRes
2025-12-16T18:46:48.006804+0100 chargesom manager[867806]: [INFO] connector:EvseM  ::                                     CAR ISO V2G CurrentDemandReq
2025-12-16T18:46:48.032900+0100 chargesom manager[867806]: [INFO] connector:EvseM  :: EVSE IEC Isolation measurement Ok R_F 900000.
2025-12-16T18:46:48.121654+0100 chargesom manager[867806]: [INFO] connector:EvseM  :: EVSE ISO V2G CurrentDemandRes
2025-12-16T18:46:48.226860+0100 chargesom manager[867806]: [INFO] connector:EvseM  ::                                     CAR ISO V2G CurrentDemandReq
2025-12-16T18:46:48.329546+0100 chargesom manager[867806]: [INFO] connector:EvseM  :: EVSE ISO V2G CurrentDemandRes
2025-12-16T18:46:48.453329+0100 chargesom manager[867806]: [INFO] connector:EvseM  ::                                     CAR ISO V2G CurrentDemandReq
2025-12-16T18:46:48.544217+0100 chargesom manager[867806]: [INFO] connector:EvseM  :: EVSE ISO V2G CurrentDemandRes
2025-12-16T18:46:48.666696+0100 chargesom manager[867806]: [INFO] connector:EvseM  ::                                     CAR ISO V2G CurrentDemandReq
2025-12-16T18:46:48.797466+0100 chargesom manager[867806]: [INFO] connector:EvseM  :: EVSE ISO V2G CurrentDemandRes
2025-12-16T18:46:48.889505+0100 chargesom manager[867806]: [INFO] connector:EvseM  ::                                     CAR ISO V2G CurrentDemandReq
2025-12-16T18:46:48.984807+0100 chargesom manager[867806]: [INFO] connector:EvseM  :: EVSE ISO V2G CurrentDemandRes
2025-12-16T18:46:49.033185+0100 chargesom manager[867806]: [INFO] connector:EvseM  :: EVSE IEC Isolation measurement Ok R_F 900000.
2025-12-16T18:46:49.125983+0100 chargesom manager[867806]: [INFO] connector:EvseM  ::                                     CAR ISO V2G CurrentDemandReq
2025-12-16T18:46:49.205556+0100 chargesom manager[867806]: [INFO] connector:EvseM  :: EVSE ISO V2G CurrentDemandRes
2025-12-16T18:46:49.326930+0100 chargesom manager[867806]: [INFO] connector:EvseM  ::                                     CAR ISO V2G CurrentDemandReq
2025-12-16T18:46:49.461562+0100 chargesom manager[867806]: [INFO] connector:EvseM  :: EVSE ISO V2G CurrentDemandRes
2025-12-16T18:46:49.549473+0100 chargesom manager[867806]: [INFO] connector:EvseM  ::                                     CAR ISO V2G CurrentDemandReq
2025-12-16T18:46:49.644178+0100 chargesom manager[867806]: [INFO] connector:EvseM  :: EVSE ISO V2G CurrentDemandRes
2025-12-16T18:46:49.802095+0100 chargesom manager[867806]: [INFO] connector:EvseM  ::                                     CAR ISO V2G CurrentDemandReq
2025-12-16T18:46:49.864403+0100 chargesom manager[867806]: [INFO] connector:EvseM  :: EVSE ISO V2G CurrentDemandRes
2025-12-16T18:46:49.986615+0100 chargesom manager[867806]: [INFO] connector:EvseM  ::                                     CAR ISO V2G CurrentDemandReq
2025-12-16T18:46:50.033430+0100 chargesom manager[867806]: [INFO] connector:EvseM  :: EVSE IEC Isolation measurement Ok R_F 900000.
2025-12-16T18:46:50.121405+0100 chargesom manager[867806]: [INFO] connector:EvseM  :: EVSE ISO V2G CurrentDemandRes
2025-12-16T18:46:50.206549+0100 chargesom manager[867806]: [INFO] connector:EvseM  ::                                     CAR ISO V2G CurrentDemandReq
2025-12-16T18:46:50.305097+0100 chargesom manager[867806]: [INFO] connector:EvseM  :: EVSE ISO V2G CurrentDemandRes
2025-12-16T18:46:50.426557+0100 chargesom manager[867806]: [INFO] connector:EvseM  ::                                     CAR ISO V2G CurrentDemandReq
2025-12-16T18:46:50.561574+0100 chargesom manager[867806]: [INFO] connector:EvseM  :: EVSE ISO V2G CurrentDemandRes
2025-12-16T18:46:50.653308+0100 chargesom manager[867806]: [INFO] connector:EvseM  ::                                     CAR ISO V2G CurrentDemandReq
2025-12-16T18:46:50.744491+0100 chargesom manager[867806]: [INFO] connector:EvseM  :: EVSE ISO V2G CurrentDemandRes
2025-12-16T18:46:50.867380+0100 chargesom manager[867806]: [INFO] connector:EvseM  ::                                     CAR ISO V2G CurrentDemandReq
2025-12-16T18:46:51.005423+0100 chargesom manager[867806]: [INFO] connector:EvseM  :: EVSE ISO V2G CurrentDemandRes
2025-12-16T18:46:51.033750+0100 chargesom manager[867806]: [INFO] connector:EvseM  :: EVSE IEC Isolation measurement Ok R_F 900000.
2025-12-16T18:46:51.121241+0100 chargesom manager[867806]: [INFO] connector:EvseM  ::                                     CAR ISO V2G CurrentDemandReq
2025-12-16T18:46:51.185030+0100 chargesom manager[867806]: [INFO] connector:EvseM  :: EVSE ISO V2G CurrentDemandRes
2025-12-16T18:46:51.307851+0100 chargesom manager[867806]: [INFO] connector:EvseM  ::                                     CAR ISO V2G CurrentDemandReq
2025-12-16T18:46:51.404681+0100 chargesom manager[867806]: [INFO] connector:EvseM  :: EVSE ISO V2G CurrentDemandRes
2025-12-16T18:46:51.526615+0100 chargesom manager[867806]: [INFO] connector:EvseM  ::                                     CAR ISO V2G CurrentDemandReq
2025-12-16T18:46:51.661690+0100 chargesom manager[867806]: [INFO] connector:EvseM  :: EVSE ISO V2G CurrentDemandRes
2025-12-16T18:46:51.757547+0100 chargesom manager[867806]: [INFO] connector:EvseM  ::                                     CAR ISO V2G CurrentDemandReq
2025-12-16T18:46:51.845150+0100 chargesom manager[867806]: [INFO] connector:EvseM  :: EVSE ISO V2G CurrentDemandRes
2025-12-16T18:46:51.967500+0100 chargesom manager[867806]: [INFO] connector:EvseM  ::                                     CAR ISO V2G CurrentDemandReq
2025-12-16T18:46:52.034011+0100 chargesom manager[867806]: [INFO] connector:EvseM  :: EVSE IEC Isolation measurement Ok R_F 900000.
2025-12-16T18:46:52.077958+0100 chargesom manager[867806]: [INFO] connector:EvseM  :: EVSE ISO V2G CurrentDemandRes
2025-12-16T18:46:52.186614+0100 chargesom manager[867806]: [INFO] connector:EvseM  ::                                     CAR ISO V2G CurrentDemandReq
2025-12-16T18:46:52.285190+0100 chargesom manager[867806]: [INFO] connector:EvseM  :: EVSE ISO V2G CurrentDemandRes
2025-12-16T18:46:52.406474+0100 chargesom manager[867806]: [INFO] connector:EvseM  ::                                     CAR ISO V2G CurrentDemandReq
2025-12-16T18:46:52.505030+0100 chargesom manager[867806]: [INFO] connector:EvseM  :: EVSE ISO V2G CurrentDemandRes
2025-12-16T18:46:52.626756+0100 chargesom manager[867806]: [INFO] connector:EvseM  ::                                     CAR ISO V2G CurrentDemandReq
2025-12-16T18:46:52.765437+0100 chargesom manager[867806]: [INFO] connector:EvseM  :: EVSE ISO V2G CurrentDemandRes
2025-12-16T18:46:52.862095+0100 chargesom manager[867806]: [INFO] connector:EvseM  ::                                     CAR ISO V2G CurrentDemandReq
2025-12-16T18:46:52.961285+0100 chargesom manager[867806]: [INFO] connector:EvseM  :: EVSE ISO V2G CurrentDemandRes
2025-12-16T18:46:53.034784+0100 chargesom manager[867806]: [INFO] connector:EvseM  :: EVSE IEC Isolation measurement Ok R_F 900000.
2025-12-16T18:46:53.077399+0100 chargesom manager[867806]: [INFO] connector:EvseM  ::                                     CAR ISO V2G CurrentDemandReq
2025-12-16T18:46:53.165171+0100 chargesom manager[867806]: [INFO] connector:EvseM  :: EVSE ISO V2G CurrentDemandRes
2025-12-16T18:46:53.287134+0100 chargesom manager[867806]: [INFO] connector:EvseM  ::                                     CAR ISO V2G CurrentDemandReq
2025-12-16T18:46:53.385057+0100 chargesom manager[867806]: [INFO] connector:EvseM  :: EVSE ISO V2G CurrentDemandRes
2025-12-16T18:46:53.506614+0100 chargesom manager[867806]: [INFO] connector:EvseM  ::                                     CAR ISO V2G CurrentDemandReq
2025-12-16T18:46:53.605648+0100 chargesom manager[867806]: [INFO] connector:EvseM  :: EVSE ISO V2G CurrentDemandRes
2025-12-16T18:46:53.726524+0100 chargesom manager[867806]: [INFO] connector:EvseM  ::                                     CAR ISO V2G CurrentDemandReq
2025-12-16T18:46:53.825994+0100 chargesom manager[867806]: [INFO] connector:EvseM  :: EVSE ISO V2G CurrentDemandRes
2025-12-16T18:46:53.966337+0100 chargesom manager[867806]: [INFO] connector:EvseM  ::                                     CAR ISO V2G CurrentDemandReq
2025-12-16T18:46:54.034552+0100 chargesom manager[867806]: [INFO] connector:EvseM  :: EVSE IEC Isolation measurement Ok R_F 900000.
2025-12-16T18:46:54.077679+0100 chargesom manager[867806]: [INFO] connector:EvseM  :: EVSE ISO V2G CurrentDemandRes
2025-12-16T18:46:54.166464+0100 chargesom manager[867806]: [INFO] connector:EvseM  ::                                     CAR ISO V2G CurrentDemandReq
2025-12-16T18:46:54.265232+0100 chargesom manager[867806]: [INFO] connector:EvseM  :: EVSE ISO V2G CurrentDemandRes
2025-12-16T18:46:54.386354+0100 chargesom manager[867806]: [INFO] connector:EvseM  ::                                     CAR ISO V2G CurrentDemandReq
2025-12-16T18:46:54.485013+0100 chargesom manager[867806]: [INFO] connector:EvseM  :: EVSE ISO V2G CurrentDemandRes
2025-12-16T18:46:54.606615+0100 chargesom manager[867806]: [INFO] connector:EvseM  ::                                     CAR ISO V2G CurrentDemandReq
2025-12-16T18:46:54.705023+0100 chargesom manager[867806]: [INFO] connector:EvseM  :: EVSE ISO V2G CurrentDemandRes
2025-12-16T18:46:54.827484+0100 chargesom manager[867806]: [INFO] connector:EvseM  ::                                     CAR ISO V2G CurrentDemandReq
2025-12-16T18:46:54.925271+0100 chargesom manager[867806]: [INFO] connector:EvseM  :: EVSE ISO V2G CurrentDemandRes
2025-12-16T18:46:55.065416+0100 chargesom manager[867806]: [INFO] connector:EvseM  :: EVSE IEC Isolation measurement Ok R_F 900000.
2025-12-16T18:46:55.065416+0100 chargesom manager[867806]: [INFO] connector:EvseM  ::                                     CAR ISO V2G CurrentDemandReq
2025-12-16T18:46:55.157326+0100 chargesom manager[867806]: [INFO] connector:EvseM  :: EVSE ISO V2G CurrentDemandRes
2025-12-16T18:46:55.266489+0100 chargesom manager[867806]: [INFO] connector:EvseM  ::                                     CAR ISO V2G CurrentDemandReq
2025-12-16T18:46:55.364924+0100 chargesom manager[867806]: [INFO] connector:EvseM  :: EVSE ISO V2G CurrentDemandRes
2025-12-16T18:46:55.486368+0100 chargesom manager[867806]: [INFO] connector:EvseM  ::                                     CAR ISO V2G CurrentDemandReq
2025-12-16T18:46:55.585051+0100 chargesom manager[867806]: [INFO] connector:EvseM  :: EVSE ISO V2G CurrentDemandRes
2025-12-16T18:46:55.706743+0100 chargesom manager[867806]: [INFO] connector:EvseM  ::                                     CAR ISO V2G CurrentDemandReq
2025-12-16T18:46:55.805354+0100 chargesom manager[867806]: [INFO] connector:EvseM  :: EVSE ISO V2G CurrentDemandRes
2025-12-16T18:46:55.957925+0100 chargesom manager[867806]: [INFO] connector:EvseM  ::                                     CAR ISO V2G CurrentDemandReq
2025-12-16T18:46:56.024728+0100 chargesom manager[867806]: [INFO] connector:EvseM  :: EVSE ISO V2G CurrentDemandRes
2025-12-16T18:46:56.035449+0100 chargesom manager[867806]: [INFO] connector:EvseM  :: EVSE IEC Isolation measurement Ok R_F 900000.
2025-12-16T18:46:56.173396+0100 chargesom manager[867806]: [INFO] connector:EvseM  ::                                     CAR ISO V2G CurrentDemandReq
2025-12-16T18:46:56.245016+0100 chargesom manager[867806]: [INFO] connector:EvseM  :: EVSE ISO V2G CurrentDemandRes
2025-12-16T18:46:56.366412+0100 chargesom manager[867806]: [INFO] connector:EvseM  ::                                     CAR ISO V2G CurrentDemandReq
2025-12-16T18:46:56.464942+0100 chargesom manager[867806]: [INFO] connector:EvseM  :: EVSE ISO V2G CurrentDemandRes
2025-12-16T18:46:56.586400+0100 chargesom manager[867806]: [INFO] connector:EvseM  ::                                     CAR ISO V2G CurrentDemandReq
2025-12-16T18:46:56.684792+0100 chargesom manager[867806]: [INFO] connector:EvseM  :: EVSE ISO V2G CurrentDemandRes
2025-12-16T18:46:56.807708+0100 chargesom manager[867806]: [INFO] connector:EvseM  ::                                     CAR ISO V2G CurrentDemandReq
2025-12-16T18:46:56.905710+0100 chargesom manager[867806]: [INFO] connector:EvseM  :: EVSE ISO V2G CurrentDemandRes
2025-12-16T18:46:57.026239+0100 chargesom manager[867806]: [INFO] connector:EvseM  ::                                     CAR ISO V2G CurrentDemandReq
2025-12-16T18:46:57.035510+0100 chargesom manager[867806]: [INFO] connector:EvseM  :: EVSE IEC Isolation measurement Ok R_F 900000.
2025-12-16T18:46:57.166301+0100 chargesom manager[867806]: [INFO] connector:EvseM  :: EVSE ISO V2G CurrentDemandRes
2025-12-16T18:46:57.253462+0100 chargesom manager[867806]: [INFO] connector:EvseM  ::                                     CAR ISO V2G CurrentDemandReq
2025-12-16T18:46:57.345468+0100 chargesom manager[867806]: [INFO] connector:EvseM  :: EVSE ISO V2G CurrentDemandRes
2025-12-16T18:46:57.466382+0100 chargesom manager[867806]: [INFO] connector:EvseM  ::                                     CAR ISO V2G CurrentDemandReq
2025-12-16T18:46:57.565044+0100 chargesom manager[867806]: [INFO] connector:EvseM  :: EVSE ISO V2G CurrentDemandRes
2025-12-16T18:46:57.686158+0100 chargesom manager[867806]: [INFO] connector:EvseM  ::                                     CAR ISO V2G CurrentDemandReq
2025-12-16T18:46:57.805385+0100 chargesom manager[867806]: [INFO] connector:EvseM  :: EVSE ISO V2G CurrentDemandRes
2025-12-16T18:46:57.908006+0100 chargesom manager[867806]: [INFO] connector:EvseM  ::                                     CAR ISO V2G CurrentDemandReq
2025-12-16T18:46:58.041337+0100 chargesom manager[867806]: [INFO] connector:EvseM  :: EVSE ISO V2G CurrentDemandRes
2025-12-16T18:46:58.041947+0100 chargesom manager[867806]: [INFO] connector:EvseM  :: EVSE IEC Isolation measurement Ok R_F 900000.
2025-12-16T18:46:58.129470+0100 chargesom manager[867806]: [INFO] connector:EvseM  ::                                     CAR ISO V2G CurrentDemandReq
2025-12-16T18:46:58.224924+0100 chargesom manager[867806]: [INFO] connector:EvseM  :: EVSE ISO V2G CurrentDemandRes
2025-12-16T18:46:58.353458+0100 chargesom manager[867806]: [INFO] connector:EvseM  ::                                     CAR ISO V2G CurrentDemandReq
2025-12-16T18:46:58.481274+0100 chargesom manager[867806]: [INFO] connector:EvseM  :: EVSE ISO V2G CurrentDemandRes
2025-12-16T18:46:58.566209+0100 chargesom manager[867806]: [INFO] connector:EvseM  ::                                     CAR ISO V2G CurrentDemandReq
2025-12-16T18:46:58.664692+0100 chargesom manager[867806]: [INFO] connector:EvseM  :: EVSE ISO V2G CurrentDemandRes
2025-12-16T18:46:58.810195+0100 chargesom manager[867806]: [INFO] connector:EvseM  ::                                     CAR ISO V2G CurrentDemandReq
2025-12-16T18:46:58.884929+0100 chargesom manager[867806]: [INFO] connector:EvseM  :: EVSE ISO V2G CurrentDemandRes
2025-12-16T18:46:59.006129+0100 chargesom manager[867806]: [INFO] connector:EvseM  ::                                     CAR ISO V2G CurrentDemandReq
2025-12-16T18:46:59.036106+0100 chargesom manager[867806]: [INFO] connector:EvseM  :: EVSE IEC Isolation measurement Ok R_F 900000.
2025-12-16T18:46:59.125732+0100 chargesom manager[867806]: [INFO] connector:EvseM  :: EVSE ISO V2G CurrentDemandRes
2025-12-16T18:46:59.226232+0100 chargesom manager[867806]: [INFO] connector:EvseM  ::                                     CAR ISO V2G CurrentDemandReq
2025-12-16T18:46:59.324756+0100 chargesom manager[867806]: [INFO] connector:EvseM  :: EVSE ISO V2G CurrentDemandRes
2025-12-16T18:46:59.490487+0100 chargesom manager[867806]: [INFO] connector:EvseM  ::                                     CAR ISO V2G CurrentDemandReq
2025-12-16T18:46:59.581457+0100 chargesom manager[867806]: [INFO] connector:EvseM  :: EVSE ISO V2G CurrentDemandRes
2025-12-16T18:46:59.666110+0100 chargesom manager[867806]: [INFO] connector:EvseM  ::                                     CAR ISO V2G CurrentDemandReq
2025-12-16T18:46:59.765372+0100 chargesom manager[867806]: [INFO] connector:EvseM  :: EVSE ISO V2G CurrentDemandRes
2025-12-16T18:46:59.888713+0100 chargesom manager[867806]: [INFO] connector:EvseM  ::                                     CAR ISO V2G CurrentDemandReq
2025-12-16T18:46:59.984453+0100 chargesom manager[867806]: [INFO] connector:EvseM  :: EVSE ISO V2G CurrentDemandRes
2025-12-16T18:47:00.036702+0100 chargesom manager[867806]: [INFO] connector:EvseM  :: EVSE IEC Isolation measurement Ok R_F 900000.
2025-12-16T18:47:00.125775+0100 chargesom manager[867806]: [INFO] connector:EvseM  ::                                     CAR ISO V2G CurrentDemandReq
2025-12-16T18:47:00.204788+0100 chargesom manager[867806]: [INFO] connector:EvseM  :: EVSE ISO V2G CurrentDemandRes
2025-12-16T18:47:00.326269+0100 chargesom manager[867806]: [INFO] connector:EvseM  ::                                     CAR ISO V2G CurrentDemandReq
2025-12-16T18:47:00.424742+0100 chargesom manager[867806]: [INFO] connector:EvseM  :: EVSE ISO V2G CurrentDemandRes
2025-12-16T18:47:00.589878+0100 chargesom manager[867806]: [INFO] connector:EvseM  ::                                     CAR ISO V2G CurrentDemandReq
2025-12-16T18:47:00.681358+0100 chargesom manager[867806]: [INFO] connector:EvseM  :: EVSE ISO V2G CurrentDemandRes
2025-12-16T18:47:00.768972+0100 chargesom manager[867806]: [INFO] connector:EvseM  ::                                     CAR ISO V2G CurrentDemandReq
2025-12-16T18:47:00.865923+0100 chargesom manager[867806]: [INFO] connector:EvseM  :: EVSE ISO V2G CurrentDemandRes
2025-12-16T18:47:01.002001+0100 chargesom manager[867806]: [INFO] connector:EvseM  ::                                     CAR ISO V2G CurrentDemandReq
2025-12-16T18:47:01.037081+0100 chargesom manager[867806]: [INFO] connector:EvseM  :: EVSE IEC Isolation measurement Ok R_F 900000.
2025-12-16T18:47:01.126000+0100 chargesom manager[867806]: [INFO] connector:EvseM  :: EVSE ISO V2G CurrentDemandRes
2025-12-16T18:47:01.206144+0100 chargesom manager[867806]: [INFO] connector:EvseM  ::                                     CAR ISO V2G CurrentDemandReq
2025-12-16T18:47:01.303750+0100 chargesom manager[867806]: [INFO] connector:EvseM  :: EVSE ISO V2G CurrentDemandRes
2025-12-16T18:47:01.426156+0100 chargesom manager[867806]: [INFO] connector:EvseM  ::                                     CAR ISO V2G CurrentDemandReq
2025-12-16T18:47:01.523491+0100 chargesom manager[867806]: [INFO] connector:EvseM  :: EVSE ISO V2G CurrentDemandRes
2025-12-16T18:47:01.648460+0100 chargesom manager[867806]: [INFO] connector:EvseM  ::                                     CAR ISO V2G CurrentDemandReq
2025-12-16T18:47:01.745013+0100 chargesom manager[867806]: [INFO] connector:EvseM  :: EVSE ISO V2G CurrentDemandRes
2025-12-16T18:47:01.866821+0100 chargesom manager[867806]: [INFO] connector:EvseM  ::                                     CAR ISO V2G CurrentDemandReq
2025-12-16T18:47:01.963708+0100 chargesom manager[867806]: [INFO] connector:EvseM  :: EVSE ISO V2G CurrentDemandRes
2025-12-16T18:47:02.037692+0100 chargesom manager[867806]: [INFO] connector:EvseM  :: EVSE IEC Isolation measurement Ok R_F 900000.
2025-12-16T18:47:02.125804+0100 chargesom manager[867806]: [INFO] connector:EvseM  ::                                     CAR ISO V2G CurrentDemandReq
2025-12-16T18:47:02.183529+0100 chargesom manager[867806]: [INFO] connector:EvseM  :: EVSE ISO V2G CurrentDemandRes
2025-12-16T18:47:02.307019+0100 chargesom manager[867806]: [INFO] connector:EvseM  ::                                     CAR ISO V2G CurrentDemandReq
2025-12-16T18:47:02.404793+0100 chargesom manager[867806]: [INFO] connector:EvseM  :: EVSE ISO V2G CurrentDemandRes
2025-12-16T18:47:02.526032+0100 chargesom manager[867806]: [INFO] connector:EvseM  ::                                     CAR ISO V2G CurrentDemandReq
2025-12-16T18:47:02.623672+0100 chargesom manager[867806]: [INFO] connector:EvseM  :: EVSE ISO V2G CurrentDemandRes
2025-12-16T18:47:02.749760+0100 chargesom manager[867806]: [INFO] connector:EvseM  ::                                     CAR ISO V2G CurrentDemandReq
2025-12-16T18:47:02.854059+0100 chargesom manager[867806]: [INFO] connector:EvseM  :: EVSE ISO V2G CurrentDemandRes
2025-12-16T18:47:03.006276+0100 chargesom manager[867806]: [INFO] connector:EvseM  ::                                     CAR ISO V2G CurrentDemandReq
2025-12-16T18:47:03.049294+0100 chargesom manager[867806]: [INFO] connector:EvseM  :: EVSE IEC Isolation measurement Ok R_F 900000.
2025-12-16T18:47:03.093497+0100 chargesom manager[867806]: [INFO] connector:EvseM  :: EVSE ISO V2G CurrentDemandRes
2025-12-16T18:47:03.186137+0100 chargesom manager[867806]: [INFO] connector:EvseM  ::                                     CAR ISO V2G CurrentDemandReq
2025-12-16T18:47:03.283624+0100 chargesom manager[867806]: [INFO] connector:EvseM  :: EVSE ISO V2G CurrentDemandRes
2025-12-16T18:47:03.406006+0100 chargesom manager[867806]: [INFO] connector:EvseM  ::                                     CAR ISO V2G CurrentDemandReq
2025-12-16T18:47:03.503339+0100 chargesom manager[867806]: [INFO] connector:EvseM  :: EVSE ISO V2G CurrentDemandRes
2025-12-16T18:47:03.626079+0100 chargesom manager[867806]: [INFO] connector:EvseM  ::                                     CAR ISO V2G CurrentDemandReq
2025-12-16T18:47:03.723466+0100 chargesom manager[867806]: [INFO] connector:EvseM  :: EVSE ISO V2G CurrentDemandRes
2025-12-16T18:47:03.847218+0100 chargesom manager[867806]: [INFO] connector:EvseM  ::                                     CAR ISO V2G CurrentDemandReq
2025-12-16T18:47:03.985704+0100 chargesom manager[867806]: [INFO] connector:EvseM  :: EVSE ISO V2G CurrentDemandRes
2025-12-16T18:47:04.037619+0100 chargesom manager[867806]: [INFO] connector:EvseM  :: EVSE IEC Isolation measurement Ok R_F 900000.
2025-12-16T18:47:04.081862+0100 chargesom manager[867806]: [INFO] connector:EvseM  ::                                     CAR ISO V2G CurrentDemandReq
2025-12-16T18:47:04.163286+0100 chargesom manager[867806]: [INFO] connector:EvseM  :: EVSE ISO V2G CurrentDemandRes
2025-12-16T18:47:04.286039+0100 chargesom manager[867806]: [INFO] connector:EvseM  ::                                     CAR ISO V2G CurrentDemandReq
2025-12-16T18:47:04.383376+0100 chargesom manager[867806]: [INFO] connector:EvseM  :: EVSE ISO V2G CurrentDemandRes
2025-12-16T18:47:04.506105+0100 chargesom manager[867806]: [INFO] connector:EvseM  ::                                     CAR ISO V2G CurrentDemandReq
2025-12-16T18:47:04.604309+0100 chargesom manager[867806]: [INFO] connector:EvseM  :: EVSE ISO V2G CurrentDemandRes
2025-12-16T18:47:04.725935+0100 chargesom manager[867806]: [INFO] connector:EvseM  ::                                     CAR ISO V2G CurrentDemandReq
2025-12-16T18:47:04.823442+0100 chargesom manager[867806]: [INFO] connector:EvseM  :: EVSE ISO V2G CurrentDemandRes
2025-12-16T18:47:04.947103+0100 chargesom manager[867806]: [INFO] connector:EvseM  ::                                     CAR ISO V2G CurrentDemandReq
2025-12-16T18:47:05.041858+0100 chargesom manager[867806]: [INFO] connector:EvseM  :: EVSE IEC Isolation measurement Ok R_F 900000.
2025-12-16T18:47:05.045753+0100 chargesom manager[867806]: [INFO] connector:EvseM  :: EVSE ISO V2G CurrentDemandRes
2025-12-16T18:47:05.165855+0100 chargesom manager[867806]: [INFO] connector:EvseM  ::                                     CAR ISO V2G CurrentDemandReq
2025-12-16T18:47:05.263914+0100 chargesom manager[867806]: [INFO] connector:EvseM  :: EVSE ISO V2G CurrentDemandRes
2025-12-16T18:47:05.385940+0100 chargesom manager[867806]: [INFO] connector:EvseM  ::                                     CAR ISO V2G CurrentDemandReq
2025-12-16T18:47:05.483514+0100 chargesom manager[867806]: [INFO] connector:EvseM  :: EVSE ISO V2G CurrentDemandRes
2025-12-16T18:47:05.606153+0100 chargesom manager[867806]: [INFO] connector:EvseM  ::                                     CAR ISO V2G CurrentDemandReq
2025-12-16T18:47:05.703491+0100 chargesom manager[867806]: [INFO] connector:EvseM  :: EVSE ISO V2G CurrentDemandRes
2025-12-16T18:47:05.826726+0100 chargesom manager[867806]: [INFO] connector:EvseM  ::                                     CAR ISO V2G CurrentDemandReq
2025-12-16T18:47:05.961537+0100 chargesom manager[867806]: [INFO] connector:EvseM  :: EVSE ISO V2G CurrentDemandRes
2025-12-16T18:47:06.038007+0100 chargesom manager[867806]: [INFO] connector:EvseM  :: EVSE IEC Isolation measurement Ok R_F 900000.
2025-12-16T18:47:06.082353+0100 chargesom manager[867806]: [INFO] connector:EvseM  ::                                     CAR ISO V2G CurrentDemandReq
2025-12-16T18:47:06.169742+0100 chargesom manager[867806]: [INFO] connector:EvseM  :: EVSE ISO V2G CurrentDemandRes
2025-12-16T18:47:06.266179+0100 chargesom manager[867806]: [INFO] connector:EvseM  ::                                     CAR ISO V2G CurrentDemandReq
2025-12-16T18:47:06.363599+0100 chargesom manager[867806]: [INFO] connector:EvseM  :: EVSE ISO V2G CurrentDemandRes
2025-12-16T18:47:06.485811+0100 chargesom manager[867806]: [INFO] connector:EvseM  ::                                     CAR ISO V2G CurrentDemandReq
2025-12-16T18:47:06.584391+0100 chargesom manager[867806]: [INFO] connector:EvseM  :: EVSE ISO V2G CurrentDemandRes
2025-12-16T18:47:06.706053+0100 chargesom manager[867806]: [INFO] connector:EvseM  ::                                     CAR ISO V2G CurrentDemandReq
2025-12-16T18:47:06.813257+0100 chargesom manager[867806]: [INFO] connector:EvseM  :: EVSE ISO V2G CurrentDemandRes
2025-12-16T18:47:06.926943+0100 chargesom manager[867806]: [INFO] connector:EvseM  ::                                     CAR ISO V2G CurrentDemandReq
2025-12-16T18:47:07.023579+0100 chargesom manager[867806]: [INFO] connector:EvseM  :: EVSE ISO V2G CurrentDemandRes
2025-12-16T18:47:07.038397+0100 chargesom manager[867806]: [INFO] connector:EvseM  :: EVSE IEC Isolation measurement Ok R_F 900000.
2025-12-16T18:47:07.173415+0100 chargesom manager[867806]: [INFO] connector:EvseM  ::                                     CAR ISO V2G CurrentDemandReq
2025-12-16T18:47:07.265760+0100 chargesom manager[867806]: [INFO] connector:EvseM  :: EVSE ISO V2G CurrentDemandRes
2025-12-16T18:47:07.377630+0100 chargesom manager[867806]: [INFO] connector:EvseM  ::                                     CAR ISO V2G CurrentDemandReq
2025-12-16T18:47:07.464242+0100 chargesom manager[867806]: [INFO] connector:EvseM  :: EVSE ISO V2G CurrentDemandRes
2025-12-16T18:47:07.586076+0100 chargesom manager[867806]: [INFO] connector:EvseM  ::                                     CAR ISO V2G CurrentDemandReq
2025-12-16T18:47:07.683922+0100 chargesom manager[867806]: [INFO] connector:EvseM  :: EVSE ISO V2G CurrentDemandRes
2025-12-16T18:47:07.818010+0100 chargesom manager[867806]: [INFO] connector:EvseM  ::                                     CAR ISO V2G CurrentDemandReq
2025-12-16T18:47:07.904294+0100 chargesom manager[867806]: [INFO] connector:EvseM  :: EVSE ISO V2G CurrentDemandRes
2025-12-16T18:47:08.025847+0100 chargesom manager[867806]: [INFO] connector:EvseM  ::                                     CAR ISO V2G CurrentDemandReq
2025-12-16T18:47:08.038492+0100 chargesom manager[867806]: [INFO] connector:EvseM  :: EVSE IEC Isolation measurement Ok R_F 900000.
2025-12-16T18:47:08.125384+0100 chargesom manager[867806]: [INFO] connector:EvseM  :: EVSE ISO V2G CurrentDemandRes
2025-12-16T18:47:08.246016+0100 chargesom manager[867806]: [INFO] connector:EvseM  ::                                     CAR ISO V2G CurrentDemandReq
2025-12-16T18:47:08.345315+0100 chargesom manager[867806]: [INFO] connector:EvseM  :: EVSE ISO V2G CurrentDemandRes
2025-12-16T18:47:08.477595+0100 chargesom manager[867806]: [INFO] connector:EvseM  ::                                     CAR ISO V2G CurrentDemandReq
2025-12-16T18:47:08.564888+0100 chargesom manager[867806]: [INFO] connector:EvseM  :: EVSE ISO V2G CurrentDemandRes
2025-12-16T18:47:08.685797+0100 chargesom manager[867806]: [INFO] connector:EvseM  ::                                     CAR ISO V2G CurrentDemandReq
2025-12-16T18:47:08.817881+0100 chargesom manager[867806]: [INFO] connector:EvseM  :: EVSE ISO V2G CurrentDemandRes
2025-12-16T18:47:08.906831+0100 chargesom manager[867806]: [INFO] connector:EvseM  ::                                     CAR ISO V2G CurrentDemandReq
2025-12-16T18:47:09.045627+0100 chargesom manager[867806]: [INFO] connector:EvseM  :: EVSE ISO V2G CurrentDemandRes
2025-12-16T18:47:09.046735+0100 chargesom manager[867806]: [INFO] connector:EvseM  :: EVSE IEC Isolation measurement Ok R_F 900000.
2025-12-16T18:47:09.133910+0100 chargesom manager[867806]: [INFO] connector:EvseM  ::                                     CAR ISO V2G CurrentDemandReq
2025-12-16T18:47:09.224093+0100 chargesom manager[867806]: [INFO] connector:EvseM  :: EVSE ISO V2G CurrentDemandRes
2025-12-16T18:47:09.345622+0100 chargesom manager[867806]: [INFO] connector:EvseM  ::                                     CAR ISO V2G CurrentDemandReq
2025-12-16T18:47:09.446018+0100 chargesom manager[867806]: [INFO] connector:EvseM  :: EVSE ISO V2G CurrentDemandRes
2025-12-16T18:47:09.577566+0100 chargesom manager[867806]: [INFO] connector:EvseM  ::                                     CAR ISO V2G CurrentDemandReq
2025-12-16T18:47:09.664236+0100 chargesom manager[867806]: [INFO] connector:EvseM  :: EVSE ISO V2G CurrentDemandRes
2025-12-16T18:47:09.818596+0100 chargesom manager[867806]: [INFO] connector:EvseM  ::                                     CAR ISO V2G CurrentDemandReq
2025-12-16T18:47:09.884209+0100 chargesom manager[867806]: [INFO] connector:EvseM  :: EVSE ISO V2G CurrentDemandRes
2025-12-16T18:47:10.005697+0100 chargesom manager[867806]: [INFO] connector:EvseM  ::                                     CAR ISO V2G CurrentDemandReq
2025-12-16T18:47:10.039019+0100 chargesom manager[867806]: [INFO] connector:EvseM  :: EVSE IEC Isolation measurement Ok R_F 900000.
2025-12-16T18:47:10.129568+0100 chargesom manager[867806]: [INFO] connector:EvseM  :: EVSE ISO V2G CurrentDemandRes
2025-12-16T18:47:10.225525+0100 chargesom manager[867806]: [INFO] connector:EvseM  ::                                     CAR ISO V2G CurrentDemandReq
2025-12-16T18:47:10.324147+0100 chargesom manager[867806]: [INFO] connector:EvseM  :: EVSE ISO V2G CurrentDemandRes
2025-12-16T18:47:10.445502+0100 chargesom manager[867806]: [INFO] connector:EvseM  ::                                     CAR ISO V2G CurrentDemandReq
2025-12-16T18:47:10.586577+0100 chargesom manager[867806]: [INFO] connector:EvseM  :: EVSE ISO V2G CurrentDemandRes
2025-12-16T18:47:10.677483+0100 chargesom manager[867806]: [INFO] connector:EvseM  ::                                     CAR ISO V2G CurrentDemandReq
2025-12-16T18:47:10.764733+0100 chargesom manager[867806]: [INFO] connector:EvseM  :: EVSE ISO V2G CurrentDemandRes
2025-12-16T18:47:10.886442+0100 chargesom manager[867806]: [INFO] connector:EvseM  ::                                     CAR ISO V2G CurrentDemandReq
2025-12-16T18:47:11.017547+0100 chargesom manager[867806]: [INFO] connector:EvseM  :: EVSE ISO V2G CurrentDemandRes
2025-12-16T18:47:11.061703+0100 chargesom manager[867806]: [INFO] connector:EvseM  :: EVSE IEC Isolation measurement Ok R_F 900000.
2025-12-16T18:47:11.107151+0100 chargesom manager[867806]: [INFO] connector:EvseM  ::                                     CAR ISO V2G CurrentDemandReq
2025-12-16T18:47:11.204334+0100 chargesom manager[867806]: [INFO] connector:EvseM  :: EVSE ISO V2G CurrentDemandRes
2025-12-16T18:47:11.327838+0100 chargesom manager[867806]: [INFO] connector:EvseM  ::                                     CAR ISO V2G CurrentDemandReq
2025-12-16T18:47:11.424286+0100 chargesom manager[867806]: [INFO] connector:EvseM  :: EVSE ISO V2G CurrentDemandRes
2025-12-16T18:47:11.545688+0100 chargesom manager[867806]: [INFO] connector:EvseM  ::                                     CAR ISO V2G CurrentDemandReq
2025-12-16T18:47:11.645873+0100 chargesom manager[867806]: [INFO] connector:EvseM  :: EVSE ISO V2G CurrentDemandRes
2025-12-16T18:47:11.777077+0100 chargesom manager[867806]: [INFO] connector:EvseM  ::                                     CAR ISO V2G CurrentDemandReq
2025-12-16T18:47:11.863816+0100 chargesom manager[867806]: [INFO] connector:EvseM  :: EVSE ISO V2G CurrentDemandRes
2025-12-16T18:47:11.985526+0100 chargesom manager[867806]: [INFO] connector:EvseM  ::                                     CAR ISO V2G CurrentDemandReq
2025-12-16T18:47:12.039811+0100 chargesom manager[867806]: [INFO] connector:EvseM  :: EVSE IEC Isolation measurement Ok R_F 900000.
2025-12-16T18:47:12.085563+0100 chargesom manager[867806]: [INFO] connector:EvseM  :: EVSE ISO V2G CurrentDemandRes
2025-12-16T18:47:12.205419+0100 chargesom manager[867806]: [INFO] connector:EvseM  ::                                     CAR ISO V2G CurrentDemandReq
2025-12-16T18:47:12.304148+0100 chargesom manager[867806]: [INFO] connector:EvseM  :: EVSE ISO V2G CurrentDemandRes
2025-12-16T18:47:12.425448+0100 chargesom manager[867806]: [INFO] connector:EvseM  ::                                     CAR ISO V2G CurrentDemandReq
2025-12-16T18:47:12.523938+0100 chargesom manager[867806]: [INFO] connector:EvseM  :: EVSE ISO V2G CurrentDemandRes
2025-12-16T18:47:12.646045+0100 chargesom manager[867806]: [INFO] connector:EvseM  ::                                     CAR ISO V2G CurrentDemandReq
2025-12-16T18:47:12.744823+0100 chargesom manager[867806]: [INFO] connector:EvseM  :: EVSE ISO V2G CurrentDemandRes
2025-12-16T18:47:12.867146+0100 chargesom manager[867806]: [INFO] connector:EvseM  ::                                     CAR ISO V2G CurrentDemandReq
2025-12-16T18:47:13.001621+0100 chargesom manager[867806]: [INFO] connector:EvseM  :: EVSE ISO V2G CurrentDemandRes
2025-12-16T18:47:13.040894+0100 chargesom manager[867806]: [INFO] connector:EvseM  :: EVSE IEC Isolation measurement Ok R_F 900000.
2025-12-16T18:47:13.085824+0100 chargesom manager[867806]: [INFO] connector:EvseM  ::                                     CAR ISO V2G CurrentDemandReq
2025-12-16T18:47:13.183874+0100 chargesom manager[867806]: [INFO] connector:EvseM  :: EVSE ISO V2G CurrentDemandRes
2025-12-16T18:47:13.306425+0100 chargesom manager[867806]: [INFO] connector:EvseM  ::                                     CAR ISO V2G CurrentDemandReq
2025-12-16T18:47:13.404300+0100 chargesom manager[867806]: [INFO] connector:EvseM  :: EVSE ISO V2G CurrentDemandRes
2025-12-16T18:47:13.525221+0100 chargesom manager[867806]: [INFO] connector:EvseM  ::                                     CAR ISO V2G CurrentDemandReq
2025-12-16T18:47:13.624452+0100 chargesom manager[867806]: [INFO] connector:EvseM  :: EVSE ISO V2G CurrentDemandRes
2025-12-16T18:47:13.745419+0100 chargesom manager[867806]: [INFO] connector:EvseM  ::                                     CAR ISO V2G CurrentDemandReq
2025-12-16T18:47:13.843718+0100 chargesom manager[867806]: [INFO] connector:EvseM  :: EVSE ISO V2G CurrentDemandRes
2025-12-16T18:47:14.006844+0100 chargesom manager[867806]: [INFO] connector:EvseM  ::                                     CAR ISO V2G CurrentDemandReq
2025-12-16T18:47:14.049921+0100 chargesom manager[867806]: [INFO] connector:EvseM  :: EVSE IEC Isolation measurement Ok R_F 900000.
2025-12-16T18:47:14.106513+0100 chargesom manager[867806]: [INFO] connector:EvseM  :: EVSE ISO V2G CurrentDemandRes
2025-12-16T18:47:14.185386+0100 chargesom manager[867806]: [INFO] connector:EvseM  ::                                     CAR ISO V2G CurrentDemandReq
2025-12-16T18:47:14.284133+0100 chargesom manager[867806]: [INFO] connector:EvseM  :: EVSE ISO V2G CurrentDemandRes
2025-12-16T18:47:14.405196+0100 chargesom manager[867806]: [INFO] connector:EvseM  ::                                     CAR ISO V2G CurrentDemandReq
2025-12-16T18:47:14.503866+0100 chargesom manager[867806]: [INFO] connector:EvseM  :: EVSE ISO V2G CurrentDemandRes
2025-12-16T18:47:14.625482+0100 chargesom manager[867806]: [INFO] connector:EvseM  ::                                     CAR ISO V2G CurrentDemandReq
2025-12-16T18:47:14.723881+0100 chargesom manager[867806]: [INFO] connector:EvseM  :: EVSE ISO V2G CurrentDemandRes
2025-12-16T18:47:14.846417+0100 chargesom manager[867806]: [INFO] connector:EvseM  ::                                     CAR ISO V2G CurrentDemandReq
2025-12-16T18:47:14.943916+0100 chargesom manager[867806]: [INFO] connector:EvseM  :: EVSE ISO V2G CurrentDemandRes
2025-12-16T18:47:15.041414+0100 chargesom manager[867806]: [INFO] connector:EvseM  :: EVSE IEC Isolation measurement Ok R_F 900000.
2025-12-16T18:47:15.086348+0100 chargesom manager[867806]: [INFO] connector:EvseM  ::                                     CAR ISO V2G CurrentDemandReq
2025-12-16T18:47:15.165191+0100 chargesom manager[867806]: [INFO] connector:EvseM  :: EVSE ISO V2G CurrentDemandRes
2025-12-16T18:47:15.297752+0100 chargesom manager[867806]: [INFO] connector:EvseM  ::                                     CAR ISO V2G CurrentDemandReq
2025-12-16T18:47:15.383641+0100 chargesom manager[867806]: [INFO] connector:EvseM  :: EVSE ISO V2G CurrentDemandRes
2025-12-16T18:47:15.505592+0100 chargesom manager[867806]: [INFO] connector:EvseM  ::                                     CAR ISO V2G CurrentDemandReq
2025-12-16T18:47:15.604020+0100 chargesom manager[867806]: [INFO] connector:EvseM  :: EVSE ISO V2G CurrentDemandRes
2025-12-16T18:47:15.725415+0100 chargesom manager[867806]: [INFO] connector:EvseM  ::                                     CAR ISO V2G CurrentDemandReq
2025-12-16T18:47:15.823683+0100 chargesom manager[867806]: [INFO] connector:EvseM  :: EVSE ISO V2G CurrentDemandRes
2025-12-16T18:47:15.961649+0100 chargesom manager[867806]: [INFO] connector:EvseM  ::                                     CAR ISO V2G CurrentDemandReq
2025-12-16T18:47:16.040919+0100 chargesom manager[867806]: [INFO] connector:EvseM  :: EVSE IEC Isolation measurement Ok R_F 900000.
2025-12-16T18:47:16.085146+0100 chargesom manager[867806]: [INFO] connector:EvseM  :: EVSE ISO V2G CurrentDemandRes
2025-12-16T18:47:16.165129+0100 chargesom manager[867806]: [INFO] connector:EvseM  ::                                     CAR ISO V2G CurrentDemandReq
2025-12-16T18:47:16.267023+0100 chargesom manager[867806]: [INFO] connector:EvseM  :: EVSE ISO V2G CurrentDemandRes
2025-12-16T18:47:16.397497+0100 chargesom manager[867806]: [INFO] connector:EvseM  ::                                     CAR ISO V2G CurrentDemandReq
2025-12-16T18:47:16.482545+0100 chargesom manager[867806]: [INFO] connector:EvseM  :: EVSE ISO V2G CurrentDemandRes
2025-12-16T18:47:16.605116+0100 chargesom manager[867806]: [INFO] connector:EvseM  ::                                     CAR ISO V2G CurrentDemandReq
2025-12-16T18:47:16.702489+0100 chargesom manager[867806]: [INFO] connector:EvseM  :: EVSE ISO V2G CurrentDemandRes
2025-12-16T18:47:16.826092+0100 chargesom manager[867806]: [INFO] connector:EvseM  ::                                     CAR ISO V2G CurrentDemandReq
2025-12-16T18:47:16.923016+0100 chargesom manager[867806]: [INFO] connector:EvseM  :: EVSE ISO V2G CurrentDemandRes
2025-12-16T18:47:17.041147+0100 chargesom manager[867806]: [INFO] connector:EvseM  :: EVSE IEC Isolation measurement Ok R_F 900000.
2025-12-16T18:47:17.085445+0100 chargesom manager[867806]: [INFO] connector:EvseM  ::                                     CAR ISO V2G CurrentDemandReq
2025-12-16T18:47:17.143910+0100 chargesom manager[867806]: [INFO] connector:EvseM  :: EVSE ISO V2G CurrentDemandRes
2025-12-16T18:47:17.265309+0100 chargesom manager[867806]: [INFO] connector:EvseM  ::                                     CAR ISO V2G CurrentDemandReq
2025-12-16T18:47:17.363501+0100 chargesom manager[867806]: [INFO] connector:EvseM  :: EVSE ISO V2G CurrentDemandRes
2025-12-16T18:47:17.493420+0100 chargesom manager[867806]: [INFO] connector:EvseM  ::                                     CAR ISO V2G CurrentDemandReq
2025-12-16T18:47:17.582680+0100 chargesom manager[867806]: [INFO] connector:EvseM  :: EVSE ISO V2G CurrentDemandRes
2025-12-16T18:47:17.705379+0100 chargesom manager[867806]: [INFO] connector:EvseM  ::                                     CAR ISO V2G CurrentDemandReq
2025-12-16T18:47:17.825154+0100 chargesom manager[867806]: [INFO] connector:EvseM  :: EVSE ISO V2G CurrentDemandRes
2025-12-16T18:47:17.925898+0100 chargesom manager[867806]: [INFO] connector:EvseM  ::                                     CAR ISO V2G CurrentDemandReq
2025-12-16T18:47:18.023848+0100 chargesom manager[867806]: [INFO] connector:EvseM  :: EVSE ISO V2G CurrentDemandRes
2025-12-16T18:47:18.041403+0100 chargesom manager[867806]: [INFO] connector:EvseM  :: EVSE IEC Isolation measurement Ok R_F 900000.
2025-12-16T18:47:18.173133+0100 chargesom manager[867806]: [INFO] connector:EvseM  ::                                     CAR ISO V2G CurrentDemandReq
2025-12-16T18:47:18.242629+0100 chargesom manager[867806]: [INFO] connector:EvseM  :: EVSE ISO V2G CurrentDemandRes
2025-12-16T18:47:18.364977+0100 chargesom manager[867806]: [INFO] connector:EvseM  ::                                     CAR ISO V2G CurrentDemandReq
2025-12-16T18:47:18.462565+0100 chargesom manager[867806]: [INFO] connector:EvseM  :: EVSE ISO V2G CurrentDemandRes
2025-12-16T18:47:18.589532+0100 chargesom manager[867806]: [INFO] connector:EvseM  ::                                     CAR ISO V2G CurrentDemandReq
2025-12-16T18:47:18.713332+0100 chargesom manager[867806]: [INFO] connector:EvseM  :: EVSE ISO V2G CurrentDemandRes
2025-12-16T18:47:18.825897+0100 chargesom manager[867806]: [INFO] connector:EvseM  ::                                     CAR ISO V2G CurrentDemandReq
2025-12-16T18:47:18.902909+0100 chargesom manager[867806]: [INFO] connector:EvseM  :: EVSE ISO V2G CurrentDemandRes
2025-12-16T18:47:19.045503+0100 chargesom manager[867806]: [INFO] connector:EvseM  ::                                     CAR ISO V2G CurrentDemandReq
2025-12-16T18:47:19.045503+0100 chargesom manager[867806]: [INFO] connector:EvseM  :: EVSE IEC Isolation measurement Ok R_F 900000.
2025-12-16T18:47:19.133741+0100 chargesom manager[867806]: [INFO] connector:EvseM  :: EVSE ISO V2G CurrentDemandRes
2025-12-16T18:47:19.244911+0100 chargesom manager[867806]: [INFO] connector:EvseM  ::                                     CAR ISO V2G CurrentDemandReq
2025-12-16T18:47:19.342409+0100 chargesom manager[867806]: [INFO] connector:EvseM  :: EVSE ISO V2G CurrentDemandRes
2025-12-16T18:47:19.464816+0100 chargesom manager[867806]: [INFO] connector:EvseM  ::                                     CAR ISO V2G CurrentDemandReq
2025-12-16T18:47:19.562582+0100 chargesom manager[867806]: [INFO] connector:EvseM  :: EVSE ISO V2G CurrentDemandRes
2025-12-16T18:47:19.721157+0100 chargesom manager[867806]: [INFO] connector:EvseM  ::                                     CAR ISO V2G CurrentDemandReq
2025-12-16T18:47:19.783005+0100 chargesom manager[867806]: [INFO] connector:EvseM  :: EVSE ISO V2G CurrentDemandRes
2025-12-16T18:47:19.907591+0100 chargesom manager[867806]: [INFO] connector:EvseM  ::                                     CAR ISO V2G CurrentDemandReq
2025-12-16T18:47:20.002967+0100 chargesom manager[867806]: [INFO] connector:EvseM  :: EVSE ISO V2G CurrentDemandRes
2025-12-16T18:47:20.041915+0100 chargesom manager[867806]: [INFO] connector:EvseM  :: EVSE IEC Isolation measurement Ok R_F 900000.
2025-12-16T18:47:20.133545+0100 chargesom manager[867806]: [INFO] connector:EvseM  ::                                     CAR ISO V2G CurrentDemandReq
2025-12-16T18:47:20.222418+0100 chargesom manager[867806]: [INFO] connector:EvseM  :: EVSE ISO V2G CurrentDemandRes
2025-12-16T18:47:20.344971+0100 chargesom manager[867806]: [INFO] connector:EvseM  ::                                     CAR ISO V2G CurrentDemandReq
2025-12-16T18:47:20.442316+0100 chargesom manager[867806]: [INFO] connector:EvseM  :: EVSE ISO V2G CurrentDemandRes
2025-12-16T18:47:20.564911+0100 chargesom manager[867806]: [INFO] connector:EvseM  ::                                     CAR ISO V2G CurrentDemandReq
2025-12-16T18:47:20.662266+0100 chargesom manager[867806]: [INFO] connector:EvseM  :: EVSE ISO V2G CurrentDemandRes
2025-12-16T18:47:20.822083+0100 chargesom manager[867806]: [INFO] connector:EvseM  ::                                     CAR ISO V2G CurrentDemandReq
2025-12-16T18:47:20.909549+0100 chargesom manager[867806]: [INFO] connector:EvseM  :: EVSE ISO V2G CurrentDemandRes
2025-12-16T18:47:21.005534+0100 chargesom manager[867806]: [INFO] connector:EvseM  ::                                     CAR ISO V2G CurrentDemandReq
2025-12-16T18:47:21.049057+0100 chargesom manager[867806]: [INFO] connector:EvseM  :: EVSE IEC Isolation measurement Ok R_F 900000.
2025-12-16T18:47:21.137707+0100 chargesom manager[867806]: [INFO] connector:EvseM  :: EVSE ISO V2G CurrentDemandRes
2025-12-16T18:47:21.224793+0100 chargesom manager[867806]: [INFO] connector:EvseM  ::                                     CAR ISO V2G CurrentDemandReq
2025-12-16T18:47:21.323971+0100 chargesom manager[867806]: [INFO] connector:EvseM  :: EVSE ISO V2G CurrentDemandRes
2025-12-16T18:47:21.445408+0100 chargesom manager[867806]: [INFO] connector:EvseM  ::                                     CAR ISO V2G CurrentDemandReq
2025-12-16T18:47:21.543829+0100 chargesom manager[867806]: [INFO] connector:EvseM  :: EVSE ISO V2G CurrentDemandRes
2025-12-16T18:47:21.664908+0100 chargesom manager[867806]: [INFO] connector:EvseM  ::                                     CAR ISO V2G CurrentDemandReq
2025-12-16T18:47:21.763119+0100 chargesom manager[867806]: [INFO] connector:EvseM  :: EVSE ISO V2G CurrentDemandRes
2025-12-16T18:47:21.885669+0100 chargesom manager[867806]: [INFO] connector:EvseM  ::                                     CAR ISO V2G CurrentDemandReq
2025-12-16T18:47:22.001325+0100 chargesom manager[867806]: [INFO] connector:EvseM  :: EVSE ISO V2G CurrentDemandRes
2025-12-16T18:47:22.069830+0100 chargesom manager[867806]: [INFO] connector:EvseM  :: EVSE IEC Isolation measurement Ok R_F 900000.
2025-12-16T18:47:22.113533+0100 chargesom manager[867806]: [INFO] connector:EvseM  ::                                     CAR ISO V2G CurrentDemandReq
2025-12-16T18:47:22.202503+0100 chargesom manager[867806]: [INFO] connector:EvseM  :: EVSE ISO V2G CurrentDemandRes
2025-12-16T18:47:22.324939+0100 chargesom manager[867806]: [INFO] connector:EvseM  ::                                     CAR ISO V2G CurrentDemandReq
2025-12-16T18:47:22.422167+0100 chargesom manager[867806]: [INFO] connector:EvseM  :: EVSE ISO V2G CurrentDemandRes
2025-12-16T18:47:22.544788+0100 chargesom manager[867806]: [INFO] connector:EvseM  ::                                     CAR ISO V2G CurrentDemandReq
2025-12-16T18:47:22.642597+0100 chargesom manager[867806]: [INFO] connector:EvseM  :: EVSE ISO V2G CurrentDemandRes
2025-12-16T18:47:22.766143+0100 chargesom manager[867806]: [INFO] connector:EvseM  ::                                     CAR ISO V2G CurrentDemandReq
2025-12-16T18:47:22.862403+0100 chargesom manager[867806]: [INFO] connector:EvseM  :: EVSE ISO V2G CurrentDemandRes
2025-12-16T18:47:22.984855+0100 chargesom manager[867806]: [INFO] connector:EvseM  ::                                     CAR ISO V2G CurrentDemandReq
2025-12-16T18:47:23.042886+0100 chargesom manager[867806]: [INFO] connector:EvseM  :: EVSE IEC Isolation measurement Ok R_F 900000.
2025-12-16T18:47:23.085206+0100 chargesom manager[867806]: [INFO] connector:EvseM  :: EVSE ISO V2G CurrentDemandRes
2025-12-16T18:47:23.209576+0100 chargesom manager[867806]: [INFO] connector:EvseM  ::                                     CAR ISO V2G CurrentDemandReq
2025-12-16T18:47:23.303377+0100 chargesom manager[867806]: [INFO] connector:EvseM  :: EVSE ISO V2G CurrentDemandRes
2025-12-16T18:47:23.424414+0100 chargesom manager[867806]: [INFO] connector:EvseM  ::                                     CAR ISO V2G CurrentDemandReq
2025-12-16T18:47:23.521802+0100 chargesom manager[867806]: [INFO] connector:EvseM  :: EVSE ISO V2G CurrentDemandRes
2025-12-16T18:47:23.644327+0100 chargesom manager[867806]: [INFO] connector:EvseM  ::                                     CAR ISO V2G CurrentDemandReq
2025-12-16T18:47:23.742616+0100 chargesom manager[867806]: [INFO] connector:EvseM  :: EVSE ISO V2G CurrentDemandRes
2025-12-16T18:47:23.864886+0100 chargesom manager[867806]: [INFO] connector:EvseM  ::                                     CAR ISO V2G CurrentDemandReq
2025-12-16T18:47:24.001306+0100 chargesom manager[867806]: [INFO] connector:EvseM  :: EVSE ISO V2G CurrentDemandRes
2025-12-16T18:47:24.043168+0100 chargesom manager[867806]: [INFO] connector:EvseM  :: EVSE IEC Isolation measurement Ok R_F 900000.
2025-12-16T18:47:24.085155+0100 chargesom manager[867806]: [INFO] connector:EvseM  ::                                     CAR ISO V2G CurrentDemandReq
2025-12-16T18:47:24.182585+0100 chargesom manager[867806]: [INFO] connector:EvseM  :: EVSE ISO V2G CurrentDemandRes
2025-12-16T18:47:24.306459+0100 chargesom manager[867806]: [INFO] connector:EvseM  ::                                     CAR ISO V2G CurrentDemandReq
2025-12-16T18:47:24.401894+0100 chargesom manager[867806]: [INFO] connector:EvseM  :: EVSE ISO V2G CurrentDemandRes
2025-12-16T18:47:24.524033+0100 chargesom manager[867806]: [INFO] connector:EvseM  ::                                     CAR ISO V2G CurrentDemandReq
2025-12-16T18:47:24.622707+0100 chargesom manager[867806]: [INFO] connector:EvseM  :: EVSE ISO V2G CurrentDemandRes
2025-12-16T18:47:24.744221+0100 chargesom manager[867806]: [INFO] connector:EvseM  ::                                     CAR ISO V2G CurrentDemandReq
2025-12-16T18:47:24.842700+0100 chargesom manager[867806]: [INFO] connector:EvseM  :: EVSE ISO V2G CurrentDemandRes
2025-12-16T18:47:24.964770+0100 chargesom manager[867806]: [INFO] connector:EvseM  ::                                     CAR ISO V2G CurrentDemandReq
2025-12-16T18:47:25.043420+0100 chargesom manager[867806]: [INFO] connector:EvseM  :: EVSE IEC Isolation measurement Ok R_F 900000.
2025-12-16T18:47:25.085609+0100 chargesom manager[867806]: [INFO] connector:EvseM  :: EVSE ISO V2G CurrentDemandRes
2025-12-16T18:47:25.184027+0100 chargesom manager[867806]: [INFO] connector:EvseM  ::                                     CAR ISO V2G CurrentDemandReq
2025-12-16T18:47:25.283197+0100 chargesom manager[867806]: [INFO] connector:EvseM  :: EVSE ISO V2G CurrentDemandRes
2025-12-16T18:47:25.441392+0100 chargesom manager[867806]: [INFO] connector:EvseM  ::                                     CAR ISO V2G CurrentDemandReq
2025-12-16T18:47:25.533392+0100 chargesom manager[867806]: [INFO] connector:EvseM  :: EVSE ISO V2G CurrentDemandRes
2025-12-16T18:47:25.624185+0100 chargesom manager[867806]: [INFO] connector:EvseM  ::                                     CAR ISO V2G CurrentDemandReq
2025-12-16T18:47:25.722549+0100 chargesom manager[867806]: [INFO] connector:EvseM  :: EVSE ISO V2G CurrentDemandRes
2025-12-16T18:47:25.845712+0100 chargesom manager[867806]: [INFO] connector:EvseM  ::                                     CAR ISO V2G CurrentDemandReq
2025-12-16T18:47:25.961597+0100 chargesom manager[867806]: [INFO] connector:EvseM  :: EVSE ISO V2G CurrentDemandRes
2025-12-16T18:47:26.043677+0100 chargesom manager[867806]: [INFO] connector:EvseM  :: EVSE IEC Isolation measurement Ok R_F 900000.
2025-12-16T18:47:26.089328+0100 chargesom manager[867806]: [INFO] connector:EvseM  ::                                     CAR ISO V2G CurrentDemandReq
2025-12-16T18:47:26.163493+0100 chargesom manager[867806]: [INFO] connector:EvseM  :: EVSE ISO V2G CurrentDemandRes
2025-12-16T18:47:26.283975+0100 chargesom manager[867806]: [INFO] connector:EvseM  ::                                     CAR ISO V2G CurrentDemandReq
2025-12-16T18:47:26.382442+0100 chargesom manager[867806]: [INFO] connector:EvseM  :: EVSE ISO V2G CurrentDemandRes
2025-12-16T18:47:26.541276+0100 chargesom manager[867806]: [INFO] connector:EvseM  ::                                     CAR ISO V2G CurrentDemandReq
2025-12-16T18:47:26.637279+0100 chargesom manager[867806]: [INFO] connector:EvseM  :: EVSE ISO V2G CurrentDemandRes
2025-12-16T18:47:26.723927+0100 chargesom manager[867806]: [INFO] connector:EvseM  ::                                     CAR ISO V2G CurrentDemandReq
2025-12-16T18:47:26.829416+0100 chargesom manager[867806]: [INFO] connector:EvseM  :: EVSE ISO V2G CurrentDemandRes
2025-12-16T18:47:26.944474+0100 chargesom manager[867806]: [INFO] connector:EvseM  ::                                     CAR ISO V2G CurrentDemandReq
2025-12-16T18:47:27.042607+0100 chargesom manager[867806]: [INFO] connector:EvseM  :: EVSE ISO V2G CurrentDemandRes
2025-12-16T18:47:27.044191+0100 chargesom manager[867806]: [INFO] connector:EvseM  :: EVSE IEC Isolation measurement Ok R_F 900000.
2025-12-16T18:47:27.177220+0100 chargesom manager[867806]: [INFO] connector:EvseM  ::                                     CAR ISO V2G CurrentDemandReq
2025-12-16T18:47:27.262680+0100 chargesom manager[867806]: [INFO] connector:EvseM  :: EVSE ISO V2G CurrentDemandRes
2025-12-16T18:47:27.384030+0100 chargesom manager[867806]: [INFO] connector:EvseM  ::                                     CAR ISO V2G CurrentDemandReq
2025-12-16T18:47:27.482637+0100 chargesom manager[867806]: [INFO] connector:EvseM  :: EVSE ISO V2G CurrentDemandRes
2025-12-16T18:47:27.645714+0100 chargesom manager[867806]: [INFO] connector:EvseM  ::                                     CAR ISO V2G CurrentDemandReq
2025-12-16T18:47:27.737697+0100 chargesom manager[867806]: [INFO] connector:EvseM  :: EVSE ISO V2G CurrentDemandRes
2025-12-16T18:47:27.834101+0100 chargesom manager[867806]: [INFO] connector:EvseM  ::                                     CAR ISO V2G CurrentDemandReq
2025-12-16T18:47:27.922452+0100 chargesom manager[867806]: [INFO] connector:EvseM  :: EVSE ISO V2G CurrentDemandRes
2025-12-16T18:47:28.044233+0100 chargesom manager[867806]: [INFO] connector:EvseM  ::                                     CAR ISO V2G CurrentDemandReq
2025-12-16T18:47:28.046586+0100 chargesom manager[867806]: [INFO] connector:EvseM  :: EVSE IEC Isolation measurement Ok R_F 900000.
2025-12-16T18:47:28.177153+0100 chargesom manager[867806]: [INFO] connector:EvseM  :: EVSE ISO V2G CurrentDemandRes
2025-12-16T18:47:28.264043+0100 chargesom manager[867806]: [INFO] connector:EvseM  ::                                     CAR ISO V2G CurrentDemandReq
2025-12-16T18:47:28.363274+0100 chargesom manager[867806]: [INFO] connector:EvseM  :: EVSE ISO V2G CurrentDemandRes
2025-12-16T18:47:28.483916+0100 chargesom manager[867806]: [INFO] connector:EvseM  ::                                     CAR ISO V2G CurrentDemandReq
2025-12-16T18:47:28.582490+0100 chargesom manager[867806]: [INFO] connector:EvseM  :: EVSE ISO V2G CurrentDemandRes
2025-12-16T18:47:28.745181+0100 chargesom manager[867806]: [INFO] connector:EvseM  ::                                     CAR ISO V2G CurrentDemandReq
2025-12-16T18:47:28.833698+0100 chargesom manager[867806]: [INFO] connector:EvseM  :: EVSE ISO V2G CurrentDemandRes
2025-12-16T18:47:28.958212+0100 chargesom manager[867806]: [INFO] connector:EvseM  ::                                     CAR ISO V2G CurrentDemandReq
2025-12-16T18:47:29.023499+0100 chargesom manager[867806]: [INFO] connector:EvseM  :: EVSE ISO V2G CurrentDemandRes
2025-12-16T18:47:29.045002+0100 chargesom manager[867806]: [INFO] connector:EvseM  :: EVSE IEC Isolation measurement Ok R_F 900000.
2025-12-16T18:47:29.177162+0100 chargesom manager[867806]: [INFO] connector:EvseM  ::                                     CAR ISO V2G CurrentDemandReq
2025-12-16T18:47:29.242245+0100 chargesom manager[867806]: [INFO] connector:EvseM  :: EVSE ISO V2G CurrentDemandRes
2025-12-16T18:47:29.364133+0100 chargesom manager[867806]: [INFO] connector:EvseM  ::                                     CAR ISO V2G CurrentDemandReq
2025-12-16T18:47:29.462284+0100 chargesom manager[867806]: [INFO] connector:EvseM  :: EVSE ISO V2G CurrentDemandRes
2025-12-16T18:47:29.583874+0100 chargesom manager[867806]: [INFO] connector:EvseM  ::                                     CAR ISO V2G CurrentDemandReq
2025-12-16T18:47:29.682274+0100 chargesom manager[867806]: [INFO] connector:EvseM  :: EVSE ISO V2G CurrentDemandRes
2025-12-16T18:47:29.878143+0100 chargesom manager[867806]: [INFO] connector:EvseM  ::                                     CAR ISO V2G CurrentDemandReq
2025-12-16T18:47:29.921414+0100 chargesom manager[867806]: [INFO] connector:EvseM  :: EVSE ISO V2G CurrentDemandRes
2025-12-16T18:47:30.033753+0100 chargesom manager[867806]: [INFO] connector:EvseM  ::                                     CAR ISO V2G CurrentDemandReq
2025-12-16T18:47:30.045220+0100 chargesom manager[867806]: [INFO] connector:EvseM  :: EVSE IEC Isolation measurement Ok R_F 900000.
2025-12-16T18:47:30.133134+0100 chargesom manager[867806]: [INFO] connector:EvseM  :: EVSE ISO V2G CurrentDemandRes
2025-12-16T18:47:30.244236+0100 chargesom manager[867806]: [INFO] connector:EvseM  ::                                     CAR ISO V2G CurrentDemandReq
2025-12-16T18:47:30.342979+0100 chargesom manager[867806]: [INFO] connector:EvseM  :: EVSE ISO V2G CurrentDemandRes
2025-12-16T18:47:30.463913+0100 chargesom manager[867806]: [INFO] connector:EvseM  ::                                     CAR ISO V2G CurrentDemandReq
2025-12-16T18:47:30.562306+0100 chargesom manager[867806]: [INFO] connector:EvseM  :: EVSE ISO V2G CurrentDemandRes
2025-12-16T18:47:30.683812+0100 chargesom manager[867806]: [INFO] connector:EvseM  ::                                     CAR ISO V2G CurrentDemandReq
2025-12-16T18:47:30.782219+0100 chargesom manager[867806]: [INFO] connector:EvseM  :: EVSE ISO V2G CurrentDemandRes
2025-12-16T18:47:30.904956+0100 chargesom manager[867806]: [INFO] connector:EvseM  ::                                     CAR ISO V2G CurrentDemandReq
2025-12-16T18:47:31.006131+0100 chargesom manager[867806]: [INFO] connector:EvseM  :: EVSE ISO V2G CurrentDemandRes
2025-12-16T18:47:31.053437+0100 chargesom manager[867806]: [INFO] connector:EvseM  :: EVSE IEC Isolation measurement Ok R_F 900000.
2025-12-16T18:47:31.141212+0100 chargesom manager[867806]: [INFO] connector:EvseM  ::                                     CAR ISO V2G CurrentDemandReq
2025-12-16T18:47:31.222180+0100 chargesom manager[867806]: [INFO] connector:EvseM  :: EVSE ISO V2G CurrentDemandRes
2025-12-16T18:47:31.345200+0100 chargesom manager[867806]: [INFO] connector:EvseM  ::                                     CAR ISO V2G CurrentDemandReq
2025-12-16T18:47:31.442566+0100 chargesom manager[867806]: [INFO] connector:EvseM  :: EVSE ISO V2G CurrentDemandRes
2025-12-16T18:47:31.563712+0100 chargesom manager[867806]: [INFO] connector:EvseM  ::                                     CAR ISO V2G CurrentDemandReq
2025-12-16T18:47:31.662281+0100 chargesom manager[867806]: [INFO] connector:EvseM  :: EVSE ISO V2G CurrentDemandRes
2025-12-16T18:47:31.785121+0100 chargesom manager[867806]: [INFO] connector:EvseM  ::                                     CAR ISO V2G CurrentDemandReq
2025-12-16T18:47:31.882235+0100 chargesom manager[867806]: [INFO] connector:EvseM  :: EVSE ISO V2G CurrentDemandRes
2025-12-16T18:47:32.003687+0100 chargesom manager[867806]: [INFO] connector:EvseM  ::                                     CAR ISO V2G CurrentDemandReq
2025-12-16T18:47:32.045787+0100 chargesom manager[867806]: [INFO] connector:EvseM  :: EVSE IEC Isolation measurement Ok R_F 900000.
2025-12-16T18:47:32.133338+0100 chargesom manager[867806]: [INFO] connector:EvseM  :: EVSE ISO V2G CurrentDemandRes
2025-12-16T18:47:32.266843+0100 chargesom manager[867806]: [INFO] connector:EvseM  ::                                     CAR ISO V2G CurrentDemandReq
2025-12-16T18:47:32.353259+0100 chargesom manager[867806]: [INFO] connector:EvseM  :: EVSE ISO V2G CurrentDemandRes
2025-12-16T18:47:32.443574+0100 chargesom manager[867806]: [INFO] connector:EvseM  ::                                     CAR ISO V2G CurrentDemandReq
2025-12-16T18:47:32.541279+0100 chargesom manager[867806]: [INFO] connector:EvseM  :: EVSE ISO V2G CurrentDemandRes
2025-12-16T18:47:32.663740+0100 chargesom manager[867806]: [INFO] connector:EvseM  ::                                     CAR ISO V2G CurrentDemandReq
2025-12-16T18:47:32.761102+0100 chargesom manager[867806]: [INFO] connector:EvseM  :: EVSE ISO V2G CurrentDemandRes
2025-12-16T18:47:32.884387+0100 chargesom manager[867806]: [INFO] connector:EvseM  ::                                     CAR ISO V2G CurrentDemandReq
2025-12-16T18:47:32.981194+0100 chargesom manager[867806]: [INFO] connector:EvseM  :: EVSE ISO V2G CurrentDemandRes
2025-12-16T18:47:33.046040+0100 chargesom manager[867806]: [INFO] connector:EvseM  :: EVSE IEC Isolation measurement Ok R_F 900000.
2025-12-16T18:47:33.137951+0100 chargesom manager[867806]: [INFO] connector:EvseM  ::                                     CAR ISO V2G CurrentDemandReq
2025-12-16T18:47:33.202407+0100 chargesom manager[867806]: [INFO] connector:EvseM  :: EVSE ISO V2G CurrentDemandRes
2025-12-16T18:47:33.361734+0100 chargesom manager[867806]: [INFO] connector:EvseM  ::                                     CAR ISO V2G CurrentDemandReq
2025-12-16T18:47:33.453241+0100 chargesom manager[867806]: [INFO] connector:EvseM  :: EVSE ISO V2G CurrentDemandRes
2025-12-16T18:47:33.543659+0100 chargesom manager[867806]: [INFO] connector:EvseM  ::                                     CAR ISO V2G CurrentDemandReq
2025-12-16T18:47:33.641181+0100 chargesom manager[867806]: [INFO] connector:EvseM  :: EVSE ISO V2G CurrentDemandRes
2025-12-16T18:47:33.764447+0100 chargesom manager[867806]: [INFO] connector:EvseM  ::                                     CAR ISO V2G CurrentDemandReq
2025-12-16T18:47:33.862323+0100 chargesom manager[867806]: [INFO] connector:EvseM  :: EVSE ISO V2G CurrentDemandRes
2025-12-16T18:47:34.001316+0100 chargesom manager[867806]: [INFO] connector:EvseM  ::                                     CAR ISO V2G CurrentDemandReq
2025-12-16T18:47:34.046504+0100 chargesom manager[867806]: [INFO] connector:EvseM  :: EVSE IEC Isolation measurement Ok R_F 900000.
2025-12-16T18:47:34.089635+0100 chargesom manager[867806]: [INFO] connector:EvseM  :: EVSE ISO V2G CurrentDemandRes
2025-12-16T18:47:34.203697+0100 chargesom manager[867806]: [INFO] connector:EvseM  ::                                     CAR ISO V2G CurrentDemandReq
2025-12-16T18:47:34.302444+0100 chargesom manager[867806]: [INFO] connector:EvseM  :: EVSE ISO V2G CurrentDemandRes
2025-12-16T18:47:34.461733+0100 chargesom manager[867806]: [INFO] connector:EvseM  ::                                     CAR ISO V2G CurrentDemandReq
2025-12-16T18:47:34.549259+0100 chargesom manager[867806]: [INFO] connector:EvseM  :: EVSE ISO V2G CurrentDemandRes
2025-12-16T18:47:34.644051+0100 chargesom manager[867806]: [INFO] connector:EvseM  ::                                     CAR ISO V2G CurrentDemandReq
2025-12-16T18:47:34.742342+0100 chargesom manager[867806]: [INFO] connector:EvseM  :: EVSE ISO V2G CurrentDemandRes
2025-12-16T18:47:34.863981+0100 chargesom manager[867806]: [INFO] connector:EvseM  ::                                     CAR ISO V2G CurrentDemandReq
2025-12-16T18:47:34.961087+0100 chargesom manager[867806]: [INFO] connector:EvseM  :: EVSE ISO V2G CurrentDemandRes
2025-12-16T18:47:35.046643+0100 chargesom manager[867806]: [INFO] connector:EvseM  :: EVSE IEC Isolation measurement Ok R_F 900000.
2025-12-16T18:47:35.089169+0100 chargesom manager[867806]: [INFO] connector:EvseM  ::                                     CAR ISO V2G CurrentDemandReq
2025-12-16T18:47:35.180999+0100 chargesom manager[867806]: [INFO] connector:EvseM  :: EVSE ISO V2G CurrentDemandRes
2025-12-16T18:47:35.303835+0100 chargesom manager[867806]: [INFO] connector:EvseM  ::                                     CAR ISO V2G CurrentDemandReq
2025-12-16T18:47:35.402186+0100 chargesom manager[867806]: [INFO] connector:EvseM  :: EVSE ISO V2G CurrentDemandRes
2025-12-16T18:47:35.562009+0100 chargesom manager[867806]: [INFO] connector:EvseM  ::                                     CAR ISO V2G CurrentDemandReq
2025-12-16T18:47:35.653663+0100 chargesom manager[867806]: [INFO] connector:EvseM  :: EVSE ISO V2G CurrentDemandRes
2025-12-16T18:47:35.743613+0100 chargesom manager[867806]: [INFO] connector:EvseM  ::                                     CAR ISO V2G CurrentDemandReq
2025-12-16T18:47:35.841445+0100 chargesom manager[867806]: [INFO] connector:EvseM  :: EVSE ISO V2G CurrentDemandRes
2025-12-16T18:47:36.006208+0100 chargesom manager[867806]: [INFO] connector:EvseM  ::                                     CAR ISO V2G CurrentDemandReq
2025-12-16T18:47:36.046869+0100 chargesom manager[867806]: [INFO] connector:EvseM  :: EVSE IEC Isolation measurement Ok R_F 900000.
2025-12-16T18:47:36.089384+0100 chargesom manager[867806]: [INFO] connector:EvseM  :: EVSE ISO V2G CurrentDemandRes
2025-12-16T18:47:36.183861+0100 chargesom manager[867806]: [INFO] connector:EvseM  ::                                     CAR ISO V2G CurrentDemandReq
2025-12-16T18:47:36.281114+0100 chargesom manager[867806]: [INFO] connector:EvseM  :: EVSE ISO V2G CurrentDemandRes
2025-12-16T18:47:36.403557+0100 chargesom manager[867806]: [INFO] connector:EvseM  ::                                     CAR ISO V2G CurrentDemandReq
2025-12-16T18:47:36.501210+0100 chargesom manager[867806]: [INFO] connector:EvseM  :: EVSE ISO V2G CurrentDemandRes
2025-12-16T18:47:36.623520+0100 chargesom manager[867806]: [INFO] connector:EvseM  ::                                     CAR ISO V2G CurrentDemandReq
2025-12-16T18:47:36.749840+0100 chargesom manager[867806]: [INFO] connector:EvseM  :: EVSE ISO V2G CurrentDemandRes
2025-12-16T18:47:36.844416+0100 chargesom manager[867806]: [INFO] connector:EvseM  ::                                     CAR ISO V2G CurrentDemandReq
2025-12-16T18:47:36.941216+0100 chargesom manager[867806]: [INFO] connector:EvseM  :: EVSE ISO V2G CurrentDemandRes
2025-12-16T18:47:37.047161+0100 chargesom manager[867806]: [INFO] connector:EvseM  :: EVSE IEC Isolation measurement Ok R_F 900000.
2025-12-16T18:47:37.089400+0100 chargesom manager[867806]: [INFO] connector:EvseM  ::                                     CAR ISO V2G CurrentDemandReq
2025-12-16T18:47:37.162138+0100 chargesom manager[867806]: [INFO] connector:EvseM  :: EVSE ISO V2G CurrentDemandRes
2025-12-16T18:47:37.283413+0100 chargesom manager[867806]: [INFO] connector:EvseM  ::                                     CAR ISO V2G CurrentDemandReq
2025-12-16T18:47:37.381830+0100 chargesom manager[867806]: [INFO] connector:EvseM  :: EVSE ISO V2G CurrentDemandRes
2025-12-16T18:47:37.503719+0100 chargesom manager[867806]: [INFO] connector:EvseM  ::                                     CAR ISO V2G CurrentDemandReq
2025-12-16T18:47:37.602264+0100 chargesom manager[867806]: [INFO] connector:EvseM  :: EVSE ISO V2G CurrentDemandRes
2025-12-16T18:47:37.723447+0100 chargesom manager[867806]: [INFO] connector:EvseM  ::                                     CAR ISO V2G CurrentDemandReq
2025-12-16T18:47:37.842699+0100 chargesom manager[867806]: [INFO] connector:EvseM  :: EVSE ISO V2G CurrentDemandRes
2025-12-16T18:47:37.949937+0100 chargesom manager[867806]: [INFO] connector:EvseM  ::                                     CAR ISO V2G CurrentDemandReq
2025-12-16T18:47:38.040945+0100 chargesom manager[867806]: [INFO] connector:EvseM  :: EVSE ISO V2G CurrentDemandRes
2025-12-16T18:47:38.047393+0100 chargesom manager[867806]: [INFO] connector:EvseM  :: EVSE IEC Isolation measurement Ok R_F 900000.
2025-12-16T18:47:38.177222+0100 chargesom manager[867806]: [INFO] connector:EvseM  ::                                     CAR ISO V2G CurrentDemandReq
2025-12-16T18:47:38.261826+0100 chargesom manager[867806]: [INFO] connector:EvseM  :: EVSE ISO V2G CurrentDemandRes
2025-12-16T18:47:38.383372+0100 chargesom manager[867806]: [INFO] connector:EvseM  ::                                     CAR ISO V2G CurrentDemandReq
2025-12-16T18:47:38.481810+0100 chargesom manager[867806]: [INFO] connector:EvseM  :: EVSE ISO V2G CurrentDemandRes
2025-12-16T18:47:38.603511+0100 chargesom manager[867806]: [INFO] connector:EvseM  ::                                     CAR ISO V2G CurrentDemandReq
2025-12-16T18:47:38.700952+0100 chargesom manager[867806]: [INFO] connector:EvseM  :: EVSE ISO V2G CurrentDemandRes
2025-12-16T18:47:38.842133+0100 chargesom manager[867806]: [INFO] connector:EvseM  ::                                     CAR ISO V2G CurrentDemandReq
2025-12-16T18:47:38.957390+0100 chargesom manager[867806]: [INFO] connector:EvseM  :: EVSE ISO V2G CurrentDemandRes
2025-12-16T18:47:39.045277+0100 chargesom manager[867806]: [INFO] connector:EvseM  ::                                     CAR ISO V2G CurrentDemandReq
2025-12-16T18:47:39.089130+0100 chargesom manager[867806]: [INFO] connector:EvseM  :: EVSE IEC Isolation measurement Ok R_F 900000.
2025-12-16T18:47:39.177364+0100 chargesom manager[867806]: [INFO] connector:EvseM  :: EVSE ISO V2G CurrentDemandRes
2025-12-16T18:47:39.263310+0100 chargesom manager[867806]: [INFO] connector:EvseM  ::                                     CAR ISO V2G CurrentDemandReq
2025-12-16T18:47:39.361805+0100 chargesom manager[867806]: [INFO] connector:EvseM  :: EVSE ISO V2G CurrentDemandRes
2025-12-16T18:47:39.483552+0100 chargesom manager[867806]: [INFO] connector:EvseM  ::                                     CAR ISO V2G CurrentDemandReq
2025-12-16T18:47:39.581698+0100 chargesom manager[867806]: [INFO] connector:EvseM  :: EVSE ISO V2G CurrentDemandRes
2025-12-16T18:47:39.703637+0100 chargesom manager[867806]: [INFO] connector:EvseM  ::                                     CAR ISO V2G CurrentDemandReq
2025-12-16T18:47:39.842035+0100 chargesom manager[867806]: [INFO] connector:EvseM  :: EVSE ISO V2G CurrentDemandRes
2025-12-16T18:47:39.924228+0100 chargesom manager[867806]: [INFO] connector:EvseM  ::                                     CAR ISO V2G CurrentDemandReq
2025-12-16T18:47:40.020995+0100 chargesom manager[867806]: [INFO] connector:EvseM  :: EVSE ISO V2G CurrentDemandRes
2025-12-16T18:47:40.048022+0100 chargesom manager[867806]: [INFO] connector:EvseM  :: EVSE IEC Isolation measurement Ok R_F 900000.
2025-12-16T18:47:40.182470+0100 chargesom manager[867806]: [INFO] connector:EvseM  ::                                     CAR ISO V2G CurrentDemandReq
2025-12-16T18:47:40.277289+0100 chargesom manager[867806]: [INFO] connector:EvseM  :: EVSE ISO V2G CurrentDemandRes
2025-12-16T18:47:40.363373+0100 chargesom manager[867806]: [INFO] connector:EvseM  ::                                     CAR ISO V2G CurrentDemandReq
2025-12-16T18:47:40.462016+0100 chargesom manager[867806]: [INFO] connector:EvseM  :: EVSE ISO V2G CurrentDemandRes
2025-12-16T18:47:40.583170+0100 chargesom manager[867806]: [INFO] connector:EvseM  ::                                     CAR ISO V2G CurrentDemandReq
2025-12-16T18:47:40.681603+0100 chargesom manager[867806]: [INFO] connector:EvseM  :: EVSE ISO V2G CurrentDemandRes
2025-12-16T18:47:40.842349+0100 chargesom manager[867806]: [INFO] connector:EvseM  ::                                     CAR ISO V2G CurrentDemandReq
2025-12-16T18:47:40.901091+0100 chargesom manager[867806]: [INFO] connector:EvseM  :: EVSE ISO V2G CurrentDemandRes
2025-12-16T18:47:41.049153+0100 chargesom manager[867806]: [INFO] connector:EvseM  ::                                     CAR ISO V2G CurrentDemandReq
2025-12-16T18:47:41.049714+0100 chargesom manager[867806]: [INFO] connector:EvseM  :: EVSE IEC Isolation measurement Ok R_F 900000.
2025-12-16T18:47:41.137347+0100 chargesom manager[867806]: [INFO] connector:EvseM  :: EVSE ISO V2G CurrentDemandRes
2025-12-16T18:47:41.285683+0100 chargesom manager[867806]: [INFO] connector:EvseM  ::                                     CAR ISO V2G CurrentDemandReq
2025-12-16T18:47:41.377314+0100 chargesom manager[867806]: [INFO] connector:EvseM  :: EVSE ISO V2G CurrentDemandRes
2025-12-16T18:47:41.463338+0100 chargesom manager[867806]: [INFO] connector:EvseM  ::                                     CAR ISO V2G CurrentDemandReq
2025-12-16T18:47:41.561721+0100 chargesom manager[867806]: [INFO] connector:EvseM  :: EVSE ISO V2G CurrentDemandRes
2025-12-16T18:47:41.683281+0100 chargesom manager[867806]: [INFO] connector:EvseM  ::                                     CAR ISO V2G CurrentDemandReq
2025-12-16T18:47:41.781992+0100 chargesom manager[867806]: [INFO] connector:EvseM  :: EVSE ISO V2G CurrentDemandRes
2025-12-16T18:47:41.905100+0100 chargesom manager[867806]: [INFO] connector:EvseM  ::                                     CAR ISO V2G CurrentDemandReq
2025-12-16T18:47:42.001099+0100 chargesom manager[867806]: [INFO] connector:EvseM  :: EVSE ISO V2G CurrentDemandRes
2025-12-16T18:47:42.048724+0100 chargesom manager[867806]: [INFO] connector:EvseM  :: EVSE IEC Isolation measurement Ok R_F 900000.
2025-12-16T18:47:42.137340+0100 chargesom manager[867806]: [INFO] connector:EvseM  ::                                     CAR ISO V2G CurrentDemandReq
2025-12-16T18:47:42.221747+0100 chargesom manager[867806]: [INFO] connector:EvseM  :: EVSE ISO V2G CurrentDemandRes
2025-12-16T18:47:42.346905+0100 chargesom manager[867806]: [INFO] connector:EvseM  ::                                     CAR ISO V2G CurrentDemandReq
2025-12-16T18:47:42.473658+0100 chargesom manager[867806]: [INFO] connector:EvseM  :: EVSE ISO V2G CurrentDemandRes
2025-12-16T18:47:42.563256+0100 chargesom manager[867806]: [INFO] connector:EvseM  ::                                     CAR ISO V2G CurrentDemandReq
2025-12-16T18:47:42.661894+0100 chargesom manager[867806]: [INFO] connector:EvseM  :: EVSE ISO V2G CurrentDemandRes
2025-12-16T18:47:42.784416+0100 chargesom manager[867806]: [INFO] connector:EvseM  ::                                     CAR ISO V2G CurrentDemandReq
2025-12-16T18:47:42.881953+0100 chargesom manager[867806]: [INFO] connector:EvseM  :: EVSE ISO V2G CurrentDemandRes
2025-12-16T18:47:43.003168+0100 chargesom manager[867806]: [INFO] connector:EvseM  ::                                     CAR ISO V2G CurrentDemandReq
2025-12-16T18:47:43.048821+0100 chargesom manager[867806]: [INFO] connector:EvseM  :: EVSE IEC Isolation measurement Ok R_F 900000.
2025-12-16T18:47:43.137403+0100 chargesom manager[867806]: [INFO] connector:EvseM  :: EVSE ISO V2G CurrentDemandRes
2025-12-16T18:47:43.223000+0100 chargesom manager[867806]: [INFO] connector:EvseM  ::                                     CAR ISO V2G CurrentDemandReq
2025-12-16T18:47:43.321898+0100 chargesom manager[867806]: [INFO] connector:EvseM  :: EVSE ISO V2G CurrentDemandRes
2025-12-16T18:47:43.443455+0100 chargesom manager[867806]: [INFO] connector:EvseM  ::                                     CAR ISO V2G CurrentDemandReq
2025-12-16T18:47:43.569447+0100 chargesom manager[867806]: [INFO] connector:EvseM  :: EVSE ISO V2G CurrentDemandRes
2025-12-16T18:47:43.663378+0100 chargesom manager[867806]: [INFO] connector:EvseM  ::                                     CAR ISO V2G CurrentDemandReq
2025-12-16T18:47:43.761742+0100 chargesom manager[867806]: [INFO] connector:EvseM  :: EVSE ISO V2G CurrentDemandRes
2025-12-16T18:47:43.883735+0100 chargesom manager[867806]: [INFO] connector:EvseM  ::                                     CAR ISO V2G CurrentDemandReq
2025-12-16T18:47:43.981728+0100 chargesom manager[867806]: [INFO] connector:EvseM  :: EVSE ISO V2G CurrentDemandRes
2025-12-16T18:47:44.049155+0100 chargesom manager[867806]: [INFO] connector:EvseM  :: EVSE IEC Isolation measurement Ok R_F 900000.
2025-12-16T18:47:44.137910+0100 chargesom manager[867806]: [INFO] connector:EvseM  ::                                     CAR ISO V2G CurrentDemandReq
2025-12-16T18:47:44.201925+0100 chargesom manager[867806]: [INFO] connector:EvseM  :: EVSE ISO V2G CurrentDemandRes
2025-12-16T18:47:44.323284+0100 chargesom manager[867806]: [INFO] connector:EvseM  ::                                     CAR ISO V2G CurrentDemandReq
2025-12-16T18:47:44.421569+0100 chargesom manager[867806]: [INFO] connector:EvseM  :: EVSE ISO V2G CurrentDemandRes
2025-12-16T18:47:44.542958+0100 chargesom manager[867806]: [INFO] connector:EvseM  ::                                     CAR ISO V2G CurrentDemandReq
2025-12-16T18:47:44.670432+0100 chargesom manager[867806]: [INFO] connector:EvseM  :: EVSE ISO V2G CurrentDemandRes
2025-12-16T18:47:44.773737+0100 chargesom manager[867806]: [INFO] connector:EvseM  ::                                     CAR ISO V2G CurrentDemandReq
2025-12-16T18:47:44.861619+0100 chargesom manager[867806]: [INFO] connector:EvseM  :: EVSE ISO V2G CurrentDemandRes
2025-12-16T18:47:44.983014+0100 chargesom manager[867806]: [INFO] connector:EvseM  ::                                     CAR ISO V2G CurrentDemandReq
2025-12-16T18:47:45.049489+0100 chargesom manager[867806]: [INFO] connector:EvseM  :: EVSE IEC Isolation measurement Ok R_F 900000.
2025-12-16T18:47:45.093680+0100 chargesom manager[867806]: [INFO] connector:EvseM  :: EVSE ISO V2G CurrentDemandRes
2025-12-16T18:47:45.202965+0100 chargesom manager[867806]: [INFO] connector:EvseM  ::                                     CAR ISO V2G CurrentDemandReq
2025-12-16T18:47:45.301619+0100 chargesom manager[867806]: [INFO] connector:EvseM  :: EVSE ISO V2G CurrentDemandRes
2025-12-16T18:47:45.422925+0100 chargesom manager[867806]: [INFO] connector:EvseM  ::                                     CAR ISO V2G CurrentDemandReq
2025-12-16T18:47:45.521603+0100 chargesom manager[867806]: [INFO] connector:EvseM  :: EVSE ISO V2G CurrentDemandRes
2025-12-16T18:47:45.643048+0100 chargesom manager[867806]: [INFO] connector:EvseM  ::                                     CAR ISO V2G CurrentDemandReq
2025-12-16T18:47:45.781370+0100 chargesom manager[867806]: [INFO] connector:EvseM  :: EVSE ISO V2G CurrentDemandRes
2025-12-16T18:47:45.875150+0100 chargesom manager[867806]: [INFO] connector:EvseM  ::                                     CAR ISO V2G CurrentDemandReq
2025-12-16T18:47:45.962459+0100 chargesom manager[867806]: [INFO] connector:EvseM  :: EVSE ISO V2G CurrentDemandRes
2025-12-16T18:47:46.049726+0100 chargesom manager[867806]: [INFO] connector:EvseM  :: EVSE IEC Isolation measurement Ok R_F 900000.
2025-12-16T18:47:46.093664+0100 chargesom manager[867806]: [INFO] connector:EvseM  ::                                     CAR ISO V2G CurrentDemandReq
2025-12-16T18:47:46.181399+0100 chargesom manager[867806]: [INFO] connector:EvseM  :: EVSE ISO V2G CurrentDemandRes
2025-12-16T18:47:46.304033+0100 chargesom manager[867806]: [INFO] connector:EvseM  ::                                     CAR ISO V2G CurrentDemandReq
2025-12-16T18:47:46.401750+0100 chargesom manager[867806]: [INFO] connector:EvseM  :: EVSE ISO V2G CurrentDemandRes
2025-12-16T18:47:46.522983+0100 chargesom manager[867806]: [INFO] connector:EvseM  ::                                     CAR ISO V2G CurrentDemandReq
2025-12-16T18:47:46.621553+0100 chargesom manager[867806]: [INFO] connector:EvseM  :: EVSE ISO V2G CurrentDemandRes
2025-12-16T18:47:46.742972+0100 chargesom manager[867806]: [INFO] connector:EvseM  ::                                     CAR ISO V2G CurrentDemandReq
2025-12-16T18:47:46.845183+0100 chargesom manager[867806]: [INFO] connector:EvseM  :: EVSE ISO V2G CurrentDemandRes
2025-12-16T18:47:46.977772+0100 chargesom manager[867806]: [INFO] connector:EvseM  ::                                     CAR ISO V2G CurrentDemandReq
2025-12-16T18:47:47.050041+0100 chargesom manager[867806]: [INFO] connector:EvseM  :: EVSE IEC Isolation measurement Ok R_F 900000.
2025-12-16T18:47:47.093770+0100 chargesom manager[867806]: [INFO] connector:EvseM  :: EVSE ISO V2G CurrentDemandRes
2025-12-16T18:47:47.182963+0100 chargesom manager[867806]: [INFO] connector:EvseM  ::                                     CAR ISO V2G CurrentDemandReq
2025-12-16T18:47:47.281686+0100 chargesom manager[867806]: [INFO] connector:EvseM  :: EVSE ISO V2G CurrentDemandRes
2025-12-16T18:47:47.402913+0100 chargesom manager[867806]: [INFO] connector:EvseM  ::                                     CAR ISO V2G CurrentDemandReq
2025-12-16T18:47:47.501411+0100 chargesom manager[867806]: [INFO] connector:EvseM  :: EVSE ISO V2G CurrentDemandRes
2025-12-16T18:47:47.622987+0100 chargesom manager[867806]: [INFO] connector:EvseM  ::                                     CAR ISO V2G CurrentDemandReq
2025-12-16T18:47:47.721264+0100 chargesom manager[867806]: [INFO] connector:EvseM  :: EVSE ISO V2G CurrentDemandRes
2025-12-16T18:47:47.850032+0100 chargesom manager[867806]: [INFO] connector:EvseM  ::                                     CAR ISO V2G CurrentDemandReq
2025-12-16T18:47:47.941743+0100 chargesom manager[867806]: [INFO] connector:EvseM  :: EVSE ISO V2G CurrentDemandRes
2025-12-16T18:47:48.077658+0100 chargesom manager[867806]: [INFO] connector:EvseM  ::                                     CAR ISO V2G CurrentDemandReq
2025-12-16T18:47:48.077658+0100 chargesom manager[867806]: [INFO] connector:EvseM  :: EVSE IEC Isolation measurement Ok R_F 900000.
2025-12-16T18:47:48.165472+0100 chargesom manager[867806]: [INFO] connector:EvseM  :: EVSE ISO V2G CurrentDemandRes
2025-12-16T18:47:48.283009+0100 chargesom manager[867806]: [INFO] connector:EvseM  ::                                     CAR ISO V2G CurrentDemandReq
2025-12-16T18:47:48.381366+0100 chargesom manager[867806]: [INFO] connector:EvseM  :: EVSE ISO V2G CurrentDemandRes
2025-12-16T18:47:48.503024+0100 chargesom manager[867806]: [INFO] connector:EvseM  ::                                     CAR ISO V2G CurrentDemandReq
2025-12-16T18:47:48.601750+0100 chargesom manager[867806]: [INFO] connector:EvseM  :: EVSE ISO V2G CurrentDemandRes
2025-12-16T18:47:48.722761+0100 chargesom manager[867806]: [INFO] connector:EvseM  ::                                     CAR ISO V2G CurrentDemandReq
2025-12-16T18:47:48.849214+0100 chargesom manager[867806]: [INFO] connector:EvseM  :: EVSE ISO V2G CurrentDemandRes
2025-12-16T18:47:48.957830+0100 chargesom manager[867806]: [INFO] connector:EvseM  ::                                     CAR ISO V2G CurrentDemandReq
2025-12-16T18:47:49.045190+0100 chargesom manager[867806]: [INFO] connector:EvseM  :: EVSE ISO V2G CurrentDemandRes
2025-12-16T18:47:49.050562+0100 chargesom manager[867806]: [INFO] connector:EvseM  :: EVSE IEC Isolation measurement Ok R_F 900000.
2025-12-16T18:47:49.185526+0100 chargesom manager[867806]: [INFO] connector:EvseM  ::                                     CAR ISO V2G CurrentDemandReq
2025-12-16T18:47:49.294011+0100 chargesom manager[867806]: [INFO] connector:EvseM  :: EVSE ISO V2G CurrentDemandRes
2025-12-16T18:47:49.382775+0100 chargesom manager[867806]: [INFO] connector:EvseM  ::                                     CAR ISO V2G CurrentDemandReq
2025-12-16T18:47:49.480200+0100 chargesom manager[867806]: [INFO] connector:EvseM  :: EVSE ISO V2G CurrentDemandRes
2025-12-16T18:47:49.602969+0100 chargesom manager[867806]: [INFO] connector:EvseM  ::                                     CAR ISO V2G CurrentDemandReq
2025-12-16T18:47:49.701347+0100 chargesom manager[867806]: [INFO] connector:EvseM  :: EVSE ISO V2G CurrentDemandRes
2025-12-16T18:47:49.850084+0100 chargesom manager[867806]: [INFO] connector:EvseM  ::                                     CAR ISO V2G CurrentDemandReq
2025-12-16T18:47:49.920504+0100 chargesom manager[867806]: [INFO] connector:EvseM  :: EVSE ISO V2G CurrentDemandRes
2025-12-16T18:47:50.043069+0100 chargesom manager[867806]: [INFO] connector:EvseM  ::                                     CAR ISO V2G CurrentDemandReq
2025-12-16T18:47:50.050854+0100 chargesom manager[867806]: [INFO] connector:EvseM  :: EVSE IEC Isolation measurement Ok R_F 900000.
2025-12-16T18:47:50.140134+0100 chargesom manager[867806]: [INFO] connector:EvseM  :: EVSE ISO V2G CurrentDemandRes
2025-12-16T18:47:50.301441+0100 chargesom manager[867806]: [INFO] connector:EvseM  ::                                     CAR ISO V2G CurrentDemandReq
2025-12-16T18:47:50.393316+0100 chargesom manager[867806]: [INFO] connector:EvseM  :: EVSE ISO V2G CurrentDemandRes
2025-12-16T18:47:50.482717+0100 chargesom manager[867806]: [INFO] connector:EvseM  ::                                     CAR ISO V2G CurrentDemandReq
2025-12-16T18:47:50.580585+0100 chargesom manager[867806]: [INFO] connector:EvseM  :: EVSE ISO V2G CurrentDemandRes
2025-12-16T18:47:50.702913+0100 chargesom manager[867806]: [INFO] connector:EvseM  ::                                     CAR ISO V2G CurrentDemandReq
2025-12-16T18:47:50.801352+0100 chargesom manager[867806]: [INFO] connector:EvseM  :: EVSE ISO V2G CurrentDemandRes
2025-12-16T18:47:50.962208+0100 chargesom manager[867806]: [INFO] connector:EvseM  ::                                     CAR ISO V2G CurrentDemandReq
2025-12-16T18:47:51.021813+0100 chargesom manager[867806]: [INFO] connector:EvseM  :: EVSE ISO V2G CurrentDemandRes
2025-12-16T18:47:51.051190+0100 chargesom manager[867806]: [INFO] connector:EvseM  :: EVSE IEC Isolation measurement Ok R_F 900000.
2025-12-16T18:47:51.142767+0100 chargesom manager[867806]: [INFO] connector:EvseM  ::                                     CAR ISO V2G CurrentDemandReq
2025-12-16T18:47:51.240371+0100 chargesom manager[867806]: [INFO] connector:EvseM  :: EVSE ISO V2G CurrentDemandRes
2025-12-16T18:47:51.401567+0100 chargesom manager[867806]: [INFO] connector:EvseM  ::                                     CAR ISO V2G CurrentDemandReq
2025-12-16T18:47:51.498645+0100 chargesom manager[867806]: [INFO] connector:EvseM  :: EVSE ISO V2G CurrentDemandRes
2025-12-16T18:47:51.582666+0100 chargesom manager[867806]: [INFO] connector:EvseM  ::                                     CAR ISO V2G CurrentDemandReq
2025-12-16T18:47:51.680102+0100 chargesom manager[867806]: [INFO] connector:EvseM  :: EVSE ISO V2G CurrentDemandRes
2025-12-16T18:47:51.803641+0100 chargesom manager[867806]: [INFO] connector:EvseM  ::                                     CAR ISO V2G CurrentDemandReq
2025-12-16T18:47:51.900353+0100 chargesom manager[867806]: [INFO] connector:EvseM  :: EVSE ISO V2G CurrentDemandRes
2025-12-16T18:47:52.022745+0100 chargesom manager[867806]: [INFO] connector:EvseM  ::                                     CAR ISO V2G CurrentDemandReq
2025-12-16T18:47:52.051443+0100 chargesom manager[867806]: [INFO] connector:EvseM  :: EVSE IEC Isolation measurement Ok R_F 900000.
2025-12-16T18:47:52.141703+0100 chargesom manager[867806]: [INFO] connector:EvseM  :: EVSE ISO V2G CurrentDemandRes
2025-12-16T18:47:52.243021+0100 chargesom manager[867806]: [INFO] connector:EvseM  ::                                     CAR ISO V2G CurrentDemandReq
2025-12-16T18:47:52.341375+0100 chargesom manager[867806]: [INFO] connector:EvseM  :: EVSE ISO V2G CurrentDemandRes
2025-12-16T18:47:52.462831+0100 chargesom manager[867806]: [INFO] connector:EvseM  ::                                     CAR ISO V2G CurrentDemandReq
2025-12-16T18:47:52.593496+0100 chargesom manager[867806]: [INFO] connector:EvseM  :: EVSE ISO V2G CurrentDemandRes
2025-12-16T18:47:52.682689+0100 chargesom manager[867806]: [INFO] connector:EvseM  ::                                     CAR ISO V2G CurrentDemandReq
2025-12-16T18:47:52.780291+0100 chargesom manager[867806]: [INFO] connector:EvseM  :: EVSE ISO V2G CurrentDemandRes
2025-12-16T18:47:52.903947+0100 chargesom manager[867806]: [INFO] connector:EvseM  ::                                     CAR ISO V2G CurrentDemandReq
2025-12-16T18:47:53.001723+0100 chargesom manager[867806]: [INFO] connector:EvseM  :: EVSE ISO V2G CurrentDemandRes
2025-12-16T18:47:53.051958+0100 chargesom manager[867806]: [INFO] connector:EvseM  :: EVSE IEC Isolation measurement Ok R_F 900000.
2025-12-16T18:47:53.141633+0100 chargesom manager[867806]: [INFO] connector:EvseM  ::                                     CAR ISO V2G CurrentDemandReq
2025-12-16T18:47:53.220092+0100 chargesom manager[867806]: [INFO] connector:EvseM  :: EVSE ISO V2G CurrentDemandRes
2025-12-16T18:47:53.343032+0100 chargesom manager[867806]: [INFO] connector:EvseM  ::                                     CAR ISO V2G CurrentDemandReq
2025-12-16T18:47:53.440150+0100 chargesom manager[867806]: [INFO] connector:EvseM  :: EVSE ISO V2G CurrentDemandRes
2025-12-16T18:47:53.562471+0100 chargesom manager[867806]: [INFO] connector:EvseM  ::                                     CAR ISO V2G CurrentDemandReq
2025-12-16T18:47:53.689248+0100 chargesom manager[867806]: [INFO] connector:EvseM  :: EVSE ISO V2G CurrentDemandRes
2025-12-16T18:47:53.790020+0100 chargesom manager[867806]: [INFO] connector:EvseM  ::                                     CAR ISO V2G CurrentDemandReq
2025-12-16T18:47:53.880292+0100 chargesom manager[867806]: [INFO] connector:EvseM  :: EVSE ISO V2G CurrentDemandRes
2025-12-16T18:47:54.045461+0100 chargesom manager[867806]: [INFO] connector:EvseM  ::                                     CAR ISO V2G CurrentDemandReq
