2025-12-16T17:58:05.189323+0100 chargesom manager[840007]: [INFO] powersupply_dc:  :: Infy[0x00]: serial number: SN_2818a396c70776_V
2025-12-16T17:58:05.198631+0100 chargesom manager[840007]: [INFO] powersupply_dc:  :: Infy[0x00]: capabilities: 1000V / 50V, 102A, power 30000W
2025-12-16T17:58:05.198947+0100 chargesom manager[840007]: [INFO] powersupply_dc:  :: Infy: Capabilities updated: 1000V / 50V, 102A, power 30000W
2025-12-16T17:58:05.201665+0100 chargesom manager[840007]: [INFO] powersupply_dc:  :: Infy[0x00]: serial number: SN_2818a396c70776_V
2025-12-16T17:58:05.210290+0100 chargesom manager[840007]: [INFO] powersupply_dc:  :: Infy[0x00]: capabilities: 1000V / 50V, 102A, power 30000W
2025-12-16T17:58:05.210663+0100 chargesom manager[840007]: [INFO] powersupply_dc:  :: Infy: Capabilities updated: 1000V / 50V, 102A, power 30000W
2025-12-16T17:58:05.212591+0100 chargesom manager[840007]: [INFO] powersupply_dc:  :: Infy[0x00]: serial number: SN_2818a396c70776_V
2025-12-16T17:58:05.222357+0100 chargesom manager[840007]: [INFO] powersupply_dc:  :: Infy[0x00]: capabilities: 1000V / 50V, 102A, power 30000W
2025-12-16T17:58:05.222357+0100 chargesom manager[840007]: [INFO] powersupply_dc:  :: Infy: Capabilities updated: 1000V / 50V, 102A, power 30000W
2025-12-16T17:58:05.224322+0100 chargesom manager[840007]: [INFO] powersupply_dc:  :: Infy[0x00]: serial number: SN_2818a396c70776_V
2025-12-16T17:58:05.233586+0100 chargesom manager[840007]: [INFO] powersupply_dc:  :: Infy[0x00]: capabilities: 1000V / 50V, 102A, power 30000W
2025-12-16T17:58:05.233929+0100 chargesom manager[840007]: [INFO] powersupply_dc:  :: Infy: Capabilities updated: 1000V / 50V, 102A, power 30000W
2025-12-16T17:58:05.235836+0100 chargesom manager[840007]: [INFO] powersupply_dc:  :: Infy[0x00]: serial number: SN_2818a396c70776_V
2025-12-16T17:58:05.245277+0100 chargesom manager[840007]: [INFO] powersupply_dc:  :: Infy[0x00]: capabilities: 1000V / 50V, 102A, power 30000W
2025-12-16T17:58:05.245637+0100 chargesom manager[840007]: [INFO] powersupply_dc:  :: Infy: Capabilities updated: 1000V / 50V, 102A, power 30000W
2025-12-16T17:58:05.247481+0100 chargesom manager[840007]: [INFO] powersupply_dc:  :: Infy[0x00]: serial number: SN_2818a396c70776_V
2025-12-16T17:58:05.250231+0100 chargesom manager[840000]: [WARN] iso15118_charge  :: Physical value out of scope. Ignore value
2025-12-16T17:58:05.256871+0100 chargesom manager[840007]: [INFO] powersupply_dc:  :: Infy[0x00]: capabilities: 1000V / 50V, 102A, power 30000W
2025-12-16T17:58:05.257229+0100 chargesom manager[840007]: [INFO] powersupply_dc:  :: Infy: Capabilities updated: 1000V / 50V, 102A, power 30000W
2025-12-16T17:58:05.259105+0100 chargesom manager[840007]: [INFO] powersupply_dc:  :: Infy[0x00]: serial number: SN_2818a396c70776_V
2025-12-16T17:58:05.268424+0100 chargesom manager[840007]: [INFO] powersupply_dc:  :: Infy[0x00]: capabilities: 1000V / 50V, 102A, power 30000W
2025-12-16T17:58:05.268766+0100 chargesom manager[840007]: [INFO] powersupply_dc:  :: Infy: Capabilities updated: 1000V / 50V, 102A, power 30000W
2025-12-16T17:58:05.270728+0100 chargesom manager[840007]: [INFO] powersupply_dc:  :: Infy[0x00]: serial number: SN_2818a396c70776_V
2025-12-16T17:58:05.280090+0100 chargesom manager[840007]: [INFO] powersupply_dc:  :: Infy[0x00]: capabilities: 1000V / 50V, 102A, power 30000W
2025-12-16T17:58:05.280432+0100 chargesom manager[840007]: [INFO] powersupply_dc:  :: Infy: Capabilities updated: 1000V / 50V, 102A, power 30000W
2025-12-16T17:58:05.282390+0100 chargesom manager[840007]: [INFO] powersupply_dc:  :: Infy[0x00]: serial number: SN_2818a396c70776_V
2025-12-16T17:58:05.291710+0100 chargesom manager[840007]: [INFO] powersupply_dc:  :: Infy[0x00]: capabilities: 1000V / 50V, 102A, power 30000W
2025-12-16T17:58:05.292040+0100 chargesom manager[840007]: [INFO] powersupply_dc:  :: Infy: Capabilities updated: 1000V / 50V, 102A, power 30000W
2025-12-16T17:58:05.294195+0100 chargesom manager[840007]: [INFO] powersupply_dc:  :: Infy[0x00]: serial number: SN_2818a396c70776_V
2025-12-16T17:58:05.303404+0100 chargesom manager[840007]: [INFO] powersupply_dc:  :: Infy[0x00]: capabilities: 1000V / 50V, 102A, power 30000W
2025-12-16T17:58:05.303762+0100 chargesom manager[840007]: [INFO] powersupply_dc:  :: Infy: Capabilities updated: 1000V / 50V, 102A, power 30000W
2025-12-16T17:58:05.305721+0100 chargesom manager[840007]: [INFO] powersupply_dc:  :: Infy[0x00]: serial number: SN_2818a396c70776_V
2025-12-16T17:58:05.315488+0100 chargesom manager[840007]: [INFO] powersupply_dc:  :: Infy[0x00]: capabilities: 1000V / 50V, 102A, power 30000W
2025-12-16T17:58:05.315488+0100 chargesom manager[840007]: [INFO] powersupply_dc:  :: Infy: Capabilities updated: 1000V / 50V, 102A, power 30000W
2025-12-16T17:58:05.317343+0100 chargesom manager[840007]: [INFO] powersupply_dc:  :: Infy[0x00]: serial number: SN_2818a396c70776_V
2025-12-16T17:58:05.326678+0100 chargesom manager[840007]: [INFO] powersupply_dc:  :: Infy[0x00]: capabilities: 1000V / 50V, 102A, power 30000W
2025-12-16T17:58:05.327116+0100 chargesom manager[840007]: [INFO] powersupply_dc:  :: Infy: Capabilities updated: 1000V / 50V, 102A, power 30000W
2025-12-16T17:58:05.328935+0100 chargesom manager[840007]: [INFO] powersupply_dc:  :: Infy[0x00]: serial number: SN_2818a396c70776_V
2025-12-16T17:58:05.337536+0100 chargesom manager[840000]: [WARN] iso15118_charge  :: Physical value out of scope. Ignore value
2025-12-16T17:58:05.338825+0100 chargesom manager[840007]: [INFO] powersupply_dc:  :: Infy[0x00]: capabilities: 1000V / 50V, 102A, power 30000W
2025-12-16T17:58:05.338825+0100 chargesom manager[840007]: [INFO] powersupply_dc:  :: Infy: Capabilities updated: 1000V / 50V, 102A, power 30000W
2025-12-16T17:58:05.340845+0100 chargesom manager[840007]: [INFO] powersupply_dc:  :: Infy[0x00]: serial number: SN_2818a396c70776_V
2025-12-16T17:58:05.349941+0100 chargesom manager[840007]: [INFO] powersupply_dc:  :: Infy[0x00]: capabilities: 1000V / 50V, 102A, power 30000W
2025-12-16T17:58:05.350297+0100 chargesom manager[840007]: [INFO] powersupply_dc:  :: Infy: Capabilities updated: 1000V / 50V, 102A, power 30000W
2025-12-16T17:58:05.352223+0100 chargesom manager[840007]: [INFO] powersupply_dc:  :: Infy[0x00]: serial number: SN_2818a396c70776_V
2025-12-16T17:58:05.361585+0100 chargesom manager[840007]: [INFO] powersupply_dc:  :: Infy[0x00]: capabilities: 1000V / 50V, 102A, power 30000W
2025-12-16T17:58:05.361950+0100 chargesom manager[840007]: [INFO] powersupply_dc:  :: Infy: Capabilities updated: 1000V / 50V, 102A, power 30000W
2025-12-16T17:58:05.363868+0100 chargesom manager[840007]: [INFO] powersupply_dc:  :: Infy[0x00]: serial number: SN_2818a396c70776_V
2025-12-16T17:58:05.373179+0100 chargesom manager[840007]: [INFO] powersupply_dc:  :: Infy[0x00]: capabilities: 1000V / 50V, 102A, power 30000W
2025-12-16T17:58:05.373521+0100 chargesom manager[840007]: [INFO] powersupply_dc:  :: Infy: Capabilities updated: 1000V / 50V, 102A, power 30000W
2025-12-16T17:58:05.375475+0100 chargesom manager[840007]: [INFO] powersupply_dc:  :: Infy[0x00]: serial number: SN_2818a396c70776_V
2025-12-16T17:58:05.384967+0100 chargesom manager[840007]: [INFO] powersupply_dc:  :: Infy[0x00]: capabilities: 1000V / 50V, 102A, power 30000W
2025-12-16T17:58:05.384967+0100 chargesom manager[840007]: [INFO] powersupply_dc:  :: Infy: Capabilities updated: 1000V / 50V, 102A, power 30000W
2025-12-16T17:58:05.387166+0100 chargesom manager[840007]: [INFO] powersupply_dc:  :: Infy[0x00]: serial number: SN_2818a396c70776_V
2025-12-16T17:58:05.396698+0100 chargesom manager[840007]: [INFO] powersupply_dc:  :: Infy[0x00]: capabilities: 1000V / 50V, 102A, power 30000W
2025-12-16T17:58:05.396698+0100 chargesom manager[840007]: [INFO] powersupply_dc:  :: Infy: Capabilities updated: 1000V / 50V, 102A, power 30000W
2025-12-16T17:58:05.399552+0100 chargesom manager[840007]: [INFO] powersupply_dc:  :: Infy[0x00]: serial number: SN_2818a396c70776_V
2025-12-16T17:58:05.408149+0100 chargesom manager[840007]: [INFO] powersupply_dc:  :: Infy[0x00]: capabilities: 1000V / 50V, 102A, power 30000W
2025-12-16T17:58:05.408529+0100 chargesom manager[840007]: [INFO] powersupply_dc:  :: Infy: Capabilities updated: 1000V / 50V, 102A, power 30000W
2025-12-16T17:58:05.410404+0100 chargesom manager[840007]: [INFO] powersupply_dc:  :: Infy[0x00]: serial number: SN_2818a396c70776_V
2025-12-16T17:58:05.419791+0100 chargesom manager[840007]: [INFO] powersupply_dc:  :: Infy[0x00]: capabilities: 1000V / 50V, 102A, power 30000W
2025-12-16T17:58:05.420135+0100 chargesom manager[840007]: [INFO] powersupply_dc:  :: Infy: Capabilities updated: 1000V / 50V, 102A, power 30000W
2025-12-16T17:58:05.422047+0100 chargesom manager[840007]: [INFO] powersupply_dc:  :: Infy[0x00]: serial number: SN_2818a396c70776_V
2025-12-16T17:58:05.431437+0100 chargesom manager[840007]: [INFO] powersupply_dc:  :: Infy[0x00]: capabilities: 1000V / 50V, 102A, power 30000W
2025-12-16T17:58:05.431794+0100 chargesom manager[840007]: [INFO] powersupply_dc:  :: Infy: Capabilities updated: 1000V / 50V, 102A, power 30000W
2025-12-16T17:58:05.433687+0100 chargesom manager[840007]: [INFO] powersupply_dc:  :: Infy[0x00]: serial number: SN_2818a396c70776_V
2025-12-16T17:58:05.443063+0100 chargesom manager[840007]: [INFO] powersupply_dc:  :: Infy[0x00]: capabilities: 1000V / 50V, 102A, power 30000W
2025-12-16T17:58:05.443426+0100 chargesom manager[840007]: [INFO] powersupply_dc:  :: Infy: Capabilities updated: 1000V / 50V, 102A, power 30000W
2025-12-16T17:58:05.445343+0100 chargesom manager[840007]: [INFO] powersupply_dc:  :: Infy[0x00]: serial number: SN_2818a396c70776_V
2025-12-16T17:58:05.454680+0100 chargesom manager[840007]: [INFO] powersupply_dc:  :: Infy[0x00]: capabilities: 1000V / 50V, 102A, power 30000W
2025-12-16T17:58:05.455019+0100 chargesom manager[840007]: [INFO] powersupply_dc:  :: Infy: Capabilities updated: 1000V / 50V, 102A, power 30000W
2025-12-16T17:58:05.456964+0100 chargesom manager[840007]: [INFO] powersupply_dc:  :: Infy[0x00]: serial number: SN_2818a396c70776_V
2025-12-16T17:58:05.466288+0100 chargesom manager[840007]: [INFO] powersupply_dc:  :: Infy[0x00]: capabilities: 1000V / 50V, 102A, power 30000W
2025-12-16T17:58:05.466601+0100 chargesom manager[840007]: [INFO] powersupply_dc:  :: Infy: Capabilities updated: 1000V / 50V, 102A, power 30000W
2025-12-16T17:58:05.468784+0100 chargesom manager[840007]: [INFO] powersupply_dc:  :: Infy[0x00]: serial number: SN_2818a396c70776_V
2025-12-16T17:58:05.470047+0100 chargesom manager[840000]: [WARN] iso15118_charge  :: Physical value out of scope. Ignore value
2025-12-16T17:58:05.477984+0100 chargesom manager[840007]: [INFO] powersupply_dc:  :: Infy[0x00]: capabilities: 1000V / 50V, 102A, power 30000W
2025-12-16T17:58:05.478340+0100 chargesom manager[840007]: [INFO] powersupply_dc:  :: Infy: Capabilities updated: 1000V / 50V, 102A, power 30000W
2025-12-16T17:58:05.480247+0100 chargesom manager[840007]: [INFO] powersupply_dc:  :: Infy[0x00]: serial number: SN_2818a396c70776_V
2025-12-16T17:58:05.489628+0100 chargesom manager[840007]: [INFO] powersupply_dc:  :: Infy[0x00]: capabilities: 1000V / 50V, 102A, power 30000W
2025-12-16T17:58:05.489997+0100 chargesom manager[840007]: [INFO] powersupply_dc:  :: Infy: Capabilities updated: 1000V / 50V, 102A, power 30000W
2025-12-16T17:58:05.491899+0100 chargesom manager[840007]: [INFO] powersupply_dc:  :: Infy[0x00]: serial number: SN_2818a396c70776_V
2025-12-16T17:58:05.501216+0100 chargesom manager[840007]: [INFO] powersupply_dc:  :: Infy[0x00]: capabilities: 1000V / 50V, 102A, power 30000W
2025-12-16T17:58:05.501535+0100 chargesom manager[840007]: [INFO] powersupply_dc:  :: Infy: Capabilities updated: 1000V / 50V, 102A, power 30000W
2025-12-16T17:58:05.503516+0100 chargesom manager[840007]: [INFO] powersupply_dc:  :: Infy[0x00]: serial number: SN_2818a396c70776_V
2025-12-16T17:58:05.513208+0100 chargesom manager[840007]: [INFO] powersupply_dc:  :: Infy[0x00]: capabilities: 1000V / 50V, 102A, power 30000W
2025-12-16T17:58:05.513208+0100 chargesom manager[840007]: [INFO] powersupply_dc:  :: Infy: Capabilities updated: 1000V / 50V, 102A, power 30000W
2025-12-16T17:58:05.515324+0100 chargesom manager[840007]: [INFO] powersupply_dc:  :: Infy[0x00]: serial number: SN_2818a396c70776_V
2025-12-16T17:58:05.524563+0100 chargesom manager[840007]: [INFO] powersupply_dc:  :: Infy[0x00]: capabilities: 1000V / 50V, 102A, power 30000W
2025-12-16T17:58:05.525210+0100 chargesom manager[840007]: [INFO] powersupply_dc:  :: Infy: Capabilities updated: 1000V / 50V, 102A, power 30000W
2025-12-16T17:58:05.527321+0100 chargesom manager[840007]: [INFO] powersupply_dc:  :: Infy[0x00]: serial number: SN_2818a396c70776_V
2025-12-16T17:58:05.536210+0100 chargesom manager[840007]: [INFO] powersupply_dc:  :: Infy[0x00]: capabilities: 1000V / 50V, 102A, power 30000W
2025-12-16T17:58:05.536712+0100 chargesom manager[840007]: [INFO] powersupply_dc:  :: Infy: Capabilities updated: 1000V / 50V, 102A, power 30000W
2025-12-16T17:58:05.538454+0100 chargesom manager[840007]: [INFO] powersupply_dc:  :: Infy[0x00]: serial number: SN_2818a396c70776_V
2025-12-16T17:58:05.547774+0100 chargesom manager[840007]: [INFO] powersupply_dc:  :: Infy[0x00]: capabilities: 1000V / 50V, 102A, power 30000W
2025-12-16T17:58:05.548108+0100 chargesom manager[840007]: [INFO] powersupply_dc:  :: Infy: Capabilities updated: 1000V / 50V, 102A, power 30000W
2025-12-16T17:58:05.550102+0100 chargesom manager[840007]: [INFO] powersupply_dc:  :: Infy[0x00]: serial number: SN_2818a396c70776_V
2025-12-16T17:58:05.557728+0100 chargesom manager[840000]: [WARN] iso15118_charge  :: Physical value out of scope. Ignore value
2025-12-16T17:58:05.559672+0100 chargesom manager[840007]: [INFO] powersupply_dc:  :: Infy[0x00]: capabilities: 1000V / 50V, 102A, power 30000W
2025-12-16T17:58:05.560166+0100 chargesom manager[840007]: [INFO] powersupply_dc:  :: Infy: Capabilities updated: 1000V / 50V, 102A, power 30000W
2025-12-16T17:58:05.561758+0100 chargesom manager[840007]: [INFO] powersupply_dc:  :: Infy[0x00]: serial number: SN_2818a396c70776_V
2025-12-16T17:58:05.571064+0100 chargesom manager[840007]: [INFO] powersupply_dc:  :: Infy[0x00]: capabilities: 1000V / 50V, 102A, power 30000W
2025-12-16T17:58:05.571399+0100 chargesom manager[840007]: [INFO] powersupply_dc:  :: Infy: Capabilities updated: 1000V / 50V, 102A, power 30000W
2025-12-16T17:58:05.573907+0100 chargesom manager[840007]: [INFO] powersupply_dc:  :: Infy[0x00]: serial number: SN_2818a396c70776_V
2025-12-16T17:58:05.582731+0100 chargesom manager[840007]: [INFO] powersupply_dc:  :: Infy[0x00]: capabilities: 1000V / 50V, 102A, power 30000W
2025-12-16T17:58:05.583402+0100 chargesom manager[840007]: [INFO] powersupply_dc:  :: Infy: Capabilities updated: 1000V / 50V, 102A, power 30000W
2025-12-16T17:58:05.584980+0100 chargesom manager[840007]: [INFO] powersupply_dc:  :: Infy[0x00]: serial number: SN_2818a396c70776_V
2025-12-16T17:58:05.594370+0100 chargesom manager[840007]: [INFO] powersupply_dc:  :: Infy[0x00]: capabilities: 1000V / 50V, 102A, power 30000W
2025-12-16T17:58:05.594760+0100 chargesom manager[840007]: [INFO] powersupply_dc:  :: Infy: Capabilities updated: 1000V / 50V, 102A, power 30000W
2025-12-16T17:58:05.596686+0100 chargesom manager[840007]: [INFO] powersupply_dc:  :: Infy[0x00]: serial number: SN_2818a396c70776_V
2025-12-16T17:58:05.605999+0100 chargesom manager[840007]: [INFO] powersupply_dc:  :: Infy[0x00]: capabilities: 1000V / 50V, 102A, power 30000W
2025-12-16T17:58:05.606428+0100 chargesom manager[840007]: [INFO] powersupply_dc:  :: Infy: Capabilities updated: 1000V / 50V, 102A, power 30000W
2025-12-16T17:58:05.608263+0100 chargesom manager[840007]: [INFO] powersupply_dc:  :: Infy[0x00]: serial number: SN_2818a396c70776_V
2025-12-16T17:58:05.619601+0100 chargesom manager[840007]: [INFO] powersupply_dc:  :: Infy[0x00]: capabilities: 1000V / 50V, 102A, power 30000W
2025-12-16T17:58:05.619601+0100 chargesom manager[840007]: [INFO] powersupply_dc:  :: Infy: Capabilities updated: 1000V / 50V, 102A, power 30000W
2025-12-16T17:58:05.621135+0100 chargesom manager[840007]: [INFO] powersupply_dc:  :: Infy[0x00]: serial number: SN_2818a396c70776_V
2025-12-16T17:58:05.630442+0100 chargesom manager[840007]: [INFO] powersupply_dc:  :: Infy[0x00]: capabilities: 1000V / 50V, 102A, power 30000W
2025-12-16T17:58:05.630783+0100 chargesom manager[840007]: [INFO] powersupply_dc:  :: Infy: Capabilities updated: 1000V / 50V, 102A, power 30000W
2025-12-16T17:58:05.632807+0100 chargesom manager[840007]: [INFO] powersupply_dc:  :: Infy[0x00]: serial number: SN_2818a396c70776_V
2025-12-16T17:58:05.642082+0100 chargesom manager[840007]: [INFO] powersupply_dc:  :: Infy[0x00]: capabilities: 1000V / 50V, 102A, power 30000W
2025-12-16T17:58:05.642418+0100 chargesom manager[840007]: [INFO] powersupply_dc:  :: Infy: Capabilities updated: 1000V / 50V, 102A, power 30000W
2025-12-16T17:58:05.644371+0100 chargesom manager[840007]: [INFO] powersupply_dc:  :: Infy[0x00]: serial number: SN_2818a396c70776_V
2025-12-16T17:58:05.653906+0100 chargesom manager[840007]: [INFO] powersupply_dc:  :: Infy[0x00]: capabilities: 1000V / 50V, 102A, power 30000W
2025-12-16T17:58:05.653906+0100 chargesom manager[840007]: [INFO] powersupply_dc:  :: Infy: Capabilities updated: 1000V / 50V, 102A, power 30000W
2025-12-16T17:58:05.656378+0100 chargesom manager[840007]: [INFO] powersupply_dc:  :: Infy[0x00]: serial number: SN_2818a396c70776_V
2025-12-16T17:58:05.665618+0100 chargesom manager[840007]: [INFO] powersupply_dc:  :: Infy[0x00]: capabilities: 1000V / 50V, 102A, power 30000W
2025-12-16T17:58:05.667844+0100 chargesom manager[840007]: [INFO] powersupply_dc:  :: Infy: Capabilities updated: 1000V / 50V, 102A, power 30000W
2025-12-16T17:58:05.668840+0100 chargesom manager[840007]: [INFO] powersupply_dc:  :: Infy[0x00]: serial number: SN_2818a396c70776_V
2025-12-16T17:58:05.677002+0100 chargesom manager[840007]: [INFO] powersupply_dc:  :: Infy[0x00]: capabilities: 1000V / 50V, 102A, power 30000W
2025-12-16T17:58:05.677358+0100 chargesom manager[840007]: [INFO] powersupply_dc:  :: Infy: Capabilities updated: 1000V / 50V, 102A, power 30000W
2025-12-16T17:58:05.679276+0100 chargesom manager[840007]: [INFO] powersupply_dc:  :: Infy[0x00]: serial number: SN_2818a396c70776_V
2025-12-16T17:58:05.688670+0100 chargesom manager[840007]: [INFO] powersupply_dc:  :: Infy[0x00]: capabilities: 1000V / 50V, 102A, power 30000W
2025-12-16T17:58:05.689099+0100 chargesom manager[840007]: [INFO] powersupply_dc:  :: Infy: Capabilities updated: 1000V / 50V, 102A, power 30000W
2025-12-16T17:58:05.690878+0100 chargesom manager[840007]: [INFO] powersupply_dc:  :: Infy[0x00]: serial number: SN_2818a396c70776_V
2025-12-16T17:58:05.700266+0100 chargesom manager[840007]: [INFO] powersupply_dc:  :: Infy[0x00]: capabilities: 1000V / 50V, 102A, power 30000W
2025-12-16T17:58:05.701035+0100 chargesom manager[840007]: [INFO] powersupply_dc:  :: Infy: Capabilities updated: 1000V / 50V, 102A, power 30000W
2025-12-16T17:58:05.702562+0100 chargesom manager[840007]: [INFO] powersupply_dc:  :: Infy[0x00]: serial number: SN_2818a396c70776_V
2025-12-16T17:58:05.711966+0100 chargesom manager[840007]: [INFO] powersupply_dc:  :: Infy[0x00]: capabilities: 1000V / 50V, 102A, power 30000W
2025-12-16T17:58:05.712323+0100 chargesom manager[840007]: [INFO] powersupply_dc:  :: Infy: Capabilities updated: 1000V / 50V, 102A, power 30000W
2025-12-16T17:58:05.715183+0100 chargesom manager[840007]: [INFO] powersupply_dc:  :: Infy[0x00]: serial number: SN_2818a396c70776_V
2025-12-16T17:58:05.715544+0100 chargesom manager[840000]: [WARN] iso15118_charge  :: Physical value out of scope. Ignore value
2025-12-16T17:58:05.724243+0100 chargesom manager[840007]: [INFO] powersupply_dc:  :: Infy[0x00]: capabilities: 1000V / 50V, 102A, power 30000W
2025-12-16T17:58:05.724243+0100 chargesom manager[840007]: [INFO] powersupply_dc:  :: Infy: Capabilities updated: 1000V / 50V, 102A, power 30000W
2025-12-16T17:58:05.726052+0100 chargesom manager[840007]: [INFO] powersupply_dc:  :: Infy[0x00]: serial number: SN_2818a396c70776_V
2025-12-16T17:58:05.735199+0100 chargesom manager[840007]: [INFO] powersupply_dc:  :: Infy[0x00]: capabilities: 1000V / 50V, 102A, power 30000W
2025-12-16T17:58:05.735561+0100 chargesom manager[840007]: [INFO] powersupply_dc:  :: Infy: Capabilities updated: 1000V / 50V, 102A, power 30000W
2025-12-16T17:58:05.737554+0100 chargesom manager[840007]: [INFO] powersupply_dc:  :: Infy[0x00]: serial number: SN_2818a396c70776_V
2025-12-16T17:58:05.746867+0100 chargesom manager[840007]: [INFO] powersupply_dc:  :: Infy[0x00]: capabilities: 1000V / 50V, 102A, power 30000W
2025-12-16T17:58:05.747233+0100 chargesom manager[840007]: [INFO] powersupply_dc:  :: Infy: Capabilities updated: 1000V / 50V, 102A, power 30000W
2025-12-16T17:58:05.749164+0100 chargesom manager[840007]: [INFO] powersupply_dc:  :: Infy[0x00]: serial number: SN_2818a396c70776_V
2025-12-16T17:58:05.758458+0100 chargesom manager[840007]: [INFO] powersupply_dc:  :: Infy[0x00]: capabilities: 1000V / 50V, 102A, power 30000W
2025-12-16T17:58:05.758795+0100 chargesom manager[840007]: [INFO] powersupply_dc:  :: Infy: Capabilities updated: 1000V / 50V, 102A, power 30000W
2025-12-16T17:58:05.760956+0100 chargesom manager[840007]: [INFO] powersupply_dc:  :: Infy[0x00]: serial number: SN_2818a396c70776_V
2025-12-16T17:58:05.770566+0100 chargesom manager[840007]: [INFO] powersupply_dc:  :: Infy[0x00]: capabilities: 1000V / 50V, 102A, power 30000W
2025-12-16T17:58:05.770566+0100 chargesom manager[840007]: [INFO] powersupply_dc:  :: Infy: Capabilities updated: 1000V / 50V, 102A, power 30000W
2025-12-16T17:58:05.773473+0100 chargesom manager[840007]: [INFO] powersupply_dc:  :: Infy[0x00]: serial number: SN_2818a396c70776_V
2025-12-16T17:58:05.781767+0100 chargesom manager[840007]: [INFO] powersupply_dc:  :: Infy[0x00]: capabilities: 1000V / 50V, 102A, power 30000W
2025-12-16T17:58:05.782110+0100 chargesom manager[840007]: [INFO] powersupply_dc:  :: Infy: Capabilities updated: 1000V / 50V, 102A, power 30000W
2025-12-16T17:58:05.784040+0100 chargesom manager[840007]: [INFO] powersupply_dc:  :: Infy[0x00]: serial number: SN_2818a396c70776_V
2025-12-16T17:58:05.793376+0100 chargesom manager[840007]: [INFO] powersupply_dc:  :: Infy[0x00]: capabilities: 1000V / 50V, 102A, power 30000W
2025-12-16T17:58:05.793709+0100 chargesom manager[840007]: [INFO] powersupply_dc:  :: Infy: Capabilities updated: 1000V / 50V, 102A, power 30000W
2025-12-16T17:58:05.795663+0100 chargesom manager[840007]: [INFO] powersupply_dc:  :: Infy[0x00]: serial number: SN_2818a396c70776_V
2025-12-16T17:58:05.805036+0100 chargesom manager[840007]: [INFO] powersupply_dc:  :: Infy[0x00]: capabilities: 1000V / 50V, 102A, power 30000W
2025-12-16T17:58:05.805375+0100 chargesom manager[840007]: [INFO] powersupply_dc:  :: Infy: Capabilities updated: 1000V / 50V, 102A, power 30000W
2025-12-16T17:58:05.807357+0100 chargesom manager[840007]: [INFO] powersupply_dc:  :: Infy[0x00]: serial number: SN_2818a396c70776_V
2025-12-16T17:58:05.812307+0100 chargesom manager[840000]: [WARN] iso15118_charge  :: Physical value out of scope. Ignore value
2025-12-16T17:58:05.817277+0100 chargesom manager[840007]: [INFO] powersupply_dc:  :: Infy[0x00]: capabilities: 1000V / 50V, 102A, power 30000W
2025-12-16T17:58:05.817277+0100 chargesom manager[840007]: [INFO] powersupply_dc:  :: Infy: Capabilities updated: 1000V / 50V, 102A, power 30000W
2025-12-16T17:58:05.819147+0100 chargesom manager[840007]: [INFO] powersupply_dc:  :: Infy[0x00]: serial number: SN_2818a396c70776_V
2025-12-16T17:58:05.828332+0100 chargesom manager[840007]: [INFO] powersupply_dc:  :: Infy[0x00]: capabilities: 1000V / 50V, 102A, power 30000W
2025-12-16T17:58:05.828775+0100 chargesom manager[840007]: [INFO] powersupply_dc:  :: Infy: Capabilities updated: 1000V / 50V, 102A, power 30000W
2025-12-16T17:58:05.830611+0100 chargesom manager[840007]: [INFO] powersupply_dc:  :: Infy[0x00]: serial number: SN_2818a396c70776_V
2025-12-16T17:58:05.839949+0100 chargesom manager[840007]: [INFO] powersupply_dc:  :: Infy[0x00]: capabilities: 1000V / 50V, 102A, power 30000W
2025-12-16T17:58:05.840302+0100 chargesom manager[840007]: [INFO] powersupply_dc:  :: Infy: Capabilities updated: 1000V / 50V, 102A, power 30000W
2025-12-16T17:58:05.842240+0100 chargesom manager[840007]: [INFO] powersupply_dc:  :: Infy[0x00]: serial number: SN_2818a396c70776_V
2025-12-16T17:58:05.851576+0100 chargesom manager[840007]: [INFO] powersupply_dc:  :: Infy[0x00]: capabilities: 1000V / 50V, 102A, power 30000W
2025-12-16T17:58:05.851978+0100 chargesom manager[840007]: [INFO] powersupply_dc:  :: Infy: Capabilities updated: 1000V / 50V, 102A, power 30000W
2025-12-16T17:58:05.853871+0100 chargesom manager[840007]: [INFO] powersupply_dc:  :: Infy[0x00]: serial number: SN_2818a396c70776_V
2025-12-16T17:58:05.863244+0100 chargesom manager[840007]: [INFO] powersupply_dc:  :: Infy[0x00]: capabilities: 1000V / 50V, 102A, power 30000W
2025-12-16T17:58:05.863591+0100 chargesom manager[840007]: [INFO] powersupply_dc:  :: Infy: Capabilities updated: 1000V / 50V, 102A, power 30000W
2025-12-16T17:58:05.865958+0100 chargesom manager[840007]: [INFO] powersupply_dc:  :: Infy[0x00]: serial number: SN_2818a396c70776_V
2025-12-16T17:58:05.874886+0100 chargesom manager[840007]: [INFO] powersupply_dc:  :: Infy[0x00]: capabilities: 1000V / 50V, 102A, power 30000W
2025-12-16T17:58:05.875233+0100 chargesom manager[840007]: [INFO] powersupply_dc:  :: Infy: Capabilities updated: 1000V / 50V, 102A, power 30000W
2025-12-16T17:58:05.877183+0100 chargesom manager[840007]: [INFO] powersupply_dc:  :: Infy[0x00]: serial number: SN_2818a396c70776_V
2025-12-16T17:58:05.886490+0100 chargesom manager[840007]: [INFO] powersupply_dc:  :: Infy[0x00]: capabilities: 1000V / 50V, 102A, power 30000W
2025-12-16T17:58:05.886820+0100 chargesom manager[840007]: [INFO] powersupply_dc:  :: Infy: Capabilities updated: 1000V / 50V, 102A, power 30000W
2025-12-16T17:58:05.888804+0100 chargesom manager[840007]: [INFO] powersupply_dc:  :: Infy[0x00]: serial number: SN_2818a396c70776_V
2025-12-16T17:58:05.898145+0100 chargesom manager[840007]: [INFO] powersupply_dc:  :: Infy[0x00]: capabilities: 1000V / 50V, 102A, power 30000W
2025-12-16T17:58:05.898515+0100 chargesom manager[840007]: [INFO] powersupply_dc:  :: Infy: Capabilities updated: 1000V / 50V, 102A, power 30000W
2025-12-16T17:58:05.900420+0100 chargesom manager[840007]: [INFO] powersupply_dc:  :: Infy[0x00]: serial number: SN_2818a396c70776_V
2025-12-16T17:58:05.901941+0100 chargesom manager[840000]: [WARN] iso15118_charge  :: Physical value out of scope. Ignore value
2025-12-16T17:58:05.912621+0100 chargesom manager[840007]: [INFO] powersupply_dc:  :: Infy[0x00]: capabilities: 1000V / 50V, 102A, power 30000W
2025-12-16T17:58:05.912621+0100 chargesom manager[840007]: [INFO] powersupply_dc:  :: Infy: Capabilities updated: 1000V / 50V, 102A, power 30000W
2025-12-16T17:58:05.914497+0100 chargesom manager[840007]: [INFO] powersupply_dc:  :: Infy[0x00]: serial number: SN_2818a396c70776_V
2025-12-16T17:58:05.921814+0100 chargesom manager[840007]: [INFO] powersupply_dc:  :: Infy[0x00]: capabilities: 1000V / 50V, 102A, power 30000W
2025-12-16T17:58:05.921814+0100 chargesom manager[840007]: [INFO] powersupply_dc:  :: Infy: Capabilities updated: 1000V / 50V, 102A, power 30000W
2025-12-16T17:58:05.923822+0100 chargesom manager[840007]: [INFO] powersupply_dc:  :: Infy[0x00]: serial number: SN_2818a396c70776_V
2025-12-16T17:58:05.933105+0100 chargesom manager[840007]: [INFO] powersupply_dc:  :: Infy[0x00]: capabilities: 1000V / 50V, 102A, power 30000W
2025-12-16T17:58:05.933920+0100 chargesom manager[840007]: [INFO] powersupply_dc:  :: Infy: Capabilities updated: 1000V / 50V, 102A, power 30000W
2025-12-16T17:58:05.935462+0100 chargesom manager[840007]: [INFO] powersupply_dc:  :: Infy[0x00]: serial number: SN_2818a396c70776_V
2025-12-16T17:58:05.945242+0100 chargesom manager[840007]: [INFO] powersupply_dc:  :: Infy[0x00]: capabilities: 1000V / 50V, 102A, power 30000W
2025-12-16T17:58:05.945242+0100 chargesom manager[840007]: [INFO] powersupply_dc:  :: Infy: Capabilities updated: 1000V / 50V, 102A, power 30000W
2025-12-16T17:58:05.947307+0100 chargesom manager[840007]: [INFO] powersupply_dc:  :: Infy[0x00]: serial number: SN_2818a396c70776_V
2025-12-16T17:58:05.956603+0100 chargesom manager[840007]: [INFO] powersupply_dc:  :: Infy[0x00]: capabilities: 1000V / 50V, 102A, power 30000W
2025-12-16T17:58:05.956603+0100 chargesom manager[840007]: [INFO] powersupply_dc:  :: Infy: Capabilities updated: 1000V / 50V, 102A, power 30000W
2025-12-16T17:58:05.958621+0100 chargesom manager[840007]: [INFO] powersupply_dc:  :: Infy[0x00]: serial number: SN_2818a396c70776_V
2025-12-16T17:58:05.967979+0100 chargesom manager[840007]: [INFO] powersupply_dc:  :: Infy[0x00]: capabilities: 1000V / 50V, 102A, power 30000W
2025-12-16T17:58:05.968324+0100 chargesom manager[840007]: [INFO] powersupply_dc:  :: Infy: Capabilities updated: 1000V / 50V, 102A, power 30000W
2025-12-16T17:58:05.970263+0100 chargesom manager[840007]: [INFO] powersupply_dc:  :: Infy[0x00]: serial number: SN_2818a396c70776_V
2025-12-16T17:58:05.979622+0100 chargesom manager[840007]: [INFO] powersupply_dc:  :: Infy[0x00]: capabilities: 1000V / 50V, 102A, power 30000W
2025-12-16T17:58:05.979964+0100 chargesom manager[840007]: [INFO] powersupply_dc:  :: Infy: Capabilities updated: 1000V / 50V, 102A, power 30000W
2025-12-16T17:58:05.981898+0100 chargesom manager[840007]: [INFO] powersupply_dc:  :: Infy[0x00]: serial number: SN_2818a396c70776_V
2025-12-16T17:58:05.991221+0100 chargesom manager[840007]: [INFO] powersupply_dc:  :: Infy[0x00]: capabilities: 1000V / 50V, 102A, power 30000W
2025-12-16T17:58:05.991531+0100 chargesom manager[840007]: [INFO] powersupply_dc:  :: Infy: Capabilities updated: 1000V / 50V, 102A, power 30000W
2025-12-16T17:58:05.993993+0100 chargesom manager[840007]: [INFO] powersupply_dc:  :: Infy[0x00]: serial number: SN_2818a396c70776_V
2025-12-16T17:58:06.002905+0100 chargesom manager[840007]: [INFO] powersupply_dc:  :: Infy[0x00]: capabilities: 1000V / 50V, 102A, power 30000W
2025-12-16T17:58:06.003269+0100 chargesom manager[840007]: [INFO] powersupply_dc:  :: Infy: Capabilities updated: 1000V / 50V, 102A, power 30000W
2025-12-16T17:58:06.005208+0100 chargesom manager[840007]: [INFO] powersupply_dc:  :: Infy[0x00]: serial number: SN_2818a396c70776_V
2025-12-16T17:58:06.015714+0100 chargesom manager[840007]: [INFO] powersupply_dc:  :: Infy[0x00]: capabilities: 1000V / 50V, 102A, power 30000W
2025-12-16T17:58:06.016215+0100 chargesom manager[840007]: [INFO] powersupply_dc:  :: Infy: Capabilities updated: 1000V / 50V, 102A, power 30000W
2025-12-16T17:58:06.018002+0100 chargesom manager[840007]: [INFO] powersupply_dc:  :: Infy[0x00]: serial number: SN_2818a396c70776_V
2025-12-16T17:58:06.027332+0100 chargesom manager[840007]: [INFO] powersupply_dc:  :: Infy[0x00]: capabilities: 1000V / 50V, 102A, power 30000W
2025-12-16T17:58:06.027645+0100 chargesom manager[840007]: [INFO] powersupply_dc:  :: Infy: Capabilities updated: 1000V / 50V, 102A, power 30000W
2025-12-16T17:58:06.029638+0100 chargesom manager[840007]: [INFO] powersupply_dc:  :: Infy[0x00]: serial number: SN_2818a396c70776_V
2025-12-16T17:58:06.039016+0100 chargesom manager[840007]: [INFO] powersupply_dc:  :: Infy[0x00]: capabilities: 1000V / 50V, 102A, power 30000W
2025-12-16T17:58:06.039359+0100 chargesom manager[840007]: [INFO] powersupply_dc:  :: Infy: Capabilities updated: 1000V / 50V, 102A, power 30000W
2025-12-16T17:58:06.042105+0100 chargesom manager[840000]: [WARN] iso15118_charge  :: Physical value out of scope. Ignore value
2025-12-16T17:58:06.042508+0100 chargesom manager[840007]: [INFO] powersupply_dc:  :: Infy[0x00]: serial number: SN_2818a396c70776_V
2025-12-16T17:58:06.050665+0100 chargesom manager[840007]: [INFO] powersupply_dc:  :: Infy[0x00]: capabilities: 1000V / 50V, 102A, power 30000W
2025-12-16T17:58:06.051054+0100 chargesom manager[840007]: [INFO] powersupply_dc:  :: Infy: Capabilities updated: 1000V / 50V, 102A, power 30000W
2025-12-16T17:58:06.052935+0100 chargesom manager[840007]: [INFO] powersupply_dc:  :: Infy[0x00]: serial number: SN_2818a396c70776_V
2025-12-16T17:58:06.062248+0100 chargesom manager[840007]: [INFO] powersupply_dc:  :: Infy[0x00]: capabilities: 1000V / 50V, 102A, power 30000W
2025-12-16T17:58:06.062570+0100 chargesom manager[840007]: [INFO] powersupply_dc:  :: Infy: Capabilities updated: 1000V / 50V, 102A, power 30000W
2025-12-16T17:58:06.064588+0100 chargesom manager[840007]: [INFO] powersupply_dc:  :: Infy[0x00]: serial number: SN_2818a396c70776_V
2025-12-16T17:58:06.073913+0100 chargesom manager[840007]: [INFO] powersupply_dc:  :: Infy[0x00]: capabilities: 1000V / 50V, 102A, power 30000W
2025-12-16T17:58:06.074331+0100 chargesom manager[840007]: [INFO] powersupply_dc:  :: Infy: Capabilities updated: 1000V / 50V, 102A, power 30000W
2025-12-16T17:58:06.076227+0100 chargesom manager[840007]: [INFO] powersupply_dc:  :: Infy[0x00]: serial number: SN_2818a396c70776_V
2025-12-16T17:58:06.085814+0100 chargesom manager[840007]: [INFO] powersupply_dc:  :: Infy[0x00]: capabilities: 1000V / 50V, 102A, power 30000W
2025-12-16T17:58:06.085814+0100 chargesom manager[840007]: [INFO] powersupply_dc:  :: Infy: Capabilities updated: 1000V / 50V, 102A, power 30000W
2025-12-16T17:58:06.088330+0100 chargesom manager[840007]: [INFO] powersupply_dc:  :: Infy[0x00]: serial number: SN_2818a396c70776_V
2025-12-16T17:58:06.097228+0100 chargesom manager[840007]: [INFO] powersupply_dc:  :: Infy[0x00]: capabilities: 1000V / 50V, 102A, power 30000W
2025-12-16T17:58:06.097583+0100 chargesom manager[840007]: [INFO] powersupply_dc:  :: Infy: Capabilities updated: 1000V / 50V, 102A, power 30000W
2025-12-16T17:58:06.099483+0100 chargesom manager[840007]: [INFO] powersupply_dc:  :: Infy[0x00]: serial number: SN_2818a396c70776_V
2025-12-16T17:58:06.108799+0100 chargesom manager[840007]: [INFO] powersupply_dc:  :: Infy[0x00]: capabilities: 1000V / 50V, 102A, power 30000W
2025-12-16T17:58:06.109133+0100 chargesom manager[840007]: [INFO] powersupply_dc:  :: Infy: Capabilities updated: 1000V / 50V, 102A, power 30000W
2025-12-16T17:58:06.111114+0100 chargesom manager[840007]: [INFO] powersupply_dc:  :: Infy[0x00]: serial number: SN_2818a396c70776_V
2025-12-16T17:58:06.120442+0100 chargesom manager[840007]: [INFO] powersupply_dc:  :: Infy[0x00]: capabilities: 1000V / 50V, 102A, power 30000W
2025-12-16T17:58:06.120814+0100 chargesom manager[840007]: [INFO] powersupply_dc:  :: Infy: Capabilities updated: 1000V / 50V, 102A, power 30000W
2025-12-16T17:58:06.122757+0100 chargesom manager[840007]: [INFO] powersupply_dc:  :: Infy[0x00]: serial number: SN_2818a396c70776_V
2025-12-16T17:58:06.129595+0100 chargesom manager[840000]: [WARN] iso15118_charge  :: Physical value out of scope. Ignore value
2025-12-16T17:58:06.132227+0100 chargesom manager[840007]: [INFO] powersupply_dc:  :: Infy[0x00]: capabilities: 1000V / 50V, 102A, power 30000W
2025-12-16T17:58:06.132765+0100 chargesom manager[840007]: [INFO] powersupply_dc:  :: Infy: Capabilities updated: 1000V / 50V, 102A, power 30000W
2025-12-16T17:58:06.134610+0100 chargesom manager[840007]: [INFO] powersupply_dc:  :: Infy[0x00]: serial number: SN_2818a396c70776_V
2025-12-16T17:58:06.144685+0100 chargesom manager[840007]: [INFO] powersupply_dc:  :: Infy[0x00]: capabilities: 1000V / 50V, 102A, power 30000W
2025-12-16T17:58:06.144685+0100 chargesom manager[840007]: [INFO] powersupply_dc:  :: Infy: Capabilities updated: 1000V / 50V, 102A, power 30000W
2025-12-16T17:58:06.146073+0100 chargesom manager[840007]: [INFO] powersupply_dc:  :: Infy[0x00]: serial number: SN_2818a396c70776_V
2025-12-16T17:58:06.155423+0100 chargesom manager[840007]: [INFO] powersupply_dc:  :: Infy[0x00]: capabilities: 1000V / 50V, 102A, power 30000W
2025-12-16T17:58:06.155856+0100 chargesom manager[840007]: [INFO] powersupply_dc:  :: Infy: Capabilities updated: 1000V / 50V, 102A, power 30000W
2025-12-16T17:58:06.157693+0100 chargesom manager[840007]: [INFO] powersupply_dc:  :: Infy[0x00]: serial number: SN_2818a396c70776_V
2025-12-16T17:58:06.167159+0100 chargesom manager[840007]: [INFO] powersupply_dc:  :: Infy[0x00]: capabilities: 1000V / 50V, 102A, power 30000W
2025-12-16T17:58:06.167159+0100 chargesom manager[840007]: [INFO] powersupply_dc:  :: Infy: Capabilities updated: 1000V / 50V, 102A, power 30000W
2025-12-16T17:58:06.169410+0100 chargesom manager[840007]: [INFO] powersupply_dc:  :: Infy[0x00]: serial number: SN_2818a396c70776_V
2025-12-16T17:58:06.179541+0100 chargesom manager[840007]: [INFO] powersupply_dc:  :: Infy[0x00]: capabilities: 1000V / 50V, 102A, power 30000W
2025-12-16T17:58:06.179541+0100 chargesom manager[840007]: [INFO] powersupply_dc:  :: Infy: Capabilities updated: 1000V / 50V, 102A, power 30000W
2025-12-16T17:58:06.181927+0100 chargesom manager[840007]: [INFO] powersupply_dc:  :: Infy[0x00]: serial number: SN_2818a396c70776_V
2025-12-16T17:58:06.190340+0100 chargesom manager[840007]: [INFO] powersupply_dc:  :: Infy[0x00]: capabilities: 1000V / 50V, 102A, power 30000W
2025-12-16T17:58:06.190715+0100 chargesom manager[840007]: [INFO] powersupply_dc:  :: Infy: Capabilities updated: 1000V / 50V, 102A, power 30000W
2025-12-16T17:58:06.192695+0100 chargesom manager[840007]: [INFO] powersupply_dc:  :: Infy[0x00]: serial number: SN_2818a396c70776_V
2025-12-16T17:58:06.201945+0100 chargesom manager[840007]: [INFO] powersupply_dc:  :: Infy[0x00]: capabilities: 1000V / 50V, 102A, power 30000W
2025-12-16T17:58:06.202585+0100 chargesom manager[840007]: [INFO] powersupply_dc:  :: Infy: Capabilities updated: 1000V / 50V, 102A, power 30000W
2025-12-16T17:58:06.204261+0100 chargesom manager[840007]: [INFO] powersupply_dc:  :: Infy[0x00]: serial number: SN_2818a396c70776_V
2025-12-16T17:58:06.213605+0100 chargesom manager[840007]: [INFO] powersupply_dc:  :: Infy[0x00]: capabilities: 1000V / 50V, 102A, power 30000W
2025-12-16T17:58:06.213977+0100 chargesom manager[840007]: [INFO] powersupply_dc:  :: Infy: Capabilities updated: 1000V / 50V, 102A, power 30000W
2025-12-16T17:58:06.215893+0100 chargesom manager[840007]: [INFO] powersupply_dc:  :: Infy[0x00]: serial number: SN_2818a396c70776_V
2025-12-16T17:58:06.225236+0100 chargesom manager[840007]: [INFO] powersupply_dc:  :: Infy[0x00]: capabilities: 1000V / 50V, 102A, power 30000W
2025-12-16T17:58:06.225590+0100 chargesom manager[840007]: [INFO] powersupply_dc:  :: Infy: Capabilities updated: 1000V / 50V, 102A, power 30000W
2025-12-16T17:58:06.227488+0100 chargesom manager[840007]: [INFO] powersupply_dc:  :: Infy[0x00]: serial number: SN_2818a396c70776_V
2025-12-16T17:58:06.236844+0100 chargesom manager[840007]: [INFO] powersupply_dc:  :: Infy[0x00]: capabilities: 1000V / 50V, 102A, power 30000W
2025-12-16T17:58:06.237276+0100 chargesom manager[840007]: [INFO] powersupply_dc:  :: Infy: Capabilities updated: 1000V / 50V, 102A, power 30000W
2025-12-16T17:58:06.239157+0100 chargesom manager[840007]: [INFO] powersupply_dc:  :: Infy[0x00]: serial number: SN_2818a396c70776_V
2025-12-16T17:58:06.248487+0100 chargesom manager[840007]: [INFO] powersupply_dc:  :: Infy[0x00]: capabilities: 1000V / 50V, 102A, power 30000W
2025-12-16T17:58:06.248887+0100 chargesom manager[840007]: [INFO] powersupply_dc:  :: Infy: Capabilities updated: 1000V / 50V, 102A, power 30000W
2025-12-16T17:58:06.250767+0100 chargesom manager[840007]: [INFO] powersupply_dc:  :: Infy[0x00]: serial number: SN_2818a396c70776_V
2025-12-16T17:58:06.260104+0100 chargesom manager[840007]: [INFO] powersupply_dc:  :: Infy[0x00]: capabilities: 1000V / 50V, 102A, power 30000W
2025-12-16T17:58:06.260492+0100 chargesom manager[840007]: [INFO] powersupply_dc:  :: Infy: Capabilities updated: 1000V / 50V, 102A, power 30000W
2025-12-16T17:58:06.262303+0100 chargesom manager[840000]: [WARN] iso15118_charge  :: Physical value out of scope. Ignore value
2025-12-16T17:58:06.262637+0100 chargesom manager[840007]: [INFO] powersupply_dc:  :: Infy[0x00]: serial number: SN_2818a396c70776_V
2025-12-16T17:58:06.271809+0100 chargesom manager[840007]: [INFO] powersupply_dc:  :: Infy[0x00]: capabilities: 1000V / 50V, 102A, power 30000W
2025-12-16T17:58:06.272164+0100 chargesom manager[840007]: [INFO] powersupply_dc:  :: Infy: Capabilities updated: 1000V / 50V, 102A, power 30000W
2025-12-16T17:58:06.274059+0100 chargesom manager[840007]: [INFO] powersupply_dc:  :: Infy[0x00]: serial number: SN_2818a396c70776_V
2025-12-16T17:58:06.283389+0100 chargesom manager[840007]: [INFO] powersupply_dc:  :: Infy[0x00]: capabilities: 1000V / 50V, 102A, power 30000W
2025-12-16T17:58:06.283721+0100 chargesom manager[840007]: [INFO] powersupply_dc:  :: Infy: Capabilities updated: 1000V / 50V, 102A, power 30000W
2025-12-16T17:58:06.285697+0100 chargesom manager[840007]: [INFO] powersupply_dc:  :: Infy[0x00]: serial number: SN_2818a396c70776_V
2025-12-16T17:58:06.295037+0100 chargesom manager[840007]: [INFO] powersupply_dc:  :: Infy[0x00]: capabilities: 1000V / 50V, 102A, power 30000W
2025-12-16T17:58:06.295367+0100 chargesom manager[840007]: [INFO] powersupply_dc:  :: Infy: Capabilities updated: 1000V / 50V, 102A, power 30000W
2025-12-16T17:58:06.297330+0100 chargesom manager[840007]: [INFO] powersupply_dc:  :: Infy[0x00]: serial number: SN_2818a396c70776_V
2025-12-16T17:58:06.307165+0100 chargesom manager[840007]: [INFO] powersupply_dc:  :: Infy[0x00]: capabilities: 1000V / 50V, 102A, power 30000W
2025-12-16T17:58:06.307165+0100 chargesom manager[840007]: [INFO] powersupply_dc:  :: Infy: Capabilities updated: 1000V / 50V, 102A, power 30000W
2025-12-16T17:58:06.310392+0100 chargesom manager[840007]: [INFO] powersupply_dc:  :: Infy[0x00]: serial number: SN_2818a396c70776_V
2025-12-16T17:58:06.319439+0100 chargesom manager[840007]: [INFO] powersupply_dc:  :: Infy[0x00]: capabilities: 1000V / 50V, 102A, power 30000W
2025-12-16T17:58:06.319439+0100 chargesom manager[840007]: [INFO] powersupply_dc:  :: Infy: Capabilities updated: 1000V / 50V, 102A, power 30000W
2025-12-16T17:58:06.321629+0100 chargesom manager[840007]: [INFO] powersupply_dc:  :: Infy[0x00]: serial number: SN_2818a396c70776_V
2025-12-16T17:58:06.330416+0100 chargesom manager[840007]: [INFO] powersupply_dc:  :: Infy[0x00]: capabilities: 1000V / 50V, 102A, power 30000W
2025-12-16T17:58:06.330416+0100 chargesom manager[840007]: [INFO] powersupply_dc:  :: Infy: Capabilities updated: 1000V / 50V, 102A, power 30000W
2025-12-16T17:58:06.332366+0100 chargesom manager[840007]: [INFO] powersupply_dc:  :: Infy[0x00]: serial number: SN_2818a396c70776_V
2025-12-16T17:58:06.344262+0100 chargesom manager[840007]: [INFO] powersupply_dc:  :: Infy[0x00]: capabilities: 1000V / 50V, 102A, power 30000W
2025-12-16T17:58:06.344262+0100 chargesom manager[840007]: [INFO] powersupply_dc:  :: Infy: Capabilities updated: 1000V / 50V, 102A, power 30000W
2025-12-16T17:58:06.344262+0100 chargesom manager[840007]: [INFO] powersupply_dc:  :: Infy[0x00]: serial number: SN_2818a396c70776_V
2025-12-16T17:58:06.353676+0100 chargesom manager[840007]: [INFO] powersupply_dc:  :: Infy[0x00]: capabilities: 1000V / 50V, 102A, power 30000W
2025-12-16T17:58:06.353676+0100 chargesom manager[840007]: [INFO] powersupply_dc:  :: Infy: Capabilities updated: 1000V / 50V, 102A, power 30000W
2025-12-16T17:58:06.355636+0100 chargesom manager[840007]: [INFO] powersupply_dc:  :: Infy[0x00]: serial number: SN_2818a396c70776_V
2025-12-16T17:58:06.363405+0100 chargesom manager[840000]: [WARN] iso15118_charge  :: Physical value out of scope. Ignore value
2025-12-16T17:58:06.365427+0100 chargesom manager[840007]: [INFO] powersupply_dc:  :: Infy[0x00]: capabilities: 1000V / 50V, 102A, power 30000W
2025-12-16T17:58:06.365427+0100 chargesom manager[840007]: [INFO] powersupply_dc:  :: Infy: Capabilities updated: 1000V / 50V, 102A, power 30000W
2025-12-16T17:58:06.367232+0100 chargesom manager[840007]: [INFO] powersupply_dc:  :: Infy[0x00]: serial number: SN_2818a396c70776_V
2025-12-16T17:58:06.376577+0100 chargesom manager[840007]: [INFO] powersupply_dc:  :: Infy[0x00]: capabilities: 1000V / 50V, 102A, power 30000W
2025-12-16T17:58:06.376968+0100 chargesom manager[840007]: [INFO] powersupply_dc:  :: Infy: Capabilities updated: 1000V / 50V, 102A, power 30000W
2025-12-16T17:58:06.378819+0100 chargesom manager[840007]: [INFO] powersupply_dc:  :: Infy[0x00]: serial number: SN_2818a396c70776_V
2025-12-16T17:58:06.388195+0100 chargesom manager[840007]: [INFO] powersupply_dc:  :: Infy[0x00]: capabilities: 1000V / 50V, 102A, power 30000W
2025-12-16T17:58:06.389444+0100 chargesom manager[840007]: [INFO] powersupply_dc:  :: Infy: Capabilities updated: 1000V / 50V, 102A, power 30000W
2025-12-16T17:58:06.390489+0100 chargesom manager[840007]: [INFO] powersupply_dc:  :: Infy[0x00]: serial number: SN_2818a396c70776_V
2025-12-16T17:58:06.399793+0100 chargesom manager[840007]: [INFO] powersupply_dc:  :: Infy[0x00]: capabilities: 1000V / 50V, 102A, power 30000W
2025-12-16T17:58:06.400141+0100 chargesom manager[840007]: [INFO] powersupply_dc:  :: Infy: Capabilities updated: 1000V / 50V, 102A, power 30000W
2025-12-16T17:58:06.402102+0100 chargesom manager[840007]: [INFO] powersupply_dc:  :: Infy[0x00]: serial number: SN_2818a396c70776_V
2025-12-16T17:58:06.411580+0100 chargesom manager[840007]: [INFO] powersupply_dc:  :: Infy[0x00]: capabilities: 1000V / 50V, 102A, power 30000W
2025-12-16T17:58:06.411937+0100 chargesom manager[840007]: [INFO] powersupply_dc:  :: Infy: Capabilities updated: 1000V / 50V, 102A, power 30000W
2025-12-16T17:58:06.414127+0100 chargesom manager[840007]: [INFO] powersupply_dc:  :: Infy[0x00]: serial number: SN_2818a396c70776_V
2025-12-16T17:58:06.423642+0100 chargesom manager[840007]: [INFO] powersupply_dc:  :: Infy[0x00]: capabilities: 1000V / 50V, 102A, power 30000W
2025-12-16T17:58:06.423642+0100 chargesom manager[840007]: [INFO] powersupply_dc:  :: Infy: Capabilities updated: 1000V / 50V, 102A, power 30000W
2025-12-16T17:58:06.425582+0100 chargesom manager[840007]: [INFO] powersupply_dc:  :: Infy[0x00]: serial number: SN_2818a396c70776_V
2025-12-16T17:58:06.434742+0100 chargesom manager[840007]: [INFO] powersupply_dc:  :: Infy[0x00]: capabilities: 1000V / 50V, 102A, power 30000W
2025-12-16T17:58:06.435167+0100 chargesom manager[840007]: [INFO] powersupply_dc:  :: Infy: Capabilities updated: 1000V / 50V, 102A, power 30000W
2025-12-16T17:58:06.437024+0100 chargesom manager[840007]: [INFO] powersupply_dc:  :: Infy[0x00]: serial number: SN_2818a396c70776_V
2025-12-16T17:58:06.448766+0100 chargesom manager[840007]: [INFO] powersupply_dc:  :: Infy[0x00]: capabilities: 1000V / 50V, 102A, power 30000W
2025-12-16T17:58:06.449177+0100 chargesom manager[840007]: [INFO] powersupply_dc:  :: Infy: Capabilities updated: 1000V / 50V, 102A, power 30000W
2025-12-16T17:58:06.452181+0100 chargesom manager[840007]: [INFO] powersupply_dc:  :: Infy[0x00]: serial number: SN_2818a396c70776_V
2025-12-16T17:58:06.453629+0100 chargesom manager[840000]: [WARN] iso15118_charge  :: Physical value out of scope. Ignore value
2025-12-16T17:58:06.459196+0100 chargesom manager[840007]: [INFO] powersupply_dc:  :: Infy[0x00]: capabilities: 1000V / 50V, 102A, power 30000W
2025-12-16T17:58:06.459549+0100 chargesom manager[840007]: [INFO] powersupply_dc:  :: Infy: Capabilities updated: 1000V / 50V, 102A, power 30000W
2025-12-16T17:58:06.462050+0100 chargesom manager[840007]: [INFO] powersupply_dc:  :: Infy[0x00]: serial number: SN_2818a396c70776_V
2025-12-16T17:58:06.470857+0100 chargesom manager[840007]: [INFO] powersupply_dc:  :: Infy[0x00]: capabilities: 1000V / 50V, 102A, power 30000W
2025-12-16T17:58:06.471217+0100 chargesom manager[840007]: [INFO] powersupply_dc:  :: Infy: Capabilities updated: 1000V / 50V, 102A, power 30000W
2025-12-16T17:58:06.473135+0100 chargesom manager[840007]: [INFO] powersupply_dc:  :: Infy[0x00]: serial number: SN_2818a396c70776_V
2025-12-16T17:58:06.482472+0100 chargesom manager[840007]: [INFO] powersupply_dc:  :: Infy[0x00]: capabilities: 1000V / 50V, 102A, power 30000W
2025-12-16T17:58:06.482809+0100 chargesom manager[840007]: [INFO] powersupply_dc:  :: Infy: Capabilities updated: 1000V / 50V, 102A, power 30000W
2025-12-16T17:58:06.484805+0100 chargesom manager[840007]: [INFO] powersupply_dc:  :: Infy[0x00]: serial number: SN_2818a396c70776_V
2025-12-16T17:58:06.494092+0100 chargesom manager[840007]: [INFO] powersupply_dc:  :: Infy[0x00]: capabilities: 1000V / 50V, 102A, power 30000W
2025-12-16T17:58:06.494416+0100 chargesom manager[840007]: [INFO] powersupply_dc:  :: Infy: Capabilities updated: 1000V / 50V, 102A, power 30000W
2025-12-16T17:58:06.496400+0100 chargesom manager[840007]: [INFO] powersupply_dc:  :: Infy[0x00]: serial number: SN_2818a396c70776_V
2025-12-16T17:58:06.505821+0100 chargesom manager[840007]: [INFO] powersupply_dc:  :: Infy[0x00]: capabilities: 1000V / 50V, 102A, power 30000W
2025-12-16T17:58:06.506177+0100 chargesom manager[840007]: [INFO] powersupply_dc:  :: Infy: Capabilities updated: 1000V / 50V, 102A, power 30000W
2025-12-16T17:58:06.508039+0100 chargesom manager[840007]: [INFO] powersupply_dc:  :: Infy[0x00]: serial number: SN_2818a396c70776_V
2025-12-16T17:58:06.517430+0100 chargesom manager[840007]: [INFO] powersupply_dc:  :: Infy[0x00]: capabilities: 1000V / 50V, 102A, power 30000W
2025-12-16T17:58:06.517871+0100 chargesom manager[840007]: [INFO] powersupply_dc:  :: Infy: Capabilities updated: 1000V / 50V, 102A, power 30000W
2025-12-16T17:58:06.519683+0100 chargesom manager[840007]: [INFO] powersupply_dc:  :: Infy[0x00]: serial number: SN_2818a396c70776_V
2025-12-16T17:58:06.529010+0100 chargesom manager[840007]: [INFO] powersupply_dc:  :: Infy[0x00]: capabilities: 1000V / 50V, 102A, power 30000W
2025-12-16T17:58:06.529351+0100 chargesom manager[840007]: [INFO] powersupply_dc:  :: Infy: Capabilities updated: 1000V / 50V, 102A, power 30000W
2025-12-16T17:58:06.531312+0100 chargesom manager[840007]: [INFO] powersupply_dc:  :: Infy[0x00]: serial number: SN_2818a396c70776_V
2025-12-16T17:58:06.540729+0100 chargesom manager[840007]: [INFO] powersupply_dc:  :: Infy[0x00]: capabilities: 1000V / 50V, 102A, power 30000W
2025-12-16T17:58:06.541075+0100 chargesom manager[840007]: [INFO] powersupply_dc:  :: Infy: Capabilities updated: 1000V / 50V, 102A, power 30000W
2025-12-16T17:58:06.543133+0100 chargesom manager[840007]: [INFO] powersupply_dc:  :: Infy[0x00]: serial number: SN_2818a396c70776_V
2025-12-16T17:58:06.552346+0100 chargesom manager[840007]: [INFO] powersupply_dc:  :: Infy[0x00]: capabilities: 1000V / 50V, 102A, power 30000W
2025-12-16T17:58:06.552863+0100 chargesom manager[840007]: [INFO] powersupply_dc:  :: Infy: Capabilities updated: 1000V / 50V, 102A, power 30000W
2025-12-16T17:58:06.555343+0100 chargesom manager[840007]: [INFO] powersupply_dc:  :: Infy[0x00]: serial number: SN_2818a396c70776_V
2025-12-16T17:58:06.563977+0100 chargesom manager[840007]: [INFO] powersupply_dc:  :: Infy[0x00]: capabilities: 1000V / 50V, 102A, power 30000W
2025-12-16T17:58:06.564353+0100 chargesom manager[840007]: [INFO] powersupply_dc:  :: Infy: Capabilities updated: 1000V / 50V, 102A, power 30000W
2025-12-16T17:58:06.566272+0100 chargesom manager[840007]: [INFO] powersupply_dc:  :: Infy[0x00]: serial number: SN_2818a396c70776_V
2025-12-16T17:58:06.575732+0100 chargesom manager[840007]: [INFO] powersupply_dc:  :: Infy[0x00]: capabilities: 1000V / 50V, 102A, power 30000W
2025-12-16T17:58:06.576081+0100 chargesom manager[840007]: [INFO] powersupply_dc:  :: Infy: Capabilities updated: 1000V / 50V, 102A, power 30000W
2025-12-16T17:58:06.577999+0100 chargesom manager[840007]: [INFO] powersupply_dc:  :: Infy[0x00]: serial number: SN_2818a396c70776_V
2025-12-16T17:58:06.587247+0100 chargesom manager[840007]: [INFO] powersupply_dc:  :: Infy[0x00]: capabilities: 1000V / 50V, 102A, power 30000W
2025-12-16T17:58:06.587586+0100 chargesom manager[840007]: [INFO] powersupply_dc:  :: Infy: Capabilities updated: 1000V / 50V, 102A, power 30000W
2025-12-16T17:58:06.589690+0100 chargesom manager[840007]: [INFO] powersupply_dc:  :: Infy[0x00]: serial number: SN_2818a396c70776_V
2025-12-16T17:58:06.599514+0100 chargesom manager[840007]: [INFO] powersupply_dc:  :: Infy[0x00]: capabilities: 1000V / 50V, 102A, power 30000W
2025-12-16T17:58:06.599514+0100 chargesom manager[840007]: [INFO] powersupply_dc:  :: Infy: Capabilities updated: 1000V / 50V, 102A, power 30000W
2025-12-16T17:58:06.600448+0100 chargesom manager[840000]: [WARN] iso15118_charge  :: Physical value out of scope. Ignore value
2025-12-16T17:58:06.601562+0100 chargesom manager[840007]: [INFO] powersupply_dc:  :: Infy[0x00]: serial number: SN_2818a396c70776_V
2025-12-16T17:58:06.610526+0100 chargesom manager[840007]: [INFO] powersupply_dc:  :: Infy[0x00]: capabilities: 1000V / 50V, 102A, power 30000W
2025-12-16T17:58:06.610891+0100 chargesom manager[840007]: [INFO] powersupply_dc:  :: Infy: Capabilities updated: 1000V / 50V, 102A, power 30000W
2025-12-16T17:58:06.612857+0100 chargesom manager[840007]: [INFO] powersupply_dc:  :: Infy[0x00]: serial number: SN_2818a396c70776_V
2025-12-16T17:58:06.622162+0100 chargesom manager[840007]: [INFO] powersupply_dc:  :: Infy[0x00]: capabilities: 1000V / 50V, 102A, power 30000W
2025-12-16T17:58:06.622512+0100 chargesom manager[840007]: [INFO] powersupply_dc:  :: Infy: Capabilities updated: 1000V / 50V, 102A, power 30000W
2025-12-16T17:58:06.624439+0100 chargesom manager[840007]: [INFO] powersupply_dc:  :: Infy[0x00]: serial number: SN_2818a396c70776_V
2025-12-16T17:58:06.633784+0100 chargesom manager[840007]: [INFO] powersupply_dc:  :: Infy[0x00]: capabilities: 1000V / 50V, 102A, power 30000W
2025-12-16T17:58:06.634105+0100 chargesom manager[840007]: [INFO] powersupply_dc:  :: Infy: Capabilities updated: 1000V / 50V, 102A, power 30000W
2025-12-16T17:58:06.636067+0100 chargesom manager[840007]: [INFO] powersupply_dc:  :: Infy[0x00]: serial number: SN_2818a396c70776_V
2025-12-16T17:58:06.645504+0100 chargesom manager[840007]: [INFO] powersupply_dc:  :: Infy[0x00]: capabilities: 1000V / 50V, 102A, power 30000W
2025-12-16T17:58:06.646246+0100 chargesom manager[840007]: [INFO] powersupply_dc:  :: Infy: Capabilities updated: 1000V / 50V, 102A, power 30000W
2025-12-16T17:58:06.648331+0100 chargesom manager[840007]: [INFO] powersupply_dc:  :: Infy[0x00]: serial number: SN_2818a396c70776_V
2025-12-16T17:58:06.657094+0100 chargesom manager[840007]: [INFO] powersupply_dc:  :: Infy[0x00]: capabilities: 1000V / 50V, 102A, power 30000W
2025-12-16T17:58:06.657535+0100 chargesom manager[840007]: [INFO] powersupply_dc:  :: Infy: Capabilities updated: 1000V / 50V, 102A, power 30000W
2025-12-16T17:58:06.659360+0100 chargesom manager[840007]: [INFO] powersupply_dc:  :: Infy[0x00]: serial number: SN_2818a396c70776_V
2025-12-16T17:58:06.668714+0100 chargesom manager[840007]: [INFO] powersupply_dc:  :: Infy[0x00]: capabilities: 1000V / 50V, 102A, power 30000W
2025-12-16T17:58:06.669062+0100 chargesom manager[840007]: [INFO] powersupply_dc:  :: Infy: Capabilities updated: 1000V / 50V, 102A, power 30000W
2025-12-16T17:58:06.671030+0100 chargesom manager[840007]: [INFO] powersupply_dc:  :: Infy[0x00]: serial number: SN_2818a396c70776_V
2025-12-16T17:58:06.680521+0100 chargesom manager[840007]: [INFO] powersupply_dc:  :: Infy[0x00]: capabilities: 1000V / 50V, 102A, power 30000W
2025-12-16T17:58:06.680521+0100 chargesom manager[840007]: [INFO] powersupply_dc:  :: Infy: Capabilities updated: 1000V / 50V, 102A, power 30000W
2025-12-16T17:58:06.683066+0100 chargesom manager[840007]: [INFO] powersupply_dc:  :: Infy[0x00]: serial number: SN_2818a396c70776_V
2025-12-16T17:58:06.689719+0100 chargesom manager[840000]: [WARN] iso15118_charge  :: Physical value out of scope. Ignore value
2025-12-16T17:58:06.692107+0100 chargesom manager[840007]: [INFO] powersupply_dc:  :: Infy[0x00]: capabilities: 1000V / 50V, 102A, power 30000W
2025-12-16T17:58:06.692468+0100 chargesom manager[840007]: [INFO] powersupply_dc:  :: Infy: Capabilities updated: 1000V / 50V, 102A, power 30000W
2025-12-16T17:58:06.694277+0100 chargesom manager[840007]: [INFO] powersupply_dc:  :: Infy[0x00]: serial number: SN_2818a396c70776_V
2025-12-16T17:58:06.703629+0100 chargesom manager[840007]: [INFO] powersupply_dc:  :: Infy[0x00]: capabilities: 1000V / 50V, 102A, power 30000W
2025-12-16T17:58:06.703975+0100 chargesom manager[840007]: [INFO] powersupply_dc:  :: Infy: Capabilities updated: 1000V / 50V, 102A, power 30000W
2025-12-16T17:58:06.705887+0100 chargesom manager[840007]: [INFO] powersupply_dc:  :: Infy[0x00]: serial number: SN_2818a396c70776_V
2025-12-16T17:58:06.715262+0100 chargesom manager[840007]: [INFO] powersupply_dc:  :: Infy[0x00]: capabilities: 1000V / 50V, 102A, power 30000W
2025-12-16T17:58:06.716135+0100 chargesom manager[840007]: [INFO] powersupply_dc:  :: Infy: Capabilities updated: 1000V / 50V, 102A, power 30000W
2025-12-16T17:58:06.717565+0100 chargesom manager[840007]: [INFO] powersupply_dc:  :: Infy[0x00]: serial number: SN_2818a396c70776_V
2025-12-16T17:58:06.726876+0100 chargesom manager[840007]: [INFO] powersupply_dc:  :: Infy[0x00]: capabilities: 1000V / 50V, 102A, power 30000W
2025-12-16T17:58:06.727427+0100 chargesom manager[840007]: [INFO] powersupply_dc:  :: Infy: Capabilities updated: 1000V / 50V, 102A, power 30000W
2025-12-16T17:58:06.729194+0100 chargesom manager[840007]: [INFO] powersupply_dc:  :: Infy[0x00]: serial number: SN_2818a396c70776_V
2025-12-16T17:58:06.738577+0100 chargesom manager[840007]: [INFO] powersupply_dc:  :: Infy[0x00]: capabilities: 1000V / 50V, 102A, power 30000W
2025-12-16T17:58:06.738938+0100 chargesom manager[840007]: [INFO] powersupply_dc:  :: Infy: Capabilities updated: 1000V / 50V, 102A, power 30000W
2025-12-16T17:58:06.740961+0100 chargesom manager[840007]: [INFO] powersupply_dc:  :: Infy[0x00]: serial number: SN_2818a396c70776_V
2025-12-16T17:58:06.750194+0100 chargesom manager[840007]: [INFO] powersupply_dc:  :: Infy[0x00]: capabilities: 1000V / 50V, 102A, power 30000W
2025-12-16T17:58:06.750552+0100 chargesom manager[840007]: [INFO] powersupply_dc:  :: Infy: Capabilities updated: 1000V / 50V, 102A, power 30000W
2025-12-16T17:58:06.752461+0100 chargesom manager[840007]: [INFO] powersupply_dc:  :: Infy[0x00]: serial number: SN_2818a396c70776_V
2025-12-16T17:58:06.761785+0100 chargesom manager[840007]: [INFO] powersupply_dc:  :: Infy[0x00]: capabilities: 1000V / 50V, 102A, power 30000W
2025-12-16T17:58:06.762128+0100 chargesom manager[840007]: [INFO] powersupply_dc:  :: Infy: Capabilities updated: 1000V / 50V, 102A, power 30000W
2025-12-16T17:58:06.764084+0100 chargesom manager[840007]: [INFO] powersupply_dc:  :: Infy[0x00]: serial number: SN_2818a396c70776_V
2025-12-16T17:58:06.773465+0100 chargesom manager[840007]: [INFO] powersupply_dc:  :: Infy[0x00]: capabilities: 1000V / 50V, 102A, power 30000W
2025-12-16T17:58:06.773823+0100 chargesom manager[840007]: [INFO] powersupply_dc:  :: Infy: Capabilities updated: 1000V / 50V, 102A, power 30000W
2025-12-16T17:58:06.775718+0100 chargesom manager[840007]: [INFO] powersupply_dc:  :: Infy[0x00]: serial number: SN_2818a396c70776_V
2025-12-16T17:58:06.785954+0100 chargesom manager[840007]: [INFO] powersupply_dc:  :: Infy[0x00]: capabilities: 1000V / 50V, 102A, power 30000W
2025-12-16T17:58:06.785954+0100 chargesom manager[840007]: [INFO] powersupply_dc:  :: Infy: Capabilities updated: 1000V / 50V, 102A, power 30000W
2025-12-16T17:58:06.787541+0100 chargesom manager[840007]: [INFO] powersupply_dc:  :: Infy[0x00]: serial number: SN_2818a396c70776_V
2025-12-16T17:58:06.796823+0100 chargesom manager[840007]: [INFO] powersupply_dc:  :: Infy[0x00]: capabilities: 1000V / 50V, 102A, power 30000W
2025-12-16T17:58:06.797277+0100 chargesom manager[840007]: [INFO] powersupply_dc:  :: Infy: Capabilities updated: 1000V / 50V, 102A, power 30000W
2025-12-16T17:58:06.799031+0100 chargesom manager[840007]: [INFO] powersupply_dc:  :: Infy[0x00]: serial number: SN_2818a396c70776_V
2025-12-16T17:58:06.808330+0100 chargesom manager[840007]: [INFO] powersupply_dc:  :: Infy[0x00]: capabilities: 1000V / 50V, 102A, power 30000W
2025-12-16T17:58:06.808749+0100 chargesom manager[840007]: [INFO] powersupply_dc:  :: Infy: Capabilities updated: 1000V / 50V, 102A, power 30000W
2025-12-16T17:58:06.810689+0100 chargesom manager[840007]: [INFO] powersupply_dc:  :: Infy[0x00]: serial number: SN_2818a396c70776_V
2025-12-16T17:58:06.820001+0100 chargesom manager[840007]: [INFO] powersupply_dc:  :: Infy[0x00]: capabilities: 1000V / 50V, 102A, power 30000W
2025-12-16T17:58:06.820354+0100 chargesom manager[840007]: [INFO] powersupply_dc:  :: Infy: Capabilities updated: 1000V / 50V, 102A, power 30000W
2025-12-16T17:58:06.822293+0100 chargesom manager[840007]: [INFO] powersupply_dc:  :: Infy[0x00]: serial number: SN_2818a396c70776_V
2025-12-16T17:58:06.831614+0100 chargesom manager[840007]: [INFO] powersupply_dc:  :: Infy[0x00]: capabilities: 1000V / 50V, 102A, power 30000W
2025-12-16T17:58:06.831956+0100 chargesom manager[840007]: [INFO] powersupply_dc:  :: Infy: Capabilities updated: 1000V / 50V, 102A, power 30000W
2025-12-16T17:58:06.834920+0100 chargesom manager[840007]: [INFO] powersupply_dc:  :: Infy[0x00]: serial number: SN_2818a396c70776_V
2025-12-16T17:58:06.835390+0100 chargesom manager[840000]: [WARN] iso15118_charge  :: Physical value out of scope. Ignore value
2025-12-16T17:58:06.843281+0100 chargesom manager[840007]: [INFO] powersupply_dc:  :: Infy[0x00]: capabilities: 1000V / 50V, 102A, power 30000W
2025-12-16T17:58:06.843674+0100 chargesom manager[840007]: [INFO] powersupply_dc:  :: Infy: Capabilities updated: 1000V / 50V, 102A, power 30000W
2025-12-16T17:58:06.845536+0100 chargesom manager[840007]: [INFO] powersupply_dc:  :: Infy[0x00]: serial number: SN_2818a396c70776_V
2025-12-16T17:58:06.854885+0100 chargesom manager[840007]: [INFO] powersupply_dc:  :: Infy[0x00]: capabilities: 1000V / 50V, 102A, power 30000W
2025-12-16T17:58:06.855259+0100 chargesom manager[840007]: [INFO] powersupply_dc:  :: Infy: Capabilities updated: 1000V / 50V, 102A, power 30000W
2025-12-16T17:58:06.857178+0100 chargesom manager[840007]: [INFO] powersupply_dc:  :: Infy[0x00]: serial number: SN_2818a396c70776_V
2025-12-16T17:58:06.867675+0100 chargesom manager[840007]: [INFO] powersupply_dc:  :: Infy[0x00]: capabilities: 1000V / 50V, 102A, power 30000W
2025-12-16T17:58:06.868014+0100 chargesom manager[840007]: [INFO] powersupply_dc:  :: Infy: Capabilities updated: 1000V / 50V, 102A, power 30000W
2025-12-16T17:58:06.869965+0100 chargesom manager[840007]: [INFO] powersupply_dc:  :: Infy[0x00]: serial number: SN_2818a396c70776_V
2025-12-16T17:58:06.879282+0100 chargesom manager[840007]: [INFO] powersupply_dc:  :: Infy[0x00]: capabilities: 1000V / 50V, 102A, power 30000W
2025-12-16T17:58:06.879688+0100 chargesom manager[840007]: [INFO] powersupply_dc:  :: Infy: Capabilities updated: 1000V / 50V, 102A, power 30000W
2025-12-16T17:58:06.881769+0100 chargesom manager[840007]: [INFO] powersupply_dc:  :: Infy[0x00]: serial number: SN_2818a396c70776_V
2025-12-16T17:58:06.891501+0100 chargesom manager[840007]: [INFO] powersupply_dc:  :: Infy[0x00]: capabilities: 1000V / 50V, 102A, power 30000W
2025-12-16T17:58:06.891501+0100 chargesom manager[840007]: [INFO] powersupply_dc:  :: Infy: Capabilities updated: 1000V / 50V, 102A, power 30000W
2025-12-16T17:58:06.893653+0100 chargesom manager[840007]: [INFO] powersupply_dc:  :: Infy[0x00]: serial number: SN_2818a396c70776_V
2025-12-16T17:58:06.902598+0100 chargesom manager[840007]: [INFO] powersupply_dc:  :: Infy[0x00]: capabilities: 1000V / 50V, 102A, power 30000W
2025-12-16T17:58:06.903213+0100 chargesom manager[840007]: [INFO] powersupply_dc:  :: Infy: Capabilities updated: 1000V / 50V, 102A, power 30000W
2025-12-16T17:58:06.904907+0100 chargesom manager[840007]: [INFO] powersupply_dc:  :: Infy[0x00]: serial number: SN_2818a396c70776_V
2025-12-16T17:58:06.915005+0100 chargesom manager[840007]: [INFO] powersupply_dc:  :: Infy[0x00]: capabilities: 1000V / 50V, 102A, power 30000W
2025-12-16T17:58:06.915371+0100 chargesom manager[840007]: [INFO] powersupply_dc:  :: Infy: Capabilities updated: 1000V / 50V, 102A, power 30000W
2025-12-16T17:58:06.916961+0100 chargesom manager[840007]: [INFO] powersupply_dc:  :: Infy[0x00]: serial number: SN_2818a396c70776_V
2025-12-16T17:58:06.925884+0100 chargesom manager[840000]: [WARN] iso15118_charge  :: Physical value out of scope. Ignore value
2025-12-16T17:58:06.926604+0100 chargesom manager[840007]: [INFO] powersupply_dc:  :: Infy[0x00]: capabilities: 1000V / 50V, 102A, power 30000W
2025-12-16T17:58:06.927004+0100 chargesom manager[840007]: [INFO] powersupply_dc:  :: Infy: Capabilities updated: 1000V / 50V, 102A, power 30000W
2025-12-16T17:58:06.928863+0100 chargesom manager[840007]: [INFO] powersupply_dc:  :: Infy[0x00]: serial number: SN_2818a396c70776_V
2025-12-16T17:58:06.939362+0100 chargesom manager[840007]: [INFO] powersupply_dc:  :: Infy[0x00]: capabilities: 1000V / 50V, 102A, power 30000W
2025-12-16T17:58:06.939362+0100 chargesom manager[840007]: [INFO] powersupply_dc:  :: Infy: Capabilities updated: 1000V / 50V, 102A, power 30000W
2025-12-16T17:58:06.944648+0100 chargesom manager[840007]: [INFO] powersupply_dc:  :: Infy[0x00]: serial number: SN_2818a396c70776_V
2025-12-16T17:58:06.949653+0100 chargesom manager[840007]: [INFO] powersupply_dc:  :: Infy[0x00]: capabilities: 1000V / 50V, 102A, power 30000W
2025-12-16T17:58:06.949653+0100 chargesom manager[840007]: [INFO] powersupply_dc:  :: Infy: Capabilities updated: 1000V / 50V, 102A, power 30000W
2025-12-16T17:58:06.951486+0100 chargesom manager[840007]: [INFO] powersupply_dc:  :: Infy[0x00]: serial number: SN_2818a396c70776_V
2025-12-16T17:58:06.960856+0100 chargesom manager[840007]: [INFO] powersupply_dc:  :: Infy[0x00]: capabilities: 1000V / 50V, 102A, power 30000W
2025-12-16T17:58:06.961247+0100 chargesom manager[840007]: [INFO] powersupply_dc:  :: Infy: Capabilities updated: 1000V / 50V, 102A, power 30000W
2025-12-16T17:58:06.963097+0100 chargesom manager[840007]: [INFO] powersupply_dc:  :: Infy[0x00]: serial number: SN_2818a396c70776_V
2025-12-16T17:58:06.972467+0100 chargesom manager[840007]: [INFO] powersupply_dc:  :: Infy[0x00]: capabilities: 1000V / 50V, 102A, power 30000W
2025-12-16T17:58:06.972858+0100 chargesom manager[840007]: [INFO] powersupply_dc:  :: Infy: Capabilities updated: 1000V / 50V, 102A, power 30000W
2025-12-16T17:58:06.974752+0100 chargesom manager[840007]: [INFO] powersupply_dc:  :: Infy[0x00]: serial number: SN_2818a396c70776_V
2025-12-16T17:58:06.984082+0100 chargesom manager[840007]: [INFO] powersupply_dc:  :: Infy[0x00]: capabilities: 1000V / 50V, 102A, power 30000W
2025-12-16T17:58:06.984388+0100 chargesom manager[840007]: [INFO] powersupply_dc:  :: Infy: Capabilities updated: 1000V / 50V, 102A, power 30000W
2025-12-16T17:58:06.986590+0100 chargesom manager[840007]: [INFO] powersupply_dc:  :: Infy[0x00]: serial number: SN_2818a396c70776_V
2025-12-16T17:58:06.991119+0100 chargesom manager[840000]: [WARN] iso15118_charge  :: Physical value out of scope. Ignore value
2025-12-16T17:58:06.995776+0100 chargesom manager[840007]: [INFO] powersupply_dc:  :: Infy[0x00]: capabilities: 1000V / 50V, 102A, power 30000W
2025-12-16T17:58:06.996223+0100 chargesom manager[840007]: [INFO] powersupply_dc:  :: Infy: Capabilities updated: 1000V / 50V, 102A, power 30000W
2025-12-16T17:58:06.998071+0100 chargesom manager[840007]: [INFO] powersupply_dc:  :: Infy[0x00]: serial number: SN_2818a396c70776_V
2025-12-16T17:58:07.007401+0100 chargesom manager[840007]: [INFO] powersupply_dc:  :: Infy[0x00]: capabilities: 1000V / 50V, 102A, power 30000W
2025-12-16T17:58:07.007738+0100 chargesom manager[840007]: [INFO] powersupply_dc:  :: Infy: Capabilities updated: 1000V / 50V, 102A, power 30000W
2025-12-16T17:58:07.009718+0100 chargesom manager[840007]: [INFO] powersupply_dc:  :: Infy[0x00]: serial number: SN_2818a396c70776_V
2025-12-16T17:58:07.019017+0100 chargesom manager[840007]: [INFO] powersupply_dc:  :: Infy[0x00]: capabilities: 1000V / 50V, 102A, power 30000W
2025-12-16T17:58:07.019422+0100 chargesom manager[840007]: [INFO] powersupply_dc:  :: Infy: Capabilities updated: 1000V / 50V, 102A, power 30000W
2025-12-16T17:58:07.021339+0100 chargesom manager[840007]: [INFO] powersupply_dc:  :: Infy[0x00]: serial number: SN_2818a396c70776_V
2025-12-16T17:58:07.030694+0100 chargesom manager[840007]: [INFO] powersupply_dc:  :: Infy[0x00]: capabilities: 1000V / 50V, 102A, power 30000W
2025-12-16T17:58:07.031255+0100 chargesom manager[840007]: [INFO] powersupply_dc:  :: Infy: Capabilities updated: 1000V / 50V, 102A, power 30000W
2025-12-16T17:58:07.033101+0100 chargesom manager[840007]: [INFO] powersupply_dc:  :: Infy[0x00]: serial number: SN_2818a396c70776_V
2025-12-16T17:58:07.042354+0100 chargesom manager[840007]: [INFO] powersupply_dc:  :: Infy[0x00]: capabilities: 1000V / 50V, 102A, power 30000W
2025-12-16T17:58:07.042710+0100 chargesom manager[840007]: [INFO] powersupply_dc:  :: Infy: Capabilities updated: 1000V / 50V, 102A, power 30000W
2025-12-16T17:58:07.044660+0100 chargesom manager[840007]: [INFO] powersupply_dc:  :: Infy[0x00]: serial number: SN_2818a396c70776_V
2025-12-16T17:58:07.053945+0100 chargesom manager[840007]: [INFO] powersupply_dc:  :: Infy[0x00]: capabilities: 1000V / 50V, 102A, power 30000W
2025-12-16T17:58:07.054271+0100 chargesom manager[840007]: [INFO] powersupply_dc:  :: Infy: Capabilities updated: 1000V / 50V, 102A, power 30000W
2025-12-16T17:58:07.056246+0100 chargesom manager[840007]: [INFO] powersupply_dc:  :: Infy[0x00]: serial number: SN_2818a396c70776_V
2025-12-16T17:58:07.065602+0100 chargesom manager[840007]: [INFO] powersupply_dc:  :: Infy[0x00]: capabilities: 1000V / 50V, 102A, power 30000W
2025-12-16T17:58:07.065941+0100 chargesom manager[840007]: [INFO] powersupply_dc:  :: Infy: Capabilities updated: 1000V / 50V, 102A, power 30000W
2025-12-16T17:58:07.067890+0100 chargesom manager[840007]: [INFO] powersupply_dc:  :: Infy[0x00]: serial number: SN_2818a396c70776_V
2025-12-16T17:58:07.077774+0100 chargesom manager[840007]: [INFO] powersupply_dc:  :: Infy[0x00]: capabilities: 1000V / 50V, 102A, power 30000W
2025-12-16T17:58:07.077774+0100 chargesom manager[840007]: [INFO] powersupply_dc:  :: Infy: Capabilities updated: 1000V / 50V, 102A, power 30000W
2025-12-16T17:58:07.079742+0100 chargesom manager[840007]: [INFO] powersupply_dc:  :: Infy[0x00]: serial number: SN_2818a396c70776_V
2025-12-16T17:58:07.088934+0100 chargesom manager[840007]: [INFO] powersupply_dc:  :: Infy[0x00]: capabilities: 1000V / 50V, 102A, power 30000W
2025-12-16T17:58:07.089320+0100 chargesom manager[840007]: [INFO] powersupply_dc:  :: Infy: Capabilities updated: 1000V / 50V, 102A, power 30000W
2025-12-16T17:58:07.091175+0100 chargesom manager[840007]: [INFO] powersupply_dc:  :: Infy[0x00]: serial number: SN_2818a396c70776_V
2025-12-16T17:58:07.100504+0100 chargesom manager[840007]: [INFO] powersupply_dc:  :: Infy[0x00]: capabilities: 1000V / 50V, 102A, power 30000W
2025-12-16T17:58:07.100954+0100 chargesom manager[840007]: [INFO] powersupply_dc:  :: Infy: Capabilities updated: 1000V / 50V, 102A, power 30000W
2025-12-16T17:58:07.102846+0100 chargesom manager[840007]: [INFO] powersupply_dc:  :: Infy[0x00]: serial number: SN_2818a396c70776_V
2025-12-16T17:58:07.112158+0100 chargesom manager[840007]: [INFO] powersupply_dc:  :: Infy[0x00]: capabilities: 1000V / 50V, 102A, power 30000W
2025-12-16T17:58:07.112498+0100 chargesom manager[840007]: [INFO] powersupply_dc:  :: Infy: Capabilities updated: 1000V / 50V, 102A, power 30000W
2025-12-16T17:58:07.114485+0100 chargesom manager[840007]: [INFO] powersupply_dc:  :: Infy[0x00]: serial number: SN_2818a396c70776_V
2025-12-16T17:58:07.123819+0100 chargesom manager[840007]: [INFO] powersupply_dc:  :: Infy[0x00]: capabilities: 1000V / 50V, 102A, power 30000W
2025-12-16T17:58:07.124187+0100 chargesom manager[840007]: [INFO] powersupply_dc:  :: Infy: Capabilities updated: 1000V / 50V, 102A, power 30000W
2025-12-16T17:58:07.127125+0100 chargesom manager[840007]: [INFO] powersupply_dc:  :: Infy[0x00]: serial number: SN_2818a396c70776_V
2025-12-16T17:58:07.135491+0100 chargesom manager[840007]: [INFO] powersupply_dc:  :: Infy[0x00]: capabilities: 1000V / 50V, 102A, power 30000W
2025-12-16T17:58:07.135848+0100 chargesom manager[840007]: [INFO] powersupply_dc:  :: Infy: Capabilities updated: 1000V / 50V, 102A, power 30000W
2025-12-16T17:58:07.137754+0100 chargesom manager[840007]: [INFO] powersupply_dc:  :: Infy[0x00]: serial number: SN_2818a396c70776_V
2025-12-16T17:58:07.147115+0100 chargesom manager[840007]: [INFO] powersupply_dc:  :: Infy[0x00]: capabilities: 1000V / 50V, 102A, power 30000W
2025-12-16T17:58:07.147466+0100 chargesom manager[840007]: [INFO] powersupply_dc:  :: Infy: Capabilities updated: 1000V / 50V, 102A, power 30000W
2025-12-16T17:58:07.149381+0100 chargesom manager[840007]: [INFO] powersupply_dc:  :: Infy[0x00]: serial number: SN_2818a396c70776_V
2025-12-16T17:58:07.158726+0100 chargesom manager[840007]: [INFO] powersupply_dc:  :: Infy[0x00]: capabilities: 1000V / 50V, 102A, power 30000W
2025-12-16T17:58:07.159137+0100 chargesom manager[840007]: [INFO] powersupply_dc:  :: Infy: Capabilities updated: 1000V / 50V, 102A, power 30000W
2025-12-16T17:58:07.161038+0100 chargesom manager[840007]: [INFO] powersupply_dc:  :: Infy[0x00]: serial number: SN_2818a396c70776_V
2025-12-16T17:58:07.170352+0100 chargesom manager[840007]: [INFO] powersupply_dc:  :: Infy[0x00]: capabilities: 1000V / 50V, 102A, power 30000W
2025-12-16T17:58:07.170676+0100 chargesom manager[840007]: [INFO] powersupply_dc:  :: Infy: Capabilities updated: 1000V / 50V, 102A, power 30000W
2025-12-16T17:58:07.173021+0100 chargesom manager[840007]: [INFO] powersupply_dc:  :: Infy[0x00]: serial number: SN_2818a396c70776_V
2025-12-16T17:58:07.182016+0100 chargesom manager[840007]: [INFO] powersupply_dc:  :: Infy[0x00]: capabilities: 1000V / 50V, 102A, power 30000W
2025-12-16T17:58:07.182373+0100 chargesom manager[840007]: [INFO] powersupply_dc:  :: Infy: Capabilities updated: 1000V / 50V, 102A, power 30000W
2025-12-16T17:58:07.184301+0100 chargesom manager[840007]: [INFO] powersupply_dc:  :: Infy[0x00]: serial number: SN_2818a396c70776_V
2025-12-16T17:58:07.193784+0100 chargesom manager[840007]: [INFO] powersupply_dc:  :: Infy[0x00]: capabilities: 1000V / 50V, 102A, power 30000W
2025-12-16T17:58:07.193784+0100 chargesom manager[840007]: [INFO] powersupply_dc:  :: Infy: Capabilities updated: 1000V / 50V, 102A, power 30000W
2025-12-16T17:58:07.196025+0100 chargesom manager[840007]: [INFO] powersupply_dc:  :: Infy[0x00]: serial number: SN_2818a396c70776_V
2025-12-16T17:58:07.205323+0100 chargesom manager[840007]: [INFO] powersupply_dc:  :: Infy[0x00]: capabilities: 1000V / 50V, 102A, power 30000W
2025-12-16T17:58:07.205712+0100 chargesom manager[840007]: [INFO] powersupply_dc:  :: Infy: Capabilities updated: 1000V / 50V, 102A, power 30000W
2025-12-16T17:58:07.207580+0100 chargesom manager[840007]: [INFO] powersupply_dc:  :: Infy[0x00]: serial number: SN_2818a396c70776_V
2025-12-16T17:58:07.216976+0100 chargesom manager[840007]: [INFO] powersupply_dc:  :: Infy[0x00]: capabilities: 1000V / 50V, 102A, power 30000W
2025-12-16T17:58:07.217338+0100 chargesom manager[840007]: [INFO] powersupply_dc:  :: Infy: Capabilities updated: 1000V / 50V, 102A, power 30000W
2025-12-16T17:58:07.219239+0100 chargesom manager[840007]: [INFO] powersupply_dc:  :: Infy[0x00]: serial number: SN_2818a396c70776_V
2025-12-16T17:58:07.224307+0100 chargesom manager[840000]: [WARN] iso15118_charge  :: Physical value out of scope. Ignore value
2025-12-16T17:58:07.228730+0100 chargesom manager[840007]: [INFO] powersupply_dc:  :: Infy[0x00]: capabilities: 1000V / 50V, 102A, power 30000W
2025-12-16T17:58:07.229097+0100 chargesom manager[840007]: [INFO] powersupply_dc:  :: Infy: Capabilities updated: 1000V / 50V, 102A, power 30000W
2025-12-16T17:58:07.230870+0100 chargesom manager[840007]: [INFO] powersupply_dc:  :: Infy[0x00]: serial number: SN_2818a396c70776_V
2025-12-16T17:58:07.240234+0100 chargesom manager[840007]: [INFO] powersupply_dc:  :: Infy[0x00]: capabilities: 1000V / 50V, 102A, power 30000W
2025-12-16T17:58:07.240916+0100 chargesom manager[840007]: [INFO] powersupply_dc:  :: Infy: Capabilities updated: 1000V / 50V, 102A, power 30000W
2025-12-16T17:58:07.242513+0100 chargesom manager[840007]: [INFO] powersupply_dc:  :: Infy[0x00]: serial number: SN_2818a396c70776_V
2025-12-16T17:58:07.251814+0100 chargesom manager[840007]: [INFO] powersupply_dc:  :: Infy[0x00]: capabilities: 1000V / 50V, 102A, power 30000W
2025-12-16T17:58:07.252121+0100 chargesom manager[840007]: [INFO] powersupply_dc:  :: Infy: Capabilities updated: 1000V / 50V, 102A, power 30000W
2025-12-16T17:58:07.254139+0100 chargesom manager[840007]: [INFO] powersupply_dc:  :: Infy[0x00]: serial number: SN_2818a396c70776_V
2025-12-16T17:58:07.264674+0100 chargesom manager[840007]: [INFO] powersupply_dc:  :: Infy[0x00]: capabilities: 1000V / 50V, 102A, power 30000W
2025-12-16T17:58:07.264997+0100 chargesom manager[840007]: [INFO] powersupply_dc:  :: Infy: Capabilities updated: 1000V / 50V, 102A, power 30000W
2025-12-16T17:58:07.266971+0100 chargesom manager[840007]: [INFO] powersupply_dc:  :: Infy[0x00]: serial number: SN_2818a396c70776_V
2025-12-16T17:58:07.276371+0100 chargesom manager[840007]: [INFO] powersupply_dc:  :: Infy[0x00]: capabilities: 1000V / 50V, 102A, power 30000W
2025-12-16T17:58:07.276775+0100 chargesom manager[840007]: [INFO] powersupply_dc:  :: Infy: Capabilities updated: 1000V / 50V, 102A, power 30000W
2025-12-16T17:58:07.278716+0100 chargesom manager[840007]: [INFO] powersupply_dc:  :: Infy[0x00]: serial number: SN_2818a396c70776_V
2025-12-16T17:58:07.287908+0100 chargesom manager[840007]: [INFO] powersupply_dc:  :: Infy[0x00]: capabilities: 1000V / 50V, 102A, power 30000W
2025-12-16T17:58:07.288274+0100 chargesom manager[840007]: [INFO] powersupply_dc:  :: Infy: Capabilities updated: 1000V / 50V, 102A, power 30000W
2025-12-16T17:58:07.290252+0100 chargesom manager[840007]: [INFO] powersupply_dc:  :: Infy[0x00]: serial number: SN_2818a396c70776_V
2025-12-16T17:58:07.299577+0100 chargesom manager[840007]: [INFO] powersupply_dc:  :: Infy[0x00]: capabilities: 1000V / 50V, 102A, power 30000W
2025-12-16T17:58:07.299921+0100 chargesom manager[840007]: [INFO] powersupply_dc:  :: Infy: Capabilities updated: 1000V / 50V, 102A, power 30000W
2025-12-16T17:58:07.301860+0100 chargesom manager[840007]: [INFO] powersupply_dc:  :: Infy[0x00]: serial number: SN_2818a396c70776_V
2025-12-16T17:58:07.311142+0100 chargesom manager[840007]: [INFO] powersupply_dc:  :: Infy[0x00]: capabilities: 1000V / 50V, 102A, power 30000W
2025-12-16T17:58:07.311470+0100 chargesom manager[840007]: [INFO] powersupply_dc:  :: Infy: Capabilities updated: 1000V / 50V, 102A, power 30000W
2025-12-16T17:58:07.313492+0100 chargesom manager[840007]: [INFO] powersupply_dc:  :: Infy[0x00]: serial number: SN_2818a396c70776_V
2025-12-16T17:58:07.317653+0100 chargesom manager[840000]: [WARN] iso15118_charge  :: Physical value out of scope. Ignore value
2025-12-16T17:58:07.322843+0100 chargesom manager[840007]: [INFO] powersupply_dc:  :: Infy[0x00]: capabilities: 1000V / 50V, 102A, power 30000W
2025-12-16T17:58:07.323233+0100 chargesom manager[840007]: [INFO] powersupply_dc:  :: Infy: Capabilities updated: 1000V / 50V, 102A, power 30000W
2025-12-16T17:58:07.325117+0100 chargesom manager[840007]: [INFO] powersupply_dc:  :: Infy[0x00]: serial number: SN_2818a396c70776_V
2025-12-16T17:58:07.334434+0100 chargesom manager[840007]: [INFO] powersupply_dc:  :: Infy[0x00]: capabilities: 1000V / 50V, 102A, power 30000W
2025-12-16T17:58:07.334769+0100 chargesom manager[840007]: [INFO] powersupply_dc:  :: Infy: Capabilities updated: 1000V / 50V, 102A, power 30000W
2025-12-16T17:58:07.336770+0100 chargesom manager[840007]: [INFO] powersupply_dc:  :: Infy[0x00]: serial number: SN_2818a396c70776_V
2025-12-16T17:58:07.346027+0100 chargesom manager[840007]: [INFO] powersupply_dc:  :: Infy[0x00]: capabilities: 1000V / 50V, 102A, power 30000W
2025-12-16T17:58:07.346424+0100 chargesom manager[840007]: [INFO] powersupply_dc:  :: Infy: Capabilities updated: 1000V / 50V, 102A, power 30000W
2025-12-16T17:58:07.348334+0100 chargesom manager[840007]: [INFO] powersupply_dc:  :: Infy[0x00]: serial number: SN_2818a396c70776_V
2025-12-16T17:58:07.358859+0100 chargesom manager[840007]: [INFO] powersupply_dc:  :: Infy[0x00]: capabilities: 1000V / 50V, 102A, power 30000W
2025-12-16T17:58:07.359194+0100 chargesom manager[840007]: [INFO] powersupply_dc:  :: Infy: Capabilities updated: 1000V / 50V, 102A, power 30000W
2025-12-16T17:58:07.361172+0100 chargesom manager[840007]: [INFO] powersupply_dc:  :: Infy[0x00]: serial number: SN_2818a396c70776_V
2025-12-16T17:58:07.370519+0100 chargesom manager[840007]: [INFO] powersupply_dc:  :: Infy[0x00]: capabilities: 1000V / 50V, 102A, power 30000W
2025-12-16T17:58:07.371094+0100 chargesom manager[840007]: [INFO] powersupply_dc:  :: Infy: Capabilities updated: 1000V / 50V, 102A, power 30000W
2025-12-16T17:58:07.372845+0100 chargesom manager[840007]: [INFO] powersupply_dc:  :: Infy[0x00]: serial number: SN_2818a396c70776_V
2025-12-16T17:58:07.382119+0100 chargesom manager[840007]: [INFO] powersupply_dc:  :: Infy[0x00]: capabilities: 1000V / 50V, 102A, power 30000W
2025-12-16T17:58:07.382472+0100 chargesom manager[840007]: [INFO] powersupply_dc:  :: Infy: Capabilities updated: 1000V / 50V, 102A, power 30000W
2025-12-16T17:58:07.384393+0100 chargesom manager[840007]: [INFO] powersupply_dc:  :: Infy[0x00]: serial number: SN_2818a396c70776_V
2025-12-16T17:58:07.393744+0100 chargesom manager[840007]: [INFO] powersupply_dc:  :: Infy[0x00]: capabilities: 1000V / 50V, 102A, power 30000W
2025-12-16T17:58:07.394872+0100 chargesom manager[840007]: [INFO] powersupply_dc:  :: Infy: Capabilities updated: 1000V / 50V, 102A, power 30000W
2025-12-16T17:58:07.396052+0100 chargesom manager[840007]: [INFO] powersupply_dc:  :: Infy[0x00]: serial number: SN_2818a396c70776_V
2025-12-16T17:58:07.405332+0100 chargesom manager[840007]: [INFO] powersupply_dc:  :: Infy[0x00]: capabilities: 1000V / 50V, 102A, power 30000W
2025-12-16T17:58:07.405673+0100 chargesom manager[840007]: [INFO] powersupply_dc:  :: Infy: Capabilities updated: 1000V / 50V, 102A, power 30000W
2025-12-16T17:58:07.407636+0100 chargesom manager[840007]: [INFO] powersupply_dc:  :: Infy[0x00]: serial number: SN_2818a396c70776_V
2025-12-16T17:58:07.414224+0100 chargesom manager[840000]: [WARN] iso15118_charge  :: Physical value out of scope. Ignore value
2025-12-16T17:58:07.417534+0100 chargesom manager[840007]: [INFO] powersupply_dc:  :: Infy[0x00]: capabilities: 1000V / 50V, 102A, power 30000W
2025-12-16T17:58:07.417534+0100 chargesom manager[840007]: [INFO] powersupply_dc:  :: Infy: Capabilities updated: 1000V / 50V, 102A, power 30000W
2025-12-16T17:58:07.419356+0100 chargesom manager[840007]: [INFO] powersupply_dc:  :: Infy[0x00]: serial number: SN_2818a396c70776_V
2025-12-16T17:58:07.428635+0100 chargesom manager[840007]: [INFO] powersupply_dc:  :: Infy[0x00]: capabilities: 1000V / 50V, 102A, power 30000W
2025-12-16T17:58:07.428966+0100 chargesom manager[840007]: [INFO] powersupply_dc:  :: Infy: Capabilities updated: 1000V / 50V, 102A, power 30000W
2025-12-16T17:58:07.430901+0100 chargesom manager[840007]: [INFO] powersupply_dc:  :: Infy[0x00]: serial number: SN_2818a396c70776_V
2025-12-16T17:58:07.440261+0100 chargesom manager[840007]: [INFO] powersupply_dc:  :: Infy[0x00]: capabilities: 1000V / 50V, 102A, power 30000W
2025-12-16T17:58:07.440741+0100 chargesom manager[840007]: [INFO] powersupply_dc:  :: Infy: Capabilities updated: 1000V / 50V, 102A, power 30000W
2025-12-16T17:58:07.451943+0100 chargesom manager[840007]: [INFO] powersupply_dc:  :: Infy[0x00]: serial number: SN_2818a396c70776_V
2025-12-16T17:58:07.452350+0100 chargesom manager[840007]: [INFO] powersupply_dc:  :: Infy[0x00]: capabilities: 1000V / 50V, 102A, power 30000W
2025-12-16T17:58:07.452350+0100 chargesom manager[840007]: [INFO] powersupply_dc:  :: Infy: Capabilities updated: 1000V / 50V, 102A, power 30000W
2025-12-16T17:58:07.454260+0100 chargesom manager[840007]: [INFO] powersupply_dc:  :: Infy[0x00]: serial number: SN_2818a396c70776_V
2025-12-16T17:58:07.463895+0100 chargesom manager[840007]: [INFO] powersupply_dc:  :: Infy[0x00]: capabilities: 1000V / 50V, 102A, power 30000W
2025-12-16T17:58:07.463895+0100 chargesom manager[840007]: [INFO] powersupply_dc:  :: Infy: Capabilities updated: 1000V / 50V, 102A, power 30000W
2025-12-16T17:58:07.465810+0100 chargesom manager[840007]: [INFO] powersupply_dc:  :: Infy[0x00]: serial number: SN_2818a396c70776_V
2025-12-16T17:58:07.475150+0100 chargesom manager[840007]: [INFO] powersupply_dc:  :: Infy[0x00]: capabilities: 1000V / 50V, 102A, power 30000W
2025-12-16T17:58:07.475485+0100 chargesom manager[840007]: [INFO] powersupply_dc:  :: Infy: Capabilities updated: 1000V / 50V, 102A, power 30000W
2025-12-16T17:58:07.477432+0100 chargesom manager[840007]: [INFO] powersupply_dc:  :: Infy[0x00]: serial number: SN_2818a396c70776_V
2025-12-16T17:58:07.486754+0100 chargesom manager[840007]: [INFO] powersupply_dc:  :: Infy[0x00]: capabilities: 1000V / 50V, 102A, power 30000W
2025-12-16T17:58:07.487095+0100 chargesom manager[840007]: [INFO] powersupply_dc:  :: Infy: Capabilities updated: 1000V / 50V, 102A, power 30000W
2025-12-16T17:58:07.489051+0100 chargesom manager[840007]: [INFO] powersupply_dc:  :: Infy[0x00]: serial number: SN_2818a396c70776_V
2025-12-16T17:58:07.498382+0100 chargesom manager[840007]: [INFO] powersupply_dc:  :: Infy[0x00]: capabilities: 1000V / 50V, 102A, power 30000W
2025-12-16T17:58:07.498706+0100 chargesom manager[840007]: [INFO] powersupply_dc:  :: Infy: Capabilities updated: 1000V / 50V, 102A, power 30000W
2025-12-16T17:58:07.500751+0100 chargesom manager[840007]: [INFO] powersupply_dc:  :: Infy[0x00]: serial number: SN_2818a396c70776_V
2025-12-16T17:58:07.510135+0100 chargesom manager[840007]: [INFO] powersupply_dc:  :: Infy[0x00]: capabilities: 1000V / 50V, 102A, power 30000W
2025-12-16T17:58:07.510493+0100 chargesom manager[840007]: [INFO] powersupply_dc:  :: Infy: Capabilities updated: 1000V / 50V, 102A, power 30000W
2025-12-16T17:58:07.512409+0100 chargesom manager[840007]: [INFO] powersupply_dc:  :: Infy[0x00]: serial number: SN_2818a396c70776_V
2025-12-16T17:58:07.521702+0100 chargesom manager[840007]: [INFO] powersupply_dc:  :: Infy[0x00]: capabilities: 1000V / 50V, 102A, power 30000W
2025-12-16T17:58:07.522163+0100 chargesom manager[840007]: [INFO] powersupply_dc:  :: Infy: Capabilities updated: 1000V / 50V, 102A, power 30000W
2025-12-16T17:58:07.523982+0100 chargesom manager[840007]: [INFO] powersupply_dc:  :: Infy[0x00]: serial number: SN_2818a396c70776_V
2025-12-16T17:58:07.533355+0100 chargesom manager[840007]: [INFO] powersupply_dc:  :: Infy[0x00]: capabilities: 1000V / 50V, 102A, power 30000W
2025-12-16T17:58:07.533734+0100 chargesom manager[840007]: [INFO] powersupply_dc:  :: Infy: Capabilities updated: 1000V / 50V, 102A, power 30000W
2025-12-16T17:58:07.535611+0100 chargesom manager[840007]: [INFO] powersupply_dc:  :: Infy[0x00]: serial number: SN_2818a396c70776_V
2025-12-16T17:58:07.544910+0100 chargesom manager[840007]: [INFO] powersupply_dc:  :: Infy[0x00]: capabilities: 1000V / 50V, 102A, power 30000W
2025-12-16T17:58:07.545219+0100 chargesom manager[840007]: [INFO] powersupply_dc:  :: Infy: Capabilities updated: 1000V / 50V, 102A, power 30000W
2025-12-16T17:58:07.547213+0100 chargesom manager[840007]: [INFO] powersupply_dc:  :: Infy[0x00]: serial number: SN_2818a396c70776_V
2025-12-16T17:58:07.557395+0100 chargesom manager[840007]: [INFO] powersupply_dc:  :: Infy[0x00]: capabilities: 1000V / 50V, 102A, power 30000W
2025-12-16T17:58:07.557395+0100 chargesom manager[840007]: [INFO] powersupply_dc:  :: Infy: Capabilities updated: 1000V / 50V, 102A, power 30000W
2025-12-16T17:58:07.559591+0100 chargesom manager[840007]: [INFO] powersupply_dc:  :: Infy[0x00]: serial number: SN_2818a396c70776_V
2025-12-16T17:58:07.568221+0100 chargesom manager[840007]: [INFO] powersupply_dc:  :: Infy[0x00]: capabilities: 1000V / 50V, 102A, power 30000W
2025-12-16T17:58:07.568642+0100 chargesom manager[840007]: [INFO] powersupply_dc:  :: Infy: Capabilities updated: 1000V / 50V, 102A, power 30000W
2025-12-16T17:58:07.570537+0100 chargesom manager[840007]: [INFO] powersupply_dc:  :: Infy[0x00]: serial number: SN_2818a396c70776_V
2025-12-16T17:58:07.579854+0100 chargesom manager[840007]: [INFO] powersupply_dc:  :: Infy[0x00]: capabilities: 1000V / 50V, 102A, power 30000W
2025-12-16T17:58:07.580203+0100 chargesom manager[840007]: [INFO] powersupply_dc:  :: Infy: Capabilities updated: 1000V / 50V, 102A, power 30000W
2025-12-16T17:58:07.582167+0100 chargesom manager[840007]: [INFO] powersupply_dc:  :: Infy[0x00]: serial number: SN_2818a396c70776_V
2025-12-16T17:58:07.591519+0100 chargesom manager[840007]: [INFO] powersupply_dc:  :: Infy[0x00]: capabilities: 1000V / 50V, 102A, power 30000W
2025-12-16T17:58:07.591861+0100 chargesom manager[840007]: [INFO] powersupply_dc:  :: Infy: Capabilities updated: 1000V / 50V, 102A, power 30000W
2025-12-16T17:58:07.593800+0100 chargesom manager[840007]: [INFO] powersupply_dc:  :: Infy[0x00]: serial number: SN_2818a396c70776_V
2025-12-16T17:58:07.597932+0100 chargesom manager[840000]: [WARN] iso15118_charge  :: Physical value out of scope. Ignore value
2025-12-16T17:58:07.603218+0100 chargesom manager[840007]: [INFO] powersupply_dc:  :: Infy[0x00]: capabilities: 1000V / 50V, 102A, power 30000W
2025-12-16T17:58:07.603669+0100 chargesom manager[840007]: [INFO] powersupply_dc:  :: Infy: Capabilities updated: 1000V / 50V, 102A, power 30000W
2025-12-16T17:58:07.605412+0100 chargesom manager[840007]: [INFO] powersupply_dc:  :: Infy[0x00]: serial number: SN_2818a396c70776_V
2025-12-16T17:58:07.614731+0100 chargesom manager[840007]: [INFO] powersupply_dc:  :: Infy[0x00]: capabilities: 1000V / 50V, 102A, power 30000W
2025-12-16T17:58:07.615055+0100 chargesom manager[840007]: [INFO] powersupply_dc:  :: Infy: Capabilities updated: 1000V / 50V, 102A, power 30000W
2025-12-16T17:58:07.617043+0100 chargesom manager[840007]: [INFO] powersupply_dc:  :: Infy[0x00]: serial number: SN_2818a396c70776_V
2025-12-16T17:58:07.626400+0100 chargesom manager[840007]: [INFO] powersupply_dc:  :: Infy[0x00]: capabilities: 1000V / 50V, 102A, power 30000W
2025-12-16T17:58:07.626745+0100 chargesom manager[840007]: [INFO] powersupply_dc:  :: Infy: Capabilities updated: 1000V / 50V, 102A, power 30000W
2025-12-16T17:58:07.628727+0100 chargesom manager[840007]: [INFO] powersupply_dc:  :: Infy[0x00]: serial number: SN_2818a396c70776_V
2025-12-16T17:58:07.638012+0100 chargesom manager[840007]: [INFO] powersupply_dc:  :: Infy[0x00]: capabilities: 1000V / 50V, 102A, power 30000W
2025-12-16T17:58:07.638338+0100 chargesom manager[840007]: [INFO] powersupply_dc:  :: Infy: Capabilities updated: 1000V / 50V, 102A, power 30000W
2025-12-16T17:58:07.640322+0100 chargesom manager[840007]: [INFO] powersupply_dc:  :: Infy[0x00]: serial number: SN_2818a396c70776_V
2025-12-16T17:58:07.650206+0100 chargesom manager[840007]: [INFO] powersupply_dc:  :: Infy[0x00]: capabilities: 1000V / 50V, 102A, power 30000W
2025-12-16T17:58:07.650206+0100 chargesom manager[840007]: [INFO] powersupply_dc:  :: Infy: Capabilities updated: 1000V / 50V, 102A, power 30000W
2025-12-16T17:58:07.652040+0100 chargesom manager[840007]: [INFO] powersupply_dc:  :: Infy[0x00]: serial number: SN_2818a396c70776_V
2025-12-16T17:58:07.661326+0100 chargesom manager[840007]: [INFO] powersupply_dc:  :: Infy[0x00]: capabilities: 1000V / 50V, 102A, power 30000W
2025-12-16T17:58:07.661641+0100 chargesom manager[840007]: [INFO] powersupply_dc:  :: Infy: Capabilities updated: 1000V / 50V, 102A, power 30000W
2025-12-16T17:58:07.663681+0100 chargesom manager[840007]: [INFO] powersupply_dc:  :: Infy[0x00]: serial number: SN_2818a396c70776_V
2025-12-16T17:58:07.672949+0100 chargesom manager[840007]: [INFO] powersupply_dc:  :: Infy[0x00]: capabilities: 1000V / 50V, 102A, power 30000W
2025-12-16T17:58:07.673290+0100 chargesom manager[840007]: [INFO] powersupply_dc:  :: Infy: Capabilities updated: 1000V / 50V, 102A, power 30000W
2025-12-16T17:58:07.675662+0100 chargesom manager[840007]: [INFO] powersupply_dc:  :: Infy[0x00]: serial number: SN_2818a396c70776_V
2025-12-16T17:58:07.687829+0100 chargesom manager[840007]: [INFO] powersupply_dc:  :: Infy[0x00]: capabilities: 1000V / 50V, 102A, power 30000W
2025-12-16T17:58:07.687829+0100 chargesom manager[840007]: [INFO] powersupply_dc:  :: Infy: Capabilities updated: 1000V / 50V, 102A, power 30000W
2025-12-16T17:58:07.688525+0100 chargesom manager[840000]: [WARN] iso15118_charge  :: Physical value out of scope. Ignore value
2025-12-16T17:58:07.689525+0100 chargesom manager[840007]: [INFO] powersupply_dc:  :: Infy[0x00]: serial number: SN_2818a396c70776_V
2025-12-16T17:58:07.701069+0100 chargesom manager[840007]: [INFO] powersupply_dc:  :: Infy[0x00]: capabilities: 1000V / 50V, 102A, power 30000W
2025-12-16T17:58:07.701069+0100 chargesom manager[840007]: [INFO] powersupply_dc:  :: Infy: Capabilities updated: 1000V / 50V, 102A, power 30000W
2025-12-16T17:58:07.702943+0100 chargesom manager[840007]: [INFO] powersupply_dc:  :: Infy[0x00]: serial number: SN_2818a396c70776_V
2025-12-16T17:58:07.709703+0100 chargesom systemd[1]: Stopping EVerest...
2025-12-16T17:58:07.749926+0100 chargesom systemd[1]: everest.service: Deactivated successfully.
2025-12-16T17:58:07.750772+0100 chargesom systemd[1]: Stopped EVerest.
2025-12-16T17:58:07.765991+0100 chargesom systemd[1]: Starting EVerest...
2025-12-16T17:58:07.771386+0100 chargesom sh[848358]: Starting to migrate EVerest configurations
2025-12-16T17:58:07.789546+0100 chargesom sh[848358]: EVerest configurations migrated successfully
2025-12-16T17:58:07.792805+0100 chargesom systemd[1]: Started EVerest.
2025-12-16T17:58:07.819755+0100 chargesom manager[848363]: [INFO] manager          ::   ________      __                _
2025-12-16T17:58:07.819755+0100 chargesom manager[848363]: [INFO] manager          ::  |  ____\ \    / /               | |
2025-12-16T17:58:07.819755+0100 chargesom manager[848363]: [INFO] manager          ::  | |__   \ \  / /__ _ __ ___  ___| |_
2025-12-16T17:58:07.819755+0100 chargesom manager[848363]: [INFO] manager          ::  |  __|   \ \/ / _ \ '__/ _ \/ __| __|
2025-12-16T17:58:07.819755+0100 chargesom manager[848363]: [INFO] manager          ::  | |____   \  /  __/ | |  __/\__ \ |_
2025-12-16T17:58:07.819755+0100 chargesom manager[848363]: [INFO] manager          ::  |______|   \/ \___|_|  \___||___/\__|
2025-12-16T17:58:07.819755+0100 chargesom manager[848363]: [INFO] manager          ::
2025-12-16T17:58:07.821658+0100 chargesom manager[848363]: [INFO] manager          :: everest-framework 0.23.0 main@v0.23.0
2025-12-16T17:58:07.821658+0100 chargesom manager[848363]: [INFO] manager          :: everest-core 2025.8.0 feature/json-rpc-api-2025.8.0@2025.8.0-351-g14709eef-dirty
2025-12-16T17:58:07.821658+0100 chargesom manager[848363]: [INFO] manager          ::
2025-12-16T17:58:07.821658+0100 chargesom manager[848363]: [INFO] manager          :: Using MQTT broker localhost:1883
2025-12-16T17:58:07.835133+0100 chargesom manager[848364]: [INFO] everest_ctrl     :: Launching controller service on port 8849
2025-12-16T17:58:07.852013+0100 chargesom manager[848363]: [INFO] manager          :: Boot mode is set to YamlFile, loading module configs from YAML file
2025-12-16T17:58:07.852382+0100 chargesom manager[848363]: [INFO] manager          :: Loading config file at: /etc/everest/config.yaml
2025-12-16T17:58:07.969403+0100 chargesom manager[848363]: [INFO] manager          :: Config loading completed in 146ms
2025-12-16T17:58:07.973121+0100 chargesom manager[848363]: [INFO] manager          :: Starting 14 modules
2025-12-16T17:58:09.821399+0100 chargesom manager[848387]: [INFO] energy_manager:  :: Module energy_manager initialized [1759ms]
2025-12-16T17:58:09.835787+0100 chargesom manager[848383]: [WARN] api:API          :: No evse energy sink configured for evse_id: 1. API module does therefore not allow control of amps or power limits for this EVSE
2025-12-16T17:58:09.842376+0100 chargesom manager[848383]: [INFO] api:API          :: Module api initialized [1830ms]
2025-12-16T17:58:09.845653+0100 chargesom manager[848384]: [INFO] auth:Auth        :: Module auth initialized [1787ms]
2025-12-16T17:58:09.863516+0100 chargesom manager[848386]: [INFO] connector:EvseM  :: Module connector initialized [1823ms]
2025-12-16T17:58:09.894911+0100 chargesom manager[848391]: [INFO] error_history:E  :: Using database at "/tmp/error_history.db"
2025-12-16T17:58:09.894911+0100 chargesom manager[848391]: [INFO] error_history:E  :: Checking database
2025-12-16T17:58:09.903887+0100 chargesom manager[848396]: [INFO] evse_slac:EvseS  :: Module evse_slac initialized [1797ms]
2025-12-16T17:58:09.912875+0100 chargesom manager[848391]: [INFO] error_history:E  :: Module error_history initialized [1833ms]
2025-12-16T17:58:09.926899+0100 chargesom manager[848385]: [INFO] bsp:CbChargeSOM  :: chargebyte's Charge SOM EVerest module (version: 0.24.0)
2025-12-16T17:58:09.929435+0100 chargesom manager[848392]: [INFO] evse_security:E  :: Module evse_security initialized [1818ms]
2025-12-16T17:58:09.954014+0100 chargesom manager[848413]: [INFO] powersupply_dc:  :: Infy: Setting config values: CAN device: can0
2025-12-16T17:58:09.955067+0100 chargesom manager[848413]: [INFO] powersupply_dc:  :: Infy: Operating with controller address: 0xf0
2025-12-16T17:58:09.955067+0100 chargesom manager[848413]: [INFO] powersupply_dc:  :: Infy: Operating in FIXED_ADDRESS mode with 1 addresses: 0
2025-12-16T17:58:09.955067+0100 chargesom manager[848413]: [INFO] powersupply_dc:  :: Infy: module communication timeout: 15s
2025-12-16T17:58:09.955067+0100 chargesom manager[848413]: [INFO] powersupply_dc:  :: Infy: Operating in FIXED_ADDRESS mode. No need to ping.
2025-12-16T17:58:09.955067+0100 chargesom manager[848413]: [INFO] powersupply_dc:  :: Infy: switch_on_off(false) - active modules: 1
2025-12-16T17:58:09.955855+0100 chargesom manager[848413]: [INFO] powersupply_dc:  :: Starting CAN RX thread
2025-12-16T17:58:09.955855+0100 chargesom manager[848413]: [INFO] powersupply_dc:  :: CAN error cleared: Success
2025-12-16T17:58:09.955855+0100 chargesom manager[848413]: [INFO] powersupply_dc:  :: Module powersupply_dc initialized [1780ms]
2025-12-16T17:58:09.962148+0100 chargesom manager[848398]: [INFO] grid_connection  :: Module grid_connection_point initialized [1830ms]
2025-12-16T17:58:09.963318+0100 chargesom manager[848402]: [INFO] imd:IMDSimulato  :: Module imd initialized [1830ms]
2025-12-16T17:58:09.965632+0100 chargesom manager[848407]: [INFO] iso15118_charge  :: Module iso15118_charger initialized [1812ms]
2025-12-16T17:58:09.967372+0100 chargesom manager[848423]: [INFO] token_provider:  :: Module token_provider initialized [1783ms]
2025-12-16T17:58:09.980386+0100 chargesom manager[848428]: [INFO] token_validator  :: Module token_validator initialized [1781ms]
2025-12-16T17:58:10.276015+0100 chargesom manager[848385]: [INFO] bsp:CbChargeSOM  :: Safety Controller Firmware: 0.2.5 (gde7345017c7932bc, Charge SOM, firmware)
2025-12-16T17:58:10.276421+0100 chargesom manager[848385]: [INFO] bsp:CbChargeSOM  :: Module bsp initialized [2195ms]
2025-12-16T17:58:10.277319+0100 chargesom manager[848363]: [INFO] manager          :: Clearing retained topics published by manager during startup
2025-12-16T17:58:10.278190+0100 chargesom manager[848363]: [INFO] manager          :: 🚙🚙🚙 All modules are initialized. EVerest up and running [2464ms] 🚙🚙🚙
2025-12-16T17:58:10.284617+0100 chargesom manager[848407]: [INFO] iso15118_charge  :: TCP server on eth1 is listening on port [fe80::201:87ff:fe00:3035%3]:61341
2025-12-16T17:58:10.284617+0100 chargesom manager[848407]: [INFO] iso15118_charge  :: SDP socket setup succeeded
2025-12-16T17:58:10.297394+0100 chargesom manager[848396]: [INFO] evse_slac:EvseS  :: Starting the SLAC state machine
2025-12-16T17:58:10.418722+0100 chargesom manager[848384]: [WARN] auth:Auth        :: Can not load reservations because no storage was configured.
2025-12-16T17:58:10.497574+0100 chargesom manager[848396]: [INFO] evse_slac:EvseS  :: Entered Reset state
2025-12-16T17:58:10.497950+0100 chargesom manager[848396]: [INFO] evse_slac:EvseS  :: New NMK key: 4B:47:34:5A:41:56:31:49:51:41:50:57:42:36:32:54
2025-12-16T17:58:10.499192+0100 chargesom manager[848396]: [INFO] evse_slac:EvseS  :: Received CM_SET_KEY_CNF
2025-12-16T17:58:10.499761+0100 chargesom manager[848396]: [INFO] evse_slac:EvseS  :: Entered Idle state
2025-12-16T17:58:10.965912+0100 chargesom manager[848413]: [INFO] powersupply_dc:  :: Infy[0x00]: capabilities: 1000V / 50V, 102A, power 30000W
2025-12-16T17:58:10.965912+0100 chargesom manager[848413]: [INFO] powersupply_dc:  :: Infy: Capabilities updated: 1000V / 50V, 102A, power 30000W
2025-12-16T17:58:10.965912+0100 chargesom manager[848413]: [INFO] powersupply_dc:  :: Infy: Hot plug detected - module count increased from 0 to 1 modules, redistributing 0A from 0 to 1 modules
2025-12-16T17:58:10.965912+0100 chargesom manager[848413]: [INFO] powersupply_dc:  :: Infy: Restoring last settings: voltage=0V, current=0A, mode=Off, phase=CableCheck
2025-12-16T17:58:10.965912+0100 chargesom manager[848413]: [INFO] powersupply_dc:  :: Infy: Updating voltage/current via CAN: 50V / 1A total → 1A per module - active modules: 1
2025-12-16T17:58:10.965912+0100 chargesom manager[848413]: [INFO] powersupply_dc:  :: Infy: set_voltage_current(50V, 1A) - active modules: 1
2025-12-16T17:58:10.965912+0100 chargesom manager[848413]: [INFO] powersupply_dc:  :: Set mode via CAN: Off with phase CableCheck
2025-12-16T17:58:10.965912+0100 chargesom manager[848413]: [INFO] powersupply_dc:  :: Infy: switch_on_off(false) - active modules: 1
2025-12-16T17:58:10.970394+0100 chargesom manager[848413]: [INFO] powersupply_dc:  :: Infy[0x00]: serial number: SN_2818a396c70776_V
2025-12-16T17:58:15.925164+0100 chargesom manager[848386]: [INFO] connector:EvseM  :: Cleaning up any other transaction on start up
2025-12-16T17:58:16.028340+0100 chargesom manager[848386]: [INFO] connector:EvseM  :: 🌀🌀🌀 Ready to start charging 🌀🌀🌀
2025-12-16T17:58:16.028340+0100 chargesom manager[848386]: [WARN] connector:EvseM void module::EvseManager::ready_to_start_charging() :: No powermeter value received yet!
2025-12-16T17:58:16.419379+0100 chargesom manager[848385]: [INFO] bsp:CbChargeSOM  :: handle_enable: Setting new duty cycle of 100.0%
2025-12-16T17:58:16.548067+0100 chargesom manager[848385]: [INFO] bsp:CbChargeSOM  :: CP state change from PowerOn to A, PWM: 100.0%
2025-12-16T17:58:16.594716+0100 chargesom manager[848385]: [INFO] bsp:CbChargeSOM  :: handle_pwm_off: Setting new duty cycle of 100.0%
2025-12-16T17:58:16.681682+0100 chargesom manager[848385]: [INFO] bsp:CbChargeSOM  :: handle_allow_power_on: request to OPEN the contactor
2025-12-16T17:58:16.737458+0100 chargesom manager[848385]: [INFO] bsp:CbChargeSOM  :: handle_pwm_off: Setting new duty cycle of 100.0%
2025-12-16T17:58:16.781532+0100 chargesom manager[848386]: [INFO] connector:EvseM  :: All errors cleared
2025-12-16T17:59:48.236402+0100 chargesom manager[848385]: [INFO] bsp:CbChargeSOM  :: CP state change from A to B, PWM: 100.0%
2025-12-16T17:59:48.240837+0100 chargesom manager[848396]: [INFO] evse_slac:EvseS  :: Entered Matching state, waiting for CM_SLAC_PARM_REQ
2025-12-16T17:59:48.329726+0100 chargesom manager[848385]: [INFO] bsp:CbChargeSOM  :: handle_allow_power_on: request to OPEN the contactor
2025-12-16T17:59:48.462205+0100 chargesom manager[848386]: [INFO] connector:EvseM  :: SYS  Session logging started.
2025-12-16T17:59:48.463406+0100 chargesom manager[848386]: [INFO] connector:EvseM  :: EVSE IEC Session Started: EVConnected
2025-12-16T17:59:48.467058+0100 chargesom manager[848384]: [INFO] auth:Auth        :: Plug In event for evse#1, starting auth
2025-12-16T17:59:48.468044+0100 chargesom manager[848423]: [INFO] token_provider:  :: Publishing new dummy token: {
2025-12-16T17:59:48.468044+0100 chargesom manager[848423]:     "authorization_type": "RFID",
2025-12-16T17:59:48.468044+0100 chargesom manager[848423]:     "id_token": {
2025-12-16T17:59:48.468044+0100 chargesom manager[848423]:         "type": "ISO14443",
2025-12-16T17:59:48.468044+0100 chargesom manager[848423]:         "value": "[redacted] hash: 29F2679CA504908"
2025-12-16T17:59:48.468044+0100 chargesom manager[848423]:     },
2025-12-16T17:59:48.468044+0100 chargesom manager[848423]:     "parent_id_token": {
2025-12-16T17:59:48.468044+0100 chargesom manager[848423]:         "type": "ISO14443",
2025-12-16T17:59:48.468044+0100 chargesom manager[848423]:         "value": "[redacted] hash: 29F2679CA504908"
2025-12-16T17:59:48.468044+0100 chargesom manager[848423]:     }
2025-12-16T17:59:48.468044+0100 chargesom manager[848423]: }
2025-12-16T17:59:48.475311+0100 chargesom manager[848384]: [INFO] auth:Auth        :: Received new token: {
2025-12-16T17:59:48.475311+0100 chargesom manager[848384]:     "authorization_type": "RFID",
2025-12-16T17:59:48.475311+0100 chargesom manager[848384]:     "id_token": {
2025-12-16T17:59:48.475311+0100 chargesom manager[848384]:         "type": "ISO14443",
2025-12-16T17:59:48.475311+0100 chargesom manager[848384]:         "value": "[redacted] hash: 29F2679CA504908"
2025-12-16T17:59:48.475311+0100 chargesom manager[848384]:     },
2025-12-16T17:59:48.475311+0100 chargesom manager[848384]:     "parent_id_token": {
2025-12-16T17:59:48.475311+0100 chargesom manager[848384]:         "type": "ISO14443",
2025-12-16T17:59:48.475311+0100 chargesom manager[848384]:         "value": "[redacted] hash: 29F2679CA504908"
2025-12-16T17:59:48.475311+0100 chargesom manager[848384]:     }
2025-12-16T17:59:48.475311+0100 chargesom manager[848384]: }
2025-12-16T17:59:48.522072+0100 chargesom manager[848428]: [INFO] token_validator  :: Got validation request for token: [redacted] hash: 29F2679CA504908
2025-12-16T17:59:48.772454+0100 chargesom manager[848428]: [INFO] token_validator  :: Returning validation status: Accepted
2025-12-16T17:59:48.774834+0100 chargesom manager[848384]: [INFO] auth:Auth        :: Providing authorization to evse#1
2025-12-16T17:59:48.963569+0100 chargesom manager[848386]: [INFO] connector:EvseM  :: EVSE IEC Set PWM On (5.0%) took 0 ms
2025-12-16T17:59:49.006661+0100 chargesom manager[848385]: [INFO] bsp:CbChargeSOM  :: handle_pwm_on: Setting new duty cycle of 5.0%
2025-12-16T17:59:49.203770+0100 chargesom manager[848384]: [INFO] auth:Auth        :: Result for token: [redacted] hash: 29F2679CA504908: ACCEPTED
2025-12-16T17:59:49.207722+0100 chargesom manager[848386]: [INFO] connector:EvseM  :: EVSE IEC EIM Authorization received
2025-12-16T17:59:49.208199+0100 chargesom manager[848386]: [INFO] connector:EvseM  :: EVSE IEC Transaction Started (0 kWh)
2025-12-16T17:59:49.209844+0100 chargesom manager[848386]: [INFO] connector:EvseM  :: EVSE IEC DC mode. We are in 5percent mode so we can continue without further action.
2025-12-16T17:59:49.209844+0100 chargesom manager[848386]: [INFO] connector:EvseM  :: EVSE IEC Charger state: Wait for Auth->PrepareCharging
2025-12-16T17:59:55.015647+0100 chargesom manager[848396]: [INFO] evse_slac:EvseS  :: Session (run_id=9B0048A409DF6FBE, ev_mac=F0:7F:0C:11:12:F1): initialized, waiting for CM_START_ATTEN_CHAR_IND
2025-12-16T17:59:55.253572+0100 chargesom manager[848396]: [INFO] evse_slac:EvseS  :: Session (run_id=9B0048A409DF6FBE, ev_mac=F0:7F:0C:11:12:F1): received CM_START_ATTEN_CHAR_IND, going to substate SOUNDING
2025-12-16T17:59:55.293526+0100 chargesom manager[848396]: [INFO] evse_slac:EvseS  :: Session (run_id=9B0048A409DF6FBE, ev_mac=F0:7F:0C:11:12:F1): needs to be in state WAIT_FOR_START_ATTEN_CHAR for CM_START_ATTEN_CHAR_IND
2025-12-16T17:59:55.333424+0100 chargesom manager[848396]: [INFO] evse_slac:EvseS  :: Session (run_id=9B0048A409DF6FBE, ev_mac=F0:7F:0C:11:12:F1): needs to be in state WAIT_FOR_START_ATTEN_CHAR for CM_START_ATTEN_CHAR_IND
2025-12-16T17:59:55.373416+0100 chargesom manager[848396]: [INFO] evse_slac:EvseS  :: Session (run_id=9B0048A409DF6FBE, ev_mac=F0:7F:0C:11:12:F1): received CM_MNBC_SOUND_IND
2025-12-16T17:59:55.381076+0100 chargesom manager[848396]: [INFO] evse_slac:EvseS  :: Session (run_id=9B0048A409DF6FBE, ev_mac=F0:7F:0C:11:12:F1): received CM_ATTEN_PROFILE_IND
2025-12-16T17:59:55.413494+0100 chargesom manager[848396]: [INFO] evse_slac:EvseS  :: Session (run_id=9B0048A409DF6FBE, ev_mac=F0:7F:0C:11:12:F1): received CM_MNBC_SOUND_IND
2025-12-16T17:59:55.421152+0100 chargesom manager[848396]: [INFO] evse_slac:EvseS  :: Session (run_id=9B0048A409DF6FBE, ev_mac=F0:7F:0C:11:12:F1): received CM_ATTEN_PROFILE_IND
2025-12-16T17:59:55.453520+0100 chargesom manager[848396]: [INFO] evse_slac:EvseS  :: Session (run_id=9B0048A409DF6FBE, ev_mac=F0:7F:0C:11:12:F1): received CM_MNBC_SOUND_IND
2025-12-16T17:59:55.461205+0100 chargesom manager[848396]: [INFO] evse_slac:EvseS  :: Session (run_id=9B0048A409DF6FBE, ev_mac=F0:7F:0C:11:12:F1): received CM_ATTEN_PROFILE_IND
2025-12-16T17:59:55.493364+0100 chargesom manager[848396]: [INFO] evse_slac:EvseS  :: Session (run_id=9B0048A409DF6FBE, ev_mac=F0:7F:0C:11:12:F1): received CM_MNBC_SOUND_IND
2025-12-16T17:59:55.500911+0100 chargesom manager[848396]: [INFO] evse_slac:EvseS  :: Session (run_id=9B0048A409DF6FBE, ev_mac=F0:7F:0C:11:12:F1): received CM_ATTEN_PROFILE_IND
2025-12-16T17:59:55.533492+0100 chargesom manager[848396]: [INFO] evse_slac:EvseS  :: Session (run_id=9B0048A409DF6FBE, ev_mac=F0:7F:0C:11:12:F1): received CM_MNBC_SOUND_IND
2025-12-16T17:59:55.541040+0100 chargesom manager[848396]: [INFO] evse_slac:EvseS  :: Session (run_id=9B0048A409DF6FBE, ev_mac=F0:7F:0C:11:12:F1): received CM_ATTEN_PROFILE_IND
2025-12-16T17:59:55.573650+0100 chargesom manager[848396]: [INFO] evse_slac:EvseS  :: Session (run_id=9B0048A409DF6FBE, ev_mac=F0:7F:0C:11:12:F1): received CM_MNBC_SOUND_IND
2025-12-16T17:59:55.581170+0100 chargesom manager[848396]: [INFO] evse_slac:EvseS  :: Session (run_id=9B0048A409DF6FBE, ev_mac=F0:7F:0C:11:12:F1): received CM_ATTEN_PROFILE_IND
2025-12-16T17:59:55.613369+0100 chargesom manager[848396]: [INFO] evse_slac:EvseS  :: Session (run_id=9B0048A409DF6FBE, ev_mac=F0:7F:0C:11:12:F1): received CM_MNBC_SOUND_IND
2025-12-16T17:59:55.621013+0100 chargesom manager[848396]: [INFO] evse_slac:EvseS  :: Session (run_id=9B0048A409DF6FBE, ev_mac=F0:7F:0C:11:12:F1): received CM_ATTEN_PROFILE_IND
2025-12-16T17:59:55.653408+0100 chargesom manager[848396]: [INFO] evse_slac:EvseS  :: Session (run_id=9B0048A409DF6FBE, ev_mac=F0:7F:0C:11:12:F1): received CM_MNBC_SOUND_IND
2025-12-16T17:59:55.661142+0100 chargesom manager[848396]: [INFO] evse_slac:EvseS  :: Session (run_id=9B0048A409DF6FBE, ev_mac=F0:7F:0C:11:12:F1): received CM_ATTEN_PROFILE_IND
2025-12-16T17:59:55.693371+0100 chargesom manager[848396]: [INFO] evse_slac:EvseS  :: Session (run_id=9B0048A409DF6FBE, ev_mac=F0:7F:0C:11:12:F1): received CM_MNBC_SOUND_IND
2025-12-16T17:59:55.700956+0100 chargesom manager[848396]: [INFO] evse_slac:EvseS  :: Session (run_id=9B0048A409DF6FBE, ev_mac=F0:7F:0C:11:12:F1): received CM_ATTEN_PROFILE_IND
2025-12-16T17:59:55.733294+0100 chargesom manager[848396]: [INFO] evse_slac:EvseS  :: Session (run_id=9B0048A409DF6FBE, ev_mac=F0:7F:0C:11:12:F1): received CM_MNBC_SOUND_IND
2025-12-16T17:59:55.740947+0100 chargesom manager[848396]: [INFO] evse_slac:EvseS  :: Session (run_id=9B0048A409DF6FBE, ev_mac=F0:7F:0C:11:12:F1): received CM_ATTEN_PROFILE_IND
2025-12-16T17:59:55.741239+0100 chargesom manager[848396]: [INFO] evse_slac:EvseS  :: Session (run_id=9B0048A409DF6FBE, ev_mac=F0:7F:0C:11:12:F1): received all sounds, going to substate FINALIZE_SOUNDING
2025-12-16T17:59:55.785277+0100 chargesom manager[848396]: [INFO] evse_slac:EvseS  :: Session (run_id=9B0048A409DF6FBE, ev_mac=F0:7F:0C:11:12:F1): Finalize sounding, sending CM_ATTEN_CHAR_IND
2025-12-16T17:59:55.791450+0100 chargesom manager[848396]: [INFO] evse_slac:EvseS  :: Session (run_id=9B0048A409DF6FBE, ev_mac=F0:7F:0C:11:12:F1): received CM_ATTEN_CHAR_RSP, going to substate WAIT_FOR_SLAC_MATCH
2025-12-16T17:59:56.463460+0100 chargesom manager[848396]: [INFO] evse_slac:EvseS  :: Session (run_id=9B0048A409DF6FBE, ev_mac=F0:7F:0C:11:12:F1): Received CM_SLAC_MATCH_REQ, sending CM_SLAC_MATCH_CNF -> session complete
2025-12-16T17:59:56.464872+0100 chargesom manager[848396]: [INFO] evse_slac:EvseS  :: Entered Matched state
2025-12-16T17:59:56.466763+0100 chargesom manager[848386]: [INFO] connector:EvseM  :: EVSE ISO SLAC MATCHED
2025-12-16T17:59:56.468105+0100 chargesom manager[848386]: [INFO] connector:EvseM  :: EVSE ISO D-LINK_READY (true)
2025-12-16T17:59:58.253453+0100 chargesom manager[848407]: [INFO] iso15118_charge  :: Received packet from [fe80::f27f:cff:fe11:12f1]:49152 with security 0x10 and protocol 0x00
2025-12-16T17:59:58.253453+0100 chargesom manager[848407]: [INFO] iso15118_charge  :: SDP requested NO-TLS, announcing NO-TLS
2025-12-16T17:59:58.253453+0100 chargesom manager[848407]: [INFO] iso15118_charge  :: sendto([fe80::f27f:cff:fe11:12f1]:49152) succeeded
2025-12-16T17:59:58.323419+0100 chargesom manager[848407]: [INFO] iso15118_charge  :: Incoming connection on eth1 from [a00:c000:0:0:fe80::]:49152
2025-12-16T17:59:58.324005+0100 chargesom manager[848407]: [INFO] iso15118_charge  :: Started new TCP connection thread
2025-12-16T17:59:58.344105+0100 chargesom manager[848407]: [INFO] iso15118_charge  :: Handling SupportedAppProtocolReq
2025-12-16T17:59:58.345595+0100 chargesom manager[848407]: [INFO] iso15118_charge  :: Protocol negotiation was successful. Selected protocol is ISO15118
2025-12-16T17:59:58.348207+0100 chargesom manager[848386]: [INFO] connector:EvseM  ::                                     CAR ISO V2G SupportedAppProtocolReq
2025-12-16T17:59:58.383685+0100 chargesom manager[848407]: [INFO] iso15118_charge  :: SessionSetupReq.EVCCID: F0:7F:0C:11:12:F1
2025-12-16T17:59:58.384050+0100 chargesom manager[848407]: [INFO] iso15118_charge  :: No session_id found or not equal to the id from the preceding v2g session. Generating random session id.
2025-12-16T17:59:58.384050+0100 chargesom manager[848407]: [INFO] iso15118_charge  :: Created new session with id 0x10224652192960168441
2025-12-16T17:59:58.389597+0100 chargesom manager[848386]: [INFO] connector:EvseM  :: EVSE ISO V2G SupportedAppProtocolRes
2025-12-16T17:59:58.433617+0100 chargesom manager[848386]: [INFO] connector:EvseM  ::                                     CAR ISO V2G SessionSetupReq
2025-12-16T17:59:58.482635+0100 chargesom manager[848386]: [INFO] connector:EvseM  :: EVSE ISO V2G SessionSetupRes
2025-12-16T17:59:58.523651+0100 chargesom manager[848407]: [WARN] iso15118_charge  :: PnC is not allowed without TLS-communication. Correcting value to '1' (ExternalPayment)
2025-12-16T17:59:58.526081+0100 chargesom manager[848386]: [INFO] connector:EvseM  ::                                     CAR ISO V2G ServiceDiscoveryReq
2025-12-16T17:59:58.657109+0100 chargesom manager[848386]: [INFO] connector:EvseM  :: EVSE ISO V2G ServiceDiscoveryRes
2025-12-16T17:59:58.663911+0100 chargesom manager[848407]: [INFO] iso15118_charge  :: SelectedPaymentOption: ExternalPayment
2025-12-16T17:59:58.665999+0100 chargesom manager[848386]: [INFO] connector:EvseM  ::                                     CAR ISO V2G PaymentServiceSelectionReq
2025-12-16T17:59:58.762802+0100 chargesom manager[848386]: [INFO] connector:EvseM  :: EVSE ISO V2G PaymentServiceSelectionRes
2025-12-16T17:59:58.902033+0100 chargesom manager[848386]: [INFO] connector:EvseM  ::                                     CAR ISO V2G AuthorizationReq
2025-12-16T17:59:58.912023+0100 chargesom manager[848386]: [INFO] connector:EvseM  :: EVSE ISO V2G AuthorizationRes
2025-12-16T17:59:59.057191+0100 chargesom manager[848386]: [INFO] connector:EvseM  ::                                     CAR ISO V2G AuthorizationReq
2025-12-16T17:59:59.132140+0100 chargesom manager[848386]: [INFO] connector:EvseM  :: EVSE ISO V2G AuthorizationRes
2025-12-16T17:59:59.173622+0100 chargesom manager[848407]: [INFO] iso15118_charge  :: Parameter-phase started
2025-12-16T17:59:59.174675+0100 chargesom manager[848407]: [INFO] iso15118_charge  :: Selected energy transfer mode: DC_extended
2025-12-16T17:59:59.221820+0100 chargesom manager[848386]: [INFO] connector:EvseM  :: Received EV maximum limits: {
2025-12-16T17:59:59.221820+0100 chargesom manager[848386]:     "dc_ev_maximum_current_limit": 350.0,
2025-12-16T17:59:59.221820+0100 chargesom manager[848386]:     "dc_ev_maximum_voltage_limit": 464.0
2025-12-16T17:59:59.221820+0100 chargesom manager[848386]: }
2025-12-16T17:59:59.266224+0100 chargesom manager[848386]: [INFO] connector:EvseM  ::                                     CAR ISO V2G ChargeParameterDiscoveryReq
2025-12-16T17:59:59.313615+0100 chargesom manager[848386]: [INFO] connector:EvseM  :: EVSE ISO V2G ChargeParameterDiscoveryRes
2025-12-16T18:00:00.573447+0100 chargesom manager[848385]: [INFO] bsp:CbChargeSOM  :: CP state change from B to C, PWM: 5.0%
2025-12-16T18:00:00.575179+0100 chargesom manager[848386]: [INFO] connector:EvseM  ::                                     CAR IEC Event CarRequestedPower
2025-12-16T18:00:00.675677+0100 chargesom manager[848386]: [INFO] connector:EvseM  ::                                     CAR ISO V2G CableCheckReq
2025-12-16T18:00:00.675677+0100 chargesom manager[848386]: [INFO] connector:EvseM  :: EVSE ISO Start cable check...
2025-12-16T18:00:00.675677+0100 chargesom manager[848386]: [INFO] connector:EvseM  ::                                     CAR ISO DC HLC Close contactor (in CableCheck)
2025-12-16T18:00:00.721229+0100 chargesom manager[848385]: [INFO] bsp:CbChargeSOM  :: handle_allow_power_on: request to CLOSE the contactor
2025-12-16T18:00:00.793214+0100 chargesom manager[848385]: [INFO] bsp:CbChargeSOM  :: Contactor 1 state change detected: now Closed
2025-12-16T18:00:00.793678+0100 chargesom manager[848385]: [INFO] bsp:CbChargeSOM  :: Contactor 2 state change detected: now Closed
2025-12-16T18:00:00.806145+0100 chargesom manager[848386]: [INFO] connector:EvseM  :: EVSE IEC Event PowerOn
2025-12-16T18:00:00.808197+0100 chargesom manager[848386]: [INFO] connector:EvseM  :: EVSE ISO V2G CableCheckRes
2025-12-16T18:00:00.877245+0100 chargesom manager[848386]: [INFO] connector:EvseM  :: EV reports 464 V as maximum voltage
2025-12-16T18:00:00.877245+0100 chargesom manager[848386]: [INFO] connector:EvseM  :: EVSE IEC DC power supply set: 500.00V/2.00A, requested was 500.00V/2.00A.
2025-12-16T18:00:00.924531+0100 chargesom manager[848386]: [INFO] connector:EvseM  ::                                     CAR ISO V2G CableCheckReq
2025-12-16T18:00:00.925054+0100 chargesom manager[848413]: [INFO] powersupply_dc:  :: Infy: Updating voltage/current via CAN: 500V / 2A total → 2A per module - active modules: 1
2025-12-16T18:00:00.925054+0100 chargesom manager[848413]: [INFO] powersupply_dc:  :: Infy: set_voltage_current(500V, 2A) - active modules: 1
2025-12-16T18:00:00.970793+0100 chargesom manager[848386]: [INFO] connector:EvseM  :: CableCheck: Using 500 V
2025-12-16T18:00:00.971524+0100 chargesom manager[848386]: [INFO] connector:EvseM  :: EVSE IEC DC power supply: switch ON called, ChargingPhase: CableCheck
2025-12-16T18:00:01.015392+0100 chargesom manager[848386]: [INFO] connector:EvseM  :: EVSE ISO V2G CableCheckRes
2025-12-16T18:00:01.016188+0100 chargesom manager[848413]: [INFO] powersupply_dc:  :: Set mode via CAN: Export with phase CableCheck
2025-12-16T18:00:01.016188+0100 chargesom manager[848413]: [INFO] powersupply_dc:  :: Infy: switch_on_off(true) - active modules: 1
2025-12-16T18:00:01.114785+0100 chargesom manager[848386]: [INFO] connector:EvseM  ::                                     CAR ISO V2G CableCheckReq
2025-12-16T18:00:01.212381+0100 chargesom manager[848386]: [INFO] connector:EvseM  :: EVSE ISO V2G CableCheckRes
2025-12-16T18:00:01.334856+0100 chargesom manager[848386]: [INFO] connector:EvseM  ::                                     CAR ISO V2G CableCheckReq
2025-12-16T18:00:01.433324+0100 chargesom manager[848386]: [INFO] connector:EvseM  :: EVSE ISO V2G CableCheckRes
2025-12-16T18:00:01.554809+0100 chargesom manager[848386]: [INFO] connector:EvseM  ::                                     CAR ISO V2G CableCheckReq
2025-12-16T18:00:01.653104+0100 chargesom manager[848386]: [INFO] connector:EvseM  :: EVSE ISO V2G CableCheckRes
2025-12-16T18:00:01.774594+0100 chargesom manager[848386]: [INFO] connector:EvseM  ::                                     CAR ISO V2G CableCheckReq
2025-12-16T18:00:01.872372+0100 chargesom manager[848386]: [INFO] connector:EvseM  :: EVSE ISO V2G CableCheckRes
2025-12-16T18:00:01.994700+0100 chargesom manager[848386]: [INFO] connector:EvseM  ::                                     CAR ISO V2G CableCheckReq
2025-12-16T18:00:02.092196+0100 chargesom manager[848386]: [INFO] connector:EvseM  :: EVSE ISO V2G CableCheckRes
2025-12-16T18:00:02.237508+0100 chargesom manager[848386]: [INFO] connector:EvseM  ::                                     CAR ISO V2G CableCheckReq
2025-12-16T18:00:02.312896+0100 chargesom manager[848386]: [INFO] connector:EvseM  :: EVSE ISO V2G CableCheckRes
2025-12-16T18:00:02.434301+0100 chargesom manager[848386]: [INFO] connector:EvseM  ::                                     CAR ISO V2G CableCheckReq
2025-12-16T18:00:02.533052+0100 chargesom manager[848386]: [INFO] connector:EvseM  :: EVSE ISO V2G CableCheckRes
2025-12-16T18:00:02.654567+0100 chargesom manager[848386]: [INFO] connector:EvseM  ::                                     CAR ISO V2G CableCheckReq
2025-12-16T18:00:02.753029+0100 chargesom manager[848386]: [INFO] connector:EvseM  :: EVSE ISO V2G CableCheckRes
2025-12-16T18:00:02.874588+0100 chargesom manager[848386]: [INFO] connector:EvseM  ::                                     CAR ISO V2G CableCheckReq
2025-12-16T18:00:03.005718+0100 chargesom manager[848386]: [INFO] connector:EvseM  :: EVSE ISO V2G CableCheckRes
2025-12-16T18:00:03.094564+0100 chargesom manager[848386]: [INFO] connector:EvseM  ::                                     CAR ISO V2G CableCheckReq
2025-12-16T18:00:03.193134+0100 chargesom manager[848386]: [INFO] connector:EvseM  :: EVSE ISO V2G CableCheckRes
2025-12-16T18:00:03.333851+0100 chargesom manager[848386]: [INFO] connector:EvseM  ::                                     CAR ISO V2G CableCheckReq
2025-12-16T18:00:03.333851+0100 chargesom manager[848386]: [INFO] connector:EvseM  :: EVSE ISO Change HLC Limits: 4734W/102A, target_voltage 0, actual_voltage 46.3, hack_bpt false
2025-12-16T18:00:03.425676+0100 chargesom manager[848386]: [INFO] connector:EvseM  :: EVSE ISO V2G CableCheckRes
2025-12-16T18:00:03.535140+0100 chargesom manager[848386]: [INFO] connector:EvseM  ::                                     CAR ISO V2G CableCheckReq
2025-12-16T18:00:03.632803+0100 chargesom manager[848386]: [INFO] connector:EvseM  :: EVSE ISO V2G CableCheckRes
2025-12-16T18:00:03.754469+0100 chargesom manager[848386]: [INFO] connector:EvseM  ::                                     CAR ISO V2G CableCheckReq
2025-12-16T18:00:03.853009+0100 chargesom manager[848386]: [INFO] connector:EvseM  :: EVSE ISO V2G CableCheckRes
2025-12-16T18:00:03.974432+0100 chargesom manager[848386]: [INFO] connector:EvseM  ::                                     CAR ISO V2G CableCheckReq
2025-12-16T18:00:04.073098+0100 chargesom manager[848386]: [INFO] connector:EvseM  :: EVSE ISO V2G CableCheckRes
2025-12-16T18:00:04.194433+0100 chargesom manager[848386]: [INFO] connector:EvseM  ::                                     CAR ISO V2G CableCheckReq
2025-12-16T18:00:04.293368+0100 chargesom manager[848386]: [INFO] connector:EvseM  :: EVSE ISO V2G CableCheckRes
2025-12-16T18:00:04.414533+0100 chargesom manager[848386]: [INFO] connector:EvseM  ::                                     CAR ISO V2G CableCheckReq
2025-12-16T18:00:04.525927+0100 chargesom manager[848386]: [INFO] connector:EvseM  :: EVSE ISO V2G CableCheckRes
2025-12-16T18:00:04.634359+0100 chargesom manager[848386]: [INFO] connector:EvseM  ::                                     CAR ISO V2G CableCheckReq
2025-12-16T18:00:04.732904+0100 chargesom manager[848386]: [INFO] connector:EvseM  :: EVSE ISO V2G CableCheckRes
2025-12-16T18:00:04.854681+0100 chargesom manager[848386]: [INFO] connector:EvseM  ::                                     CAR ISO V2G CableCheckReq
2025-12-16T18:00:04.952794+0100 chargesom manager[848386]: [INFO] connector:EvseM  :: EVSE ISO V2G CableCheckRes
2025-12-16T18:00:05.074423+0100 chargesom manager[848386]: [INFO] connector:EvseM  ::                                     CAR ISO V2G CableCheckReq
2025-12-16T18:00:05.172853+0100 chargesom manager[848386]: [INFO] connector:EvseM  :: EVSE ISO V2G CableCheckRes
2025-12-16T18:00:05.294548+0100 chargesom manager[848386]: [INFO] connector:EvseM  ::                                     CAR ISO V2G CableCheckReq
2025-12-16T18:00:05.392811+0100 chargesom manager[848386]: [INFO] connector:EvseM  :: EVSE ISO V2G CableCheckRes
2025-12-16T18:00:05.514740+0100 chargesom manager[848386]: [INFO] connector:EvseM  ::                                     CAR ISO V2G CableCheckReq
2025-12-16T18:00:05.612814+0100 chargesom manager[848386]: [INFO] connector:EvseM  :: EVSE ISO V2G CableCheckRes
2025-12-16T18:00:05.749490+0100 chargesom manager[848386]: [INFO] connector:EvseM  ::                                     CAR ISO V2G CableCheckReq
2025-12-16T18:00:05.837401+0100 chargesom manager[848386]: [INFO] connector:EvseM  :: EVSE ISO V2G CableCheckRes
2025-12-16T18:00:05.954196+0100 chargesom manager[848386]: [INFO] connector:EvseM  ::                                     CAR ISO V2G CableCheckReq
2025-12-16T18:00:06.020860+0100 chargesom manager[848386]: [INFO] connector:EvseM  :: CableCheck: IMD self test started.
2025-12-16T18:00:06.065187+0100 chargesom manager[848386]: [INFO] connector:EvseM  :: EVSE ISO V2G CableCheckRes
2025-12-16T18:00:06.174355+0100 chargesom manager[848386]: [INFO] connector:EvseM  ::                                     CAR ISO V2G CableCheckReq
2025-12-16T18:00:06.272931+0100 chargesom manager[848386]: [INFO] connector:EvseM  :: EVSE ISO V2G CableCheckRes
2025-12-16T18:00:06.394283+0100 chargesom manager[848386]: [INFO] connector:EvseM  ::                                     CAR ISO V2G CableCheckReq
2025-12-16T18:00:06.493038+0100 chargesom manager[848386]: [INFO] connector:EvseM  :: EVSE ISO V2G CableCheckRes
2025-12-16T18:00:06.614133+0100 chargesom manager[848386]: [INFO] connector:EvseM  ::                                     CAR ISO V2G CableCheckReq
2025-12-16T18:00:06.712709+0100 chargesom manager[848386]: [INFO] connector:EvseM  :: EVSE ISO V2G CableCheckRes
2025-12-16T18:00:06.846581+0100 chargesom manager[848386]: [INFO] connector:EvseM  ::                                     CAR ISO V2G CableCheckReq
2025-12-16T18:00:06.879394+0100 chargesom manager[848386]: [INFO] connector:EvseM  :: EVSE ISO Change HLC Limits: 4734W/102A, target_voltage 0, actual_voltage 501.2, hack_bpt false
2025-12-16T18:00:06.965455+0100 chargesom manager[848386]: [INFO] connector:EvseM  :: EVSE ISO V2G CableCheckRes
2025-12-16T18:00:07.061133+0100 chargesom manager[848386]: [INFO] connector:EvseM  ::                                     CAR ISO V2G CableCheckReq
2025-12-16T18:00:07.153051+0100 chargesom manager[848386]: [INFO] connector:EvseM  :: EVSE ISO V2G CableCheckRes
2025-12-16T18:00:07.274232+0100 chargesom manager[848386]: [INFO] connector:EvseM  ::                                     CAR ISO V2G CableCheckReq
2025-12-16T18:00:07.372834+0100 chargesom manager[848386]: [INFO] connector:EvseM  :: EVSE ISO V2G CableCheckRes
2025-12-16T18:00:07.494228+0100 chargesom manager[848386]: [INFO] connector:EvseM  ::                                     CAR ISO V2G CableCheckReq
2025-12-16T18:00:07.592677+0100 chargesom manager[848386]: [INFO] connector:EvseM  :: EVSE ISO V2G CableCheckRes
2025-12-16T18:00:07.714760+0100 chargesom manager[848386]: [INFO] connector:EvseM  ::                                     CAR ISO V2G CableCheckReq
2025-12-16T18:00:07.813098+0100 chargesom manager[848386]: [INFO] connector:EvseM  :: EVSE ISO V2G CableCheckRes
2025-12-16T18:00:07.934315+0100 chargesom manager[848386]: [INFO] connector:EvseM  ::                                     CAR ISO V2G CableCheckReq
2025-12-16T18:00:08.070064+0100 chargesom manager[848386]: [INFO] connector:EvseM  :: EVSE ISO V2G CableCheckRes
2025-12-16T18:00:08.161319+0100 chargesom manager[848386]: [INFO] connector:EvseM  ::                                     CAR ISO V2G CableCheckReq
2025-12-16T18:00:08.252420+0100 chargesom manager[848386]: [INFO] connector:EvseM  :: EVSE ISO V2G CableCheckRes
2025-12-16T18:00:08.374400+0100 chargesom manager[848386]: [INFO] connector:EvseM  ::                                     CAR ISO V2G CableCheckReq
2025-12-16T18:00:08.472849+0100 chargesom manager[848386]: [INFO] connector:EvseM  :: EVSE ISO V2G CableCheckRes
2025-12-16T18:00:08.594034+0100 chargesom manager[848386]: [INFO] connector:EvseM  ::                                     CAR ISO V2G CableCheckReq
2025-12-16T18:00:08.692556+0100 chargesom manager[848386]: [INFO] connector:EvseM  :: EVSE ISO V2G CableCheckRes
2025-12-16T18:00:08.814073+0100 chargesom manager[848386]: [INFO] connector:EvseM  ::                                     CAR ISO V2G CableCheckReq
2025-12-16T18:00:08.912712+0100 chargesom manager[848386]: [INFO] connector:EvseM  :: EVSE ISO V2G CableCheckRes
2025-12-16T18:00:09.003723+0100 chargesom manager[848386]: [INFO] connector:EvseM  :: EVSE IEC Isolation monitor self test result: true
2025-12-16T18:00:09.049743+0100 chargesom manager[848386]: [INFO] connector:EvseM  ::                                     CAR ISO V2G CableCheckReq
2025-12-16T18:00:09.051153+0100 chargesom manager[848402]: [INFO] imd:IMDSimulato  :: Started simulated isolation monitoring with 1000 ms interval
2025-12-16T18:00:09.093560+0100 chargesom manager[848386]: [INFO] connector:EvseM  :: CableCheck: Waiting for 1 isolation measurement sample(s)
2025-12-16T18:00:09.137154+0100 chargesom manager[848386]: [INFO] connector:EvseM  :: EVSE ISO V2G CableCheckRes
2025-12-16T18:00:09.255216+0100 chargesom manager[848386]: [INFO] connector:EvseM  ::                                     CAR ISO V2G CableCheckReq
2025-12-16T18:00:09.352691+0100 chargesom manager[848386]: [INFO] connector:EvseM  :: EVSE ISO V2G CableCheckRes
2025-12-16T18:00:09.474110+0100 chargesom manager[848386]: [INFO] connector:EvseM  ::                                     CAR ISO V2G CableCheckReq
2025-12-16T18:00:09.572687+0100 chargesom manager[848386]: [INFO] connector:EvseM  :: EVSE ISO V2G CableCheckRes
2025-12-16T18:00:09.694177+0100 chargesom manager[848386]: [INFO] connector:EvseM  ::                                     CAR ISO V2G CableCheckReq
2025-12-16T18:00:09.792449+0100 chargesom manager[848386]: [INFO] connector:EvseM  :: EVSE ISO V2G CableCheckRes
2025-12-16T18:00:09.914358+0100 chargesom manager[848386]: [INFO] connector:EvseM  ::                                     CAR ISO V2G CableCheckReq
2025-12-16T18:00:10.012740+0100 chargesom manager[848386]: [INFO] connector:EvseM  :: EVSE ISO V2G CableCheckRes
2025-12-16T18:00:10.065220+0100 chargesom manager[848386]: [INFO] connector:EvseM  :: EVSE IEC Isolation measurement Ok R_F 900000.
2025-12-16T18:00:10.153558+0100 chargesom manager[848386]: [INFO] connector:EvseM  ::                                     CAR ISO V2G CableCheckReq
2025-12-16T18:00:10.154705+0100 chargesom manager[848386]: [INFO] connector:EvseM  :: EVSE IEC DC power supply OFF
2025-12-16T18:00:10.157095+0100 chargesom manager[848413]: [INFO] powersupply_dc:  :: Set mode via CAN: Off with phase CableCheck
2025-12-16T18:00:10.157095+0100 chargesom manager[848413]: [INFO] powersupply_dc:  :: Infy: switch_on_off(false) - active modules: 1
2025-12-16T18:00:10.245153+0100 chargesom manager[848386]: [INFO] connector:EvseM  :: EVSE ISO V2G CableCheckRes
2025-12-16T18:00:10.354121+0100 chargesom manager[848386]: [INFO] connector:EvseM  ::                                     CAR ISO V2G CableCheckReq
2025-12-16T18:00:10.481375+0100 chargesom manager[848386]: [INFO] connector:EvseM  :: EVSE ISO V2G CableCheckRes
2025-12-16T18:00:10.574481+0100 chargesom manager[848386]: [INFO] connector:EvseM  ::                                     CAR ISO V2G CableCheckReq
2025-12-16T18:00:10.672474+0100 chargesom manager[848386]: [INFO] connector:EvseM  :: EVSE ISO V2G CableCheckRes
2025-12-16T18:00:10.794126+0100 chargesom manager[848386]: [INFO] connector:EvseM  ::                                     CAR ISO V2G CableCheckReq
2025-12-16T18:00:10.892937+0100 chargesom manager[848386]: [INFO] connector:EvseM  :: EVSE ISO V2G CableCheckRes
2025-12-16T18:00:11.025611+0100 chargesom manager[848386]: [INFO] connector:EvseM  ::                                     CAR ISO V2G CableCheckReq
2025-12-16T18:00:11.111599+0100 chargesom manager[848386]: [INFO] connector:EvseM  :: EVSE ISO V2G CableCheckRes
2025-12-16T18:00:11.234242+0100 chargesom manager[848386]: [INFO] connector:EvseM  ::                                     CAR ISO V2G CableCheckReq
2025-12-16T18:00:11.333760+0100 chargesom manager[848386]: [INFO] connector:EvseM  :: EVSE ISO V2G CableCheckRes
2025-12-16T18:00:11.453980+0100 chargesom manager[848386]: [INFO] connector:EvseM  ::                                     CAR ISO V2G CableCheckReq
2025-12-16T18:00:11.578466+0100 chargesom manager[848386]: [INFO] connector:EvseM  :: EVSE ISO V2G CableCheckRes
2025-12-16T18:00:11.681172+0100 chargesom manager[848386]: [INFO] connector:EvseM  ::                                     CAR ISO V2G CableCheckReq
2025-12-16T18:00:11.771337+0100 chargesom manager[848386]: [INFO] connector:EvseM  :: EVSE ISO V2G CableCheckRes
2025-12-16T18:00:11.894135+0100 chargesom manager[848386]: [INFO] connector:EvseM  ::                                     CAR ISO V2G CableCheckReq
2025-12-16T18:00:11.992458+0100 chargesom manager[848386]: [INFO] connector:EvseM  :: EVSE ISO V2G CableCheckRes
2025-12-16T18:00:12.114034+0100 chargesom manager[848386]: [INFO] connector:EvseM  ::                                     CAR ISO V2G CableCheckReq
2025-12-16T18:00:12.211622+0100 chargesom manager[848386]: [INFO] connector:EvseM  :: EVSE ISO V2G CableCheckRes
2025-12-16T18:00:12.333678+0100 chargesom manager[848386]: [INFO] connector:EvseM  ::                                     CAR ISO V2G CableCheckReq
2025-12-16T18:00:12.431605+0100 chargesom manager[848386]: [INFO] connector:EvseM  :: EVSE ISO V2G CableCheckRes
2025-12-16T18:00:12.554360+0100 chargesom manager[848386]: [INFO] connector:EvseM  ::                                     CAR ISO V2G CableCheckReq
2025-12-16T18:00:12.693615+0100 chargesom manager[848386]: [INFO] connector:EvseM  :: EVSE ISO V2G CableCheckRes
2025-12-16T18:00:12.785232+0100 chargesom manager[848386]: [INFO] connector:EvseM  ::                                     CAR ISO V2G CableCheckReq
2025-12-16T18:00:12.871437+0100 chargesom manager[848386]: [INFO] connector:EvseM  :: EVSE ISO V2G CableCheckRes
2025-12-16T18:00:12.959204+0100 chargesom manager[848386]: [INFO] connector:EvseM  :: Did not receive voltage measurement from power supply within 2 seconds.
2025-12-16T18:00:12.959678+0100 chargesom manager[848386]: [ERRO] connector:EvseM module::EvseManager::cable_check()::<lambda()> :: Voltage did not drop below 60V within timeout.
2025-12-16T18:00:13.002150+0100 chargesom manager[848402]: [INFO] imd:IMDSimulato  :: Stopped simulated isolation monitoring
2025-12-16T18:00:13.003231+0100 chargesom manager[848386]: [INFO] connector:EvseM  ::                                     CAR ISO V2G CableCheckReq
2025-12-16T18:00:13.092025+0100 chargesom manager[848386]: [INFO] connector:EvseM  :: EVSE ISO V2G CableCheckRes
2025-12-16T18:00:13.147667+0100 chargesom manager[848386]: [INFO] connector:EvseM  :: EVSE IEC Charger state: PrepareCharging->PrepareCharging
2025-12-16T18:00:13.148758+0100 chargesom manager[848386]: [INFO] connector:EvseM  :: EVSE IEC Set PWM Off
2025-12-16T18:00:13.194641+0100 chargesom manager[848385]: [INFO] bsp:CbChargeSOM  :: handle_pwm_off: Setting new duty cycle of 100.0%
2025-12-16T18:00:13.213370+0100 chargesom manager[848407]: [ERRO] iso15118_charge  :: Failed response code detected for message "Cable Check", error: Response FAILED
2025-12-16T18:00:13.237368+0100 chargesom manager[848386]: [INFO] connector:EvseM  ::                                     CAR ISO V2G CableCheckReq
2025-12-16T18:00:13.329486+0100 chargesom manager[848386]: [INFO] connector:EvseM  :: EVSE ISO V2G CableCheckRes
2025-12-16T18:00:13.332203+0100 chargesom manager[848385]: [INFO] bsp:CbChargeSOM  :: handle_allow_power_on: request to OPEN the contactor
2025-12-16T18:00:13.350305+0100 chargesom manager[848385]: [INFO] bsp:CbChargeSOM  :: Contactor 1 state change detected: now Open
2025-12-16T18:00:13.350781+0100 chargesom manager[848385]: [INFO] bsp:CbChargeSOM  :: Contactor 2 state change detected: now Open
2025-12-16T18:00:13.350781+0100 chargesom manager[848385]: [INFO] bsp:CbChargeSOM  :: CP state change from C to B, PWM: 100.0%
2025-12-16T18:00:13.373004+0100 chargesom manager[848407]: [ERRO] iso15118_charge  :: Failed response code detected for message "Session Stop", error: Response FAILED
2025-12-16T18:00:13.373470+0100 chargesom manager[848386]: [INFO] connector:EvseM  :: EVSE IEC Event PowerOff
2025-12-16T18:00:13.376737+0100 chargesom manager[848386]: [INFO] connector:EvseM  ::                                     CAR ISO V2G SessionStopReq
2025-12-16T18:00:13.467453+0100 chargesom manager[848385]: [INFO] bsp:CbChargeSOM  :: handle_allow_power_on: request to OPEN the contactor
2025-12-16T18:00:13.470707+0100 chargesom manager[848407]: [INFO] iso15118_charge  :: Closing TCP connection
2025-12-16T18:00:13.509475+0100 chargesom manager[848386]: [INFO] connector:EvseM  :: EVSE ISO V2G SessionStopRes
2025-12-16T18:00:13.649439+0100 chargesom manager[848386]: [INFO] connector:EvseM  ::                                     CAR IEC Event CarRequestedStopPower
2025-12-16T18:00:13.693400+0100 chargesom manager[848386]: [INFO] connector:EvseM  :: EVSE IEC Charger state: PrepareCharging->EVSE Paused
2025-12-16T18:00:13.870419+0100 chargesom manager[848386]: [INFO] connector:EvseM  :: EVSE ISO Change HLC Limits: 4734W/102A, target_voltage 0, actual_voltage 1, hack_bpt false
2025-12-16T18:00:16.169983+0100 chargesom manager[848386]: [INFO] connector:EvseM  :: EVSE ISO Change HLC Limits: 4734W/102A, target_voltage 0, actual_voltage 2.4, hack_bpt false
2025-12-16T18:00:18.471625+0100 chargesom manager[848407]: [INFO] iso15118_charge  :: TCP connection closed gracefully
2025-12-16T18:00:18.493372+0100 chargesom manager[848386]: [INFO] connector:EvseM  :: EVSE ISO D-LINK_TERMINATE.req
2025-12-16T18:00:18.494360+0100 chargesom manager[848386]: [INFO] connector:EvseM  :: EVSE IEC Set PWM Off
2025-12-16T18:00:18.497259+0100 chargesom manager[848385]: [INFO] bsp:CbChargeSOM  :: handle_pwm_off: Setting new duty cycle of 100.0%
2025-12-16T18:00:18.545000+0100 chargesom manager[848396]: [INFO] evse_slac:EvseS  :: D-LINK_TERMINATE.request received, leaving network.
2025-12-16T18:00:18.545000+0100 chargesom manager[848396]: [INFO] evse_slac:EvseS  :: Entered Reset state
2025-12-16T18:00:18.547279+0100 chargesom manager[848396]: [INFO] evse_slac:EvseS  :: New NMK key: 36:48:59:46:38:33:4E:48:51:30:47:50:5A:52:4C:37
2025-12-16T18:00:18.548980+0100 chargesom manager[848396]: [INFO] evse_slac:EvseS  :: Received CM_SET_KEY_CNF
2025-12-16T18:00:18.550723+0100 chargesom manager[848396]: [INFO] evse_slac:EvseS  :: Entered Idle state
2025-12-16T18:00:18.586342+0100 chargesom manager[848386]: [INFO] connector:EvseM  :: EVSE ISO D-LINK_READY (false)
2025-12-16T18:00:18.586757+0100 chargesom manager[848386]: [INFO] connector:EvseM  :: EVSE IEC Charger state: EVSE Paused->StoppingCharging
2025-12-16T18:00:18.636428+0100 chargesom manager[848386]: [INFO] connector:EvseM  :: EVSE ISO SLAC UNMATCHED
2025-12-16T18:00:54.722494+0100 chargesom manager[848386]: [INFO] connector:EvseM  :: EVSE ISO Change HLC Limits: 4734W/102A, target_voltage 0, actual_voltage 1.4, hack_bpt false
2025-12-16T18:01:36.666023+0100 chargesom manager[848386]: [INFO] connector:EvseM  :: EVSE ISO Change HLC Limits: 4734W/102A, target_voltage 0, actual_voltage 0.3, hack_bpt false
2025-12-16T18:01:54.990757+0100 chargesom manager[848385]: [INFO] bsp:CbChargeSOM  :: CP state change from B to A, PWM: 100.0%
2025-12-16T18:01:55.033172+0100 chargesom manager[848385]: [INFO] bsp:CbChargeSOM  :: handle_pwm_off: Setting new duty cycle of 100.0%
2025-12-16T18:01:55.089177+0100 chargesom manager[848385]: [INFO] bsp:CbChargeSOM  :: handle_allow_power_on: request to OPEN the contactor
2025-12-16T18:01:55.108659+0100 chargesom manager[848386]: [INFO] connector:EvseM  ::                                     CAR IEC Event CarUnplugged
2025-12-16T18:01:55.109834+0100 chargesom manager[848386]: [INFO] connector:EvseM  :: EVSE IEC Charger state: StoppingCharging->Finished
2025-12-16T18:01:55.110132+0100 chargesom manager[848386]: [INFO] connector:EvseM  :: EVSE IEC Transaction Finished: EVDisconnected (0 kWh)
2025-12-16T18:01:55.202338+0100 chargesom manager[848386]: [INFO] connector:EvseM  :: EVSE IEC Session Finished
2025-12-16T18:01:55.202338+0100 chargesom manager[848386]: [INFO] connector:EvseM  :: SYS  Session logging stopped.
2025-12-16T18:01:55.250789+0100 chargesom manager[848385]: [INFO] bsp:CbChargeSOM  :: handle_pwm_off: Setting new duty cycle of 100.0%
2025-12-16T18:01:55.298597+0100 chargesom manager[848386]: [INFO] connector:EvseM  :: All errors cleared
2025-12-16T18:01:55.441570+0100 chargesom manager[848385]: [INFO] bsp:CbChargeSOM  :: handle_pwm_off: Setting new duty cycle of 100.0%
2025-12-16T18:01:55.485479+0100 chargesom manager[848386]: [INFO] connector:EvseM  :: All errors cleared
2025-12-16T18:01:56.628127+0100 chargesom manager[848385]: [INFO] bsp:CbChargeSOM  :: CP state change from A to B, PWM: 100.0%
2025-12-16T18:01:56.673559+0100 chargesom manager[848396]: [INFO] evse_slac:EvseS  :: Entered Matching state, waiting for CM_SLAC_PARM_REQ
2025-12-16T18:01:56.719849+0100 chargesom manager[848385]: [INFO] bsp:CbChargeSOM  :: handle_allow_power_on: request to OPEN the contactor
2025-12-16T18:01:56.813789+0100 chargesom manager[848386]: [INFO] connector:EvseM  :: SYS  Session logging started.
2025-12-16T18:01:56.815064+0100 chargesom manager[848386]: [INFO] connector:EvseM  :: EVSE IEC Session Started: EVConnected
2025-12-16T18:01:56.816464+0100 chargesom manager[848423]: [INFO] token_provider:  :: Publishing new dummy token: {
2025-12-16T18:01:56.816464+0100 chargesom manager[848423]:     "authorization_type": "RFID",
2025-12-16T18:01:56.816464+0100 chargesom manager[848423]:     "id_token": {
2025-12-16T18:01:56.816464+0100 chargesom manager[848423]:         "type": "ISO14443",
2025-12-16T18:01:56.816464+0100 chargesom manager[848423]:         "value": "[redacted] hash: 29F2679CA504908"
2025-12-16T18:01:56.816464+0100 chargesom manager[848423]:     },
2025-12-16T18:01:56.816464+0100 chargesom manager[848423]:     "parent_id_token": {
2025-12-16T18:01:56.816464+0100 chargesom manager[848423]:         "type": "ISO14443",
2025-12-16T18:01:56.816464+0100 chargesom manager[848423]:         "value": "[redacted] hash: 29F2679CA504908"
2025-12-16T18:01:56.816464+0100 chargesom manager[848423]:     }
2025-12-16T18:01:56.816464+0100 chargesom manager[848423]: }
2025-12-16T18:01:56.819217+0100 chargesom manager[848384]: [INFO] auth:Auth        :: Plug In event for evse#1, starting auth
2025-12-16T18:01:56.821322+0100 chargesom manager[848384]: [INFO] auth:Auth        :: Received new token: {
2025-12-16T18:01:56.821322+0100 chargesom manager[848384]:     "authorization_type": "RFID",
2025-12-16T18:01:56.821322+0100 chargesom manager[848384]:     "id_token": {
2025-12-16T18:01:56.821322+0100 chargesom manager[848384]:         "type": "ISO14443",
2025-12-16T18:01:56.821322+0100 chargesom manager[848384]:         "value": "[redacted] hash: 29F2679CA504908"
2025-12-16T18:01:56.821322+0100 chargesom manager[848384]:     },
2025-12-16T18:01:56.821322+0100 chargesom manager[848384]:     "parent_id_token": {
2025-12-16T18:01:56.821322+0100 chargesom manager[848384]:         "type": "ISO14443",
2025-12-16T18:01:56.821322+0100 chargesom manager[848384]:         "value": "[redacted] hash: 29F2679CA504908"
2025-12-16T18:01:56.821322+0100 chargesom manager[848384]:     }
2025-12-16T18:01:56.821322+0100 chargesom manager[848384]: }
2025-12-16T18:01:56.823513+0100 chargesom manager[848428]: [INFO] token_validator  :: Got validation request for token: [redacted] hash: 29F2679CA504908
2025-12-16T18:01:57.073761+0100 chargesom manager[848428]: [INFO] token_validator  :: Returning validation status: Accepted
2025-12-16T18:01:57.075750+0100 chargesom manager[848384]: [INFO] auth:Auth        :: Providing authorization to evse#1
2025-12-16T18:01:57.314783+0100 chargesom manager[848386]: [INFO] connector:EvseM  :: EVSE IEC Set PWM On (5.0%) took 0 ms
2025-12-16T18:01:57.358182+0100 chargesom manager[848385]: [INFO] bsp:CbChargeSOM  :: handle_pwm_on: Setting new duty cycle of 5.0%
2025-12-16T18:01:57.447677+0100 chargesom manager[848384]: [INFO] auth:Auth        :: Result for token: [redacted] hash: 29F2679CA504908: ACCEPTED
2025-12-16T18:01:57.501923+0100 chargesom manager[848386]: [INFO] connector:EvseM  :: EVSE IEC EIM Authorization received
2025-12-16T18:01:57.502295+0100 chargesom manager[848386]: [INFO] connector:EvseM  :: EVSE IEC Transaction Started (0 kWh)
2025-12-16T18:01:57.503236+0100 chargesom manager[848386]: [INFO] connector:EvseM  :: EVSE IEC DC mode. We are in 5percent mode so we can continue without further action.
2025-12-16T18:01:57.503938+0100 chargesom manager[848386]: [INFO] connector:EvseM  :: EVSE IEC Charger state: Wait for Auth->PrepareCharging
2025-12-16T18:02:03.405656+0100 chargesom manager[848396]: [INFO] evse_slac:EvseS  :: Session (run_id=794C4D3B08846468, ev_mac=F0:7F:0C:11:12:F1): initialized, waiting for CM_START_ATTEN_CHAR_IND
2025-12-16T18:02:03.643643+0100 chargesom manager[848396]: [INFO] evse_slac:EvseS  :: Session (run_id=794C4D3B08846468, ev_mac=F0:7F:0C:11:12:F1): received CM_START_ATTEN_CHAR_IND, going to substate SOUNDING
2025-12-16T18:02:03.683565+0100 chargesom manager[848396]: [INFO] evse_slac:EvseS  :: Session (run_id=794C4D3B08846468, ev_mac=F0:7F:0C:11:12:F1): needs to be in state WAIT_FOR_START_ATTEN_CHAR for CM_START_ATTEN_CHAR_IND
2025-12-16T18:02:03.723537+0100 chargesom manager[848396]: [INFO] evse_slac:EvseS  :: Session (run_id=794C4D3B08846468, ev_mac=F0:7F:0C:11:12:F1): needs to be in state WAIT_FOR_START_ATTEN_CHAR for CM_START_ATTEN_CHAR_IND
2025-12-16T18:02:03.763697+0100 chargesom manager[848396]: [INFO] evse_slac:EvseS  :: Session (run_id=794C4D3B08846468, ev_mac=F0:7F:0C:11:12:F1): received CM_MNBC_SOUND_IND
2025-12-16T18:02:03.771139+0100 chargesom manager[848396]: [INFO] evse_slac:EvseS  :: Session (run_id=794C4D3B08846468, ev_mac=F0:7F:0C:11:12:F1): received CM_ATTEN_PROFILE_IND
2025-12-16T18:02:03.803538+0100 chargesom manager[848396]: [INFO] evse_slac:EvseS  :: Session (run_id=794C4D3B08846468, ev_mac=F0:7F:0C:11:12:F1): received CM_MNBC_SOUND_IND
2025-12-16T18:02:03.811023+0100 chargesom manager[848396]: [INFO] evse_slac:EvseS  :: Session (run_id=794C4D3B08846468, ev_mac=F0:7F:0C:11:12:F1): received CM_ATTEN_PROFILE_IND
2025-12-16T18:02:03.843612+0100 chargesom manager[848396]: [INFO] evse_slac:EvseS  :: Session (run_id=794C4D3B08846468, ev_mac=F0:7F:0C:11:12:F1): received CM_MNBC_SOUND_IND
2025-12-16T18:02:03.850977+0100 chargesom manager[848396]: [INFO] evse_slac:EvseS  :: Session (run_id=794C4D3B08846468, ev_mac=F0:7F:0C:11:12:F1): received CM_ATTEN_PROFILE_IND
2025-12-16T18:02:03.883497+0100 chargesom manager[848396]: [INFO] evse_slac:EvseS  :: Session (run_id=794C4D3B08846468, ev_mac=F0:7F:0C:11:12:F1): received CM_MNBC_SOUND_IND
2025-12-16T18:02:03.891036+0100 chargesom manager[848396]: [INFO] evse_slac:EvseS  :: Session (run_id=794C4D3B08846468, ev_mac=F0:7F:0C:11:12:F1): received CM_ATTEN_PROFILE_IND
2025-12-16T18:02:03.923543+0100 chargesom manager[848396]: [INFO] evse_slac:EvseS  :: Session (run_id=794C4D3B08846468, ev_mac=F0:7F:0C:11:12:F1): received CM_MNBC_SOUND_IND
2025-12-16T18:02:03.931098+0100 chargesom manager[848396]: [INFO] evse_slac:EvseS  :: Session (run_id=794C4D3B08846468, ev_mac=F0:7F:0C:11:12:F1): received CM_ATTEN_PROFILE_IND
2025-12-16T18:02:03.963906+0100 chargesom manager[848396]: [INFO] evse_slac:EvseS  :: Session (run_id=794C4D3B08846468, ev_mac=F0:7F:0C:11:12:F1): received CM_MNBC_SOUND_IND
2025-12-16T18:02:03.971173+0100 chargesom manager[848396]: [INFO] evse_slac:EvseS  :: Session (run_id=794C4D3B08846468, ev_mac=F0:7F:0C:11:12:F1): received CM_ATTEN_PROFILE_IND
2025-12-16T18:02:04.003614+0100 chargesom manager[848396]: [INFO] evse_slac:EvseS  :: Session (run_id=794C4D3B08846468, ev_mac=F0:7F:0C:11:12:F1): received CM_MNBC_SOUND_IND
2025-12-16T18:02:04.010894+0100 chargesom manager[848396]: [INFO] evse_slac:EvseS  :: Session (run_id=794C4D3B08846468, ev_mac=F0:7F:0C:11:12:F1): received CM_ATTEN_PROFILE_IND
2025-12-16T18:02:04.043465+0100 chargesom manager[848396]: [INFO] evse_slac:EvseS  :: Session (run_id=794C4D3B08846468, ev_mac=F0:7F:0C:11:12:F1): received CM_MNBC_SOUND_IND
2025-12-16T18:02:04.051067+0100 chargesom manager[848396]: [INFO] evse_slac:EvseS  :: Session (run_id=794C4D3B08846468, ev_mac=F0:7F:0C:11:12:F1): received CM_ATTEN_PROFILE_IND
2025-12-16T18:02:04.083539+0100 chargesom manager[848396]: [INFO] evse_slac:EvseS  :: Session (run_id=794C4D3B08846468, ev_mac=F0:7F:0C:11:12:F1): received CM_MNBC_SOUND_IND
2025-12-16T18:02:04.090981+0100 chargesom manager[848396]: [INFO] evse_slac:EvseS  :: Session (run_id=794C4D3B08846468, ev_mac=F0:7F:0C:11:12:F1): received CM_ATTEN_PROFILE_IND
2025-12-16T18:02:04.123666+0100 chargesom manager[848396]: [INFO] evse_slac:EvseS  :: Session (run_id=794C4D3B08846468, ev_mac=F0:7F:0C:11:12:F1): received CM_MNBC_SOUND_IND
2025-12-16T18:02:04.131328+0100 chargesom manager[848396]: [INFO] evse_slac:EvseS  :: Session (run_id=794C4D3B08846468, ev_mac=F0:7F:0C:11:12:F1): received CM_ATTEN_PROFILE_IND
2025-12-16T18:02:04.131625+0100 chargesom manager[848396]: [INFO] evse_slac:EvseS  :: Session (run_id=794C4D3B08846468, ev_mac=F0:7F:0C:11:12:F1): received all sounds, going to substate FINALIZE_SOUNDING
2025-12-16T18:02:04.175718+0100 chargesom manager[848396]: [INFO] evse_slac:EvseS  :: Session (run_id=794C4D3B08846468, ev_mac=F0:7F:0C:11:12:F1): Finalize sounding, sending CM_ATTEN_CHAR_IND
2025-12-16T18:02:04.181946+0100 chargesom manager[848396]: [INFO] evse_slac:EvseS  :: Session (run_id=794C4D3B08846468, ev_mac=F0:7F:0C:11:12:F1): received CM_ATTEN_CHAR_RSP, going to substate WAIT_FOR_SLAC_MATCH
2025-12-16T18:02:04.853626+0100 chargesom manager[848396]: [INFO] evse_slac:EvseS  :: Session (run_id=794C4D3B08846468, ev_mac=F0:7F:0C:11:12:F1): Received CM_SLAC_MATCH_REQ, sending CM_SLAC_MATCH_CNF -> session complete
2025-12-16T18:02:04.854883+0100 chargesom manager[848396]: [INFO] evse_slac:EvseS  :: Entered Matched state
2025-12-16T18:02:04.856031+0100 chargesom manager[848386]: [INFO] connector:EvseM  :: EVSE ISO SLAC MATCHED
2025-12-16T18:02:04.897273+0100 chargesom manager[848386]: [INFO] connector:EvseM  :: EVSE ISO D-LINK_READY (true)
2025-12-16T18:02:06.643499+0100 chargesom manager[848407]: [INFO] iso15118_charge  :: Received packet from [fe80::f27f:cff:fe11:12f1]:49152 with security 0x10 and protocol 0x00
2025-12-16T18:02:06.643499+0100 chargesom manager[848407]: [INFO] iso15118_charge  :: SDP requested NO-TLS, announcing NO-TLS
2025-12-16T18:02:06.643499+0100 chargesom manager[848407]: [INFO] iso15118_charge  :: sendto([fe80::f27f:cff:fe11:12f1]:49152) succeeded
2025-12-16T18:02:06.713510+0100 chargesom manager[848407]: [INFO] iso15118_charge  :: Incoming connection on eth1 from [a00:c000:0:0:fe80::]:49152
2025-12-16T18:02:06.714031+0100 chargesom manager[848407]: [INFO] iso15118_charge  :: Started new TCP connection thread
2025-12-16T18:02:06.734122+0100 chargesom manager[848407]: [INFO] iso15118_charge  :: Handling SupportedAppProtocolReq
2025-12-16T18:02:06.734852+0100 chargesom manager[848407]: [INFO] iso15118_charge  :: Protocol negotiation was successful. Selected protocol is ISO15118
2025-12-16T18:02:06.737167+0100 chargesom manager[848386]: [INFO] connector:EvseM  ::                                     CAR ISO V2G SupportedAppProtocolReq
2025-12-16T18:02:06.773709+0100 chargesom manager[848407]: [INFO] iso15118_charge  :: SessionSetupReq.EVCCID: F0:7F:0C:11:12:F1
2025-12-16T18:02:06.774078+0100 chargesom manager[848407]: [INFO] iso15118_charge  :: No session_id found or not equal to the id from the preceding v2g session. Generating random session id.
2025-12-16T18:02:06.774078+0100 chargesom manager[848407]: [INFO] iso15118_charge  :: Created new session with id 0x13667972797988279806
2025-12-16T18:02:06.778188+0100 chargesom manager[848386]: [INFO] connector:EvseM  :: EVSE ISO V2G SupportedAppProtocolRes
2025-12-16T18:02:06.823044+0100 chargesom manager[848386]: [INFO] connector:EvseM  ::                                     CAR ISO V2G SessionSetupReq
2025-12-16T18:02:06.910519+0100 chargesom manager[848386]: [INFO] connector:EvseM  :: EVSE ISO V2G SessionSetupRes
2025-12-16T18:02:06.913625+0100 chargesom manager[848407]: [WARN] iso15118_charge  :: PnC is not allowed without TLS-communication. Correcting value to '1' (ExternalPayment)
2025-12-16T18:02:06.915098+0100 chargesom manager[848386]: [INFO] connector:EvseM  ::                                     CAR ISO V2G ServiceDiscoveryReq
2025-12-16T18:02:07.012368+0100 chargesom manager[848386]: [INFO] connector:EvseM  :: EVSE ISO V2G ServiceDiscoveryRes
2025-12-16T18:02:07.054000+0100 chargesom manager[848407]: [INFO] iso15118_charge  :: SelectedPaymentOption: ExternalPayment
2025-12-16T18:02:07.055501+0100 chargesom manager[848386]: [INFO] connector:EvseM  ::                                     CAR ISO V2G PaymentServiceSelectionReq
2025-12-16T18:02:07.157133+0100 chargesom manager[848386]: [INFO] connector:EvseM  :: EVSE ISO V2G PaymentServiceSelectionRes
2025-12-16T18:02:07.249741+0100 chargesom manager[848386]: [INFO] connector:EvseM  ::                                     CAR ISO V2G AuthorizationReq
2025-12-16T18:02:07.302223+0100 chargesom manager[848386]: [INFO] connector:EvseM  :: EVSE ISO V2G AuthorizationRes
2025-12-16T18:02:07.425072+0100 chargesom manager[848386]: [INFO] connector:EvseM  ::                                     CAR ISO V2G AuthorizationReq
2025-12-16T18:02:07.524002+0100 chargesom manager[848386]: [INFO] connector:EvseM  :: EVSE ISO V2G AuthorizationRes
2025-12-16T18:02:07.563879+0100 chargesom manager[848407]: [INFO] iso15118_charge  :: Parameter-phase started
2025-12-16T18:02:07.564651+0100 chargesom manager[848407]: [INFO] iso15118_charge  :: Selected energy transfer mode: DC_extended
2025-12-16T18:02:07.594845+0100 chargesom manager[848386]: [INFO] connector:EvseM  :: Received EV maximum limits: {
2025-12-16T18:02:07.594845+0100 chargesom manager[848386]:     "dc_ev_maximum_current_limit": 350.0,
2025-12-16T18:02:07.594845+0100 chargesom manager[848386]:     "dc_ev_maximum_voltage_limit": 464.0
2025-12-16T18:02:07.594845+0100 chargesom manager[848386]: }
2025-12-16T18:02:07.595587+0100 chargesom manager[848386]: [INFO] connector:EvseM  ::                                     CAR ISO V2G ChargeParameterDiscoveryReq
2025-12-16T18:02:07.685417+0100 chargesom manager[848386]: [INFO] connector:EvseM  :: EVSE ISO V2G ChargeParameterDiscoveryRes
2025-12-16T18:02:08.958534+0100 chargesom manager[848385]: [INFO] bsp:CbChargeSOM  :: CP state change from B to C, PWM: 5.0%
2025-12-16T18:02:08.960672+0100 chargesom manager[848386]: [INFO] connector:EvseM  ::                                     CAR IEC Event CarRequestedPower
2025-12-16T18:02:09.055150+0100 chargesom manager[848386]: [INFO] connector:EvseM  :: EVSE ISO Start cable check...
2025-12-16T18:02:09.055547+0100 chargesom manager[848386]: [INFO] connector:EvseM  ::                                     CAR ISO DC HLC Close contactor (in CableCheck)
2025-12-16T18:02:09.056132+0100 chargesom manager[848386]: [INFO] connector:EvseM  ::                                     CAR ISO V2G CableCheckReq
2025-12-16T18:02:09.115494+0100 chargesom manager[848385]: [INFO] bsp:CbChargeSOM  :: handle_allow_power_on: request to CLOSE the contactor
2025-12-16T18:02:09.161317+0100 chargesom manager[848386]: [INFO] connector:EvseM  :: EVSE ISO V2G CableCheckRes
2025-12-16T18:02:09.177867+0100 chargesom manager[848385]: [INFO] bsp:CbChargeSOM  :: Contactor 1 state change detected: now Closed
2025-12-16T18:02:09.178263+0100 chargesom manager[848385]: [INFO] bsp:CbChargeSOM  :: Contactor 2 state change detected: now Closed
2025-12-16T18:02:09.179169+0100 chargesom manager[848386]: [INFO] connector:EvseM  :: EVSE IEC Event PowerOn
2025-12-16T18:02:09.256039+0100 chargesom manager[848386]: [INFO] connector:EvseM  :: EV reports 464 V as maximum voltage
2025-12-16T18:02:09.256039+0100 chargesom manager[848386]: [INFO] connector:EvseM  :: EVSE IEC DC power supply set: 500.00V/2.00A, requested was 500.00V/2.00A.
2025-12-16T18:02:09.258925+0100 chargesom manager[848413]: [INFO] powersupply_dc:  :: Infy: Updating voltage/current via CAN: 500V / 2A total → 2A per module - active modules: 1
2025-12-16T18:02:09.259959+0100 chargesom manager[848413]: [INFO] powersupply_dc:  :: Infy: set_voltage_current(500V, 2A) - active modules: 1
2025-12-16T18:02:09.305436+0100 chargesom manager[848386]: [INFO] connector:EvseM  ::                                     CAR ISO V2G CableCheckReq
2025-12-16T18:02:09.306613+0100 chargesom manager[848386]: [INFO] connector:EvseM  :: CableCheck: Using 500 V
2025-12-16T18:02:09.306974+0100 chargesom manager[848386]: [INFO] connector:EvseM  :: EVSE IEC DC power supply: switch ON called, ChargingPhase: CableCheck
2025-12-16T18:02:09.349533+0100 chargesom manager[848413]: [INFO] powersupply_dc:  :: Set mode via CAN: Export with phase CableCheck
2025-12-16T18:02:09.349533+0100 chargesom manager[848413]: [INFO] powersupply_dc:  :: Infy: switch_on_off(true) - active modules: 1
2025-12-16T18:02:09.393771+0100 chargesom manager[848386]: [INFO] connector:EvseM  :: EVSE ISO V2G CableCheckRes
2025-12-16T18:02:09.494790+0100 chargesom manager[848386]: [INFO] connector:EvseM  ::                                     CAR ISO V2G CableCheckReq
2025-12-16T18:02:09.592335+0100 chargesom manager[848386]: [INFO] connector:EvseM  :: EVSE ISO V2G CableCheckRes
2025-12-16T18:02:09.714748+0100 chargesom manager[848386]: [INFO] connector:EvseM  ::                                     CAR ISO V2G CableCheckReq
2025-12-16T18:02:09.837173+0100 chargesom manager[848386]: [INFO] connector:EvseM  :: EVSE ISO V2G CableCheckRes
2025-12-16T18:02:09.934638+0100 chargesom manager[848386]: [INFO] connector:EvseM  ::                                     CAR ISO V2G CableCheckReq
2025-12-16T18:02:10.032145+0100 chargesom manager[848386]: [INFO] connector:EvseM  :: EVSE ISO V2G CableCheckRes
2025-12-16T18:02:10.161195+0100 chargesom manager[848386]: [INFO] connector:EvseM  ::                                     CAR ISO V2G CableCheckReq
2025-12-16T18:02:10.252862+0100 chargesom manager[848386]: [INFO] connector:EvseM  :: EVSE ISO V2G CableCheckRes
2025-12-16T18:02:10.374774+0100 chargesom manager[848386]: [INFO] connector:EvseM  ::                                     CAR ISO V2G CableCheckReq
2025-12-16T18:02:10.472255+0100 chargesom manager[848386]: [INFO] connector:EvseM  :: EVSE ISO V2G CableCheckRes
2025-12-16T18:02:10.595161+0100 chargesom manager[848386]: [INFO] connector:EvseM  ::                                     CAR ISO V2G CableCheckReq
2025-12-16T18:02:10.692198+0100 chargesom manager[848386]: [INFO] connector:EvseM  :: EVSE ISO V2G CableCheckRes
2025-12-16T18:02:10.814781+0100 chargesom manager[848386]: [INFO] connector:EvseM  ::                                     CAR ISO V2G CableCheckReq
2025-12-16T18:02:10.913999+0100 chargesom manager[848386]: [INFO] connector:EvseM  :: EVSE ISO V2G CableCheckRes
2025-12-16T18:02:11.041686+0100 chargesom manager[848386]: [INFO] connector:EvseM  ::                                     CAR ISO V2G CableCheckReq
2025-12-16T18:02:11.161212+0100 chargesom manager[848386]: [INFO] connector:EvseM  :: EVSE ISO V2G CableCheckRes
2025-12-16T18:02:11.254699+0100 chargesom manager[848386]: [INFO] connector:EvseM  ::                                     CAR ISO V2G CableCheckReq
2025-12-16T18:02:11.353597+0100 chargesom manager[848386]: [INFO] connector:EvseM  :: EVSE ISO V2G CableCheckRes
2025-12-16T18:02:11.474815+0100 chargesom manager[848386]: [INFO] connector:EvseM  ::                                     CAR ISO V2G CableCheckReq
2025-12-16T18:02:11.572491+0100 chargesom manager[848386]: [INFO] connector:EvseM  :: EVSE ISO V2G CableCheckRes
2025-12-16T18:02:11.694529+0100 chargesom manager[848386]: [INFO] connector:EvseM  ::                                     CAR ISO V2G CableCheckReq
2025-12-16T18:02:11.793154+0100 chargesom manager[848386]: [INFO] connector:EvseM  :: EVSE ISO V2G CableCheckRes
2025-12-16T18:02:11.914781+0100 chargesom manager[848386]: [INFO] connector:EvseM  ::                                     CAR ISO V2G CableCheckReq
2025-12-16T18:02:12.053477+0100 chargesom manager[848386]: [INFO] connector:EvseM  :: EVSE ISO V2G CableCheckRes
2025-12-16T18:02:12.059757+0100 chargesom manager[848386]: [INFO] connector:EvseM  :: EVSE ISO Change HLC Limits: 4734W/102A, target_voltage 0, actual_voltage 40.9, hack_bpt false
2025-12-16T18:02:12.166341+0100 chargesom manager[848386]: [INFO] connector:EvseM  ::                                     CAR ISO V2G CableCheckReq
2025-12-16T18:02:12.233148+0100 chargesom manager[848386]: [INFO] connector:EvseM  :: EVSE ISO V2G CableCheckRes
2025-12-16T18:02:12.354573+0100 chargesom manager[848386]: [INFO] connector:EvseM  ::                                     CAR ISO V2G CableCheckReq
2025-12-16T18:02:12.453168+0100 chargesom manager[848386]: [INFO] connector:EvseM  :: EVSE ISO V2G CableCheckRes
2025-12-16T18:02:12.574847+0100 chargesom manager[848386]: [INFO] connector:EvseM  ::                                     CAR ISO V2G CableCheckReq
2025-12-16T18:02:12.673043+0100 chargesom manager[848386]: [INFO] connector:EvseM  :: EVSE ISO V2G CableCheckRes
2025-12-16T18:02:12.794957+0100 chargesom manager[848386]: [INFO] connector:EvseM  ::                                     CAR ISO V2G CableCheckReq
2025-12-16T18:02:12.893091+0100 chargesom manager[848386]: [INFO] connector:EvseM  :: EVSE ISO V2G CableCheckRes
2025-12-16T18:02:13.014874+0100 chargesom manager[848386]: [INFO] connector:EvseM  ::                                     CAR ISO V2G CableCheckReq
2025-12-16T18:02:13.112670+0100 chargesom manager[848386]: [INFO] connector:EvseM  :: EVSE ISO V2G CableCheckRes
2025-12-16T18:02:13.265380+0100 chargesom manager[848386]: [INFO] connector:EvseM  ::                                     CAR ISO V2G CableCheckReq
2025-12-16T18:02:13.357316+0100 chargesom manager[848386]: [INFO] connector:EvseM  :: EVSE ISO V2G CableCheckRes
2025-12-16T18:02:13.454548+0100 chargesom manager[848386]: [INFO] connector:EvseM  ::                                     CAR ISO V2G CableCheckReq
2025-12-16T18:02:13.553077+0100 chargesom manager[848386]: [INFO] connector:EvseM  :: EVSE ISO V2G CableCheckRes
2025-12-16T18:02:13.675084+0100 chargesom manager[848386]: [INFO] connector:EvseM  ::                                     CAR ISO V2G CableCheckReq
2025-12-16T18:02:13.773027+0100 chargesom manager[848386]: [INFO] connector:EvseM  :: EVSE ISO V2G CableCheckRes
2025-12-16T18:02:13.894601+0100 chargesom manager[848386]: [INFO] connector:EvseM  ::                                     CAR ISO V2G CableCheckReq
2025-12-16T18:02:14.001346+0100 chargesom manager[848386]: [INFO] connector:EvseM  :: EVSE ISO V2G CableCheckRes
2025-12-16T18:02:14.004012+0100 chargesom manager[848386]: [INFO] connector:EvseM  :: CableCheck: IMD self test started.
2025-12-16T18:02:14.114708+0100 chargesom manager[848386]: [INFO] connector:EvseM  ::                                     CAR ISO V2G CableCheckReq
2025-12-16T18:02:14.213083+0100 chargesom manager[848386]: [INFO] connector:EvseM  :: EVSE ISO V2G CableCheckRes
2025-12-16T18:02:14.365569+0100 chargesom manager[848386]: [INFO] connector:EvseM  ::                                     CAR ISO V2G CableCheckReq
2025-12-16T18:02:14.379688+0100 chargesom manager[848386]: [INFO] connector:EvseM  :: EVSE ISO Change HLC Limits: 4734W/102A, target_voltage 0, actual_voltage 502.1, hack_bpt false
2025-12-16T18:02:14.470083+0100 chargesom manager[848386]: [INFO] connector:EvseM  :: EVSE ISO V2G CableCheckRes
2025-12-16T18:02:14.557287+0100 chargesom manager[848386]: [INFO] connector:EvseM  ::                                     CAR ISO V2G CableCheckReq
2025-12-16T18:02:14.653288+0100 chargesom manager[848386]: [INFO] connector:EvseM  :: EVSE ISO V2G CableCheckRes
2025-12-16T18:02:14.774364+0100 chargesom manager[848386]: [INFO] connector:EvseM  ::                                     CAR ISO V2G CableCheckReq
2025-12-16T18:02:14.872934+0100 chargesom manager[848386]: [INFO] connector:EvseM  :: EVSE ISO V2G CableCheckRes
2025-12-16T18:02:14.994427+0100 chargesom manager[848386]: [INFO] connector:EvseM  ::                                     CAR ISO V2G CableCheckReq
2025-12-16T18:02:15.092876+0100 chargesom manager[848386]: [INFO] connector:EvseM  :: EVSE ISO V2G CableCheckRes
2025-12-16T18:02:15.214374+0100 chargesom manager[848386]: [INFO] connector:EvseM  ::                                     CAR ISO V2G CableCheckReq
2025-12-16T18:02:15.313745+0100 chargesom manager[848386]: [INFO] connector:EvseM  :: EVSE ISO V2G CableCheckRes
2025-12-16T18:02:15.434395+0100 chargesom manager[848386]: [INFO] connector:EvseM  ::                                     CAR ISO V2G CableCheckReq
2025-12-16T18:02:15.570034+0100 chargesom manager[848386]: [INFO] connector:EvseM  :: EVSE ISO V2G CableCheckRes
2025-12-16T18:02:15.654564+0100 chargesom manager[848386]: [INFO] connector:EvseM  ::                                     CAR ISO V2G CableCheckReq
2025-12-16T18:02:15.753068+0100 chargesom manager[848386]: [INFO] connector:EvseM  :: EVSE ISO V2G CableCheckRes
2025-12-16T18:02:15.874829+0100 chargesom manager[848386]: [INFO] connector:EvseM  ::                                     CAR ISO V2G CableCheckReq
2025-12-16T18:02:16.005805+0100 chargesom manager[848386]: [INFO] connector:EvseM  :: EVSE ISO V2G CableCheckRes
2025-12-16T18:02:16.094270+0100 chargesom manager[848386]: [INFO] connector:EvseM  ::                                     CAR ISO V2G CableCheckReq
2025-12-16T18:02:16.192851+0100 chargesom manager[848386]: [INFO] connector:EvseM  :: EVSE ISO V2G CableCheckRes
2025-12-16T18:02:16.323505+0100 chargesom manager[848386]: [INFO] connector:EvseM  ::                                     CAR ISO V2G CableCheckReq
2025-12-16T18:02:16.420642+0100 chargesom manager[848386]: [INFO] connector:EvseM  :: EVSE ISO V2G CableCheckRes
2025-12-16T18:02:16.544448+0100 chargesom manager[848386]: [INFO] connector:EvseM  ::                                     CAR ISO V2G CableCheckReq
2025-12-16T18:02:16.670029+0100 chargesom manager[848386]: [INFO] connector:EvseM  :: EVSE ISO V2G CableCheckRes
2025-12-16T18:02:16.764253+0100 chargesom manager[848386]: [INFO] connector:EvseM  ::                                     CAR ISO V2G CableCheckReq
2025-12-16T18:02:16.863367+0100 chargesom manager[848386]: [INFO] connector:EvseM  :: EVSE ISO V2G CableCheckRes
2025-12-16T18:02:16.984127+0100 chargesom manager[848386]: [INFO] connector:EvseM  ::                                     CAR ISO V2G CableCheckReq
2025-12-16T18:02:17.011133+0100 chargesom manager[848386]: [INFO] connector:EvseM  :: EVSE IEC Isolation monitor self test result: true
2025-12-16T18:02:17.053063+0100 chargesom manager[848402]: [INFO] imd:IMDSimulato  :: Started simulated isolation monitoring with 1000 ms interval
2025-12-16T18:02:17.057557+0100 chargesom manager[848386]: [INFO] connector:EvseM  :: CableCheck: Waiting for 1 isolation measurement sample(s)
2025-12-16T18:02:17.101235+0100 chargesom manager[848386]: [INFO] connector:EvseM  :: EVSE ISO V2G CableCheckRes
2025-12-16T18:02:17.102137+0100 chargesom manager[848386]: [INFO] connector:EvseM  :: EVSE IEC Isolation measurement Ok R_F 900000.
2025-12-16T18:02:17.165793+0100 chargesom manager[848386]: [INFO] connector:EvseM  :: EVSE IEC DC power supply OFF
2025-12-16T18:02:17.209586+0100 chargesom manager[848386]: [INFO] connector:EvseM  ::                                     CAR ISO V2G CableCheckReq
2025-12-16T18:02:17.210185+0100 chargesom manager[848413]: [INFO] powersupply_dc:  :: Set mode via CAN: Off with phase CableCheck
2025-12-16T18:02:17.211193+0100 chargesom manager[848413]: [INFO] powersupply_dc:  :: Infy: switch_on_off(false) - active modules: 1
2025-12-16T18:02:17.302757+0100 chargesom manager[848386]: [INFO] connector:EvseM  :: EVSE ISO V2G CableCheckRes
2025-12-16T18:02:17.424309+0100 chargesom manager[848386]: [INFO] connector:EvseM  ::                                     CAR ISO V2G CableCheckReq
2025-12-16T18:02:17.522825+0100 chargesom manager[848386]: [INFO] connector:EvseM  :: EVSE ISO V2G CableCheckRes
2025-12-16T18:02:17.644431+0100 chargesom manager[848386]: [INFO] connector:EvseM  ::                                     CAR ISO V2G CableCheckReq
2025-12-16T18:02:17.765513+0100 chargesom manager[848386]: [INFO] connector:EvseM  :: EVSE ISO V2G CableCheckRes
2025-12-16T18:02:17.864176+0100 chargesom manager[848386]: [INFO] connector:EvseM  ::                                     CAR ISO V2G CableCheckReq
2025-12-16T18:02:17.962737+0100 chargesom manager[848386]: [INFO] connector:EvseM  :: EVSE ISO V2G CableCheckRes
2025-12-16T18:02:18.085105+0100 chargesom manager[848386]: [INFO] connector:EvseM  ::                                     CAR ISO V2G CableCheckReq
2025-12-16T18:02:18.182827+0100 chargesom manager[848386]: [INFO] connector:EvseM  :: EVSE ISO V2G CableCheckRes
2025-12-16T18:02:18.304297+0100 chargesom manager[848386]: [INFO] connector:EvseM  ::                                     CAR ISO V2G CableCheckReq
2025-12-16T18:02:18.402909+0100 chargesom manager[848386]: [INFO] connector:EvseM  :: EVSE ISO V2G CableCheckRes
2025-12-16T18:02:18.524154+0100 chargesom manager[848386]: [INFO] connector:EvseM  ::                                     CAR ISO V2G CableCheckReq
2025-12-16T18:02:18.622598+0100 chargesom manager[848386]: [INFO] connector:EvseM  :: EVSE ISO V2G CableCheckRes
2025-12-16T18:02:18.744443+0100 chargesom manager[848386]: [INFO] connector:EvseM  ::                                     CAR ISO V2G CableCheckReq
2025-12-16T18:02:18.845240+0100 chargesom manager[848386]: [INFO] connector:EvseM  :: EVSE ISO V2G CableCheckRes
2025-12-16T18:02:18.959071+0100 chargesom manager[848386]: [INFO] connector:EvseM  :: CableCheck done, output is below 60V
2025-12-16T18:02:19.001773+0100 chargesom manager[848386]: [INFO] connector:EvseM  ::                                     CAR ISO V2G CableCheckReq
2025-12-16T18:02:19.062644+0100 chargesom manager[848386]: [INFO] connector:EvseM  :: EVSE ISO V2G CableCheckRes
2025-12-16T18:02:19.184250+0100 chargesom manager[848386]: [INFO] connector:EvseM  ::                                     CAR ISO V2G CableCheckReq
2025-12-16T18:02:19.284197+0100 chargesom manager[848386]: [INFO] connector:EvseM  :: EVSE ISO V2G CableCheckRes
2025-12-16T18:02:19.474009+0100 chargesom manager[848407]: [INFO] iso15118_charge  :: Precharge-phase started
2025-12-16T18:02:19.477067+0100 chargesom manager[848386]: [INFO] connector:EvseM  :: EVSE IEC DC power supply set: 447.00V/1.00A, requested was 447.00V/1.00A.
2025-12-16T18:02:19.478825+0100 chargesom manager[848413]: [INFO] powersupply_dc:  :: Infy: Updating voltage/current via CAN: 447V / 1A total → 1A per module - active modules: 1
2025-12-16T18:02:19.478825+0100 chargesom manager[848413]: [INFO] powersupply_dc:  :: Infy: set_voltage_current(447V, 1A) - active modules: 1
2025-12-16T18:02:19.521569+0100 chargesom manager[848386]: [INFO] connector:EvseM  :: EVSE IEC DC power supply: switch ON called, ChargingPhase: PreCharge
2025-12-16T18:02:19.565810+0100 chargesom manager[848413]: [INFO] powersupply_dc:  :: Set mode via CAN: Export with phase PreCharge
2025-12-16T18:02:19.565810+0100 chargesom manager[848413]: [INFO] powersupply_dc:  :: Infy: switch_on_off(true) - active modules: 1
2025-12-16T18:02:19.611129+0100 chargesom manager[848386]: [INFO] connector:EvseM  ::                                     CAR ISO V2G PreChargeReq
2025-12-16T18:02:19.611129+0100 chargesom manager[848386]: [INFO] connector:EvseM  :: EVSE ISO V2G PreChargeRes
2025-12-16T18:02:19.694311+0100 chargesom manager[848386]: [INFO] connector:EvseM  ::                                     CAR ISO V2G PreChargeReq
2025-12-16T18:02:19.792870+0100 chargesom manager[848386]: [INFO] connector:EvseM  :: EVSE ISO V2G PreChargeRes
2025-12-16T18:02:19.941487+0100 chargesom manager[848386]: [INFO] connector:EvseM  ::                                     CAR ISO V2G PreChargeReq
2025-12-16T18:02:19.959544+0100 chargesom manager[848386]: [INFO] connector:EvseM  :: EVSE ISO Change HLC Limits: 4734W/10.590604A, target_voltage 447, actual_voltage 0.1, hack_bpt false
2025-12-16T18:02:20.007881+0100 chargesom manager[848386]: [INFO] connector:EvseM  :: EVSE IEC DC power supply set: 447.00V/1.00A, requested was 447.00V/1.00A.
2025-12-16T18:02:20.053566+0100 chargesom manager[848386]: [INFO] connector:EvseM  :: EVSE ISO V2G PreChargeRes
2025-12-16T18:02:20.054736+0100 chargesom manager[848413]: [INFO] powersupply_dc:  :: Infy: Updating voltage/current via CAN: 447V / 1A total → 1A per module - active modules: 1
2025-12-16T18:02:20.054736+0100 chargesom manager[848413]: [INFO] powersupply_dc:  :: Infy: set_voltage_current(447V, 1A) - active modules: 1
2025-12-16T18:02:20.169178+0100 chargesom manager[848386]: [INFO] connector:EvseM  ::                                     CAR ISO V2G PreChargeReq
2025-12-16T18:02:20.233517+0100 chargesom manager[848386]: [INFO] connector:EvseM  :: EVSE ISO V2G PreChargeRes
2025-12-16T18:02:20.354095+0100 chargesom manager[848386]: [INFO] connector:EvseM  ::                                     CAR ISO V2G PreChargeReq
2025-12-16T18:02:20.452662+0100 chargesom manager[848386]: [INFO] connector:EvseM  :: EVSE ISO V2G PreChargeRes
2025-12-16T18:02:20.574665+0100 chargesom manager[848386]: [INFO] connector:EvseM  ::                                     CAR ISO V2G PreChargeReq
2025-12-16T18:02:20.672786+0100 chargesom manager[848386]: [INFO] connector:EvseM  :: EVSE ISO V2G PreChargeRes
2025-12-16T18:02:20.794257+0100 chargesom manager[848386]: [INFO] connector:EvseM  ::                                     CAR ISO V2G PreChargeReq
2025-12-16T18:02:20.893315+0100 chargesom manager[848386]: [INFO] connector:EvseM  :: EVSE ISO V2G PreChargeRes
2025-12-16T18:02:21.049327+0100 chargesom manager[848386]: [INFO] connector:EvseM  ::                                     CAR ISO V2G PreChargeReq
2025-12-16T18:02:21.128108+0100 chargesom manager[848386]: [INFO] connector:EvseM  :: EVSE ISO V2G PreChargeRes
2025-12-16T18:02:21.130293+0100 chargesom manager[848386]: [INFO] connector:EvseM  :: EVSE ISO Change HLC Limits: 4734W/10.590604A, target_voltage 447, actual_voltage 1.8000001, hack_bpt false
2025-12-16T18:02:21.218190+0100 chargesom manager[848386]: [INFO] connector:EvseM  :: EVSE IEC DC power supply set: 447.00V/1.00A, requested was 447.00V/1.00A.
2025-12-16T18:02:21.261748+0100 chargesom manager[848386]: [INFO] connector:EvseM  ::                                     CAR ISO V2G PreChargeReq
2025-12-16T18:02:21.262202+0100 chargesom manager[848413]: [INFO] powersupply_dc:  :: Infy: Updating voltage/current via CAN: 447V / 1A total → 1A per module - active modules: 1
2025-12-16T18:02:21.262202+0100 chargesom manager[848413]: [INFO] powersupply_dc:  :: Infy: set_voltage_current(447V, 1A) - active modules: 1
2025-12-16T18:02:21.333691+0100 chargesom manager[848386]: [INFO] connector:EvseM  :: EVSE ISO V2G PreChargeRes
2025-12-16T18:02:21.454182+0100 chargesom manager[848386]: [INFO] connector:EvseM  ::                                     CAR ISO V2G PreChargeReq
2025-12-16T18:02:21.552966+0100 chargesom manager[848386]: [INFO] connector:EvseM  :: EVSE ISO V2G PreChargeRes
2025-12-16T18:02:21.674518+0100 chargesom manager[848386]: [INFO] connector:EvseM  ::                                     CAR ISO V2G PreChargeReq
2025-12-16T18:02:21.772801+0100 chargesom manager[848386]: [INFO] connector:EvseM  :: EVSE ISO V2G PreChargeRes
2025-12-16T18:02:21.894489+0100 chargesom manager[848386]: [INFO] connector:EvseM  ::                                     CAR ISO V2G PreChargeReq
2025-12-16T18:02:21.992630+0100 chargesom manager[848386]: [INFO] connector:EvseM  :: EVSE ISO V2G PreChargeRes
2025-12-16T18:02:22.114090+0100 chargesom manager[848386]: [INFO] connector:EvseM  ::                                     CAR ISO V2G PreChargeReq
2025-12-16T18:02:22.212706+0100 chargesom manager[848386]: [INFO] connector:EvseM  :: EVSE ISO V2G PreChargeRes
2025-12-16T18:02:22.361366+0100 chargesom manager[848386]: [INFO] connector:EvseM  ::                                     CAR ISO V2G PreChargeReq
2025-12-16T18:02:22.449344+0100 chargesom manager[848386]: [INFO] connector:EvseM  :: EVSE ISO V2G PreChargeRes
2025-12-16T18:02:22.554286+0100 chargesom manager[848386]: [INFO] connector:EvseM  ::                                     CAR ISO V2G PreChargeReq
2025-12-16T18:02:22.651639+0100 chargesom manager[848386]: [INFO] connector:EvseM  :: EVSE ISO V2G PreChargeRes
2025-12-16T18:02:22.774158+0100 chargesom manager[848386]: [INFO] connector:EvseM  ::                                     CAR ISO V2G PreChargeReq
2025-12-16T18:02:22.873277+0100 chargesom manager[848386]: [INFO] connector:EvseM  :: EVSE ISO V2G PreChargeRes
2025-12-16T18:02:22.994160+0100 chargesom manager[848386]: [INFO] connector:EvseM  ::                                     CAR ISO V2G PreChargeReq
2025-12-16T18:02:23.092621+0100 chargesom manager[848386]: [INFO] connector:EvseM  :: EVSE ISO V2G PreChargeRes
2025-12-16T18:02:23.214090+0100 chargesom manager[848386]: [INFO] connector:EvseM  ::                                     CAR ISO V2G PreChargeReq
2025-12-16T18:02:23.312642+0100 chargesom manager[848386]: [INFO] connector:EvseM  :: EVSE ISO V2G PreChargeRes
2025-12-16T18:02:23.462735+0100 chargesom manager[848386]: [INFO] connector:EvseM  ::                                     CAR ISO V2G PowerDeliveryReq
2025-12-16T18:02:23.549747+0100 chargesom manager[848386]: [INFO] connector:EvseM  :: EVSE ISO V2G PowerDeliveryRes
2025-12-16T18:02:23.574680+0100 chargesom manager[848386]: [INFO] connector:EvseM  :: EVSE IEC DC power supply: switch ON in export mode
2025-12-16T18:02:23.576484+0100 chargesom manager[848413]: [INFO] powersupply_dc:  :: Set mode via CAN: Export with phase Charging
2025-12-16T18:02:23.577479+0100 chargesom manager[848413]: [INFO] powersupply_dc:  :: Infy: switch_on_off(true) - active modules: 1
2025-12-16T18:02:23.618057+0100 chargesom manager[848386]: [INFO] connector:EvseM  :: EVSE IEC DC power supply set: 447.00V/1.00A, requested was 447.00V/1.00A.
2025-12-16T18:02:23.621152+0100 chargesom manager[848413]: [INFO] powersupply_dc:  :: Infy: Updating voltage/current via CAN: 447V / 1A total → 1A per module - active modules: 1
2025-12-16T18:02:23.621534+0100 chargesom manager[848413]: [INFO] powersupply_dc:  :: Infy: set_voltage_current(447V, 1A) - active modules: 1
2025-12-16T18:02:23.663713+0100 chargesom manager[848386]: [INFO] connector:EvseM  :: EVSE IEC DC power supply set: 459.00V/1.00A, requested was 459.00V/0.00A.
2025-12-16T18:02:23.705603+0100 chargesom manager[848413]: [INFO] powersupply_dc:  :: Infy: Updating voltage/current via CAN: 459V / 1A total → 1A per module - active modules: 1
2025-12-16T18:02:23.706051+0100 chargesom manager[848413]: [INFO] powersupply_dc:  :: Infy: set_voltage_current(459V, 1A) - active modules: 1
2025-12-16T18:02:23.744021+0100 chargesom manager[848386]: [INFO] connector:EvseM  :: EVSE IEC Charger state: PrepareCharging->Charging
2025-12-16T18:02:23.744460+0100 chargesom manager[848386]: [INFO] connector:EvseM  :: Timing statistics (Plugin to CurrentDemand)
2025-12-16T18:02:23.744460+0100 chargesom manager[848386]: [INFO] connector:EvseM  :: -------------------------------------------
2025-12-16T18:02:23.744460+0100 chargesom manager[848386]: [INFO] connector:EvseM  :: ConnSetup | HLC_PWM_5%_ON: 683 ms | D-LINK_READY: 7583 ms | Auth EIM Done: 2264 ms | Total: 12337 ms
2025-12-16T18:02:23.745319+0100 chargesom manager[848386]: [INFO] connector:EvseM  :: CableCheck | <60V: 0 ms | Relay On: 200 ms | EVInfo: 0 ms | VRampUp: 4702 ms | Self test: 3052 ms | Measure: 90 ms | VRampDown: 1857 ms | Total: 9952 ms
2025-12-16T18:02:23.745319+0100 chargesom manager[848386]: [INFO] connector:EvseM  :: PrepareCharging | Charging started: 4736 ms | Total: 4736 ms
2025-12-16T18:02:23.745319+0100 chargesom manager[848386]: [INFO] connector:EvseM  :: Total duration all phases: 27026 ms
2025-12-16T18:02:23.748290+0100 chargesom manager[848386]: [INFO] connector:EvseM  ::                                     CAR ISO V2G CurrentDemandReq
2025-12-16T18:02:23.748290+0100 chargesom manager[848386]: [INFO] connector:EvseM  :: EVSE ISO V2G CurrentDemandRes
2025-12-16T18:02:23.794582+0100 chargesom manager[848386]: [INFO] connector:EvseM  :: EVSE IEC DC power supply set: 459.00V/10.00A, requested was 459.00V/10.00A.
2025-12-16T18:02:23.797747+0100 chargesom manager[848413]: [INFO] powersupply_dc:  :: Infy: Updating voltage/current via CAN: 459V / 10A total → 10A per module - active modules: 1
2025-12-16T18:02:23.798180+0100 chargesom manager[848413]: [INFO] powersupply_dc:  :: Infy: set_voltage_current(459V, 10A) - active modules: 1
2025-12-16T18:02:23.802054+0100 chargesom manager[848386]: [INFO] connector:EvseM  ::                                     CAR ISO V2G CurrentDemandReq
2025-12-16T18:02:23.893341+0100 chargesom manager[848386]: [INFO] connector:EvseM  :: EVSE ISO V2G CurrentDemandRes
2025-12-16T18:02:24.045732+0100 chargesom manager[848386]: [INFO] connector:EvseM  ::                                     CAR ISO V2G CurrentDemandReq
2025-12-16T18:02:24.089882+0100 chargesom manager[848386]: [INFO] connector:EvseM  :: EVSE IEC Isolation measurement Ok R_F 900000.
2025-12-16T18:02:24.130751+0100 chargesom manager[848386]: [INFO] connector:EvseM  :: EVSE ISO V2G CurrentDemandRes
2025-12-16T18:02:24.234032+0100 chargesom manager[848386]: [INFO] connector:EvseM  ::                                     CAR ISO V2G CurrentDemandReq
2025-12-16T18:02:24.331514+0100 chargesom manager[848386]: [INFO] connector:EvseM  :: EVSE ISO V2G CurrentDemandRes
2025-12-16T18:02:24.454112+0100 chargesom manager[848386]: [INFO] connector:EvseM  ::                                     CAR ISO V2G CurrentDemandReq
2025-12-16T18:02:24.557296+0100 chargesom manager[848386]: [INFO] connector:EvseM  :: EVSE ISO V2G CurrentDemandRes
2025-12-16T18:02:24.595736+0100 chargesom manager[848386]: [INFO] connector:EvseM  :: EVSE ISO Change HLC Limits: 4734W/10.795895A, target_voltage 459, actual_voltage 438.5, hack_bpt false
2025-12-16T18:02:24.689867+0100 chargesom manager[848386]: [INFO] connector:EvseM  ::                                     CAR ISO V2G CurrentDemandReq
2025-12-16T18:02:24.691582+0100 chargesom manager[848386]: [INFO] connector:EvseM  :: EVSE IEC DC power supply set: 459.00V/10.00A, requested was 459.00V/10.00A.
2025-12-16T18:02:24.737962+0100 chargesom manager[848413]: [INFO] powersupply_dc:  :: Infy: Updating voltage/current via CAN: 459V / 10A total → 10A per module - active modules: 1
2025-12-16T18:02:24.737962+0100 chargesom manager[848413]: [INFO] powersupply_dc:  :: Infy: set_voltage_current(459V, 10A) - active modules: 1
2025-12-16T18:02:24.781764+0100 chargesom manager[848386]: [INFO] connector:EvseM  :: EVSE ISO V2G CurrentDemandRes
2025-12-16T18:02:24.895162+0100 chargesom manager[848386]: [INFO] connector:EvseM  ::                                     CAR ISO V2G CurrentDemandReq
2025-12-16T18:02:24.993051+0100 chargesom manager[848386]: [INFO] connector:EvseM  :: EVSE ISO V2G CurrentDemandRes
2025-12-16T18:02:25.073816+0100 chargesom manager[848386]: [INFO] connector:EvseM  :: EVSE IEC Isolation measurement Ok R_F 900000.
2025-12-16T18:02:25.117427+0100 chargesom manager[848386]: [INFO] connector:EvseM  ::                                     CAR ISO V2G CurrentDemandReq
2025-12-16T18:02:25.211620+0100 chargesom manager[848386]: [INFO] connector:EvseM  :: EVSE ISO V2G CurrentDemandRes
2025-12-16T18:02:25.334142+0100 chargesom manager[848386]: [INFO] connector:EvseM  ::                                     CAR ISO V2G CurrentDemandReq
2025-12-16T18:02:25.431545+0100 chargesom manager[848386]: [INFO] connector:EvseM  :: EVSE ISO V2G CurrentDemandRes
2025-12-16T18:02:25.553975+0100 chargesom manager[848386]: [INFO] connector:EvseM  ::                                     CAR ISO V2G CurrentDemandReq
2025-12-16T18:02:25.651652+0100 chargesom manager[848386]: [INFO] connector:EvseM  :: EVSE ISO V2G CurrentDemandRes
2025-12-16T18:02:25.774771+0100 chargesom manager[848386]: [INFO] connector:EvseM  ::                                     CAR ISO V2G CurrentDemandReq
2025-12-16T18:02:25.905775+0100 chargesom manager[848386]: [INFO] connector:EvseM  :: EVSE ISO V2G CurrentDemandRes
2025-12-16T18:02:25.996078+0100 chargesom manager[848386]: [INFO] connector:EvseM  ::                                     CAR ISO V2G CurrentDemandReq
2025-12-16T18:02:26.081266+0100 chargesom manager[848386]: [INFO] connector:EvseM  :: EVSE IEC Isolation measurement Ok R_F 900000.
2025-12-16T18:02:26.125235+0100 chargesom manager[848386]: [INFO] connector:EvseM  :: EVSE ISO V2G CurrentDemandRes
2025-12-16T18:02:26.217236+0100 chargesom manager[848386]: [INFO] connector:EvseM  ::                                     CAR ISO V2G CurrentDemandReq
2025-12-16T18:02:26.314179+0100 chargesom manager[848386]: [INFO] connector:EvseM  :: EVSE ISO V2G CurrentDemandRes
2025-12-16T18:02:26.434112+0100 chargesom manager[848386]: [INFO] connector:EvseM  ::                                     CAR ISO V2G CurrentDemandReq
2025-12-16T18:02:26.531730+0100 chargesom manager[848386]: [INFO] connector:EvseM  :: EVSE ISO V2G CurrentDemandRes
2025-12-16T18:02:26.653909+0100 chargesom manager[848386]: [INFO] connector:EvseM  ::                                     CAR ISO V2G CurrentDemandReq
2025-12-16T18:02:26.751379+0100 chargesom manager[848386]: [INFO] connector:EvseM  :: EVSE ISO V2G CurrentDemandRes
2025-12-16T18:02:26.875471+0100 chargesom manager[848386]: [INFO] connector:EvseM  ::                                     CAR ISO V2G CurrentDemandReq
2025-12-16T18:02:27.002853+0100 chargesom manager[848386]: [INFO] connector:EvseM  :: EVSE ISO V2G CurrentDemandRes
2025-12-16T18:02:27.094390+0100 chargesom manager[848386]: [INFO] connector:EvseM  :: EVSE IEC Isolation measurement Ok R_F 900000.
2025-12-16T18:02:27.095937+0100 chargesom manager[848386]: [INFO] connector:EvseM  :: EVSE ISO Change HLC Limits: 4734W/10.548128A, target_voltage 459, actual_voltage 448.80002, hack_bpt false
2025-12-16T18:02:27.097828+0100 chargesom manager[848386]: [INFO] connector:EvseM  ::                                     CAR ISO V2G CurrentDemandReq
2025-12-16T18:02:27.185743+0100 chargesom manager[848386]: [INFO] connector:EvseM  :: EVSE IEC DC power supply set: 459.00V/10.00A, requested was 459.00V/10.00A.
2025-12-16T18:02:27.229875+0100 chargesom manager[848386]: [INFO] connector:EvseM  :: EVSE ISO V2G CurrentDemandRes
2025-12-16T18:02:27.230241+0100 chargesom manager[848413]: [INFO] powersupply_dc:  :: Infy: Updating voltage/current via CAN: 459V / 10A total → 10A per module - active modules: 1
2025-12-16T18:02:27.230241+0100 chargesom manager[848413]: [INFO] powersupply_dc:  :: Infy: set_voltage_current(459V, 10A) - active modules: 1
2025-12-16T18:02:27.313919+0100 chargesom manager[848386]: [INFO] connector:EvseM  ::                                     CAR ISO V2G CurrentDemandReq
2025-12-16T18:02:27.411431+0100 chargesom manager[848386]: [INFO] connector:EvseM  :: EVSE ISO V2G CurrentDemandRes
2025-12-16T18:02:27.533987+0100 chargesom manager[848386]: [INFO] connector:EvseM  ::                                     CAR ISO V2G CurrentDemandReq
2025-12-16T18:02:27.631425+0100 chargesom manager[848386]: [INFO] connector:EvseM  :: EVSE ISO V2G CurrentDemandRes
2025-12-16T18:02:27.753775+0100 chargesom manager[848386]: [INFO] connector:EvseM  ::                                     CAR ISO V2G CurrentDemandReq
2025-12-16T18:02:27.852155+0100 chargesom manager[848386]: [INFO] connector:EvseM  :: EVSE ISO V2G CurrentDemandRes
2025-12-16T18:02:27.974938+0100 chargesom manager[848386]: [INFO] connector:EvseM  ::                                     CAR ISO V2G CurrentDemandReq
2025-12-16T18:02:28.071479+0100 chargesom manager[848386]: [INFO] connector:EvseM  :: EVSE ISO V2G CurrentDemandRes
2025-12-16T18:02:28.074529+0100 chargesom manager[848386]: [INFO] connector:EvseM  :: EVSE IEC Isolation measurement Ok R_F 900000.
2025-12-16T18:02:28.193825+0100 chargesom manager[848386]: [INFO] connector:EvseM  ::                                     CAR ISO V2G CurrentDemandReq
2025-12-16T18:02:28.329551+0100 chargesom manager[848386]: [INFO] connector:EvseM  :: EVSE ISO V2G CurrentDemandRes
2025-12-16T18:02:28.417450+0100 chargesom manager[848386]: [INFO] connector:EvseM  ::                                     CAR ISO V2G CurrentDemandReq
2025-12-16T18:02:28.511526+0100 chargesom manager[848386]: [INFO] connector:EvseM  :: EVSE ISO V2G CurrentDemandRes
2025-12-16T18:02:28.633737+0100 chargesom manager[848386]: [INFO] connector:EvseM  ::                                     CAR ISO V2G CurrentDemandReq
2025-12-16T18:02:28.732264+0100 chargesom manager[848386]: [INFO] connector:EvseM  :: EVSE ISO V2G CurrentDemandRes
2025-12-16T18:02:28.855518+0100 chargesom manager[848386]: [INFO] connector:EvseM  ::                                     CAR ISO V2G CurrentDemandReq
2025-12-16T18:02:28.951916+0100 chargesom manager[848386]: [INFO] connector:EvseM  :: EVSE ISO V2G CurrentDemandRes
2025-12-16T18:02:29.074390+0100 chargesom manager[848386]: [INFO] connector:EvseM  ::                                     CAR ISO V2G CurrentDemandReq
2025-12-16T18:02:29.075563+0100 chargesom manager[848386]: [INFO] connector:EvseM  :: EVSE IEC Isolation measurement Ok R_F 900000.
2025-12-16T18:02:29.181315+0100 chargesom manager[848386]: [INFO] connector:EvseM  :: EVSE ISO V2G CurrentDemandRes
2025-12-16T18:02:29.294083+0100 chargesom manager[848386]: [INFO] connector:EvseM  ::                                     CAR ISO V2G CurrentDemandReq
2025-12-16T18:02:29.425419+0100 chargesom manager[848386]: [INFO] connector:EvseM  :: EVSE ISO V2G CurrentDemandRes
2025-12-16T18:02:29.526288+0100 chargesom manager[848386]: [INFO] connector:EvseM  ::                                     CAR ISO V2G CurrentDemandReq
2025-12-16T18:02:29.611196+0100 chargesom manager[848386]: [INFO] connector:EvseM  :: EVSE ISO V2G CurrentDemandRes
2025-12-16T18:02:29.733693+0100 chargesom manager[848386]: [INFO] connector:EvseM  ::                                     CAR ISO V2G CurrentDemandReq
2025-12-16T18:02:29.832367+0100 chargesom manager[848386]: [INFO] connector:EvseM  :: EVSE ISO V2G CurrentDemandRes
2025-12-16T18:02:29.954698+0100 chargesom manager[848386]: [INFO] connector:EvseM  ::                                     CAR ISO V2G CurrentDemandReq
2025-12-16T18:02:30.051471+0100 chargesom manager[848386]: [INFO] connector:EvseM  :: EVSE ISO V2G CurrentDemandRes
2025-12-16T18:02:30.075335+0100 chargesom manager[848386]: [INFO] connector:EvseM  :: EVSE IEC Isolation measurement Ok R_F 900000.
2025-12-16T18:02:30.181383+0100 chargesom manager[848386]: [INFO] connector:EvseM  ::                                     CAR ISO V2G CurrentDemandReq
2025-12-16T18:02:30.271362+0100 chargesom manager[848386]: [INFO] connector:EvseM  :: EVSE ISO V2G CurrentDemandRes
2025-12-16T18:02:30.393670+0100 chargesom manager[848386]: [INFO] connector:EvseM  ::                                     CAR ISO V2G CurrentDemandReq
2025-12-16T18:02:30.492583+0100 chargesom manager[848386]: [INFO] connector:EvseM  :: EVSE ISO V2G CurrentDemandRes
2025-12-16T18:02:30.621751+0100 chargesom manager[848386]: [INFO] connector:EvseM  ::                                     CAR ISO V2G CurrentDemandReq
2025-12-16T18:02:30.711344+0100 chargesom manager[848386]: [INFO] connector:EvseM  :: EVSE ISO V2G CurrentDemandRes
2025-12-16T18:02:30.835127+0100 chargesom manager[848386]: [INFO] connector:EvseM  ::                                     CAR ISO V2G CurrentDemandReq
2025-12-16T18:02:30.931316+0100 chargesom manager[848386]: [INFO] connector:EvseM  :: EVSE ISO V2G CurrentDemandRes
2025-12-16T18:02:31.053828+0100 chargesom manager[848386]: [INFO] connector:EvseM  ::                                     CAR ISO V2G CurrentDemandReq
2025-12-16T18:02:31.076062+0100 chargesom manager[848386]: [INFO] connector:EvseM  :: EVSE IEC Isolation measurement Ok R_F 900000.
2025-12-16T18:02:31.177268+0100 chargesom manager[848386]: [INFO] connector:EvseM  :: EVSE ISO V2G CurrentDemandRes
2025-12-16T18:02:31.274033+0100 chargesom manager[848386]: [INFO] connector:EvseM  ::                                     CAR ISO V2G CurrentDemandReq
2025-12-16T18:02:31.371914+0100 chargesom manager[848386]: [INFO] connector:EvseM  :: EVSE ISO V2G CurrentDemandRes
2025-12-16T18:02:31.494187+0100 chargesom manager[848386]: [INFO] connector:EvseM  ::                                     CAR ISO V2G CurrentDemandReq
2025-12-16T18:02:31.592109+0100 chargesom manager[848386]: [INFO] connector:EvseM  :: EVSE ISO V2G CurrentDemandRes
2025-12-16T18:02:31.717590+0100 chargesom manager[848386]: [INFO] connector:EvseM  ::                                     CAR ISO V2G CurrentDemandReq
2025-12-16T18:02:31.812825+0100 chargesom manager[848386]: [INFO] connector:EvseM  :: EVSE ISO V2G CurrentDemandRes
2025-12-16T18:02:31.934944+0100 chargesom manager[848386]: [INFO] connector:EvseM  ::                                     CAR ISO V2G CurrentDemandReq
2025-12-16T18:02:32.065424+0100 chargesom manager[848386]: [INFO] connector:EvseM  :: EVSE ISO V2G CurrentDemandRes
2025-12-16T18:02:32.076288+0100 chargesom manager[848386]: [INFO] connector:EvseM  :: EVSE IEC Isolation measurement Ok R_F 900000.
2025-12-16T18:02:32.181309+0100 chargesom manager[848386]: [INFO] connector:EvseM  ::                                     CAR ISO V2G CurrentDemandReq
2025-12-16T18:02:32.252138+0100 chargesom manager[848386]: [INFO] connector:EvseM  :: EVSE ISO V2G CurrentDemandRes
2025-12-16T18:02:32.375255+0100 chargesom manager[848386]: [INFO] connector:EvseM  ::                                     CAR ISO V2G CurrentDemandReq
2025-12-16T18:02:32.473203+0100 chargesom manager[848386]: [INFO] connector:EvseM  :: EVSE ISO V2G CurrentDemandRes
2025-12-16T18:02:32.593554+0100 chargesom manager[848386]: [INFO] connector:EvseM  ::                                     CAR ISO V2G CurrentDemandReq
2025-12-16T18:02:32.692035+0100 chargesom manager[848386]: [INFO] connector:EvseM  :: EVSE ISO V2G CurrentDemandRes
2025-12-16T18:02:32.863158+0100 chargesom manager[848386]: [INFO] connector:EvseM  ::                                     CAR ISO V2G CurrentDemandReq
2025-12-16T18:02:32.950432+0100 chargesom manager[848386]: [INFO] connector:EvseM  :: EVSE ISO V2G CurrentDemandRes
2025-12-16T18:02:33.033715+0100 chargesom manager[848386]: [INFO] connector:EvseM  ::                                     CAR ISO V2G CurrentDemandReq
2025-12-16T18:02:33.076117+0100 chargesom manager[848386]: [INFO] connector:EvseM  :: EVSE IEC Isolation measurement Ok R_F 900000.
2025-12-16T18:02:33.138573+0100 chargesom manager[848386]: [INFO] connector:EvseM  :: EVSE ISO V2G CurrentDemandRes
2025-12-16T18:02:33.253752+0100 chargesom manager[848386]: [INFO] connector:EvseM  ::                                     CAR ISO V2G CurrentDemandReq
2025-12-16T18:02:33.352055+0100 chargesom manager[848386]: [INFO] connector:EvseM  :: EVSE ISO V2G CurrentDemandRes
2025-12-16T18:02:33.473805+0100 chargesom manager[848386]: [INFO] connector:EvseM  ::                                     CAR ISO V2G CurrentDemandReq
2025-12-16T18:02:33.572526+0100 chargesom manager[848386]: [INFO] connector:EvseM  :: EVSE ISO V2G CurrentDemandRes
2025-12-16T18:02:33.693509+0100 chargesom manager[848386]: [INFO] connector:EvseM  ::                                     CAR ISO V2G CurrentDemandReq
2025-12-16T18:02:33.791849+0100 chargesom manager[848386]: [INFO] connector:EvseM  :: EVSE ISO V2G CurrentDemandRes
2025-12-16T18:02:33.914864+0100 chargesom manager[848386]: [INFO] connector:EvseM  ::                                     CAR ISO V2G CurrentDemandReq
2025-12-16T18:02:34.045400+0100 chargesom manager[848386]: [INFO] connector:EvseM  :: EVSE ISO V2G CurrentDemandRes
2025-12-16T18:02:34.089832+0100 chargesom manager[848386]: [INFO] connector:EvseM  :: EVSE IEC Isolation measurement Ok R_F 900000.
2025-12-16T18:02:34.134633+0100 chargesom manager[848386]: [INFO] connector:EvseM  ::                                     CAR ISO V2G CurrentDemandReq
2025-12-16T18:02:34.232227+0100 chargesom manager[848386]: [INFO] connector:EvseM  :: EVSE ISO V2G CurrentDemandRes
2025-12-16T18:02:34.353527+0100 chargesom manager[848386]: [INFO] connector:EvseM  ::                                     CAR ISO V2G CurrentDemandReq
2025-12-16T18:02:34.452011+0100 chargesom manager[848386]: [INFO] connector:EvseM  :: EVSE ISO V2G CurrentDemandRes
2025-12-16T18:02:34.573797+0100 chargesom manager[848386]: [INFO] connector:EvseM  ::                                     CAR ISO V2G CurrentDemandReq
2025-12-16T18:02:34.672151+0100 chargesom manager[848386]: [INFO] connector:EvseM  :: EVSE ISO V2G CurrentDemandRes
2025-12-16T18:02:34.794373+0100 chargesom manager[848386]: [INFO] connector:EvseM  ::                                     CAR ISO V2G CurrentDemandReq
2025-12-16T18:02:34.892428+0100 chargesom manager[848386]: [INFO] connector:EvseM  :: EVSE ISO V2G CurrentDemandRes
2025-12-16T18:02:35.013834+0100 chargesom manager[848386]: [INFO] connector:EvseM  ::                                     CAR ISO V2G CurrentDemandReq
2025-12-16T18:02:35.076778+0100 chargesom manager[848386]: [INFO] connector:EvseM  :: EVSE IEC Isolation measurement Ok R_F 900000.
2025-12-16T18:02:35.122632+0100 chargesom manager[848386]: [INFO] connector:EvseM  :: EVSE ISO V2G CurrentDemandRes
2025-12-16T18:02:35.258097+0100 chargesom manager[848386]: [INFO] connector:EvseM  ::                                     CAR ISO V2G CurrentDemandReq
2025-12-16T18:02:35.331949+0100 chargesom manager[848386]: [INFO] connector:EvseM  :: EVSE ISO V2G CurrentDemandRes
2025-12-16T18:02:35.453448+0100 chargesom manager[848386]: [INFO] connector:EvseM  ::                                     CAR ISO V2G CurrentDemandReq
2025-12-16T18:02:35.552110+0100 chargesom manager[848386]: [INFO] connector:EvseM  :: EVSE ISO V2G CurrentDemandRes
2025-12-16T18:02:35.673727+0100 chargesom manager[848386]: [INFO] connector:EvseM  ::                                     CAR ISO V2G CurrentDemandReq
2025-12-16T18:02:35.772101+0100 chargesom manager[848386]: [INFO] connector:EvseM  :: EVSE ISO V2G CurrentDemandRes
2025-12-16T18:02:35.894401+0100 chargesom manager[848386]: [INFO] connector:EvseM  ::                                     CAR ISO V2G CurrentDemandReq
2025-12-16T18:02:35.992037+0100 chargesom manager[848386]: [INFO] connector:EvseM  :: EVSE ISO V2G CurrentDemandRes
2025-12-16T18:02:36.076965+0100 chargesom manager[848386]: [INFO] connector:EvseM  :: EVSE IEC Isolation measurement Ok R_F 900000.
2025-12-16T18:02:36.121745+0100 chargesom manager[848386]: [INFO] connector:EvseM  ::                                     CAR ISO V2G CurrentDemandReq
2025-12-16T18:02:36.212010+0100 chargesom manager[848386]: [INFO] connector:EvseM  :: EVSE ISO V2G CurrentDemandRes
2025-12-16T18:02:36.358095+0100 chargesom manager[848386]: [INFO] connector:EvseM  ::                                     CAR ISO V2G CurrentDemandReq
2025-12-16T18:02:36.449390+0100 chargesom manager[848386]: [INFO] connector:EvseM  :: EVSE ISO V2G CurrentDemandRes
2025-12-16T18:02:36.554444+0100 chargesom manager[848386]: [INFO] connector:EvseM  ::                                     CAR ISO V2G CurrentDemandReq
2025-12-16T18:02:36.651958+0100 chargesom manager[848386]: [INFO] connector:EvseM  :: EVSE ISO V2G CurrentDemandRes
2025-12-16T18:02:36.775585+0100 chargesom manager[848386]: [INFO] connector:EvseM  ::                                     CAR ISO V2G CurrentDemandReq
2025-12-16T18:02:36.872388+0100 chargesom manager[848386]: [INFO] connector:EvseM  :: EVSE ISO V2G CurrentDemandRes
2025-12-16T18:02:37.001590+0100 chargesom manager[848386]: [INFO] connector:EvseM  ::                                     CAR ISO V2G CurrentDemandReq
2025-12-16T18:02:37.077223+0100 chargesom manager[848386]: [INFO] connector:EvseM  :: EVSE IEC Isolation measurement Ok R_F 900000.
2025-12-16T18:02:37.121799+0100 chargesom manager[848386]: [INFO] connector:EvseM  :: EVSE ISO V2G CurrentDemandRes
2025-12-16T18:02:37.213319+0100 chargesom manager[848386]: [INFO] connector:EvseM  ::                                     CAR ISO V2G CurrentDemandReq
2025-12-16T18:02:37.311930+0100 chargesom manager[848386]: [INFO] connector:EvseM  :: EVSE ISO V2G CurrentDemandRes
2025-12-16T18:02:37.457289+0100 chargesom manager[848386]: [INFO] connector:EvseM  ::                                     CAR ISO V2G CurrentDemandReq
2025-12-16T18:02:37.532322+0100 chargesom manager[848386]: [INFO] connector:EvseM  :: EVSE ISO V2G CurrentDemandRes
2025-12-16T18:02:37.653385+0100 chargesom manager[848386]: [INFO] connector:EvseM  ::                                     CAR ISO V2G CurrentDemandReq
2025-12-16T18:02:37.751714+0100 chargesom manager[848386]: [INFO] connector:EvseM  :: EVSE ISO V2G CurrentDemandRes
2025-12-16T18:02:37.875423+0100 chargesom manager[848386]: [INFO] connector:EvseM  ::                                     CAR ISO V2G CurrentDemandReq
2025-12-16T18:02:37.971407+0100 chargesom manager[848386]: [INFO] connector:EvseM  :: EVSE ISO V2G CurrentDemandRes
2025-12-16T18:02:38.077588+0100 chargesom manager[848386]: [INFO] connector:EvseM  :: EVSE IEC Isolation measurement Ok R_F 900000.
2025-12-16T18:02:38.121609+0100 chargesom manager[848386]: [INFO] connector:EvseM  ::                                     CAR ISO V2G CurrentDemandReq
2025-12-16T18:02:38.192344+0100 chargesom manager[848386]: [INFO] connector:EvseM  :: EVSE ISO V2G CurrentDemandRes
2025-12-16T18:02:38.313354+0100 chargesom manager[848386]: [INFO] connector:EvseM  ::                                     CAR ISO V2G CurrentDemandReq
2025-12-16T18:02:38.411651+0100 chargesom manager[848386]: [INFO] connector:EvseM  :: EVSE ISO V2G CurrentDemandRes
2025-12-16T18:02:38.533660+0100 chargesom manager[848386]: [INFO] connector:EvseM  ::                                     CAR ISO V2G CurrentDemandReq
2025-12-16T18:02:38.665745+0100 chargesom manager[848386]: [INFO] connector:EvseM  :: EVSE ISO V2G CurrentDemandRes
2025-12-16T18:02:38.753208+0100 chargesom manager[848386]: [INFO] connector:EvseM  ::                                     CAR ISO V2G CurrentDemandReq
2025-12-16T18:02:38.851939+0100 chargesom manager[848386]: [INFO] connector:EvseM  :: EVSE ISO V2G CurrentDemandRes
2025-12-16T18:02:39.005944+0100 chargesom manager[848386]: [INFO] connector:EvseM  ::                                     CAR ISO V2G CurrentDemandReq
2025-12-16T18:02:39.071578+0100 chargesom manager[848386]: [INFO] connector:EvseM  :: EVSE ISO V2G CurrentDemandRes
2025-12-16T18:02:39.078141+0100 chargesom manager[848386]: [INFO] connector:EvseM  :: EVSE IEC Isolation measurement Ok R_F 900000.
2025-12-16T18:02:39.193458+0100 chargesom manager[848386]: [INFO] connector:EvseM  ::                                     CAR ISO V2G CurrentDemandReq
2025-12-16T18:02:39.291943+0100 chargesom manager[848386]: [INFO] connector:EvseM  :: EVSE ISO V2G CurrentDemandRes
2025-12-16T18:02:39.413484+0100 chargesom manager[848386]: [INFO] connector:EvseM  ::                                     CAR ISO V2G CurrentDemandReq
2025-12-16T18:02:39.512586+0100 chargesom manager[848386]: [INFO] connector:EvseM  :: EVSE ISO V2G CurrentDemandRes
2025-12-16T18:02:39.634583+0100 chargesom manager[848386]: [INFO] connector:EvseM  ::                                     CAR ISO V2G CurrentDemandReq
2025-12-16T18:02:39.770771+0100 chargesom manager[848386]: [INFO] connector:EvseM  :: EVSE ISO V2G CurrentDemandRes
2025-12-16T18:02:39.854300+0100 chargesom manager[848386]: [INFO] connector:EvseM  ::                                     CAR ISO V2G CurrentDemandReq
2025-12-16T18:02:39.951976+0100 chargesom manager[848386]: [INFO] connector:EvseM  :: EVSE ISO V2G CurrentDemandRes
2025-12-16T18:02:40.073601+0100 chargesom manager[848386]: [INFO] connector:EvseM  ::                                     CAR ISO V2G CurrentDemandReq
2025-12-16T18:02:40.078001+0100 chargesom manager[848386]: [INFO] connector:EvseM  :: EVSE IEC Isolation measurement Ok R_F 900000.
2025-12-16T18:02:40.185642+0100 chargesom manager[848386]: [INFO] connector:EvseM  :: EVSE ISO V2G CurrentDemandRes
2025-12-16T18:02:40.293207+0100 chargesom manager[848386]: [INFO] connector:EvseM  ::                                     CAR ISO V2G CurrentDemandReq
2025-12-16T18:02:40.391937+0100 chargesom manager[848386]: [INFO] connector:EvseM  :: EVSE ISO V2G CurrentDemandRes
2025-12-16T18:02:40.513140+0100 chargesom manager[848386]: [INFO] connector:EvseM  ::                                     CAR ISO V2G CurrentDemandReq
2025-12-16T18:02:40.610598+0100 chargesom manager[848386]: [INFO] connector:EvseM  :: EVSE ISO V2G CurrentDemandRes
2025-12-16T18:02:40.733554+0100 chargesom manager[848386]: [INFO] connector:EvseM  ::                                     CAR ISO V2G CurrentDemandReq
2025-12-16T18:02:40.865523+0100 chargesom manager[848386]: [INFO] connector:EvseM  :: EVSE ISO V2G CurrentDemandRes
2025-12-16T18:02:40.954516+0100 chargesom manager[848386]: [INFO] connector:EvseM  ::                                     CAR ISO V2G CurrentDemandReq
2025-12-16T18:02:41.051388+0100 chargesom manager[848386]: [INFO] connector:EvseM  :: EVSE ISO V2G CurrentDemandRes
2025-12-16T18:02:41.078476+0100 chargesom manager[848386]: [INFO] connector:EvseM  :: EVSE IEC Isolation measurement Ok R_F 900000.
2025-12-16T18:02:41.185402+0100 chargesom manager[848386]: [INFO] connector:EvseM  ::                                     CAR ISO V2G CurrentDemandReq
2025-12-16T18:02:41.272185+0100 chargesom manager[848386]: [INFO] connector:EvseM  :: EVSE ISO V2G CurrentDemandRes
2025-12-16T18:02:41.393900+0100 chargesom manager[848386]: [INFO] connector:EvseM  ::                                     CAR ISO V2G CurrentDemandReq
2025-12-16T18:02:41.491889+0100 chargesom manager[848386]: [INFO] connector:EvseM  :: EVSE ISO V2G CurrentDemandRes
2025-12-16T18:02:41.613102+0100 chargesom manager[848386]: [INFO] connector:EvseM  ::                                     CAR ISO V2G CurrentDemandReq
2025-12-16T18:02:41.710436+0100 chargesom manager[848386]: [INFO] connector:EvseM  :: EVSE ISO V2G CurrentDemandRes
2025-12-16T18:02:41.834348+0100 chargesom manager[848386]: [INFO] connector:EvseM  ::                                     CAR ISO V2G CurrentDemandReq
2025-12-16T18:02:41.965377+0100 chargesom manager[848386]: [INFO] connector:EvseM  :: EVSE ISO V2G CurrentDemandRes
2025-12-16T18:02:42.061370+0100 chargesom manager[848386]: [INFO] connector:EvseM  ::                                     CAR ISO V2G CurrentDemandReq
2025-12-16T18:02:42.078460+0100 chargesom manager[848386]: [INFO] connector:EvseM  :: EVSE IEC Isolation measurement Ok R_F 900000.
2025-12-16T18:02:42.189150+0100 chargesom manager[848386]: [INFO] connector:EvseM  :: EVSE ISO V2G CurrentDemandRes
2025-12-16T18:02:42.273501+0100 chargesom manager[848386]: [INFO] connector:EvseM  ::                                     CAR ISO V2G CurrentDemandReq
2025-12-16T18:02:42.371776+0100 chargesom manager[848386]: [INFO] connector:EvseM  :: EVSE ISO V2G CurrentDemandRes
2025-12-16T18:02:42.492790+0100 chargesom manager[848386]: [INFO] connector:EvseM  ::                                     CAR ISO V2G CurrentDemandReq
2025-12-16T18:02:42.590507+0100 chargesom manager[848386]: [INFO] connector:EvseM  :: EVSE ISO V2G CurrentDemandRes
2025-12-16T18:02:42.713000+0100 chargesom manager[848386]: [INFO] connector:EvseM  ::                                     CAR ISO V2G CurrentDemandReq
2025-12-16T18:02:42.810366+0100 chargesom manager[848386]: [INFO] connector:EvseM  :: EVSE ISO V2G CurrentDemandRes
2025-12-16T18:02:42.934017+0100 chargesom manager[848386]: [INFO] connector:EvseM  ::                                     CAR ISO V2G CurrentDemandReq
2025-12-16T18:02:43.030486+0100 chargesom manager[848386]: [INFO] connector:EvseM  :: EVSE ISO V2G CurrentDemandRes
2025-12-16T18:02:43.113315+0100 chargesom manager[848386]: [INFO] connector:EvseM  :: EVSE IEC Isolation measurement Ok R_F 900000.
2025-12-16T18:02:43.190004+0100 chargesom manager[848386]: [INFO] connector:EvseM  ::                                     CAR ISO V2G CurrentDemandReq
2025-12-16T18:02:43.252073+0100 chargesom manager[848386]: [INFO] connector:EvseM  :: EVSE ISO V2G CurrentDemandRes
2025-12-16T18:02:43.372864+0100 chargesom manager[848386]: [INFO] connector:EvseM  ::                                     CAR ISO V2G CurrentDemandReq
2025-12-16T18:02:43.470560+0100 chargesom manager[848386]: [INFO] connector:EvseM  :: EVSE ISO V2G CurrentDemandRes
2025-12-16T18:02:43.592935+0100 chargesom manager[848386]: [INFO] connector:EvseM  ::                                     CAR ISO V2G CurrentDemandReq
2025-12-16T18:02:43.690333+0100 chargesom manager[848386]: [INFO] connector:EvseM  :: EVSE ISO V2G CurrentDemandRes
2025-12-16T18:02:43.857327+0100 chargesom manager[848386]: [INFO] connector:EvseM  ::                                     CAR ISO V2G CurrentDemandReq
2025-12-16T18:02:43.911684+0100 chargesom manager[848386]: [INFO] connector:EvseM  :: EVSE ISO V2G CurrentDemandRes
2025-12-16T18:02:44.049490+0100 chargesom manager[848386]: [INFO] connector:EvseM  ::                                     CAR ISO V2G CurrentDemandReq
2025-12-16T18:02:44.093059+0100 chargesom manager[848386]: [INFO] connector:EvseM  :: EVSE IEC Isolation measurement Ok R_F 900000.
2025-12-16T18:02:44.138024+0100 chargesom manager[848386]: [INFO] connector:EvseM  :: EVSE ISO V2G CurrentDemandRes
2025-12-16T18:02:44.277205+0100 chargesom manager[848386]: [INFO] connector:EvseM  ::                                     CAR ISO V2G CurrentDemandReq
2025-12-16T18:02:44.381178+0100 chargesom manager[848386]: [INFO] connector:EvseM  :: EVSE ISO V2G CurrentDemandRes
2025-12-16T18:02:44.473031+0100 chargesom manager[848386]: [INFO] connector:EvseM  ::                                     CAR ISO V2G CurrentDemandReq
2025-12-16T18:02:44.571560+0100 chargesom manager[848386]: [INFO] connector:EvseM  :: EVSE ISO V2G CurrentDemandRes
2025-12-16T18:02:44.692729+0100 chargesom manager[848386]: [INFO] connector:EvseM  ::                                     CAR ISO V2G CurrentDemandReq
2025-12-16T18:02:44.790252+0100 chargesom manager[848386]: [INFO] connector:EvseM  :: EVSE ISO V2G CurrentDemandRes
2025-12-16T18:02:44.914152+0100 chargesom manager[848386]: [INFO] connector:EvseM  ::                                     CAR ISO V2G CurrentDemandReq
2025-12-16T18:02:45.010370+0100 chargesom manager[848386]: [INFO] connector:EvseM  :: EVSE ISO V2G CurrentDemandRes
2025-12-16T18:02:45.079471+0100 chargesom manager[848386]: [INFO] connector:EvseM  :: EVSE IEC Isolation measurement Ok R_F 900000.
2025-12-16T18:02:45.147269+0100 chargesom manager[848386]: [INFO] connector:EvseM  ::                                     CAR ISO V2G CurrentDemandReq
2025-12-16T18:02:45.230194+0100 chargesom manager[848386]: [INFO] connector:EvseM  :: EVSE ISO V2G CurrentDemandRes
2025-12-16T18:02:45.389316+0100 chargesom manager[848386]: [INFO] connector:EvseM  ::                                     CAR ISO V2G CurrentDemandReq
2025-12-16T18:02:45.481237+0100 chargesom manager[848386]: [INFO] connector:EvseM  :: EVSE ISO V2G CurrentDemandRes
2025-12-16T18:02:45.573031+0100 chargesom manager[848386]: [INFO] connector:EvseM  ::                                     CAR ISO V2G CurrentDemandReq
2025-12-16T18:02:45.670466+0100 chargesom manager[848386]: [INFO] connector:EvseM  :: EVSE ISO V2G CurrentDemandRes
2025-12-16T18:02:45.793581+0100 chargesom manager[848386]: [INFO] connector:EvseM  ::                                     CAR ISO V2G CurrentDemandReq
2025-12-16T18:02:45.890479+0100 chargesom manager[848386]: [INFO] connector:EvseM  :: EVSE ISO V2G CurrentDemandRes
2025-12-16T18:02:46.012622+0100 chargesom manager[848386]: [INFO] connector:EvseM  ::                                     CAR ISO V2G CurrentDemandReq
2025-12-16T18:02:46.079513+0100 chargesom manager[848386]: [INFO] connector:EvseM  :: EVSE IEC Isolation measurement Ok R_F 900000.
2025-12-16T18:02:46.125358+0100 chargesom manager[848386]: [INFO] connector:EvseM  :: EVSE ISO V2G CurrentDemandRes
2025-12-16T18:02:46.232671+0100 chargesom manager[848386]: [INFO] connector:EvseM  ::                                     CAR ISO V2G CurrentDemandReq
2025-12-16T18:02:46.332241+0100 chargesom manager[848386]: [INFO] connector:EvseM  :: EVSE ISO V2G CurrentDemandRes
2025-12-16T18:02:46.489151+0100 chargesom manager[848386]: [INFO] connector:EvseM  ::                                     CAR ISO V2G CurrentDemandReq
2025-12-16T18:02:46.581785+0100 chargesom manager[848386]: [INFO] connector:EvseM  :: EVSE ISO V2G CurrentDemandRes
2025-12-16T18:02:46.673291+0100 chargesom manager[848386]: [INFO] connector:EvseM  ::                                     CAR ISO V2G CurrentDemandReq
2025-12-16T18:02:46.771607+0100 chargesom manager[848386]: [INFO] connector:EvseM  :: EVSE ISO V2G CurrentDemandRes
2025-12-16T18:02:46.893363+0100 chargesom manager[848386]: [INFO] connector:EvseM  ::                                     CAR ISO V2G CurrentDemandReq
2025-12-16T18:02:47.001500+0100 chargesom manager[848386]: [INFO] connector:EvseM  :: EVSE ISO V2G CurrentDemandRes
2025-12-16T18:02:47.079834+0100 chargesom manager[848386]: [INFO] connector:EvseM  :: EVSE IEC Isolation measurement Ok R_F 900000.
2025-12-16T18:02:47.125468+0100 chargesom manager[848386]: [INFO] connector:EvseM  ::                                     CAR ISO V2G CurrentDemandReq
2025-12-16T18:02:47.233171+0100 chargesom manager[848386]: [INFO] connector:EvseM  :: EVSE ISO V2G CurrentDemandRes
2025-12-16T18:02:47.333116+0100 chargesom manager[848386]: [INFO] connector:EvseM  ::                                     CAR ISO V2G CurrentDemandReq
2025-12-16T18:02:47.430257+0100 chargesom manager[848386]: [INFO] connector:EvseM  :: EVSE ISO V2G CurrentDemandRes
2025-12-16T18:02:47.552648+0100 chargesom manager[848386]: [INFO] connector:EvseM  ::                                     CAR ISO V2G CurrentDemandReq
2025-12-16T18:02:47.677517+0100 chargesom manager[848386]: [INFO] connector:EvseM  :: EVSE ISO V2G CurrentDemandRes
2025-12-16T18:02:47.773690+0100 chargesom manager[848386]: [INFO] connector:EvseM  ::                                     CAR ISO V2G CurrentDemandReq
2025-12-16T18:02:47.870357+0100 chargesom manager[848386]: [INFO] connector:EvseM  :: EVSE ISO V2G CurrentDemandRes
2025-12-16T18:02:47.993226+0100 chargesom manager[848386]: [INFO] connector:EvseM  ::                                     CAR ISO V2G CurrentDemandReq
2025-12-16T18:02:48.080103+0100 chargesom manager[848386]: [INFO] connector:EvseM  :: EVSE IEC Isolation measurement Ok R_F 900000.
2025-12-16T18:02:48.125297+0100 chargesom manager[848386]: [INFO] connector:EvseM  :: EVSE ISO V2G CurrentDemandRes
2025-12-16T18:02:48.212820+0100 chargesom manager[848386]: [INFO] connector:EvseM  ::                                     CAR ISO V2G CurrentDemandReq
2025-12-16T18:02:48.310583+0100 chargesom manager[848386]: [INFO] connector:EvseM  :: EVSE ISO V2G CurrentDemandRes
2025-12-16T18:02:48.432451+0100 chargesom manager[848386]: [INFO] connector:EvseM  ::                                     CAR ISO V2G CurrentDemandReq
2025-12-16T18:02:48.531042+0100 chargesom manager[848386]: [INFO] connector:EvseM  :: EVSE ISO V2G CurrentDemandRes
2025-12-16T18:02:48.652678+0100 chargesom manager[848386]: [INFO] connector:EvseM  ::                                     CAR ISO V2G CurrentDemandReq
2025-12-16T18:02:48.773533+0100 chargesom manager[848386]: [INFO] connector:EvseM  :: EVSE ISO V2G CurrentDemandRes
2025-12-16T18:02:48.873914+0100 chargesom manager[848386]: [INFO] connector:EvseM  ::                                     CAR ISO V2G CurrentDemandReq
2025-12-16T18:02:49.005526+0100 chargesom manager[848386]: [INFO] connector:EvseM  :: EVSE ISO V2G CurrentDemandRes
2025-12-16T18:02:49.080370+0100 chargesom manager[848386]: [INFO] connector:EvseM  :: EVSE IEC Isolation measurement Ok R_F 900000.
2025-12-16T18:02:49.125550+0100 chargesom manager[848386]: [INFO] connector:EvseM  ::                                     CAR ISO V2G CurrentDemandReq
2025-12-16T18:02:49.193180+0100 chargesom manager[848386]: [INFO] connector:EvseM  :: EVSE ISO V2G CurrentDemandRes
2025-12-16T18:02:49.312720+0100 chargesom manager[848386]: [INFO] connector:EvseM  ::                                     CAR ISO V2G CurrentDemandReq
2025-12-16T18:02:49.411042+0100 chargesom manager[848386]: [INFO] connector:EvseM  :: EVSE ISO V2G CurrentDemandRes
2025-12-16T18:02:49.532759+0100 chargesom manager[848386]: [INFO] connector:EvseM  ::                                     CAR ISO V2G CurrentDemandReq
2025-12-16T18:02:49.631145+0100 chargesom manager[848386]: [INFO] connector:EvseM  :: EVSE ISO V2G CurrentDemandRes
2025-12-16T18:02:49.752576+0100 chargesom manager[848386]: [INFO] connector:EvseM  ::                                     CAR ISO V2G CurrentDemandReq
2025-12-16T18:02:49.851045+0100 chargesom manager[848386]: [INFO] connector:EvseM  :: EVSE ISO V2G CurrentDemandRes
2025-12-16T18:02:50.001861+0100 chargesom manager[848386]: [INFO] connector:EvseM  ::                                     CAR ISO V2G CurrentDemandReq
2025-12-16T18:02:50.070189+0100 chargesom manager[848386]: [INFO] connector:EvseM  :: EVSE ISO V2G CurrentDemandRes
2025-12-16T18:02:50.080725+0100 chargesom manager[848386]: [INFO] connector:EvseM  :: EVSE IEC Isolation measurement Ok R_F 900000.
2025-12-16T18:02:50.193151+0100 chargesom manager[848386]: [INFO] connector:EvseM  ::                                     CAR ISO V2G CurrentDemandReq
2025-12-16T18:02:50.291761+0100 chargesom manager[848386]: [INFO] connector:EvseM  :: EVSE ISO V2G CurrentDemandRes
2025-12-16T18:02:50.412407+0100 chargesom manager[848386]: [INFO] connector:EvseM  ::                                     CAR ISO V2G CurrentDemandReq
2025-12-16T18:02:50.510997+0100 chargesom manager[848386]: [INFO] connector:EvseM  :: EVSE ISO V2G CurrentDemandRes
2025-12-16T18:02:50.632749+0100 chargesom manager[848386]: [INFO] connector:EvseM  ::                                     CAR ISO V2G CurrentDemandReq
2025-12-16T18:02:50.731260+0100 chargesom manager[848386]: [INFO] connector:EvseM  :: EVSE ISO V2G CurrentDemandRes
2025-12-16T18:02:50.853580+0100 chargesom manager[848386]: [INFO] connector:EvseM  ::                                     CAR ISO V2G CurrentDemandReq
2025-12-16T18:02:50.950303+0100 chargesom manager[848386]: [INFO] connector:EvseM  :: EVSE ISO V2G CurrentDemandRes
2025-12-16T18:02:51.097479+0100 chargesom manager[848386]: [INFO] connector:EvseM  :: EVSE IEC Isolation measurement Ok R_F 900000.
2025-12-16T18:02:51.097479+0100 chargesom manager[848386]: [INFO] connector:EvseM  ::                                     CAR ISO V2G CurrentDemandReq
2025-12-16T18:02:51.193198+0100 chargesom manager[848386]: [INFO] connector:EvseM  :: EVSE ISO V2G CurrentDemandRes
2025-12-16T18:02:51.292660+0100 chargesom manager[848386]: [INFO] connector:EvseM  ::                                     CAR ISO V2G CurrentDemandReq
2025-12-16T18:02:51.391016+0100 chargesom manager[848386]: [INFO] connector:EvseM  :: EVSE ISO V2G CurrentDemandRes
2025-12-16T18:02:51.512238+0100 chargesom manager[848386]: [INFO] connector:EvseM  ::                                     CAR ISO V2G CurrentDemandReq
2025-12-16T18:02:51.611549+0100 chargesom manager[848386]: [INFO] connector:EvseM  :: EVSE ISO V2G CurrentDemandRes
2025-12-16T18:02:51.732436+0100 chargesom manager[848386]: [INFO] connector:EvseM  ::                                     CAR ISO V2G CurrentDemandReq
2025-12-16T18:02:51.831230+0100 chargesom manager[848386]: [INFO] connector:EvseM  :: EVSE ISO V2G CurrentDemandRes
2025-12-16T18:02:51.953020+0100 chargesom manager[848386]: [INFO] connector:EvseM  ::                                     CAR ISO V2G CurrentDemandReq
2025-12-16T18:02:52.085530+0100 chargesom manager[848386]: [INFO] connector:EvseM  :: EVSE ISO V2G CurrentDemandRes
2025-12-16T18:02:52.085530+0100 chargesom manager[848386]: [INFO] connector:EvseM  :: EVSE IEC Isolation measurement Ok R_F 900000.
2025-12-16T18:02:52.197216+0100 chargesom manager[848386]: [INFO] connector:EvseM  ::                                     CAR ISO V2G CurrentDemandReq
2025-12-16T18:02:52.301471+0100 chargesom manager[848386]: [INFO] connector:EvseM  :: EVSE ISO V2G CurrentDemandRes
2025-12-16T18:02:52.392392+0100 chargesom manager[848386]: [INFO] connector:EvseM  ::                                     CAR ISO V2G CurrentDemandReq
2025-12-16T18:02:52.490852+0100 chargesom manager[848386]: [INFO] connector:EvseM  :: EVSE ISO V2G CurrentDemandRes
2025-12-16T18:02:52.612886+0100 chargesom manager[848386]: [INFO] connector:EvseM  ::                                     CAR ISO V2G CurrentDemandReq
2025-12-16T18:02:52.711051+0100 chargesom manager[848386]: [INFO] connector:EvseM  :: EVSE ISO V2G CurrentDemandRes
2025-12-16T18:02:52.877464+0100 chargesom manager[848386]: [INFO] connector:EvseM  ::                                     CAR ISO V2G CurrentDemandReq
2025-12-16T18:02:52.930976+0100 chargesom manager[848386]: [INFO] connector:EvseM  :: EVSE ISO V2G CurrentDemandRes
2025-12-16T18:02:53.052257+0100 chargesom manager[848386]: [INFO] connector:EvseM  ::                                     CAR ISO V2G CurrentDemandReq
2025-12-16T18:02:53.081472+0100 chargesom manager[848386]: [INFO] connector:EvseM  :: EVSE IEC Isolation measurement Ok R_F 900000.
2025-12-16T18:02:53.154161+0100 chargesom manager[848386]: [INFO] connector:EvseM  :: EVSE ISO V2G CurrentDemandRes
2025-12-16T18:02:53.309750+0100 chargesom manager[848386]: [INFO] connector:EvseM  ::                                     CAR ISO V2G CurrentDemandReq
2025-12-16T18:02:53.397250+0100 chargesom manager[848386]: [INFO] connector:EvseM  :: EVSE ISO V2G CurrentDemandRes
2025-12-16T18:02:53.492242+0100 chargesom manager[848386]: [INFO] connector:EvseM  ::                                     CAR ISO V2G CurrentDemandReq
2025-12-16T18:02:53.590806+0100 chargesom manager[848386]: [INFO] connector:EvseM  :: EVSE ISO V2G CurrentDemandRes
2025-12-16T18:02:53.712158+0100 chargesom manager[848386]: [INFO] connector:EvseM  ::                                     CAR ISO V2G CurrentDemandReq
2025-12-16T18:02:53.811522+0100 chargesom manager[848386]: [INFO] connector:EvseM  :: EVSE ISO V2G CurrentDemandRes
2025-12-16T18:02:53.933482+0100 chargesom manager[848386]: [INFO] connector:EvseM  ::                                     CAR ISO V2G CurrentDemandReq
2025-12-16T18:02:54.049146+0100 chargesom manager[848386]: [INFO] connector:EvseM  :: EVSE ISO V2G CurrentDemandRes
2025-12-16T18:02:54.081905+0100 chargesom manager[848386]: [INFO] connector:EvseM  :: EVSE IEC Isolation measurement Ok R_F 900000.
2025-12-16T18:02:54.154700+0100 chargesom manager[848386]: [INFO] connector:EvseM  ::                                     CAR ISO V2G CurrentDemandReq
2025-12-16T18:02:54.250900+0100 chargesom manager[848386]: [INFO] connector:EvseM  :: EVSE ISO V2G CurrentDemandRes
2025-12-16T18:02:54.406585+0100 chargesom manager[848386]: [INFO] connector:EvseM  ::                                     CAR ISO V2G CurrentDemandReq
2025-12-16T18:02:54.497279+0100 chargesom manager[848386]: [INFO] connector:EvseM  :: EVSE ISO V2G CurrentDemandRes
2025-12-16T18:02:54.592330+0100 chargesom manager[848386]: [INFO] connector:EvseM  ::                                     CAR ISO V2G CurrentDemandReq
2025-12-16T18:02:54.690920+0100 chargesom manager[848386]: [INFO] connector:EvseM  :: EVSE ISO V2G CurrentDemandRes
2025-12-16T18:02:54.857176+0100 chargesom manager[848386]: [INFO] connector:EvseM  ::                                     CAR ISO V2G CurrentDemandReq
2025-12-16T18:02:54.910712+0100 chargesom manager[848386]: [INFO] connector:EvseM  :: EVSE ISO V2G CurrentDemandRes
2025-12-16T18:02:55.032424+0100 chargesom manager[848386]: [INFO] connector:EvseM  ::                                     CAR ISO V2G CurrentDemandReq
2025-12-16T18:02:55.082074+0100 chargesom manager[848386]: [INFO] connector:EvseM  :: EVSE IEC Isolation measurement Ok R_F 900000.
2025-12-16T18:02:55.154685+0100 chargesom manager[848386]: [INFO] connector:EvseM  :: EVSE ISO V2G CurrentDemandRes
2025-12-16T18:02:55.252437+0100 chargesom manager[848386]: [INFO] connector:EvseM  ::                                     CAR ISO V2G CurrentDemandReq
2025-12-16T18:02:55.351013+0100 chargesom manager[848386]: [INFO] connector:EvseM  :: EVSE ISO V2G CurrentDemandRes
2025-12-16T18:02:55.505379+0100 chargesom manager[848386]: [INFO] connector:EvseM  ::                                     CAR ISO V2G CurrentDemandReq
2025-12-16T18:02:55.570995+0100 chargesom manager[848386]: [INFO] connector:EvseM  :: EVSE ISO V2G CurrentDemandRes
2025-12-16T18:02:55.692216+0100 chargesom manager[848386]: [INFO] connector:EvseM  ::                                     CAR ISO V2G CurrentDemandReq
2025-12-16T18:02:55.790618+0100 chargesom manager[848386]: [INFO] connector:EvseM  :: EVSE ISO V2G CurrentDemandRes
2025-12-16T18:02:55.913025+0100 chargesom manager[848386]: [INFO] connector:EvseM  ::                                     CAR ISO V2G CurrentDemandReq
2025-12-16T18:02:56.011212+0100 chargesom manager[848386]: [INFO] connector:EvseM  :: EVSE ISO V2G CurrentDemandRes
2025-12-16T18:02:56.082344+0100 chargesom manager[848386]: [INFO] connector:EvseM  :: EVSE IEC Isolation measurement Ok R_F 900000.
2025-12-16T18:02:56.155432+0100 chargesom manager[848386]: [INFO] connector:EvseM  ::                                     CAR ISO V2G CurrentDemandReq
2025-12-16T18:02:56.230804+0100 chargesom manager[848386]: [INFO] connector:EvseM  :: EVSE ISO V2G CurrentDemandRes
2025-12-16T18:02:56.353352+0100 chargesom manager[848386]: [INFO] connector:EvseM  ::                                     CAR ISO V2G CurrentDemandReq
2025-12-16T18:02:56.450946+0100 chargesom manager[848386]: [INFO] connector:EvseM  :: EVSE ISO V2G CurrentDemandRes
2025-12-16T18:02:56.606067+0100 chargesom manager[848386]: [INFO] connector:EvseM  ::                                     CAR ISO V2G CurrentDemandReq
2025-12-16T18:02:56.701179+0100 chargesom manager[848386]: [INFO] connector:EvseM  :: EVSE ISO V2G CurrentDemandRes
2025-12-16T18:02:56.837319+0100 chargesom manager[848386]: [INFO] connector:EvseM  ::                                     CAR ISO V2G CurrentDemandReq
2025-12-16T18:02:56.891012+0100 chargesom manager[848386]: [INFO] connector:EvseM  :: EVSE ISO V2G CurrentDemandRes
2025-12-16T18:02:57.012408+0100 chargesom manager[848386]: [INFO] connector:EvseM  ::                                     CAR ISO V2G CurrentDemandReq
2025-12-16T18:02:57.082654+0100 chargesom manager[848386]: [INFO] connector:EvseM  :: EVSE IEC Isolation measurement Ok R_F 900000.
2025-12-16T18:02:57.125559+0100 chargesom manager[848386]: [INFO] connector:EvseM  :: EVSE ISO V2G CurrentDemandRes
2025-12-16T18:02:57.232051+0100 chargesom manager[848386]: [INFO] connector:EvseM  ::                                     CAR ISO V2G CurrentDemandReq
2025-12-16T18:02:57.329555+0100 chargesom manager[848386]: [INFO] connector:EvseM  :: EVSE ISO V2G CurrentDemandRes
2025-12-16T18:02:57.452003+0100 chargesom manager[848386]: [INFO] connector:EvseM  ::                                     CAR ISO V2G CurrentDemandReq
2025-12-16T18:02:57.549779+0100 chargesom manager[848386]: [INFO] connector:EvseM  :: EVSE ISO V2G CurrentDemandRes
2025-12-16T18:02:57.672384+0100 chargesom manager[848386]: [INFO] connector:EvseM  ::                                     CAR ISO V2G CurrentDemandReq
2025-12-16T18:02:57.793735+0100 chargesom manager[848386]: [INFO] connector:EvseM  :: EVSE ISO V2G CurrentDemandRes
2025-12-16T18:02:57.893876+0100 chargesom manager[848386]: [INFO] connector:EvseM  ::                                     CAR ISO V2G CurrentDemandReq
2025-12-16T18:02:57.989857+0100 chargesom manager[848386]: [INFO] connector:EvseM  :: EVSE ISO V2G CurrentDemandRes
2025-12-16T18:02:58.082839+0100 chargesom manager[848386]: [INFO] connector:EvseM  :: EVSE IEC Isolation measurement Ok R_F 900000.
2025-12-16T18:02:58.125293+0100 chargesom manager[848386]: [INFO] connector:EvseM  ::                                     CAR ISO V2G CurrentDemandReq
2025-12-16T18:02:58.209649+0100 chargesom manager[848386]: [INFO] connector:EvseM  :: EVSE ISO V2G CurrentDemandRes
2025-12-16T18:02:58.331872+0100 chargesom manager[848386]: [INFO] connector:EvseM  ::                                     CAR ISO V2G CurrentDemandReq
2025-12-16T18:02:58.429578+0100 chargesom manager[848386]: [INFO] connector:EvseM  :: EVSE ISO V2G CurrentDemandRes
2025-12-16T18:02:58.552710+0100 chargesom manager[848386]: [INFO] connector:EvseM  ::                                     CAR ISO V2G CurrentDemandReq
2025-12-16T18:02:58.649551+0100 chargesom manager[848386]: [INFO] connector:EvseM  :: EVSE ISO V2G CurrentDemandRes
2025-12-16T18:02:58.817364+0100 chargesom manager[848386]: [INFO] connector:EvseM  ::                                     CAR ISO V2G CurrentDemandReq
2025-12-16T18:02:58.889733+0100 chargesom manager[848386]: [INFO] connector:EvseM  :: EVSE ISO V2G CurrentDemandRes
2025-12-16T18:02:59.025313+0100 chargesom manager[848386]: [INFO] connector:EvseM  ::                                     CAR ISO V2G CurrentDemandReq
2025-12-16T18:02:59.083319+0100 chargesom manager[848386]: [INFO] connector:EvseM  :: EVSE IEC Isolation measurement Ok R_F 900000.
2025-12-16T18:02:59.125329+0100 chargesom manager[848386]: [INFO] connector:EvseM  :: EVSE ISO V2G CurrentDemandRes
2025-12-16T18:02:59.212007+0100 chargesom manager[848386]: [INFO] connector:EvseM  ::                                     CAR ISO V2G CurrentDemandReq
2025-12-16T18:02:59.309807+0100 chargesom manager[848386]: [INFO] connector:EvseM  :: EVSE ISO V2G CurrentDemandRes
2025-12-16T18:02:59.431943+0100 chargesom manager[848386]: [INFO] connector:EvseM  ::                                     CAR ISO V2G CurrentDemandReq
2025-12-16T18:02:59.529645+0100 chargesom manager[848386]: [INFO] connector:EvseM  :: EVSE ISO V2G CurrentDemandRes
2025-12-16T18:02:59.651864+0100 chargesom manager[848386]: [INFO] connector:EvseM  ::                                     CAR ISO V2G CurrentDemandReq
2025-12-16T18:02:59.749687+0100 chargesom manager[848386]: [INFO] connector:EvseM  :: EVSE ISO V2G CurrentDemandRes
2025-12-16T18:02:59.873187+0100 chargesom manager[848386]: [INFO] connector:EvseM  ::                                     CAR ISO V2G CurrentDemandReq
2025-12-16T18:02:59.989728+0100 chargesom manager[848386]: [INFO] connector:EvseM  :: EVSE ISO V2G CurrentDemandRes
2025-12-16T18:03:00.101923+0100 chargesom manager[848386]: [INFO] connector:EvseM  :: EVSE IEC Isolation measurement Ok R_F 900000.
2025-12-16T18:03:00.101923+0100 chargesom manager[848386]: [INFO] connector:EvseM  ::                                     CAR ISO V2G CurrentDemandReq
2025-12-16T18:03:00.201177+0100 chargesom manager[848386]: [INFO] connector:EvseM  :: EVSE ISO V2G CurrentDemandRes
2025-12-16T18:03:00.312050+0100 chargesom manager[848386]: [INFO] connector:EvseM  ::                                     CAR ISO V2G CurrentDemandReq
2025-12-16T18:03:00.409903+0100 chargesom manager[848386]: [INFO] connector:EvseM  :: EVSE ISO V2G CurrentDemandRes
2025-12-16T18:03:00.531841+0100 chargesom manager[848386]: [INFO] connector:EvseM  ::                                     CAR ISO V2G CurrentDemandReq
2025-12-16T18:03:00.629453+0100 chargesom manager[848386]: [INFO] connector:EvseM  :: EVSE ISO V2G CurrentDemandRes
2025-12-16T18:03:00.751947+0100 chargesom manager[848386]: [INFO] connector:EvseM  ::                                     CAR ISO V2G CurrentDemandReq
2025-12-16T18:03:00.849664+0100 chargesom manager[848386]: [INFO] connector:EvseM  :: EVSE ISO V2G CurrentDemandRes
2025-12-16T18:03:00.973317+0100 chargesom manager[848386]: [INFO] connector:EvseM  ::                                     CAR ISO V2G CurrentDemandReq
2025-12-16T18:03:01.109699+0100 chargesom manager[848386]: [INFO] connector:EvseM  :: EVSE ISO V2G CurrentDemandRes
2025-12-16T18:03:01.109699+0100 chargesom manager[848386]: [INFO] connector:EvseM  :: EVSE IEC Isolation measurement Ok R_F 900000.
2025-12-16T18:03:01.197366+0100 chargesom manager[848386]: [INFO] connector:EvseM  ::                                     CAR ISO V2G CurrentDemandReq
2025-12-16T18:03:01.289705+0100 chargesom manager[848386]: [INFO] connector:EvseM  :: EVSE ISO V2G CurrentDemandRes
2025-12-16T18:03:01.412341+0100 chargesom manager[848386]: [INFO] connector:EvseM  ::                                     CAR ISO V2G CurrentDemandReq
2025-12-16T18:03:01.510779+0100 chargesom manager[848386]: [INFO] connector:EvseM  :: EVSE ISO V2G CurrentDemandRes
2025-12-16T18:03:01.631968+0100 chargesom manager[848386]: [INFO] connector:EvseM  ::                                     CAR ISO V2G CurrentDemandReq
2025-12-16T18:03:01.729581+0100 chargesom manager[848386]: [INFO] connector:EvseM  :: EVSE ISO V2G CurrentDemandRes
2025-12-16T18:03:01.852626+0100 chargesom manager[848386]: [INFO] connector:EvseM  ::                                     CAR ISO V2G CurrentDemandReq
2025-12-16T18:03:01.949694+0100 chargesom manager[848386]: [INFO] connector:EvseM  :: EVSE ISO V2G CurrentDemandRes
2025-12-16T18:03:02.073044+0100 chargesom manager[848386]: [INFO] connector:EvseM  ::                                     CAR ISO V2G CurrentDemandReq
2025-12-16T18:03:02.084287+0100 chargesom manager[848386]: [INFO] connector:EvseM  :: EVSE IEC Isolation measurement Ok R_F 900000.
2025-12-16T18:03:02.201192+0100 chargesom manager[848386]: [INFO] connector:EvseM  :: EVSE ISO V2G CurrentDemandRes
2025-12-16T18:03:02.293327+0100 chargesom manager[848386]: [INFO] connector:EvseM  ::                                     CAR ISO V2G CurrentDemandReq
2025-12-16T18:03:02.421833+0100 chargesom manager[848386]: [INFO] connector:EvseM  :: EVSE ISO V2G CurrentDemandRes
2025-12-16T18:03:02.511764+0100 chargesom manager[848386]: [INFO] connector:EvseM  ::                                     CAR ISO V2G CurrentDemandReq
2025-12-16T18:03:02.610202+0100 chargesom manager[848386]: [INFO] connector:EvseM  :: EVSE ISO V2G CurrentDemandRes
2025-12-16T18:03:02.731942+0100 chargesom manager[848386]: [INFO] connector:EvseM  ::                                     CAR ISO V2G CurrentDemandReq
2025-12-16T18:03:02.830674+0100 chargesom manager[848386]: [INFO] connector:EvseM  :: EVSE ISO V2G CurrentDemandRes
2025-12-16T18:03:02.952984+0100 chargesom manager[848386]: [INFO] connector:EvseM  ::                                     CAR ISO V2G CurrentDemandReq
2025-12-16T18:03:02.961203+0100 chargesom manager[848413]: [ERRO] powersupply_dc: module::main::power_supply_DCImpl::init()::<lambda(uint8_t, InfyCanDevice::Error, bool)> :: Infy[0x0]: undervoltage fault detected
2025-12-16T18:03:02.967408+0100 chargesom manager[848413]: [ERRO] powersupply_dc:  :: Error raised, type: power_supply_DC/UnderVoltageDC, sub_type: , message: Infy[0x0]: undervoltage fault detected
2025-12-16T18:03:02.967408+0100 chargesom manager[848413]: [ERRO] powersupply_dc: module::main::power_supply_DCImpl::init()::<lambda(uint8_t, InfyCanDevice::Error, bool)> :: Infy[0x0]: internal fault detected
2025-12-16T18:03:02.967408+0100 chargesom manager[848413]: [ERRO] powersupply_dc:  :: Error raised, type: power_supply_DC/HardwareFault, sub_type: , message: Infy[0x0]: internal fault detected
2025-12-16T18:03:03.014067+0100 chargesom manager[848386]: [ERRO] connector:EvseM  :: Error raised, type: evse_manager/Inoperative, sub_type: , message: power_supply_DC/UnderVoltageDC
2025-12-16T18:03:03.057143+0100 chargesom manager[848386]: [INFO] connector:EvseM  :: EVSE ISO V2G CurrentDemandRes
2025-12-16T18:03:03.078850+0100 chargesom manager[848386]: [INFO] connector:EvseM  :: EVSE IEC Charger state: Charging->Charging
2025-12-16T18:03:03.079930+0100 chargesom manager[848386]: [INFO] connector:EvseM  :: Timing statistics (Plugin to CurrentDemand)
2025-12-16T18:03:03.079930+0100 chargesom manager[848386]: [INFO] connector:EvseM  :: -------------------------------------------
2025-12-16T18:03:03.079930+0100 chargesom manager[848386]: [INFO] connector:EvseM  :: ConnSetup | HLC_PWM_5%_ON: 683 ms | D-LINK_READY: 7583 ms | Auth EIM Done: 2264 ms | Total: 12337 ms
2025-12-16T18:03:03.079930+0100 chargesom manager[848386]: [INFO] connector:EvseM  :: CableCheck | <60V: 0 ms | Relay On: 200 ms | EVInfo: 0 ms | VRampUp: 4702 ms | Self test: 3052 ms | Measure: 90 ms | VRampDown: 1857 ms | Total: 9952 ms
2025-12-16T18:03:03.079930+0100 chargesom manager[848386]: [INFO] connector:EvseM  :: PrepareCharging | Charging started: 4736 ms | Total: 4736 ms
2025-12-16T18:03:03.079930+0100 chargesom manager[848386]: [INFO] connector:EvseM  :: Total duration all phases: 27026 ms
2025-12-16T18:03:03.079930+0100 chargesom manager[848386]: [INFO] connector:EvseM  :: PrepareCharging | Charging started: 4736 ms | Total: 4736 ms | Charging started: 39334 ms | Total: 44071 ms
2025-12-16T18:03:03.079930+0100 chargesom manager[848386]: [INFO] connector:EvseM  :: Total duration all phases: 66361 ms
2025-12-16T18:03:03.079930+0100 chargesom manager[848386]: [INFO] connector:EvseM  :: EVSE IEC Set PWM Off
2025-12-16T18:03:03.121650+0100 chargesom manager[848385]: [INFO] bsp:CbChargeSOM  :: handle_pwm_off: Setting new duty cycle of 100.0%
2025-12-16T18:03:03.170986+0100 chargesom manager[848407]: [ERRO] iso15118_charge  :: Failed response code detected for message "Current Demand", error: Response FAILED
2025-12-16T18:03:03.205436+0100 chargesom manager[848386]: [INFO] connector:EvseM  ::                                     CAR ISO V2G CurrentDemandReq
2025-12-16T18:03:03.206559+0100 chargesom manager[848386]: [INFO] connector:EvseM  :: EVSE IEC DC power supply OFF
2025-12-16T18:03:03.208584+0100 chargesom manager[848413]: [INFO] powersupply_dc:  :: Set mode via CAN: Off with phase Charging
2025-12-16T18:03:03.209029+0100 chargesom manager[848413]: [INFO] powersupply_dc:  :: Infy: switch_on_off(false) - active modules: 1
2025-12-16T18:03:03.250875+0100 chargesom manager[848402]: [INFO] imd:IMDSimulato  :: Stopped simulated isolation monitoring
2025-12-16T18:03:03.293911+0100 chargesom manager[848386]: [INFO] connector:EvseM  :: EVSE ISO V2G CurrentDemandRes
2025-12-16T18:03:03.302098+0100 chargesom manager[848407]: [ERRO] iso15118_charge  :: Failed response code detected for message "Power Delivery", error: Response FAILED
2025-12-16T18:03:03.303451+0100 chargesom manager[848385]: [INFO] bsp:CbChargeSOM  :: Contactor 1 state change detected: now Open
2025-12-16T18:03:03.304435+0100 chargesom manager[848385]: [INFO] bsp:CbChargeSOM  :: Contactor 2 state change detected: now Open
2025-12-16T18:03:03.304435+0100 chargesom manager[848385]: [INFO] bsp:CbChargeSOM  :: CP state change from C to B, PWM: 100.0%
2025-12-16T18:03:03.337424+0100 chargesom manager[848386]: [INFO] connector:EvseM  :: EVSE IEC Event PowerOff
2025-12-16T18:03:03.349176+0100 chargesom manager[848385]: [INFO] bsp:CbChargeSOM  :: handle_allow_power_on: request to OPEN the contactor
2025-12-16T18:03:03.382647+0100 chargesom manager[848386]: [INFO] connector:EvseM  :: EVSE IEC Isolation measurement Ok R_F 900000.
2025-12-16T18:03:03.382647+0100 chargesom manager[848386]: [INFO] connector:EvseM  ::                                     CAR ISO V2G PowerDeliveryReq
2025-12-16T18:03:03.434636+0100 chargesom manager[848386]: [INFO] connector:EvseM  :: EVSE ISO V2G PowerDeliveryRes
2025-12-16T18:03:03.435002+0100 chargesom manager[848385]: [INFO] bsp:CbChargeSOM  :: handle_allow_power_on: request to OPEN the contactor
2025-12-16T18:03:03.707361+0100 chargesom manager[848386]: [INFO] connector:EvseM  ::                                     CAR IEC Event CarRequestedStopPower
2025-12-16T18:03:03.797589+0100 chargesom manager[848386]: [INFO] connector:EvseM  :: EVSE IEC CP state transition C->B at this stage violates ISO15118-2
2025-12-16T18:03:03.798063+0100 chargesom manager[848386]: [INFO] connector:EvseM  :: EVSE IEC Charger state: Charging->Car Paused
2025-12-16T18:03:03.841792+0100 chargesom manager[848385]: [INFO] bsp:CbChargeSOM  :: handle_allow_power_on: request to OPEN the contactor
2025-12-16T18:03:04.662140+0100 chargesom manager[848386]: [INFO] connector:EvseM  :: EVSE ISO Change HLC Limits: 4734W/10.313725A, target_voltage 459, actual_voltage 0.1, hack_bpt false
2025-12-16T18:03:08.134419+0100 chargesom manager[848386]: [INFO] connector:EvseM  :: EVSE ISO Change HLC Limits: 4734W/10.313725A, target_voltage 459, actual_voltage 2.4, hack_bpt false
2025-12-16T18:03:09.362198+0100 chargesom manager[848386]: [INFO] connector:EvseM  :: EVSE ISO Change HLC Limits: 4734W/10.313725A, target_voltage 459, actual_voltage 3.9, hack_bpt false
2025-12-16T18:03:44.954419+0100 chargesom manager[848413]: [WARN] powersupply_dc: size_t InfyCanDevice::remove_expired_telemetry_entries() :: Infy[0x00/SN_2818a396c70776_V]: module communication expired (timeout: 15s). Removing from active modules.
2025-12-16T18:03:44.955861+0100 chargesom manager[848413]: [INFO] powersupply_dc:  :: Infy: Communication fault detected - all 1 modules unresponsive, forcing system OFF for safety
2025-12-16T18:03:44.955861+0100 chargesom manager[848413]: [ERRO] powersupply_dc: module::main::power_supply_DCImpl::init()::<lambda(uint8_t, InfyCanDevice::Error, bool)> :: Infy[0xFF]: communication fault detected
2025-12-16T18:03:44.955861+0100 chargesom manager[848413]: [ERRO] powersupply_dc:  :: Error raised, type: power_supply_DC/CommunicationFault, sub_type: , message: Infy[0xFF]: communication fault detected
2025-12-16T18:03:44.955861+0100 chargesom manager[848413]: [INFO] powersupply_dc:  :: Infy: Removed 1 expired modules. Active modules remaining: 0
2025-12-16T18:03:44.955861+0100 chargesom manager[848413]: [INFO] powersupply_dc:  :: Infy: No telemetries received, setting default capabilities
2025-12-16T18:03:46.150630+0100 chargesom manager[848386]: [INFO] connector:EvseM  :: EVSE ISO Change HLC Limits: 0W/0A, target_voltage 459, actual_voltage 3.4, hack_bpt false
2025-12-16T18:04:03.457358+0100 chargesom manager[848407]: [ERRO] iso15118_charge  :: Sequence timeout has occurred (message: Power Delivery)
2025-12-16T18:04:03.457358+0100 chargesom manager[848407]: [ERRO] iso15118_charge  :: Timeout waiting for next request or peer closed connection
2025-12-16T18:04:03.457358+0100 chargesom manager[848407]: [INFO] iso15118_charge  :: v2g_handle_connection exited with -1
2025-12-16T18:04:03.457358+0100 chargesom manager[848407]: [INFO] iso15118_charge  :: Closing TCP connection
2025-12-16T18:04:08.458089+0100 chargesom manager[848407]: [INFO] iso15118_charge  :: TCP connection closed gracefully
