2025-12-16T18:09:57.345069+0100 chargesom manager[848386]: [INFO] connector:EvseM  ::                                     CAR ISO V2G AuthorizationReq
2025-12-16T18:09:57.443576+0100 chargesom manager[848386]: [INFO] connector:EvseM  :: EVSE ISO V2G AuthorizationRes
2025-12-16T18:09:57.565771+0100 chargesom manager[848386]: [INFO] connector:EvseM  ::                                     CAR ISO V2G AuthorizationReq
2025-12-16T18:09:57.663919+0100 chargesom manager[848386]: [INFO] connector:EvseM  :: EVSE ISO V2G AuthorizationRes
2025-12-16T18:09:57.785115+0100 chargesom manager[848386]: [INFO] connector:EvseM  ::                                     CAR ISO V2G AuthorizationReq
2025-12-16T18:09:57.883610+0100 chargesom manager[848386]: [INFO] connector:EvseM  :: EVSE ISO V2G AuthorizationRes
2025-12-16T18:09:58.005610+0100 chargesom manager[848386]: [INFO] connector:EvseM  ::                                     CAR ISO V2G AuthorizationReq
2025-12-16T18:09:58.133165+0100 chargesom manager[848386]: [INFO] connector:EvseM  :: EVSE ISO V2G AuthorizationRes
2025-12-16T18:09:58.225315+0100 chargesom manager[848386]: [INFO] connector:EvseM  ::                                     CAR ISO V2G AuthorizationReq
2025-12-16T18:09:58.323702+0100 chargesom manager[848386]: [INFO] connector:EvseM  :: EVSE ISO V2G AuthorizationRes
2025-12-16T18:09:58.445081+0100 chargesom manager[848386]: [INFO] connector:EvseM  ::                                     CAR ISO V2G AuthorizationReq
2025-12-16T18:09:58.544117+0100 chargesom manager[848386]: [INFO] connector:EvseM  :: EVSE ISO V2G AuthorizationRes
2025-12-16T18:09:58.665126+0100 chargesom manager[848386]: [INFO] connector:EvseM  ::                                     CAR ISO V2G AuthorizationReq
2025-12-16T18:09:58.763568+0100 chargesom manager[848386]: [INFO] connector:EvseM  :: EVSE ISO V2G AuthorizationRes
2025-12-16T18:09:58.885334+0100 chargesom manager[848386]: [INFO] connector:EvseM  ::                                     CAR ISO V2G AuthorizationReq
2025-12-16T18:09:58.983598+0100 chargesom manager[848386]: [INFO] connector:EvseM  :: EVSE ISO V2G AuthorizationRes
2025-12-16T18:09:59.141548+0100 chargesom manager[848386]: [INFO] connector:EvseM  ::                                     CAR ISO V2G AuthorizationReq
2025-12-16T18:09:59.233190+0100 chargesom manager[848386]: [INFO] connector:EvseM  :: EVSE ISO V2G AuthorizationRes
2025-12-16T18:09:59.326009+0100 chargesom manager[848386]: [INFO] connector:EvseM  ::                                     CAR ISO V2G AuthorizationReq
2025-12-16T18:09:59.423619+0100 chargesom manager[848386]: [INFO] connector:EvseM  :: EVSE ISO V2G AuthorizationRes
2025-12-16T18:09:59.545353+0100 chargesom manager[848386]: [INFO] connector:EvseM  ::                                     CAR ISO V2G AuthorizationReq
2025-12-16T18:09:59.643466+0100 chargesom manager[848386]: [INFO] connector:EvseM  :: EVSE ISO V2G AuthorizationRes
2025-12-16T18:09:59.765136+0100 chargesom manager[848386]: [INFO] connector:EvseM  ::                                     CAR ISO V2G AuthorizationReq
2025-12-16T18:09:59.863318+0100 chargesom manager[848386]: [INFO] connector:EvseM  :: EVSE ISO V2G AuthorizationRes
2025-12-16T18:09:59.985135+0100 chargesom manager[848386]: [INFO] connector:EvseM  ::                                     CAR ISO V2G AuthorizationReq
2025-12-16T18:10:00.083655+0100 chargesom manager[848386]: [INFO] connector:EvseM  :: EVSE ISO V2G AuthorizationRes
2025-12-16T18:10:00.241561+0100 chargesom manager[848386]: [INFO] connector:EvseM  ::                                     CAR ISO V2G AuthorizationReq
2025-12-16T18:10:00.345585+0100 chargesom manager[848386]: [INFO] connector:EvseM  :: EVSE ISO V2G AuthorizationRes
2025-12-16T18:10:00.425320+0100 chargesom manager[848386]: [INFO] connector:EvseM  ::                                     CAR ISO V2G AuthorizationReq
2025-12-16T18:10:00.537202+0100 chargesom manager[848386]: [INFO] connector:EvseM  :: EVSE ISO V2G AuthorizationRes
2025-12-16T18:10:00.645882+0100 chargesom manager[848386]: [INFO] connector:EvseM  ::                                     CAR ISO V2G AuthorizationReq
2025-12-16T18:10:00.743490+0100 chargesom manager[848386]: [INFO] connector:EvseM  :: EVSE ISO V2G AuthorizationRes
2025-12-16T18:10:00.865236+0100 chargesom manager[848386]: [INFO] connector:EvseM  ::                                     CAR ISO V2G AuthorizationReq
2025-12-16T18:10:00.963407+0100 chargesom manager[848386]: [INFO] connector:EvseM  :: EVSE ISO V2G AuthorizationRes
2025-12-16T18:10:01.084887+0100 chargesom manager[848386]: [INFO] connector:EvseM  ::                                     CAR ISO V2G AuthorizationReq
2025-12-16T18:10:01.182250+0100 chargesom manager[848386]: [INFO] connector:EvseM  :: EVSE ISO V2G AuthorizationRes
2025-12-16T18:10:01.306385+0100 chargesom manager[848386]: [INFO] connector:EvseM  ::                                     CAR ISO V2G AuthorizationReq
2025-12-16T18:10:01.446028+0100 chargesom manager[848386]: [INFO] connector:EvseM  :: EVSE ISO V2G AuthorizationRes
2025-12-16T18:10:01.537210+0100 chargesom manager[848386]: [INFO] connector:EvseM  ::                                     CAR ISO V2G AuthorizationReq
2025-12-16T18:10:01.623736+0100 chargesom manager[848386]: [INFO] connector:EvseM  :: EVSE ISO V2G AuthorizationRes
2025-12-16T18:10:01.745141+0100 chargesom manager[848386]: [INFO] connector:EvseM  ::                                     CAR ISO V2G AuthorizationReq
2025-12-16T18:10:01.842302+0100 chargesom manager[848386]: [INFO] connector:EvseM  :: EVSE ISO V2G AuthorizationRes
2025-12-16T18:10:01.965206+0100 chargesom manager[848386]: [INFO] connector:EvseM  ::                                     CAR ISO V2G AuthorizationReq
2025-12-16T18:10:02.063668+0100 chargesom manager[848386]: [INFO] connector:EvseM  :: EVSE ISO V2G AuthorizationRes
2025-12-16T18:10:02.184844+0100 chargesom manager[848386]: [INFO] connector:EvseM  ::                                     CAR ISO V2G AuthorizationReq
2025-12-16T18:10:02.281377+0100 chargesom systemd[1]: Stopping EVerest...
2025-12-16T18:10:02.321747+0100 chargesom systemd[1]: everest.service: Deactivated successfully.
2025-12-16T18:10:02.322624+0100 chargesom systemd[1]: Stopped EVerest.
2025-12-16T18:10:02.339266+0100 chargesom systemd[1]: Starting EVerest...
2025-12-16T18:10:02.343750+0100 chargesom sh[852286]: Starting to migrate EVerest configurations
2025-12-16T18:10:02.362433+0100 chargesom sh[852286]: EVerest configurations migrated successfully
2025-12-16T18:10:02.385192+0100 chargesom systemd[1]: Started EVerest.
2025-12-16T18:10:02.410266+0100 chargesom manager[852290]: [INFO] manager          ::   ________      __                _
2025-12-16T18:10:02.410266+0100 chargesom manager[852290]: [INFO] manager          ::  |  ____\ \    / /               | |
2025-12-16T18:10:02.411520+0100 chargesom manager[852290]: [INFO] manager          ::  | |__   \ \  / /__ _ __ ___  ___| |_
2025-12-16T18:10:02.411520+0100 chargesom manager[852290]: [INFO] manager          ::  |  __|   \ \/ / _ \ '__/ _ \/ __| __|
2025-12-16T18:10:02.411520+0100 chargesom manager[852290]: [INFO] manager          ::  | |____   \  /  __/ | |  __/\__ \ |_
2025-12-16T18:10:02.411520+0100 chargesom manager[852290]: [INFO] manager          ::  |______|   \/ \___|_|  \___||___/\__|
2025-12-16T18:10:02.411520+0100 chargesom manager[852290]: [INFO] manager          ::
2025-12-16T18:10:02.411520+0100 chargesom manager[852290]: [INFO] manager          :: everest-framework 0.23.0 main@v0.23.0
2025-12-16T18:10:02.411520+0100 chargesom manager[852290]: [INFO] manager          :: everest-core 2025.8.0 feature/json-rpc-api-2025.8.0@2025.8.0-351-g14709eef-dirty
2025-12-16T18:10:02.411520+0100 chargesom manager[852290]: [INFO] manager          ::
2025-12-16T18:10:02.411520+0100 chargesom manager[852290]: [INFO] manager          :: Using MQTT broker localhost:1883
2025-12-16T18:10:02.427157+0100 chargesom manager[852291]: [INFO] everest_ctrl     :: Launching controller service on port 8849
2025-12-16T18:10:02.443183+0100 chargesom manager[852290]: [INFO] manager          :: Boot mode is set to YamlFile, loading module configs from YAML file
2025-12-16T18:10:02.443552+0100 chargesom manager[852290]: [INFO] manager          :: Loading config file at: /etc/everest/config.yaml
2025-12-16T18:10:02.561623+0100 chargesom manager[852290]: [INFO] manager          :: Config loading completed in 146ms
2025-12-16T18:10:02.563637+0100 chargesom manager[852290]: [INFO] manager          :: Starting 14 modules
2025-12-16T18:10:04.362167+0100 chargesom manager[852310]: [WARN] api:API          :: No evse energy sink configured for evse_id: 1. API module does therefore not allow control of amps or power limits for this EVSE
2025-12-16T18:10:04.362167+0100 chargesom manager[852310]: [INFO] api:API          :: Module api initialized [1765ms]
2025-12-16T18:10:04.392717+0100 chargesom manager[852315]: [INFO] energy_manager:  :: Module energy_manager initialized [1738ms]
2025-12-16T18:10:04.404190+0100 chargesom manager[852313]: [INFO] connector:EvseM  :: Module connector initialized [1762ms]
2025-12-16T18:10:04.411399+0100 chargesom manager[852311]: [INFO] auth:Auth        :: Module auth initialized [1765ms]
2025-12-16T18:10:04.436684+0100 chargesom manager[852312]: [INFO] bsp:CbChargeSOM  :: chargebyte's Charge SOM EVerest module (version: 0.24.0)
2025-12-16T18:10:04.453921+0100 chargesom manager[852318]: [INFO] error_history:E  :: Using database at "/tmp/error_history.db"
2025-12-16T18:10:04.454950+0100 chargesom manager[852318]: [INFO] error_history:E  :: Checking database
2025-12-16T18:10:04.476378+0100 chargesom manager[852330]: [INFO] grid_connection  :: Module grid_connection_point initialized [1768ms]
2025-12-16T18:10:04.483983+0100 chargesom manager[852318]: [INFO] error_history:E  :: Module error_history initialized [1811ms]
2025-12-16T18:10:04.486258+0100 chargesom manager[852327]: [INFO] evse_slac:EvseS  :: Module evse_slac initialized [1795ms]
2025-12-16T18:10:04.487351+0100 chargesom manager[852319]: [INFO] evse_security:E  :: Module evse_security initialized [1748ms]
2025-12-16T18:10:04.500814+0100 chargesom manager[852336]: [INFO] imd:IMDSimulato  :: Module imd initialized [1732ms]
2025-12-16T18:10:04.506178+0100 chargesom manager[852344]: [INFO] powersupply_dc:  :: Infy: Setting config values: CAN device: can0
2025-12-16T18:10:04.506178+0100 chargesom manager[852344]: [INFO] powersupply_dc:  :: Infy: Operating with controller address: 0xf0
2025-12-16T18:10:04.506178+0100 chargesom manager[852344]: [INFO] powersupply_dc:  :: Infy: Operating in FIXED_ADDRESS mode with 1 addresses: 0
2025-12-16T18:10:04.506178+0100 chargesom manager[852344]: [INFO] powersupply_dc:  :: Infy: module communication timeout: 15s
2025-12-16T18:10:04.506178+0100 chargesom manager[852344]: [INFO] powersupply_dc:  :: Infy: Operating in FIXED_ADDRESS mode. No need to ping.
2025-12-16T18:10:04.507745+0100 chargesom manager[852344]: [INFO] powersupply_dc:  :: Infy: switch_on_off(false) - active modules: 1
2025-12-16T18:10:04.507745+0100 chargesom manager[852344]: [INFO] powersupply_dc:  :: Module powersupply_dc initialized [1758ms]
2025-12-16T18:10:04.507745+0100 chargesom manager[852344]: [INFO] powersupply_dc:  :: Starting CAN RX thread
2025-12-16T18:10:04.507745+0100 chargesom manager[852344]: [INFO] powersupply_dc:  :: CAN error cleared: Success
2025-12-16T18:10:04.510152+0100 chargesom manager[852348]: [INFO] token_provider:  :: Module token_provider initialized [1741ms]
2025-12-16T18:10:04.539035+0100 chargesom manager[852342]: [INFO] iso15118_charge  :: Module iso15118_charger initialized [1755ms]
2025-12-16T18:10:04.556691+0100 chargesom manager[852353]: [INFO] token_validator  :: Module token_validator initialized [1766ms]
2025-12-16T18:10:04.792512+0100 chargesom manager[852312]: [INFO] bsp:CbChargeSOM  :: Safety Controller Firmware: 0.2.5 (gde7345017c7932bc, Charge SOM, firmware)
2025-12-16T18:10:04.793133+0100 chargesom manager[852312]: [INFO] bsp:CbChargeSOM  :: Module bsp initialized [2138ms]
2025-12-16T18:10:04.794057+0100 chargesom manager[852290]: [INFO] manager          :: Clearing retained topics published by manager during startup
2025-12-16T18:10:04.795880+0100 chargesom manager[852290]: [INFO] manager          :: 🚙🚙🚙 All modules are initialized. EVerest up and running [2389ms] 🚙🚙🚙
2025-12-16T18:10:04.801504+0100 chargesom manager[852342]: [INFO] iso15118_charge  :: TCP server on eth1 is listening on port [fe80::201:87ff:fe00:3035%3]:61341
2025-12-16T18:10:04.801504+0100 chargesom manager[852342]: [INFO] iso15118_charge  :: SDP socket setup succeeded
2025-12-16T18:10:04.817127+0100 chargesom manager[852327]: [INFO] evse_slac:EvseS  :: Starting the SLAC state machine
2025-12-16T18:10:04.942402+0100 chargesom manager[852311]: [WARN] auth:Auth        :: Can not load reservations because no storage was configured.
2025-12-16T18:10:05.017591+0100 chargesom manager[852327]: [INFO] evse_slac:EvseS  :: Entered Reset state
2025-12-16T18:10:05.017942+0100 chargesom manager[852327]: [INFO] evse_slac:EvseS  :: New NMK key: 45:53:57:42:45:38:52:49:46:43:32:4C:42:45:4B:55
2025-12-16T18:10:05.019185+0100 chargesom manager[852327]: [INFO] evse_slac:EvseS  :: Received CM_SET_KEY_CNF
2025-12-16T18:10:05.019775+0100 chargesom manager[852327]: [INFO] evse_slac:EvseS  :: Entered Idle state
2025-12-16T18:10:05.516241+0100 chargesom manager[852344]: [INFO] powersupply_dc:  :: Infy[0x00]: capabilities: 1000V / 50V, 102A, power 30000W
2025-12-16T18:10:05.517719+0100 chargesom manager[852344]: [INFO] powersupply_dc:  :: Infy: Capabilities updated: 1000V / 50V, 102A, power 30000W
2025-12-16T18:10:05.517719+0100 chargesom manager[852344]: [INFO] powersupply_dc:  :: Infy: Hot plug detected - module count increased from 0 to 1 modules, redistributing 0A from 0 to 1 modules
2025-12-16T18:10:05.517719+0100 chargesom manager[852344]: [INFO] powersupply_dc:  :: Infy: Restoring last settings: voltage=0V, current=0A, mode=Off, phase=CableCheck
2025-12-16T18:10:05.517719+0100 chargesom manager[852344]: [INFO] powersupply_dc:  :: Infy: Updating voltage/current via CAN: 50V / 1A total → 1A per module - active modules: 1
2025-12-16T18:10:05.517719+0100 chargesom manager[852344]: [INFO] powersupply_dc:  :: Infy: set_voltage_current(50V, 1A) - active modules: 1
2025-12-16T18:10:05.517719+0100 chargesom manager[852344]: [INFO] powersupply_dc:  :: Set mode via CAN: Off with phase CableCheck
2025-12-16T18:10:05.517719+0100 chargesom manager[852344]: [INFO] powersupply_dc:  :: Infy: switch_on_off(false) - active modules: 1
2025-12-16T18:10:05.517719+0100 chargesom manager[852344]: [INFO] powersupply_dc:  :: Infy[0x00]: serial number: SN_2818a396c70776_V
2025-12-16T18:10:10.392045+0100 chargesom manager[852313]: [INFO] connector:EvseM  :: Cleaning up any other transaction on start up
2025-12-16T18:10:10.488801+0100 chargesom manager[852313]: [INFO] connector:EvseM  :: 🌀🌀🌀 Ready to start charging 🌀🌀🌀
2025-12-16T18:10:10.488801+0100 chargesom manager[852313]: [WARN] connector:EvseM void module::EvseManager::ready_to_start_charging() :: No powermeter value received yet!
2025-12-16T18:10:10.840935+0100 chargesom manager[852312]: [INFO] bsp:CbChargeSOM  :: handle_enable: Setting new duty cycle of 100.0%
2025-12-16T18:10:10.963340+0100 chargesom manager[852312]: [INFO] bsp:CbChargeSOM  :: CP state change from PowerOn to B, PWM: 100.0%
2025-12-16T18:10:11.005141+0100 chargesom manager[852312]: [INFO] bsp:CbChargeSOM  :: handle_allow_power_on: request to OPEN the contactor
2025-12-16T18:10:11.049126+0100 chargesom manager[852312]: [INFO] bsp:CbChargeSOM  :: handle_pwm_off: Setting new duty cycle of 100.0%
2025-12-16T18:10:11.074354+0100 chargesom manager[852313]: [INFO] connector:EvseM  :: All errors cleared
2025-12-16T18:10:11.076513+0100 chargesom manager[852327]: [INFO] evse_slac:EvseS  :: Entered Matching state, waiting for CM_SLAC_PARM_REQ
2025-12-16T18:10:11.165900+0100 chargesom manager[852312]: [INFO] bsp:CbChargeSOM  :: handle_allow_power_on: request to OPEN the contactor
2025-12-16T18:10:11.255305+0100 chargesom manager[852313]: [INFO] connector:EvseM  :: SYS  Session logging started.
2025-12-16T18:10:11.255305+0100 chargesom manager[852313]: [INFO] connector:EvseM  :: EVSE IEC Session Started: EVConnected
2025-12-16T18:10:11.259514+0100 chargesom manager[852348]: [INFO] token_provider:  :: Publishing new dummy token: {
2025-12-16T18:10:11.259514+0100 chargesom manager[852348]:     "authorization_type": "RFID",
2025-12-16T18:10:11.259514+0100 chargesom manager[852348]:     "id_token": {
2025-12-16T18:10:11.259514+0100 chargesom manager[852348]:         "type": "ISO14443",
2025-12-16T18:10:11.259514+0100 chargesom manager[852348]:         "value": "[redacted] hash: 29F2679CA504908"
2025-12-16T18:10:11.259514+0100 chargesom manager[852348]:     },
2025-12-16T18:10:11.259514+0100 chargesom manager[852348]:     "parent_id_token": {
2025-12-16T18:10:11.259514+0100 chargesom manager[852348]:         "type": "ISO14443",
2025-12-16T18:10:11.259514+0100 chargesom manager[852348]:         "value": "[redacted] hash: 29F2679CA504908"
2025-12-16T18:10:11.259514+0100 chargesom manager[852348]:     }
2025-12-16T18:10:11.259514+0100 chargesom manager[852348]: }
2025-12-16T18:10:11.262218+0100 chargesom manager[852311]: [INFO] auth:Auth        :: Plug In event for evse#1, starting auth
2025-12-16T18:10:11.267031+0100 chargesom manager[852311]: [INFO] auth:Auth        :: Received new token: {
2025-12-16T18:10:11.267031+0100 chargesom manager[852311]:     "authorization_type": "RFID",
2025-12-16T18:10:11.267031+0100 chargesom manager[852311]:     "id_token": {
2025-12-16T18:10:11.267031+0100 chargesom manager[852311]:         "type": "ISO14443",
2025-12-16T18:10:11.267031+0100 chargesom manager[852311]:         "value": "[redacted] hash: 29F2679CA504908"
2025-12-16T18:10:11.267031+0100 chargesom manager[852311]:     },
2025-12-16T18:10:11.267031+0100 chargesom manager[852311]:     "parent_id_token": {
2025-12-16T18:10:11.267031+0100 chargesom manager[852311]:         "type": "ISO14443",
2025-12-16T18:10:11.267031+0100 chargesom manager[852311]:         "value": "[redacted] hash: 29F2679CA504908"
2025-12-16T18:10:11.267031+0100 chargesom manager[852311]:     }
2025-12-16T18:10:11.267031+0100 chargesom manager[852311]: }
2025-12-16T18:10:11.311451+0100 chargesom manager[852353]: [INFO] token_validator  :: Got validation request for token: [redacted] hash: 29F2679CA504908
2025-12-16T18:10:11.560213+0100 chargesom manager[852353]: [INFO] token_validator  :: Returning validation status: Accepted
2025-12-16T18:10:11.562227+0100 chargesom manager[852311]: [INFO] auth:Auth        :: Providing authorization to evse#1
2025-12-16T18:10:11.759518+0100 chargesom manager[852313]: [INFO] connector:EvseM  :: EVSE IEC Set PWM On (5.0%) took 0 ms
2025-12-16T18:10:11.801570+0100 chargesom manager[852312]: [INFO] bsp:CbChargeSOM  :: handle_pwm_on: Setting new duty cycle of 5.0%
2025-12-16T18:10:11.935493+0100 chargesom manager[852311]: [INFO] auth:Auth        :: Result for token: [redacted] hash: 29F2679CA504908: ACCEPTED
2025-12-16T18:10:11.946427+0100 chargesom manager[852313]: [INFO] connector:EvseM  :: EVSE IEC EIM Authorization received
2025-12-16T18:10:11.946835+0100 chargesom manager[852313]: [INFO] connector:EvseM  :: EVSE IEC Transaction Started (0 kWh)
2025-12-16T18:10:11.948350+0100 chargesom manager[852313]: [INFO] connector:EvseM  :: EVSE IEC DC mode. We are in 5percent mode so we can continue without further action.
2025-12-16T18:10:11.951023+0100 chargesom manager[852313]: [INFO] connector:EvseM  :: EVSE IEC Charger state: Wait for Auth->PrepareCharging
2025-12-16T18:10:12.161529+0100 chargesom manager[852312]: [INFO] bsp:CbChargeSOM  :: CP state change from B to C, PWM: 5.0%
2025-12-16T18:10:12.163104+0100 chargesom manager[852313]: [INFO] connector:EvseM  ::                                     CAR IEC Event CarRequestedPower
2025-12-16T18:10:12.491083+0100 chargesom manager[852312]: [INFO] bsp:CbChargeSOM  :: CP state change from C to B, PWM: 5.0%
2025-12-16T18:10:12.537999+0100 chargesom manager[852312]: [INFO] bsp:CbChargeSOM  :: handle_allow_power_on: request to OPEN the contactor
2025-12-16T18:10:12.540935+0100 chargesom manager[852313]: [INFO] connector:EvseM  ::                                     CAR IEC Event CarRequestedStopPower
2025-12-16T18:10:12.589462+0100 chargesom manager[852313]: [INFO] connector:EvseM  :: EVSE IEC Charger state: PrepareCharging->EVSE Paused
2025-12-16T18:10:17.604029+0100 chargesom manager[852327]: [INFO] evse_slac:EvseS  :: Session (run_id=0C86C361B09C3018, ev_mac=F0:7F:0C:11:12:F1): initialized, waiting for CM_START_ATTEN_CHAR_IND
2025-12-16T18:10:17.842403+0100 chargesom manager[852327]: [INFO] evse_slac:EvseS  :: Session (run_id=0C86C361B09C3018, ev_mac=F0:7F:0C:11:12:F1): received CM_START_ATTEN_CHAR_IND, going to substate SOUNDING
2025-12-16T18:10:17.882546+0100 chargesom manager[852327]: [INFO] evse_slac:EvseS  :: Session (run_id=0C86C361B09C3018, ev_mac=F0:7F:0C:11:12:F1): needs to be in state WAIT_FOR_START_ATTEN_CHAR for CM_START_ATTEN_CHAR_IND
2025-12-16T18:10:17.922357+0100 chargesom manager[852327]: [INFO] evse_slac:EvseS  :: Session (run_id=0C86C361B09C3018, ev_mac=F0:7F:0C:11:12:F1): needs to be in state WAIT_FOR_START_ATTEN_CHAR for CM_START_ATTEN_CHAR_IND
2025-12-16T18:10:17.962407+0100 chargesom manager[852327]: [INFO] evse_slac:EvseS  :: Session (run_id=0C86C361B09C3018, ev_mac=F0:7F:0C:11:12:F1): received CM_MNBC_SOUND_IND
2025-12-16T18:10:17.969939+0100 chargesom manager[852327]: [INFO] evse_slac:EvseS  :: Session (run_id=0C86C361B09C3018, ev_mac=F0:7F:0C:11:12:F1): received CM_ATTEN_PROFILE_IND
2025-12-16T18:10:18.002356+0100 chargesom manager[852327]: [INFO] evse_slac:EvseS  :: Session (run_id=0C86C361B09C3018, ev_mac=F0:7F:0C:11:12:F1): received CM_MNBC_SOUND_IND
2025-12-16T18:10:18.009931+0100 chargesom manager[852327]: [INFO] evse_slac:EvseS  :: Session (run_id=0C86C361B09C3018, ev_mac=F0:7F:0C:11:12:F1): received CM_ATTEN_PROFILE_IND
2025-12-16T18:10:18.042513+0100 chargesom manager[852327]: [INFO] evse_slac:EvseS  :: Session (run_id=0C86C361B09C3018, ev_mac=F0:7F:0C:11:12:F1): received CM_MNBC_SOUND_IND
2025-12-16T18:10:18.050029+0100 chargesom manager[852327]: [INFO] evse_slac:EvseS  :: Session (run_id=0C86C361B09C3018, ev_mac=F0:7F:0C:11:12:F1): received CM_ATTEN_PROFILE_IND
2025-12-16T18:10:18.083627+0100 chargesom manager[852327]: [INFO] evse_slac:EvseS  :: Session (run_id=0C86C361B09C3018, ev_mac=F0:7F:0C:11:12:F1): received CM_MNBC_SOUND_IND
2025-12-16T18:10:18.091116+0100 chargesom manager[852327]: [INFO] evse_slac:EvseS  :: Session (run_id=0C86C361B09C3018, ev_mac=F0:7F:0C:11:12:F1): received CM_ATTEN_PROFILE_IND
2025-12-16T18:10:18.122500+0100 chargesom manager[852327]: [INFO] evse_slac:EvseS  :: Session (run_id=0C86C361B09C3018, ev_mac=F0:7F:0C:11:12:F1): received CM_MNBC_SOUND_IND
2025-12-16T18:10:18.130036+0100 chargesom manager[852327]: [INFO] evse_slac:EvseS  :: Session (run_id=0C86C361B09C3018, ev_mac=F0:7F:0C:11:12:F1): received CM_ATTEN_PROFILE_IND
2025-12-16T18:10:18.162496+0100 chargesom manager[852327]: [INFO] evse_slac:EvseS  :: Session (run_id=0C86C361B09C3018, ev_mac=F0:7F:0C:11:12:F1): received CM_MNBC_SOUND_IND
2025-12-16T18:10:18.170084+0100 chargesom manager[852327]: [INFO] evse_slac:EvseS  :: Session (run_id=0C86C361B09C3018, ev_mac=F0:7F:0C:11:12:F1): received CM_ATTEN_PROFILE_IND
2025-12-16T18:10:18.202527+0100 chargesom manager[852327]: [INFO] evse_slac:EvseS  :: Session (run_id=0C86C361B09C3018, ev_mac=F0:7F:0C:11:12:F1): received CM_MNBC_SOUND_IND
2025-12-16T18:10:18.210282+0100 chargesom manager[852327]: [INFO] evse_slac:EvseS  :: Session (run_id=0C86C361B09C3018, ev_mac=F0:7F:0C:11:12:F1): received CM_ATTEN_PROFILE_IND
2025-12-16T18:10:18.242474+0100 chargesom manager[852327]: [INFO] evse_slac:EvseS  :: Session (run_id=0C86C361B09C3018, ev_mac=F0:7F:0C:11:12:F1): received CM_MNBC_SOUND_IND
2025-12-16T18:10:18.250004+0100 chargesom manager[852327]: [INFO] evse_slac:EvseS  :: Session (run_id=0C86C361B09C3018, ev_mac=F0:7F:0C:11:12:F1): received CM_ATTEN_PROFILE_IND
2025-12-16T18:10:18.282504+0100 chargesom manager[852327]: [INFO] evse_slac:EvseS  :: Session (run_id=0C86C361B09C3018, ev_mac=F0:7F:0C:11:12:F1): received CM_MNBC_SOUND_IND
2025-12-16T18:10:18.290134+0100 chargesom manager[852327]: [INFO] evse_slac:EvseS  :: Session (run_id=0C86C361B09C3018, ev_mac=F0:7F:0C:11:12:F1): received CM_ATTEN_PROFILE_IND
2025-12-16T18:10:18.322395+0100 chargesom manager[852327]: [INFO] evse_slac:EvseS  :: Session (run_id=0C86C361B09C3018, ev_mac=F0:7F:0C:11:12:F1): received CM_MNBC_SOUND_IND
2025-12-16T18:10:18.329830+0100 chargesom manager[852327]: [INFO] evse_slac:EvseS  :: Session (run_id=0C86C361B09C3018, ev_mac=F0:7F:0C:11:12:F1): received CM_ATTEN_PROFILE_IND
2025-12-16T18:10:18.330131+0100 chargesom manager[852327]: [INFO] evse_slac:EvseS  :: Session (run_id=0C86C361B09C3018, ev_mac=F0:7F:0C:11:12:F1): received all sounds, going to substate FINALIZE_SOUNDING
2025-12-16T18:10:18.374173+0100 chargesom manager[852327]: [INFO] evse_slac:EvseS  :: Session (run_id=0C86C361B09C3018, ev_mac=F0:7F:0C:11:12:F1): Finalize sounding, sending CM_ATTEN_CHAR_IND
2025-12-16T18:10:18.380417+0100 chargesom manager[852327]: [INFO] evse_slac:EvseS  :: Session (run_id=0C86C361B09C3018, ev_mac=F0:7F:0C:11:12:F1): received CM_ATTEN_CHAR_RSP, going to substate WAIT_FOR_SLAC_MATCH
2025-12-16T18:10:19.052980+0100 chargesom manager[852327]: [INFO] evse_slac:EvseS  :: Session (run_id=0C86C361B09C3018, ev_mac=F0:7F:0C:11:12:F1): Received CM_SLAC_MATCH_REQ, sending CM_SLAC_MATCH_CNF -> session complete
2025-12-16T18:10:19.054193+0100 chargesom manager[852327]: [INFO] evse_slac:EvseS  :: Entered Matched state
2025-12-16T18:10:19.057334+0100 chargesom manager[852313]: [INFO] connector:EvseM  :: EVSE ISO SLAC MATCHED
2025-12-16T18:10:19.097279+0100 chargesom manager[852313]: [INFO] connector:EvseM  :: EVSE ISO D-LINK_READY (true)
2025-12-16T18:10:20.832330+0100 chargesom manager[852342]: [INFO] iso15118_charge  :: Received packet from [fe80::f27f:cff:fe11:12f1]:49152 with security 0x10 and protocol 0x00
2025-12-16T18:10:20.832330+0100 chargesom manager[852342]: [INFO] iso15118_charge  :: SDP requested NO-TLS, announcing NO-TLS
2025-12-16T18:10:20.832330+0100 chargesom manager[852342]: [INFO] iso15118_charge  :: sendto([fe80::f27f:cff:fe11:12f1]:49152) succeeded
2025-12-16T18:10:23.053205+0100 chargesom manager[852342]: [INFO] iso15118_charge  :: Incoming connection on eth1 from [a00:c000:0:0:fe80::]:49152
2025-12-16T18:10:23.053205+0100 chargesom manager[852342]: [INFO] iso15118_charge  :: Started new TCP connection thread
2025-12-16T18:10:23.082925+0100 chargesom manager[852342]: [INFO] iso15118_charge  :: Handling SupportedAppProtocolReq
2025-12-16T18:10:23.083774+0100 chargesom manager[852342]: [INFO] iso15118_charge  :: Protocol negotiation was successful. Selected protocol is ISO15118
2025-12-16T18:10:23.085603+0100 chargesom manager[852313]: [INFO] connector:EvseM  ::                                     CAR ISO V2G SupportedAppProtocolReq
2025-12-16T18:10:23.122486+0100 chargesom manager[852342]: [INFO] iso15118_charge  :: SessionSetupReq.EVCCID: F0:7F:0C:11:12:F1
2025-12-16T18:10:23.122841+0100 chargesom manager[852342]: [INFO] iso15118_charge  :: No session_id found or not equal to the id from the preceding v2g session. Generating random session id.
2025-12-16T18:10:23.122841+0100 chargesom manager[852342]: [INFO] iso15118_charge  :: Created new session with id 0x8249316328397569518
2025-12-16T18:10:23.129923+0100 chargesom manager[852313]: [INFO] connector:EvseM  :: EVSE ISO V2G SupportedAppProtocolRes
2025-12-16T18:10:23.173762+0100 chargesom manager[852313]: [INFO] connector:EvseM  ::                                     CAR ISO V2G SessionSetupReq
2025-12-16T18:10:23.221092+0100 chargesom manager[852313]: [INFO] connector:EvseM  :: EVSE ISO V2G SessionSetupRes
2025-12-16T18:10:23.262585+0100 chargesom manager[852342]: [WARN] iso15118_charge  :: PnC is not allowed without TLS-communication. Correcting value to '1' (ExternalPayment)
2025-12-16T18:10:23.263789+0100 chargesom manager[852313]: [INFO] connector:EvseM  ::                                     CAR ISO V2G ServiceDiscoveryReq
2025-12-16T18:10:23.361342+0100 chargesom manager[852313]: [INFO] connector:EvseM  :: EVSE ISO V2G ServiceDiscoveryRes
2025-12-16T18:10:23.402368+0100 chargesom manager[852342]: [INFO] iso15118_charge  :: SelectedPaymentOption: ExternalPayment
2025-12-16T18:10:23.403981+0100 chargesom manager[852313]: [INFO] connector:EvseM  ::                                     CAR ISO V2G PaymentServiceSelectionReq
2025-12-16T18:10:23.505437+0100 chargesom manager[852313]: [INFO] connector:EvseM  :: EVSE ISO V2G PaymentServiceSelectionRes
2025-12-16T18:10:23.673885+0100 chargesom manager[852313]: [INFO] connector:EvseM  ::                                     CAR ISO V2G AuthorizationReq
2025-12-16T18:10:23.674487+0100 chargesom manager[852313]: [INFO] connector:EvseM  :: EVSE ISO V2G AuthorizationRes
2025-12-16T18:10:23.773407+0100 chargesom manager[852313]: [INFO] connector:EvseM  ::                                     CAR ISO V2G AuthorizationReq
2025-12-16T18:10:23.871659+0100 chargesom manager[852313]: [INFO] connector:EvseM  :: EVSE ISO V2G AuthorizationRes
2025-12-16T18:10:23.912415+0100 chargesom manager[852342]: [INFO] iso15118_charge  :: Parameter-phase started
2025-12-16T18:10:23.913113+0100 chargesom manager[852342]: [INFO] iso15118_charge  :: Selected energy transfer mode: DC_extended
2025-12-16T18:10:23.958407+0100 chargesom manager[852313]: [INFO] connector:EvseM  :: Received EV maximum limits: {
2025-12-16T18:10:23.958407+0100 chargesom manager[852313]:     "dc_ev_maximum_current_limit": 350.0,
2025-12-16T18:10:23.958407+0100 chargesom manager[852313]:     "dc_ev_maximum_voltage_limit": 464.0
2025-12-16T18:10:23.958407+0100 chargesom manager[852313]: }
2025-12-16T18:10:24.049194+0100 chargesom manager[852313]: [INFO] connector:EvseM  ::                                     CAR ISO V2G ChargeParameterDiscoveryReq
2025-12-16T18:10:24.049868+0100 chargesom manager[852313]: [INFO] connector:EvseM  :: EVSE ISO V2G ChargeParameterDiscoveryRes
2025-12-16T18:10:25.473999+0100 chargesom manager[852312]: [INFO] bsp:CbChargeSOM  :: CP state change from B to C, PWM: 5.0%
2025-12-16T18:10:25.475589+0100 chargesom manager[852313]: [INFO] connector:EvseM  ::                                     CAR IEC Event CarRequestedPower
2025-12-16T18:10:25.503826+0100 chargesom manager[852313]: [INFO] connector:EvseM  :: EVSE ISO Start cable check...
2025-12-16T18:10:25.503826+0100 chargesom manager[852313]: [INFO] connector:EvseM  ::                                     CAR ISO V2G CableCheckReq
2025-12-16T18:10:25.505603+0100 chargesom manager[852313]: [WARN] connector:EvseM bool module::EvseManager::wait_powersupply_DC_below_voltage(double) :: Cancel cable check wait below voltage
2025-12-16T18:10:25.587711+0100 chargesom manager[852313]: [INFO] connector:EvseM  :: EVSE IEC Charger state: EVSE Paused->EVSE Paused
2025-12-16T18:10:25.633630+0100 chargesom manager[852313]: [INFO] connector:EvseM  :: EVSE ISO V2G CableCheckRes
2025-12-16T18:10:25.635030+0100 chargesom manager[852313]: [ERRO] connector:EvseM module::EvseManager::cable_check()::<lambda()> :: Voltage did not drop below 60V within timeout.
2025-12-16T18:10:25.635431+0100 chargesom manager[852313]: [WARN] connector:EvseM bool module::EvseManager::wait_powersupply_DC_below_voltage(double) :: Cancel cable check wait below voltage
2025-12-16T18:10:25.724658+0100 chargesom manager[852342]: [ERRO] iso15118_charge  :: Failed response code detected for message "Cable Check", error: Response FAILED
2025-12-16T18:10:25.765731+0100 chargesom manager[852313]: [INFO] connector:EvseM  ::                                     CAR ISO V2G CableCheckReq
2025-12-16T18:10:25.768488+0100 chargesom manager[852313]: [ERRO] connector:EvseM void module::EvseManager::fail_cable_check() :: Voltage did not drop below 60V within timeout, sending CableCheck Finished(false) anyway
2025-12-16T18:10:25.857852+0100 chargesom manager[852313]: [INFO] connector:EvseM  :: EVSE ISO V2G CableCheckRes
2025-12-16T18:10:25.882381+0100 chargesom manager[852342]: [ERRO] iso15118_charge  :: Failed response code detected for message "Session Stop", error: Response FAILED
2025-12-16T18:10:25.909153+0100 chargesom manager[852313]: [INFO] connector:EvseM  ::                                     CAR ISO V2G SessionStopReq
2025-12-16T18:10:25.913348+0100 chargesom manager[852312]: [INFO] bsp:CbChargeSOM  :: CP state change from C to B, PWM: 5.0%
2025-12-16T18:10:25.957152+0100 chargesom manager[852312]: [INFO] bsp:CbChargeSOM  :: handle_allow_power_on: request to OPEN the contactor
2025-12-16T18:10:25.959166+0100 chargesom manager[852313]: [INFO] connector:EvseM  ::                                     CAR IEC Event CarRequestedStopPower
2025-12-16T18:10:25.980378+0100 chargesom manager[852342]: [INFO] iso15118_charge  :: Closing TCP connection
2025-12-16T18:10:25.982025+0100 chargesom manager[852313]: [INFO] connector:EvseM  :: EVSE ISO V2G SessionStopRes
2025-12-16T18:10:30.981210+0100 chargesom manager[852342]: [INFO] iso15118_charge  :: TCP connection closed gracefully
2025-12-16T18:10:30.982637+0100 chargesom manager[852313]: [INFO] connector:EvseM  :: EVSE ISO D-LINK_TERMINATE.req
2025-12-16T18:10:30.982637+0100 chargesom manager[852313]: [INFO] connector:EvseM  :: EVSE IEC Set PWM Off
2025-12-16T18:10:31.025606+0100 chargesom manager[852312]: [INFO] bsp:CbChargeSOM  :: handle_pwm_off: Setting new duty cycle of 100.0%
2025-12-16T18:10:31.069872+0100 chargesom manager[852313]: [INFO] connector:EvseM  :: EVSE IEC Charger state: EVSE Paused->StoppingCharging
2025-12-16T18:10:31.071251+0100 chargesom manager[852327]: [INFO] evse_slac:EvseS  :: D-LINK_TERMINATE.request received, leaving network.
2025-12-16T18:10:31.072581+0100 chargesom manager[852327]: [INFO] evse_slac:EvseS  :: Entered Reset state
2025-12-16T18:10:31.072581+0100 chargesom manager[852327]: [INFO] evse_slac:EvseS  :: New NMK key: 55:54:32:4A:5A:30:44:58:4E:43:58:51:58:4D:44:4F
2025-12-16T18:10:31.073755+0100 chargesom manager[852327]: [INFO] evse_slac:EvseS  :: Received CM_SET_KEY_CNF
2025-12-16T18:10:31.074095+0100 chargesom manager[852327]: [INFO] evse_slac:EvseS  :: Entered Idle state
2025-12-16T18:10:31.114089+0100 chargesom manager[852313]: [INFO] connector:EvseM  :: EVSE ISO D-LINK_READY (false)
2025-12-16T18:10:31.159504+0100 chargesom manager[852313]: [INFO] connector:EvseM  :: EVSE ISO SLAC UNMATCHED
2025-12-16T18:10:51.343654+0100 chargesom manager[852312]: [INFO] bsp:CbChargeSOM  :: CP state change from B to A, PWM: 100.0%
2025-12-16T18:10:51.389681+0100 chargesom manager[852312]: [INFO] bsp:CbChargeSOM  :: handle_pwm_off: Setting new duty cycle of 100.0%
2025-12-16T18:10:51.445292+0100 chargesom manager[852312]: [INFO] bsp:CbChargeSOM  :: handle_allow_power_on: request to OPEN the contactor
2025-12-16T18:10:51.517731+0100 chargesom manager[852313]: [INFO] connector:EvseM  ::                                     CAR IEC Event CarUnplugged
2025-12-16T18:10:51.518863+0100 chargesom manager[852313]: [INFO] connector:EvseM  :: EVSE IEC Charger state: StoppingCharging->Finished
2025-12-16T18:10:51.518863+0100 chargesom manager[852313]: [INFO] connector:EvseM  :: EVSE IEC Transaction Finished: EVDisconnected (0 kWh)
2025-12-16T18:10:51.654847+0100 chargesom manager[852313]: [INFO] connector:EvseM  :: EVSE IEC Session Finished
2025-12-16T18:10:51.655946+0100 chargesom manager[852313]: [INFO] connector:EvseM  :: SYS  Session logging stopped.
2025-12-16T18:10:51.704182+0100 chargesom manager[852312]: [INFO] bsp:CbChargeSOM  :: handle_pwm_off: Setting new duty cycle of 100.0%
2025-12-16T18:10:51.745913+0100 chargesom manager[852313]: [INFO] connector:EvseM  :: All errors cleared
2025-12-16T18:10:51.757238+0100 chargesom manager[852312]: [INFO] bsp:CbChargeSOM  :: handle_pwm_off: Setting new duty cycle of 100.0%
2025-12-16T18:10:51.789636+0100 chargesom manager[852313]: [INFO] connector:EvseM  :: All errors cleared
2025-12-16T18:10:53.849226+0100 chargesom manager[852312]: [INFO] bsp:CbChargeSOM  :: CP state change from A to B, PWM: 100.0%
2025-12-16T18:10:53.893577+0100 chargesom manager[852327]: [INFO] evse_slac:EvseS  :: Entered Matching state, waiting for CM_SLAC_PARM_REQ
2025-12-16T18:10:53.984072+0100 chargesom manager[852312]: [INFO] bsp:CbChargeSOM  :: handle_allow_power_on: request to OPEN the contactor
2025-12-16T18:10:54.115741+0100 chargesom manager[852313]: [INFO] connector:EvseM  :: SYS  Session logging started.
2025-12-16T18:10:54.116857+0100 chargesom manager[852313]: [INFO] connector:EvseM  :: EVSE IEC Session Started: EVConnected
2025-12-16T18:10:54.120074+0100 chargesom manager[852348]: [INFO] token_provider:  :: Publishing new dummy token: {
2025-12-16T18:10:54.120074+0100 chargesom manager[852348]:     "authorization_type": "RFID",
2025-12-16T18:10:54.120074+0100 chargesom manager[852348]:     "id_token": {
2025-12-16T18:10:54.120074+0100 chargesom manager[852348]:         "type": "ISO14443",
2025-12-16T18:10:54.120074+0100 chargesom manager[852348]:         "value": "[redacted] hash: 29F2679CA504908"
2025-12-16T18:10:54.120074+0100 chargesom manager[852348]:     },
2025-12-16T18:10:54.120074+0100 chargesom manager[852348]:     "parent_id_token": {
2025-12-16T18:10:54.120074+0100 chargesom manager[852348]:         "type": "ISO14443",
2025-12-16T18:10:54.120074+0100 chargesom manager[852348]:         "value": "[redacted] hash: 29F2679CA504908"
2025-12-16T18:10:54.120074+0100 chargesom manager[852348]:     }
2025-12-16T18:10:54.120074+0100 chargesom manager[852348]: }
2025-12-16T18:10:54.122714+0100 chargesom manager[852311]: [INFO] auth:Auth        :: Plug In event for evse#1, starting auth
2025-12-16T18:10:54.122714+0100 chargesom manager[852311]: [INFO] auth:Auth        :: Received new token: {
2025-12-16T18:10:54.122714+0100 chargesom manager[852311]:     "authorization_type": "RFID",
2025-12-16T18:10:54.122714+0100 chargesom manager[852311]:     "id_token": {
2025-12-16T18:10:54.122714+0100 chargesom manager[852311]:         "type": "ISO14443",
2025-12-16T18:10:54.122714+0100 chargesom manager[852311]:         "value": "[redacted] hash: 29F2679CA504908"
2025-12-16T18:10:54.122714+0100 chargesom manager[852311]:     },
2025-12-16T18:10:54.122714+0100 chargesom manager[852311]:     "parent_id_token": {
2025-12-16T18:10:54.122714+0100 chargesom manager[852311]:         "type": "ISO14443",
2025-12-16T18:10:54.122714+0100 chargesom manager[852311]:         "value": "[redacted] hash: 29F2679CA504908"
2025-12-16T18:10:54.122714+0100 chargesom manager[852311]:     }
2025-12-16T18:10:54.122714+0100 chargesom manager[852311]: }
2025-12-16T18:10:54.165440+0100 chargesom manager[852353]: [INFO] token_validator  :: Got validation request for token: [redacted] hash: 29F2679CA504908
2025-12-16T18:10:54.415676+0100 chargesom manager[852353]: [INFO] token_validator  :: Returning validation status: Accepted
2025-12-16T18:10:54.417718+0100 chargesom manager[852311]: [INFO] auth:Auth        :: Providing authorization to evse#1
2025-12-16T18:10:54.616740+0100 chargesom manager[852313]: [INFO] connector:EvseM  :: EVSE IEC Set PWM On (5.0%) took 0 ms
2025-12-16T18:10:54.661745+0100 chargesom manager[852312]: [INFO] bsp:CbChargeSOM  :: handle_pwm_on: Setting new duty cycle of 5.0%
2025-12-16T18:10:54.825137+0100 chargesom manager[852311]: [INFO] auth:Auth        :: Result for token: [redacted] hash: 29F2679CA504908: ACCEPTED
2025-12-16T18:10:54.829610+0100 chargesom manager[852313]: [INFO] connector:EvseM  :: EVSE IEC EIM Authorization received
2025-12-16T18:10:54.829982+0100 chargesom manager[852313]: [INFO] connector:EvseM  :: EVSE IEC Transaction Started (0 kWh)
2025-12-16T18:10:54.830728+0100 chargesom manager[852313]: [INFO] connector:EvseM  :: EVSE IEC DC mode. We are in 5percent mode so we can continue without further action.
2025-12-16T18:10:54.831678+0100 chargesom manager[852313]: [INFO] connector:EvseM  :: EVSE IEC Charger state: Wait for Auth->PrepareCharging
2025-12-16T18:11:00.671166+0100 chargesom manager[852327]: [INFO] evse_slac:EvseS  :: Session (run_id=E5B774C7DEC1B858, ev_mac=F0:7F:0C:11:12:F1): initialized, waiting for CM_START_ATTEN_CHAR_IND
2025-12-16T18:11:00.909928+0100 chargesom manager[852327]: [INFO] evse_slac:EvseS  :: Session (run_id=E5B774C7DEC1B858, ev_mac=F0:7F:0C:11:12:F1): received CM_START_ATTEN_CHAR_IND, going to substate SOUNDING
2025-12-16T18:11:00.950033+0100 chargesom manager[852327]: [INFO] evse_slac:EvseS  :: Session (run_id=E5B774C7DEC1B858, ev_mac=F0:7F:0C:11:12:F1): needs to be in state WAIT_FOR_START_ATTEN_CHAR for CM_START_ATTEN_CHAR_IND
2025-12-16T18:11:00.989804+0100 chargesom manager[852327]: [INFO] evse_slac:EvseS  :: Session (run_id=E5B774C7DEC1B858, ev_mac=F0:7F:0C:11:12:F1): needs to be in state WAIT_FOR_START_ATTEN_CHAR for CM_START_ATTEN_CHAR_IND
2025-12-16T18:11:01.029790+0100 chargesom manager[852327]: [INFO] evse_slac:EvseS  :: Session (run_id=E5B774C7DEC1B858, ev_mac=F0:7F:0C:11:12:F1): received CM_MNBC_SOUND_IND
2025-12-16T18:11:01.037189+0100 chargesom manager[852327]: [INFO] evse_slac:EvseS  :: Session (run_id=E5B774C7DEC1B858, ev_mac=F0:7F:0C:11:12:F1): received CM_ATTEN_PROFILE_IND
2025-12-16T18:11:01.069859+0100 chargesom manager[852327]: [INFO] evse_slac:EvseS  :: Session (run_id=E5B774C7DEC1B858, ev_mac=F0:7F:0C:11:12:F1): received CM_MNBC_SOUND_IND
2025-12-16T18:11:01.077308+0100 chargesom manager[852327]: [INFO] evse_slac:EvseS  :: Session (run_id=E5B774C7DEC1B858, ev_mac=F0:7F:0C:11:12:F1): received CM_ATTEN_PROFILE_IND
2025-12-16T18:11:01.109880+0100 chargesom manager[852327]: [INFO] evse_slac:EvseS  :: Session (run_id=E5B774C7DEC1B858, ev_mac=F0:7F:0C:11:12:F1): received CM_MNBC_SOUND_IND
2025-12-16T18:11:01.117240+0100 chargesom manager[852327]: [INFO] evse_slac:EvseS  :: Session (run_id=E5B774C7DEC1B858, ev_mac=F0:7F:0C:11:12:F1): received CM_ATTEN_PROFILE_IND
2025-12-16T18:11:01.149662+0100 chargesom manager[852327]: [INFO] evse_slac:EvseS  :: Session (run_id=E5B774C7DEC1B858, ev_mac=F0:7F:0C:11:12:F1): received CM_MNBC_SOUND_IND
2025-12-16T18:11:01.157006+0100 chargesom manager[852327]: [INFO] evse_slac:EvseS  :: Session (run_id=E5B774C7DEC1B858, ev_mac=F0:7F:0C:11:12:F1): received CM_ATTEN_PROFILE_IND
2025-12-16T18:11:01.189698+0100 chargesom manager[852327]: [INFO] evse_slac:EvseS  :: Session (run_id=E5B774C7DEC1B858, ev_mac=F0:7F:0C:11:12:F1): received CM_MNBC_SOUND_IND
2025-12-16T18:11:01.197188+0100 chargesom manager[852327]: [INFO] evse_slac:EvseS  :: Session (run_id=E5B774C7DEC1B858, ev_mac=F0:7F:0C:11:12:F1): received CM_ATTEN_PROFILE_IND
2025-12-16T18:11:01.229894+0100 chargesom manager[852327]: [INFO] evse_slac:EvseS  :: Session (run_id=E5B774C7DEC1B858, ev_mac=F0:7F:0C:11:12:F1): received CM_MNBC_SOUND_IND
2025-12-16T18:11:01.237451+0100 chargesom manager[852327]: [INFO] evse_slac:EvseS  :: Session (run_id=E5B774C7DEC1B858, ev_mac=F0:7F:0C:11:12:F1): received CM_ATTEN_PROFILE_IND
2025-12-16T18:11:01.269844+0100 chargesom manager[852327]: [INFO] evse_slac:EvseS  :: Session (run_id=E5B774C7DEC1B858, ev_mac=F0:7F:0C:11:12:F1): received CM_MNBC_SOUND_IND
2025-12-16T18:11:01.277315+0100 chargesom manager[852327]: [INFO] evse_slac:EvseS  :: Session (run_id=E5B774C7DEC1B858, ev_mac=F0:7F:0C:11:12:F1): received CM_ATTEN_PROFILE_IND
2025-12-16T18:11:01.310001+0100 chargesom manager[852327]: [INFO] evse_slac:EvseS  :: Session (run_id=E5B774C7DEC1B858, ev_mac=F0:7F:0C:11:12:F1): received CM_MNBC_SOUND_IND
2025-12-16T18:11:01.317348+0100 chargesom manager[852327]: [INFO] evse_slac:EvseS  :: Session (run_id=E5B774C7DEC1B858, ev_mac=F0:7F:0C:11:12:F1): received CM_ATTEN_PROFILE_IND
2025-12-16T18:11:01.349837+0100 chargesom manager[852327]: [INFO] evse_slac:EvseS  :: Session (run_id=E5B774C7DEC1B858, ev_mac=F0:7F:0C:11:12:F1): received CM_MNBC_SOUND_IND
2025-12-16T18:11:01.357230+0100 chargesom manager[852327]: [INFO] evse_slac:EvseS  :: Session (run_id=E5B774C7DEC1B858, ev_mac=F0:7F:0C:11:12:F1): received CM_ATTEN_PROFILE_IND
2025-12-16T18:11:01.389901+0100 chargesom manager[852327]: [INFO] evse_slac:EvseS  :: Session (run_id=E5B774C7DEC1B858, ev_mac=F0:7F:0C:11:12:F1): received CM_MNBC_SOUND_IND
2025-12-16T18:11:01.397258+0100 chargesom manager[852327]: [INFO] evse_slac:EvseS  :: Session (run_id=E5B774C7DEC1B858, ev_mac=F0:7F:0C:11:12:F1): received CM_ATTEN_PROFILE_IND
2025-12-16T18:11:01.397557+0100 chargesom manager[852327]: [INFO] evse_slac:EvseS  :: Session (run_id=E5B774C7DEC1B858, ev_mac=F0:7F:0C:11:12:F1): received all sounds, going to substate FINALIZE_SOUNDING
2025-12-16T18:11:01.441651+0100 chargesom manager[852327]: [INFO] evse_slac:EvseS  :: Session (run_id=E5B774C7DEC1B858, ev_mac=F0:7F:0C:11:12:F1): Finalize sounding, sending CM_ATTEN_CHAR_IND
2025-12-16T18:11:01.449090+0100 chargesom manager[852327]: [INFO] evse_slac:EvseS  :: Session (run_id=E5B774C7DEC1B858, ev_mac=F0:7F:0C:11:12:F1): received CM_ATTEN_CHAR_RSP, going to substate WAIT_FOR_SLAC_MATCH
2025-12-16T18:11:02.119854+0100 chargesom manager[852327]: [INFO] evse_slac:EvseS  :: Session (run_id=E5B774C7DEC1B858, ev_mac=F0:7F:0C:11:12:F1): Received CM_SLAC_MATCH_REQ, sending CM_SLAC_MATCH_CNF -> session complete
2025-12-16T18:11:02.121196+0100 chargesom manager[852327]: [INFO] evse_slac:EvseS  :: Entered Matched state
2025-12-16T18:11:02.122228+0100 chargesom manager[852313]: [INFO] connector:EvseM  :: EVSE ISO SLAC MATCHED
2025-12-16T18:11:02.165364+0100 chargesom manager[852313]: [INFO] connector:EvseM  :: EVSE ISO D-LINK_READY (true)
2025-12-16T18:11:03.899664+0100 chargesom manager[852342]: [INFO] iso15118_charge  :: Received packet from [fe80::f27f:cff:fe11:12f1]:49152 with security 0x10 and protocol 0x00
2025-12-16T18:11:03.899664+0100 chargesom manager[852342]: [INFO] iso15118_charge  :: SDP requested NO-TLS, announcing NO-TLS
2025-12-16T18:11:03.899664+0100 chargesom manager[852342]: [INFO] iso15118_charge  :: sendto([fe80::f27f:cff:fe11:12f1]:49152) succeeded
2025-12-16T18:11:06.120412+0100 chargesom manager[852342]: [INFO] iso15118_charge  :: Incoming connection on eth1 from [a00:c000:0:0:fe80::]:49152
2025-12-16T18:11:06.120412+0100 chargesom manager[852342]: [INFO] iso15118_charge  :: Started new TCP connection thread
2025-12-16T18:11:06.150078+0100 chargesom manager[852342]: [INFO] iso15118_charge  :: Handling SupportedAppProtocolReq
2025-12-16T18:11:06.150814+0100 chargesom manager[852342]: [INFO] iso15118_charge  :: Protocol negotiation was successful. Selected protocol is ISO15118
2025-12-16T18:11:06.152673+0100 chargesom manager[852313]: [INFO] connector:EvseM  ::                                     CAR ISO V2G SupportedAppProtocolReq
2025-12-16T18:11:06.189848+0100 chargesom manager[852342]: [INFO] iso15118_charge  :: SessionSetupReq.EVCCID: F0:7F:0C:11:12:F1
2025-12-16T18:11:06.190283+0100 chargesom manager[852342]: [INFO] iso15118_charge  :: No session_id found or not equal to the id from the preceding v2g session. Generating random session id.
2025-12-16T18:11:06.190283+0100 chargesom manager[852342]: [INFO] iso15118_charge  :: Created new session with id 0x16626128049959574017
2025-12-16T18:11:06.193925+0100 chargesom manager[852313]: [INFO] connector:EvseM  :: EVSE ISO V2G SupportedAppProtocolRes
2025-12-16T18:11:06.239696+0100 chargesom manager[852313]: [INFO] connector:EvseM  ::                                     CAR ISO V2G SessionSetupReq
2025-12-16T18:11:06.329573+0100 chargesom manager[852313]: [INFO] connector:EvseM  :: EVSE ISO V2G SessionSetupRes
2025-12-16T18:11:06.330318+0100 chargesom manager[852342]: [WARN] iso15118_charge  :: PnC is not allowed without TLS-communication. Correcting value to '1' (ExternalPayment)
2025-12-16T18:11:06.333234+0100 chargesom manager[852313]: [INFO] connector:EvseM  ::                                     CAR ISO V2G ServiceDiscoveryReq
2025-12-16T18:11:06.429832+0100 chargesom manager[852313]: [INFO] connector:EvseM  :: EVSE ISO V2G ServiceDiscoveryRes
2025-12-16T18:11:06.469939+0100 chargesom manager[852342]: [INFO] iso15118_charge  :: SelectedPaymentOption: ExternalPayment
2025-12-16T18:11:06.481439+0100 chargesom manager[852313]: [INFO] connector:EvseM  ::                                     CAR ISO V2G PaymentServiceSelectionReq
2025-12-16T18:11:06.568927+0100 chargesom manager[852313]: [INFO] connector:EvseM  :: EVSE ISO V2G PaymentServiceSelectionRes
2025-12-16T18:11:06.665838+0100 chargesom manager[852313]: [INFO] connector:EvseM  ::                                     CAR ISO V2G AuthorizationReq
2025-12-16T18:11:06.718243+0100 chargesom manager[852313]: [INFO] connector:EvseM  :: EVSE ISO V2G AuthorizationRes
2025-12-16T18:11:06.840972+0100 chargesom manager[852313]: [INFO] connector:EvseM  ::                                     CAR ISO V2G AuthorizationReq
2025-12-16T18:11:06.939356+0100 chargesom manager[852313]: [INFO] connector:EvseM  :: EVSE ISO V2G AuthorizationRes
2025-12-16T18:11:06.979773+0100 chargesom manager[852342]: [INFO] iso15118_charge  :: Parameter-phase started
2025-12-16T18:11:06.980180+0100 chargesom manager[852342]: [INFO] iso15118_charge  :: Selected energy transfer mode: DC_extended
2025-12-16T18:11:07.025854+0100 chargesom manager[852313]: [INFO] connector:EvseM  :: Received EV maximum limits: {
2025-12-16T18:11:07.025854+0100 chargesom manager[852313]:     "dc_ev_maximum_current_limit": 350.0,
2025-12-16T18:11:07.025854+0100 chargesom manager[852313]:     "dc_ev_maximum_voltage_limit": 464.0
2025-12-16T18:11:07.025854+0100 chargesom manager[852313]: }
2025-12-16T18:11:07.074096+0100 chargesom manager[852313]: [INFO] connector:EvseM  ::                                     CAR ISO V2G ChargeParameterDiscoveryReq
2025-12-16T18:11:07.161724+0100 chargesom manager[852313]: [INFO] connector:EvseM  :: EVSE ISO V2G ChargeParameterDiscoveryRes
2025-12-16T18:11:08.476873+0100 chargesom manager[852312]: [INFO] bsp:CbChargeSOM  :: CP state change from B to C, PWM: 5.0%
2025-12-16T18:11:08.485725+0100 chargesom manager[852313]: [INFO] connector:EvseM  ::                                     CAR IEC Event CarRequestedPower
2025-12-16T18:11:08.486693+0100 chargesom manager[852313]: [INFO] connector:EvseM  ::                                     CAR ISO V2G CableCheckReq
2025-12-16T18:11:08.487192+0100 chargesom manager[852313]: [INFO] connector:EvseM  :: EVSE ISO Start cable check...
2025-12-16T18:11:08.487776+0100 chargesom manager[852313]: [INFO] connector:EvseM  ::                                     CAR ISO DC HLC Close contactor (in CableCheck)
2025-12-16T18:11:08.546888+0100 chargesom manager[852312]: [INFO] bsp:CbChargeSOM  :: handle_allow_power_on: request to CLOSE the contactor
2025-12-16T18:11:08.586494+0100 chargesom manager[852312]: [INFO] bsp:CbChargeSOM  :: Contactor 1 state change detected: now Closed
2025-12-16T18:11:08.586924+0100 chargesom manager[852312]: [INFO] bsp:CbChargeSOM  :: Contactor 2 state change detected: now Closed
2025-12-16T18:11:08.589530+0100 chargesom manager[852313]: [INFO] connector:EvseM  :: EVSE ISO V2G CableCheckRes
2025-12-16T18:11:08.590316+0100 chargesom manager[852313]: [INFO] connector:EvseM  :: EVSE IEC Event PowerOn
2025-12-16T18:11:08.688235+0100 chargesom manager[852313]: [INFO] connector:EvseM  :: EV reports 464 V as maximum voltage
2025-12-16T18:11:08.688733+0100 chargesom manager[852313]: [INFO] connector:EvseM  :: EVSE IEC DC power supply set: 500.00V/2.00A, requested was 500.00V/2.00A.
2025-12-16T18:11:08.690637+0100 chargesom manager[852344]: [INFO] powersupply_dc:  :: Infy: Updating voltage/current via CAN: 500V / 2A total → 2A per module - active modules: 1
2025-12-16T18:11:08.690637+0100 chargesom manager[852344]: [INFO] powersupply_dc:  :: Infy: set_voltage_current(500V, 2A) - active modules: 1
2025-12-16T18:11:08.733859+0100 chargesom manager[852313]: [INFO] connector:EvseM  ::                                     CAR ISO V2G CableCheckReq
2025-12-16T18:11:08.734480+0100 chargesom manager[852313]: [INFO] connector:EvseM  :: CableCheck: Using 500 V
2025-12-16T18:11:08.734480+0100 chargesom manager[852313]: [INFO] connector:EvseM  :: EVSE IEC DC power supply: switch ON called, ChargingPhase: CableCheck
2025-12-16T18:11:08.737203+0100 chargesom manager[852344]: [INFO] powersupply_dc:  :: Set mode via CAN: Export with phase CableCheck
2025-12-16T18:11:08.737203+0100 chargesom manager[852344]: [INFO] powersupply_dc:  :: Infy: switch_on_off(true) - active modules: 1
2025-12-16T18:11:08.825239+0100 chargesom manager[852313]: [INFO] connector:EvseM  :: EVSE ISO V2G CableCheckRes
2025-12-16T18:11:08.920675+0100 chargesom manager[852313]: [INFO] connector:EvseM  ::                                     CAR ISO V2G CableCheckReq
2025-12-16T18:11:09.018418+0100 chargesom manager[852313]: [INFO] connector:EvseM  :: EVSE ISO V2G CableCheckRes
2025-12-16T18:11:09.141015+0100 chargesom manager[852313]: [INFO] connector:EvseM  ::                                     CAR ISO V2G CableCheckReq
2025-12-16T18:11:09.238041+0100 chargesom manager[852313]: [INFO] connector:EvseM  :: EVSE ISO V2G CableCheckRes
2025-12-16T18:11:09.397753+0100 chargesom manager[852313]: [INFO] connector:EvseM  ::                                     CAR ISO V2G CableCheckReq
2025-12-16T18:11:09.485499+0100 chargesom manager[852313]: [INFO] connector:EvseM  :: EVSE ISO V2G CableCheckRes
2025-12-16T18:11:09.580732+0100 chargesom manager[852313]: [INFO] connector:EvseM  ::                                     CAR ISO V2G CableCheckReq
2025-12-16T18:11:09.677958+0100 chargesom manager[852313]: [INFO] connector:EvseM  :: EVSE ISO V2G CableCheckRes
2025-12-16T18:11:09.800771+0100 chargesom manager[852313]: [INFO] connector:EvseM  ::                                     CAR ISO V2G CableCheckReq
2025-12-16T18:11:09.898087+0100 chargesom manager[852313]: [INFO] connector:EvseM  :: EVSE ISO V2G CableCheckRes
2025-12-16T18:11:10.020742+0100 chargesom manager[852313]: [INFO] connector:EvseM  ::                                     CAR ISO V2G CableCheckReq
2025-12-16T18:11:10.118990+0100 chargesom manager[852313]: [INFO] connector:EvseM  :: EVSE ISO V2G CableCheckRes
2025-12-16T18:11:10.240626+0100 chargesom manager[852313]: [INFO] connector:EvseM  ::                                     CAR ISO V2G CableCheckReq
2025-12-16T18:11:10.339082+0100 chargesom manager[852313]: [INFO] connector:EvseM  :: EVSE ISO V2G CableCheckRes
2025-12-16T18:11:10.493710+0100 chargesom manager[852313]: [INFO] connector:EvseM  ::                                     CAR ISO V2G CableCheckReq
2025-12-16T18:11:10.581702+0100 chargesom manager[852313]: [INFO] connector:EvseM  :: EVSE ISO V2G CableCheckRes
2025-12-16T18:11:10.680490+0100 chargesom manager[852313]: [INFO] connector:EvseM  ::                                     CAR ISO V2G CableCheckReq
2025-12-16T18:11:10.778961+0100 chargesom manager[852313]: [INFO] connector:EvseM  :: EVSE ISO V2G CableCheckRes
2025-12-16T18:11:10.900575+0100 chargesom manager[852313]: [INFO] connector:EvseM  ::                                     CAR ISO V2G CableCheckReq
2025-12-16T18:11:10.999151+0100 chargesom manager[852313]: [INFO] connector:EvseM  :: EVSE ISO V2G CableCheckRes
2025-12-16T18:11:11.120924+0100 chargesom manager[852313]: [INFO] connector:EvseM  ::                                     CAR ISO V2G CableCheckReq
2025-12-16T18:11:11.218037+0100 chargesom manager[852313]: [INFO] connector:EvseM  :: EVSE ISO V2G CableCheckRes
2025-12-16T18:11:11.342342+0100 chargesom manager[852313]: [INFO] connector:EvseM  ::                                     CAR ISO V2G CableCheckReq
2025-12-16T18:11:11.437977+0100 chargesom manager[852313]: [INFO] connector:EvseM  :: EVSE ISO V2G CableCheckRes
2025-12-16T18:11:11.589489+0100 chargesom manager[852313]: [INFO] connector:EvseM  ::                                     CAR ISO V2G CableCheckReq
2025-12-16T18:11:11.689484+0100 chargesom manager[852313]: [INFO] connector:EvseM  :: EVSE ISO V2G CableCheckRes
2025-12-16T18:11:11.780401+0100 chargesom manager[852313]: [INFO] connector:EvseM  ::                                     CAR ISO V2G CableCheckReq
2025-12-16T18:11:11.878842+0100 chargesom manager[852313]: [INFO] connector:EvseM  :: EVSE ISO V2G CableCheckRes
2025-12-16T18:11:12.000813+0100 chargesom manager[852313]: [INFO] connector:EvseM  ::                                     CAR ISO V2G CableCheckReq
2025-12-16T18:11:12.098051+0100 chargesom manager[852313]: [INFO] connector:EvseM  :: EVSE ISO V2G CableCheckRes
2025-12-16T18:11:12.220581+0100 chargesom manager[852313]: [INFO] connector:EvseM  ::                                     CAR ISO V2G CableCheckReq
2025-12-16T18:11:12.319383+0100 chargesom manager[852313]: [INFO] connector:EvseM  :: EVSE ISO V2G CableCheckRes
2025-12-16T18:11:12.440526+0100 chargesom manager[852313]: [INFO] connector:EvseM  ::                                     CAR ISO V2G CableCheckReq
2025-12-16T18:11:12.557351+0100 chargesom manager[852313]: [INFO] connector:EvseM  :: EVSE ISO V2G CableCheckRes
2025-12-16T18:11:12.560751+0100 chargesom manager[852313]: [INFO] connector:EvseM  :: CableCheck: IMD self test started.
2025-12-16T18:11:12.697483+0100 chargesom manager[852313]: [INFO] connector:EvseM  ::                                     CAR ISO V2G CableCheckReq
2025-12-16T18:11:12.705618+0100 chargesom manager[852313]: [INFO] connector:EvseM  :: EVSE ISO Change HLC Limits: 4500W/102A, target_voltage 0, actual_voltage 500.4, hack_bpt false
2025-12-16T18:11:12.793618+0100 chargesom manager[852313]: [INFO] connector:EvseM  :: EVSE ISO V2G CableCheckRes
2025-12-16T18:11:12.880418+0100 chargesom manager[852313]: [INFO] connector:EvseM  ::                                     CAR ISO V2G CableCheckReq
2025-12-16T18:11:12.978991+0100 chargesom manager[852313]: [INFO] connector:EvseM  :: EVSE ISO V2G CableCheckRes
2025-12-16T18:11:13.100430+0100 chargesom manager[852313]: [INFO] connector:EvseM  ::                                     CAR ISO V2G CableCheckReq
2025-12-16T18:11:13.198856+0100 chargesom manager[852313]: [INFO] connector:EvseM  :: EVSE ISO V2G CableCheckRes
2025-12-16T18:11:13.320943+0100 chargesom manager[852313]: [INFO] connector:EvseM  ::                                     CAR ISO V2G CableCheckReq
2025-12-16T18:11:13.418030+0100 chargesom manager[852313]: [INFO] connector:EvseM  :: EVSE ISO V2G CableCheckRes
2025-12-16T18:11:13.540357+0100 chargesom manager[852313]: [INFO] connector:EvseM  ::                                     CAR ISO V2G CableCheckReq
2025-12-16T18:11:13.638998+0100 chargesom manager[852313]: [INFO] connector:EvseM  :: EVSE ISO V2G CableCheckRes
2025-12-16T18:11:13.760302+0100 chargesom manager[852313]: [INFO] connector:EvseM  ::                                     CAR ISO V2G CableCheckReq
2025-12-16T18:11:13.897757+0100 chargesom manager[852313]: [INFO] connector:EvseM  :: EVSE ISO V2G CableCheckRes
2025-12-16T18:11:13.985639+0100 chargesom manager[852313]: [INFO] connector:EvseM  ::                                     CAR ISO V2G CableCheckReq
2025-12-16T18:11:14.078825+0100 chargesom manager[852313]: [INFO] connector:EvseM  :: EVSE ISO V2G CableCheckRes
2025-12-16T18:11:14.200469+0100 chargesom manager[852313]: [INFO] connector:EvseM  ::                                     CAR ISO V2G CableCheckReq
2025-12-16T18:11:14.298127+0100 chargesom manager[852313]: [INFO] connector:EvseM  :: EVSE ISO V2G CableCheckRes
2025-12-16T18:11:14.420685+0100 chargesom manager[852313]: [INFO] connector:EvseM  ::                                     CAR ISO V2G CableCheckReq
2025-12-16T18:11:14.519172+0100 chargesom manager[852313]: [INFO] connector:EvseM  :: EVSE ISO V2G CableCheckRes
2025-12-16T18:11:14.640358+0100 chargesom manager[852313]: [INFO] connector:EvseM  ::                                     CAR ISO V2G CableCheckReq
2025-12-16T18:11:14.738851+0100 chargesom manager[852313]: [INFO] connector:EvseM  :: EVSE ISO V2G CableCheckRes
2025-12-16T18:11:14.860582+0100 chargesom manager[852313]: [INFO] connector:EvseM  ::                                     CAR ISO V2G CableCheckReq
2025-12-16T18:11:14.958867+0100 chargesom manager[852313]: [INFO] connector:EvseM  :: EVSE ISO V2G CableCheckRes
2025-12-16T18:11:15.082416+0100 chargesom manager[852313]: [INFO] connector:EvseM  ::                                     CAR ISO V2G CableCheckReq
2025-12-16T18:11:15.178879+0100 chargesom manager[852313]: [INFO] connector:EvseM  :: EVSE ISO V2G CableCheckRes
2025-12-16T18:11:15.300362+0100 chargesom manager[852313]: [INFO] connector:EvseM  ::                                     CAR ISO V2G CableCheckReq
2025-12-16T18:11:15.398828+0100 chargesom manager[852313]: [INFO] connector:EvseM  :: EVSE ISO V2G CableCheckRes
2025-12-16T18:11:15.554080+0100 chargesom manager[852313]: [INFO] connector:EvseM  ::                                     CAR ISO V2G CableCheckReq
2025-12-16T18:11:15.597252+0100 chargesom manager[852313]: [INFO] connector:EvseM  :: EVSE IEC Isolation monitor self test result: true
2025-12-16T18:11:15.601139+0100 chargesom manager[852336]: [INFO] imd:IMDSimulato  :: Started simulated isolation monitoring with 1000 ms interval
2025-12-16T18:11:15.641702+0100 chargesom manager[852313]: [INFO] connector:EvseM  :: EVSE ISO V2G CableCheckRes
2025-12-16T18:11:15.642624+0100 chargesom manager[852313]: [INFO] connector:EvseM  :: CableCheck: Waiting for 1 isolation measurement sample(s)
2025-12-16T18:11:15.740281+0100 chargesom manager[852313]: [INFO] connector:EvseM  ::                                     CAR ISO V2G CableCheckReq
2025-12-16T18:11:15.838884+0100 chargesom manager[852313]: [INFO] connector:EvseM  :: EVSE ISO V2G CableCheckRes
2025-12-16T18:11:15.960493+0100 chargesom manager[852313]: [INFO] connector:EvseM  ::                                     CAR ISO V2G CableCheckReq
2025-12-16T18:11:16.058733+0100 chargesom manager[852313]: [INFO] connector:EvseM  :: EVSE ISO V2G CableCheckRes
2025-12-16T18:11:16.225339+0100 chargesom manager[852313]: [INFO] connector:EvseM  ::                                     CAR ISO V2G CableCheckReq
2025-12-16T18:11:16.228497+0100 chargesom manager[852313]: [INFO] connector:EvseM  :: EVSE ISO Change HLC Limits: 4500W/102A, target_voltage 0, actual_voltage 501.6, hack_bpt false
2025-12-16T18:11:16.318805+0100 chargesom manager[852313]: [INFO] connector:EvseM  :: EVSE ISO V2G CableCheckRes
2025-12-16T18:11:16.400289+0100 chargesom manager[852313]: [INFO] connector:EvseM  ::                                     CAR ISO V2G CableCheckReq
2025-12-16T18:11:16.499085+0100 chargesom manager[852313]: [INFO] connector:EvseM  :: EVSE ISO V2G CableCheckRes
2025-12-16T18:11:16.619843+0100 chargesom manager[852313]: [INFO] connector:EvseM  :: EVSE IEC Isolation measurement Ok R_F 900000.
2025-12-16T18:11:16.621447+0100 chargesom manager[852313]: [INFO] connector:EvseM  ::                                     CAR ISO V2G CableCheckReq
2025-12-16T18:11:16.665893+0100 chargesom manager[852313]: [INFO] connector:EvseM  :: EVSE IEC DC power supply OFF
2025-12-16T18:11:16.709643+0100 chargesom manager[852344]: [INFO] powersupply_dc:  :: Set mode via CAN: Off with phase CableCheck
2025-12-16T18:11:16.709643+0100 chargesom manager[852344]: [INFO] powersupply_dc:  :: Infy: switch_on_off(false) - active modules: 1
2025-12-16T18:11:16.754231+0100 chargesom manager[852313]: [INFO] connector:EvseM  :: EVSE ISO V2G CableCheckRes
2025-12-16T18:11:16.840498+0100 chargesom manager[852313]: [INFO] connector:EvseM  ::                                     CAR ISO V2G CableCheckReq
2025-12-16T18:11:16.938646+0100 chargesom manager[852313]: [INFO] connector:EvseM  :: EVSE ISO V2G CableCheckRes
2025-12-16T18:11:17.060453+0100 chargesom manager[852313]: [INFO] connector:EvseM  ::                                     CAR ISO V2G CableCheckReq
2025-12-16T18:11:17.158612+0100 chargesom manager[852313]: [INFO] connector:EvseM  :: EVSE ISO V2G CableCheckRes
2025-12-16T18:11:17.280170+0100 chargesom manager[852313]: [INFO] connector:EvseM  ::                                     CAR ISO V2G CableCheckReq
2025-12-16T18:11:17.417880+0100 chargesom manager[852313]: [INFO] connector:EvseM  :: EVSE ISO V2G CableCheckRes
2025-12-16T18:11:17.514363+0100 chargesom manager[852313]: [INFO] connector:EvseM  ::                                     CAR ISO V2G CableCheckReq
2025-12-16T18:11:17.515592+0100 chargesom manager[852313]: [INFO] connector:EvseM  :: CableCheck done, output is below 60V
2025-12-16T18:11:17.609274+0100 chargesom manager[852313]: [INFO] connector:EvseM  :: EVSE ISO V2G CableCheckRes
2025-12-16T18:11:17.720277+0100 chargesom manager[852313]: [INFO] connector:EvseM  ::                                     CAR ISO V2G CableCheckReq
2025-12-16T18:11:17.818656+0100 chargesom manager[852313]: [INFO] connector:EvseM  :: EVSE ISO V2G CableCheckRes
2025-12-16T18:11:18.009465+0100 chargesom manager[852342]: [INFO] iso15118_charge  :: Precharge-phase started
2025-12-16T18:11:18.011999+0100 chargesom manager[852313]: [INFO] connector:EvseM  :: EVSE IEC DC power supply set: 447.00V/1.00A, requested was 447.00V/1.00A.
2025-12-16T18:11:18.014100+0100 chargesom manager[852344]: [INFO] powersupply_dc:  :: Infy: Updating voltage/current via CAN: 447V / 1A total → 1A per module - active modules: 1
2025-12-16T18:11:18.014100+0100 chargesom manager[852344]: [INFO] powersupply_dc:  :: Infy: set_voltage_current(447V, 1A) - active modules: 1
2025-12-16T18:11:18.062169+0100 chargesom manager[852313]: [INFO] connector:EvseM  :: EVSE IEC DC power supply: switch ON called, ChargingPhase: PreCharge
2025-12-16T18:11:18.105526+0100 chargesom manager[852344]: [INFO] powersupply_dc:  :: Set mode via CAN: Export with phase PreCharge
2025-12-16T18:11:18.106157+0100 chargesom manager[852344]: [INFO] powersupply_dc:  :: Infy: switch_on_off(true) - active modules: 1
2025-12-16T18:11:18.151420+0100 chargesom manager[852313]: [INFO] connector:EvseM  ::                                     CAR ISO V2G PreChargeReq
2025-12-16T18:11:18.151420+0100 chargesom manager[852313]: [INFO] connector:EvseM  :: EVSE ISO V2G PreChargeRes
2025-12-16T18:11:18.230097+0100 chargesom manager[852313]: [INFO] connector:EvseM  ::                                     CAR ISO V2G PreChargeReq
2025-12-16T18:11:18.328870+0100 chargesom manager[852313]: [INFO] connector:EvseM  :: EVSE ISO V2G PreChargeRes
2025-12-16T18:11:18.450501+0100 chargesom manager[852313]: [INFO] connector:EvseM  ::                                     CAR ISO V2G PreChargeReq
2025-12-16T18:11:18.565405+0100 chargesom manager[852313]: [INFO] connector:EvseM  :: EVSE ISO V2G PreChargeRes
2025-12-16T18:11:18.591986+0100 chargesom manager[852313]: [INFO] connector:EvseM  :: EVSE ISO Change HLC Limits: 4500W/10.067114A, target_voltage 447, actual_voltage 0.1, hack_bpt false
2025-12-16T18:11:18.638086+0100 chargesom manager[852313]: [INFO] connector:EvseM  :: EVSE IEC DC power supply set: 447.00V/1.00A, requested was 447.00V/1.00A.
2025-12-16T18:11:18.681937+0100 chargesom manager[852313]: [INFO] connector:EvseM  :: EVSE IEC DC power supply set: 446.00V/1.00A, requested was 446.00V/1.00A.
2025-12-16T18:11:18.682878+0100 chargesom manager[852344]: [INFO] powersupply_dc:  :: Infy: Updating voltage/current via CAN: 447V / 1A total → 1A per module - active modules: 1
2025-12-16T18:11:18.682878+0100 chargesom manager[852344]: [INFO] powersupply_dc:  :: Infy: set_voltage_current(447V, 1A) - active modules: 1
2025-12-16T18:11:18.685390+0100 chargesom manager[852344]: [INFO] powersupply_dc:  :: Infy: Updating voltage/current via CAN: 446V / 1A total → 1A per module - active modules: 1
2025-12-16T18:11:18.685829+0100 chargesom manager[852344]: [INFO] powersupply_dc:  :: Infy: set_voltage_current(446V, 1A) - active modules: 1
2025-12-16T18:11:18.689596+0100 chargesom manager[852313]: [INFO] connector:EvseM  ::                                     CAR ISO V2G PreChargeReq
2025-12-16T18:11:18.768613+0100 chargesom manager[852313]: [INFO] connector:EvseM  :: EVSE ISO V2G PreChargeRes
2025-12-16T18:11:18.891128+0100 chargesom manager[852313]: [INFO] connector:EvseM  :: EVSE IEC DC power supply set: 447.00V/1.00A, requested was 447.00V/1.00A.
2025-12-16T18:11:18.894075+0100 chargesom manager[852344]: [INFO] powersupply_dc:  :: Infy: Updating voltage/current via CAN: 447V / 1A total → 1A per module - active modules: 1
2025-12-16T18:11:18.894075+0100 chargesom manager[852344]: [INFO] powersupply_dc:  :: Infy: set_voltage_current(447V, 1A) - active modules: 1
2025-12-16T18:11:18.938366+0100 chargesom manager[852313]: [INFO] connector:EvseM  ::                                     CAR ISO V2G PreChargeReq
2025-12-16T18:11:18.988818+0100 chargesom manager[852313]: [INFO] connector:EvseM  :: EVSE ISO V2G PreChargeRes
2025-12-16T18:11:19.110042+0100 chargesom manager[852313]: [INFO] connector:EvseM  ::                                     CAR ISO V2G PreChargeReq
2025-12-16T18:11:19.208626+0100 chargesom manager[852313]: [INFO] connector:EvseM  :: EVSE ISO V2G PreChargeRes
2025-12-16T18:11:19.330325+0100 chargesom manager[852313]: [INFO] connector:EvseM  ::                                     CAR ISO V2G PreChargeReq
2025-12-16T18:11:19.428884+0100 chargesom manager[852313]: [INFO] connector:EvseM  :: EVSE ISO V2G PreChargeRes
2025-12-16T18:11:19.550751+0100 chargesom manager[852313]: [INFO] connector:EvseM  ::                                     CAR ISO V2G PreChargeReq
2025-12-16T18:11:19.648712+0100 chargesom manager[852313]: [INFO] connector:EvseM  :: EVSE ISO V2G PreChargeRes
2025-12-16T18:11:19.786046+0100 chargesom manager[852313]: [INFO] connector:EvseM  ::                                     CAR ISO V2G PreChargeReq
2025-12-16T18:11:19.873451+0100 chargesom manager[852313]: [INFO] connector:EvseM  :: EVSE ISO V2G PreChargeRes
2025-12-16T18:11:19.990125+0100 chargesom manager[852313]: [INFO] connector:EvseM  ::                                     CAR ISO V2G PreChargeReq
2025-12-16T18:11:20.088657+0100 chargesom manager[852313]: [INFO] connector:EvseM  :: EVSE ISO V2G PreChargeRes
2025-12-16T18:11:20.210005+0100 chargesom manager[852313]: [INFO] connector:EvseM  ::                                     CAR ISO V2G PreChargeReq
2025-12-16T18:11:20.308498+0100 chargesom manager[852313]: [INFO] connector:EvseM  :: EVSE ISO V2G PreChargeRes
2025-12-16T18:11:20.429964+0100 chargesom manager[852313]: [INFO] connector:EvseM  ::                                     CAR ISO V2G PreChargeReq
2025-12-16T18:11:20.554163+0100 chargesom manager[852313]: [INFO] connector:EvseM  :: EVSE ISO V2G PreChargeRes
2025-12-16T18:11:20.649995+0100 chargesom manager[852313]: [INFO] connector:EvseM  ::                                     CAR ISO V2G PreChargeReq
2025-12-16T18:11:20.748395+0100 chargesom manager[852313]: [INFO] connector:EvseM  :: EVSE ISO V2G PreChargeRes
2025-12-16T18:11:20.886260+0100 chargesom manager[852313]: [INFO] connector:EvseM  ::                                     CAR ISO V2G PreChargeReq
2025-12-16T18:11:20.886260+0100 chargesom manager[852313]: [INFO] connector:EvseM  :: EVSE ISO Change HLC Limits: 4500W/10.067114A, target_voltage 447, actual_voltage 2, hack_bpt false
2025-12-16T18:11:20.977707+0100 chargesom manager[852313]: [INFO] connector:EvseM  :: EVSE ISO V2G PreChargeRes
2025-12-16T18:11:20.978775+0100 chargesom manager[852313]: [INFO] connector:EvseM  :: EVSE IEC DC power supply set: 447.00V/1.00A, requested was 447.00V/1.00A.
2025-12-16T18:11:21.021734+0100 chargesom manager[852344]: [INFO] powersupply_dc:  :: Infy: Updating voltage/current via CAN: 447V / 1A total → 1A per module - active modules: 1
2025-12-16T18:11:21.022963+0100 chargesom manager[852344]: [INFO] powersupply_dc:  :: Infy: set_voltage_current(447V, 1A) - active modules: 1
2025-12-16T18:11:21.109674+0100 chargesom manager[852313]: [INFO] connector:EvseM  ::                                     CAR ISO V2G PreChargeReq
2025-12-16T18:11:21.188513+0100 chargesom manager[852313]: [INFO] connector:EvseM  :: EVSE ISO V2G PreChargeRes
2025-12-16T18:11:21.315809+0100 chargesom manager[852313]: [INFO] connector:EvseM  ::                                     CAR ISO V2G PreChargeReq
2025-12-16T18:11:21.412896+0100 chargesom manager[852313]: [INFO] connector:EvseM  :: EVSE ISO V2G PreChargeRes
2025-12-16T18:11:21.531393+0100 chargesom manager[852313]: [INFO] connector:EvseM  ::                                     CAR ISO V2G PreChargeReq
2025-12-16T18:11:21.628728+0100 chargesom manager[852313]: [INFO] connector:EvseM  :: EVSE ISO V2G PreChargeRes
2025-12-16T18:11:21.750133+0100 chargesom manager[852313]: [INFO] connector:EvseM  ::                                     CAR ISO V2G PreChargeReq
2025-12-16T18:11:21.848772+0100 chargesom manager[852313]: [INFO] connector:EvseM  :: EVSE ISO V2G PreChargeRes
2025-12-16T18:11:22.006141+0100 chargesom manager[852313]: [INFO] connector:EvseM  ::                                     CAR ISO V2G PowerDeliveryReq
2025-12-16T18:11:22.058599+0100 chargesom manager[852313]: [INFO] connector:EvseM  :: EVSE ISO V2G PowerDeliveryRes
2025-12-16T18:11:22.101231+0100 chargesom manager[852313]: [INFO] connector:EvseM  :: EVSE IEC DC power supply: switch ON in export mode
2025-12-16T18:11:22.104504+0100 chargesom manager[852344]: [INFO] powersupply_dc:  :: Set mode via CAN: Export with phase Charging
2025-12-16T18:11:22.104504+0100 chargesom manager[852344]: [INFO] powersupply_dc:  :: Infy: switch_on_off(true) - active modules: 1
2025-12-16T18:11:22.107563+0100 chargesom manager[852313]: [INFO] connector:EvseM  :: EVSE IEC DC power supply set: 447.00V/1.00A, requested was 447.00V/1.00A.
2025-12-16T18:11:22.149760+0100 chargesom manager[852344]: [INFO] powersupply_dc:  :: Infy: Updating voltage/current via CAN: 447V / 1A total → 1A per module - active modules: 1
2025-12-16T18:11:22.150151+0100 chargesom manager[852344]: [INFO] powersupply_dc:  :: Infy: set_voltage_current(447V, 1A) - active modules: 1
2025-12-16T18:11:22.195251+0100 chargesom manager[852313]: [INFO] connector:EvseM  :: EVSE IEC DC power supply set: 459.00V/1.00A, requested was 459.00V/0.00A.
2025-12-16T18:11:22.274673+0100 chargesom manager[852313]: [INFO] connector:EvseM  :: EVSE IEC Charger state: PrepareCharging->Charging
2025-12-16T18:11:22.275550+0100 chargesom manager[852313]: [INFO] connector:EvseM  :: Timing statistics (Plugin to CurrentDemand)
2025-12-16T18:11:22.275550+0100 chargesom manager[852313]: [INFO] connector:EvseM  :: -------------------------------------------
2025-12-16T18:11:22.275550+0100 chargesom manager[852313]: [INFO] connector:EvseM  :: ConnSetup | HLC_PWM_5%_ON: 791 ms | D-LINK_READY: 7480 ms | Auth EIM Done: 4455 ms | Total: 14549 ms
2025-12-16T18:11:22.275550+0100 chargesom manager[852313]: [INFO] connector:EvseM  :: CableCheck | <60V: 0 ms | Relay On: 200 ms | EVInfo: 0 ms | VRampUp: 3825 ms | Self test: 3084 ms | Measure: 1021 ms | VRampDown: 896 ms | Total: 9076 ms
2025-12-16T18:11:22.278132+0100 chargesom manager[852313]: [INFO] connector:EvseM  :: PrepareCharging | Charging started: 4711 ms | Total: 4711 ms
2025-12-16T18:11:22.278132+0100 chargesom manager[852313]: [INFO] connector:EvseM  :: Total duration all phases: 28337 ms
2025-12-16T18:11:22.278826+0100 chargesom manager[852344]: [INFO] powersupply_dc:  :: Infy: Updating voltage/current via CAN: 459V / 1A total → 1A per module - active modules: 1
2025-12-16T18:11:22.278826+0100 chargesom manager[852344]: [INFO] powersupply_dc:  :: Infy: set_voltage_current(459V, 1A) - active modules: 1
2025-12-16T18:11:22.324456+0100 chargesom manager[852313]: [INFO] connector:EvseM  ::                                     CAR ISO V2G CurrentDemandReq
2025-12-16T18:11:22.325919+0100 chargesom manager[852313]: [INFO] connector:EvseM  :: EVSE ISO V2G CurrentDemandRes
2025-12-16T18:11:22.325919+0100 chargesom manager[852313]: [INFO] connector:EvseM  :: EVSE IEC DC power supply set: 459.00V/10.00A, requested was 459.00V/10.00A.
2025-12-16T18:11:22.370289+0100 chargesom manager[852344]: [INFO] powersupply_dc:  :: Infy: Updating voltage/current via CAN: 459V / 10A total → 10A per module - active modules: 1
2025-12-16T18:11:22.370289+0100 chargesom manager[852344]: [INFO] powersupply_dc:  :: Infy: set_voltage_current(459V, 10A) - active modules: 1
2025-12-16T18:11:22.414652+0100 chargesom manager[852313]: [INFO] connector:EvseM  ::                                     CAR ISO V2G CurrentDemandReq
2025-12-16T18:11:22.455199+0100 chargesom manager[852313]: [INFO] connector:EvseM  :: EVSE ISO V2G CurrentDemandRes
2025-12-16T18:11:22.557524+0100 chargesom manager[852313]: [INFO] connector:EvseM  ::                                     CAR ISO V2G CurrentDemandReq
2025-12-16T18:11:22.625482+0100 chargesom manager[852313]: [INFO] connector:EvseM  :: EVSE IEC Isolation measurement Ok R_F 900000.
2025-12-16T18:11:22.669845+0100 chargesom manager[852313]: [INFO] connector:EvseM  :: EVSE ISO V2G CurrentDemandRes
2025-12-16T18:11:22.759970+0100 chargesom manager[852313]: [INFO] connector:EvseM  ::                                     CAR ISO V2G CurrentDemandReq
2025-12-16T18:11:22.858447+0100 chargesom manager[852313]: [INFO] connector:EvseM  :: EVSE ISO V2G CurrentDemandRes
2025-12-16T18:11:22.980112+0100 chargesom manager[852313]: [INFO] connector:EvseM  ::                                     CAR ISO V2G CurrentDemandReq
2025-12-16T18:11:23.078565+0100 chargesom manager[852313]: [INFO] connector:EvseM  :: EVSE ISO V2G CurrentDemandRes
2025-12-16T18:11:23.200066+0100 chargesom manager[852313]: [INFO] connector:EvseM  ::                                     CAR ISO V2G CurrentDemandReq
2025-12-16T18:11:23.298476+0100 chargesom manager[852313]: [INFO] connector:EvseM  :: EVSE ISO V2G CurrentDemandRes
2025-12-16T18:11:23.458016+0100 chargesom manager[852313]: [INFO] connector:EvseM  :: EVSE ISO Change HLC Limits: 4500W/10.031208A, target_voltage 459, actual_voltage 448.6, hack_bpt false
2025-12-16T18:11:23.459214+0100 chargesom manager[852313]: [INFO] connector:EvseM  ::                                     CAR ISO V2G CurrentDemandReq
2025-12-16T18:11:23.507330+0100 chargesom manager[852313]: [INFO] connector:EvseM  :: EVSE IEC DC power supply set: 459.00V/10.00A, requested was 459.00V/10.00A.
2025-12-16T18:11:23.550188+0100 chargesom manager[852313]: [INFO] connector:EvseM  :: EVSE ISO V2G CurrentDemandRes
2025-12-16T18:11:23.551483+0100 chargesom manager[852344]: [INFO] powersupply_dc:  :: Infy: Updating voltage/current via CAN: 459V / 10A total → 10A per module - active modules: 1
2025-12-16T18:11:23.551483+0100 chargesom manager[852344]: [INFO] powersupply_dc:  :: Infy: set_voltage_current(459V, 10A) - active modules: 1
2025-12-16T18:11:23.620892+0100 chargesom manager[852313]: [INFO] connector:EvseM  :: EVSE IEC Isolation measurement Ok R_F 900000.
2025-12-16T18:11:23.665668+0100 chargesom manager[852313]: [INFO] connector:EvseM  ::                                     CAR ISO V2G CurrentDemandReq
2025-12-16T18:11:23.738606+0100 chargesom manager[852313]: [INFO] connector:EvseM  :: EVSE ISO V2G CurrentDemandRes
2025-12-16T18:11:23.861115+0100 chargesom manager[852313]: [INFO] connector:EvseM  ::                                     CAR ISO V2G CurrentDemandReq
2025-12-16T18:11:23.958501+0100 chargesom manager[852313]: [INFO] connector:EvseM  :: EVSE ISO V2G CurrentDemandRes
2025-12-16T18:11:24.079868+0100 chargesom manager[852313]: [INFO] connector:EvseM  ::                                     CAR ISO V2G CurrentDemandReq
2025-12-16T18:11:24.177348+0100 chargesom manager[852313]: [INFO] connector:EvseM  :: EVSE ISO V2G CurrentDemandRes
2025-12-16T18:11:24.300092+0100 chargesom manager[852313]: [INFO] connector:EvseM  ::                                     CAR ISO V2G CurrentDemandReq
2025-12-16T18:11:24.398335+0100 chargesom manager[852313]: [INFO] connector:EvseM  :: EVSE ISO V2G CurrentDemandRes
2025-12-16T18:11:24.520018+0100 chargesom manager[852313]: [INFO] connector:EvseM  ::                                     CAR ISO V2G CurrentDemandReq
2025-12-16T18:11:24.649252+0100 chargesom manager[852313]: [INFO] connector:EvseM  :: EVSE ISO V2G CurrentDemandRes
2025-12-16T18:11:24.649878+0100 chargesom manager[852313]: [INFO] connector:EvseM  :: EVSE IEC Isolation measurement Ok R_F 900000.
2025-12-16T18:11:24.781864+0100 chargesom manager[852313]: [INFO] connector:EvseM  ::                                     CAR ISO V2G CurrentDemandReq
2025-12-16T18:11:24.838884+0100 chargesom manager[852313]: [INFO] connector:EvseM  :: EVSE ISO V2G CurrentDemandRes
2025-12-16T18:11:24.960222+0100 chargesom manager[852313]: [INFO] connector:EvseM  ::                                     CAR ISO V2G CurrentDemandReq
2025-12-16T18:11:25.057576+0100 chargesom manager[852313]: [INFO] connector:EvseM  :: EVSE ISO V2G CurrentDemandRes
2025-12-16T18:11:25.179654+0100 chargesom manager[852313]: [INFO] connector:EvseM  ::                                     CAR ISO V2G CurrentDemandReq
2025-12-16T18:11:25.277171+0100 chargesom manager[852313]: [INFO] connector:EvseM  :: EVSE ISO V2G CurrentDemandRes
2025-12-16T18:11:25.399877+0100 chargesom manager[852313]: [INFO] connector:EvseM  ::                                     CAR ISO V2G CurrentDemandReq
2025-12-16T18:11:25.497143+0100 chargesom manager[852313]: [INFO] connector:EvseM  :: EVSE ISO V2G CurrentDemandRes
2025-12-16T18:11:25.619793+0100 chargesom manager[852313]: [INFO] connector:EvseM  ::                                     CAR ISO V2G CurrentDemandReq
2025-12-16T18:11:25.621961+0100 chargesom manager[852313]: [INFO] connector:EvseM  :: EVSE IEC Isolation measurement Ok R_F 900000.
2025-12-16T18:11:25.753172+0100 chargesom manager[852313]: [INFO] connector:EvseM  :: EVSE ISO V2G CurrentDemandRes
2025-12-16T18:11:25.877912+0100 chargesom manager[852313]: [INFO] connector:EvseM  ::                                     CAR ISO V2G CurrentDemandReq
2025-12-16T18:11:25.965213+0100 chargesom manager[852313]: [INFO] connector:EvseM  :: EVSE ISO V2G CurrentDemandRes
2025-12-16T18:11:26.060185+0100 chargesom manager[852313]: [INFO] connector:EvseM  ::                                     CAR ISO V2G CurrentDemandReq
2025-12-16T18:11:26.157116+0100 chargesom manager[852313]: [INFO] connector:EvseM  :: EVSE ISO V2G CurrentDemandRes
2025-12-16T18:11:26.279580+0100 chargesom manager[852313]: [INFO] connector:EvseM  ::                                     CAR ISO V2G CurrentDemandReq
2025-12-16T18:11:26.377270+0100 chargesom manager[852313]: [INFO] connector:EvseM  :: EVSE ISO V2G CurrentDemandRes
2025-12-16T18:11:26.501167+0100 chargesom manager[852313]: [INFO] connector:EvseM  ::                                     CAR ISO V2G CurrentDemandReq
2025-12-16T18:11:26.597209+0100 chargesom manager[852313]: [INFO] connector:EvseM  :: EVSE ISO V2G CurrentDemandRes
2025-12-16T18:11:26.621692+0100 chargesom manager[852313]: [INFO] connector:EvseM  :: EVSE IEC Isolation measurement Ok R_F 900000.
2025-12-16T18:11:26.753107+0100 chargesom manager[852313]: [INFO] connector:EvseM  ::                                     CAR ISO V2G CurrentDemandReq
2025-12-16T18:11:26.817169+0100 chargesom manager[852313]: [INFO] connector:EvseM  :: EVSE ISO V2G CurrentDemandRes
2025-12-16T18:11:26.940135+0100 chargesom manager[852313]: [INFO] connector:EvseM  ::                                     CAR ISO V2G CurrentDemandReq
2025-12-16T18:11:27.074167+0100 chargesom manager[852313]: [INFO] connector:EvseM  :: EVSE ISO V2G CurrentDemandRes
2025-12-16T18:11:27.161994+0100 chargesom manager[852313]: [INFO] connector:EvseM  ::                                     CAR ISO V2G CurrentDemandReq
2025-12-16T18:11:27.257128+0100 chargesom manager[852313]: [INFO] connector:EvseM  :: EVSE ISO V2G CurrentDemandRes
2025-12-16T18:11:27.379747+0100 chargesom manager[852313]: [INFO] connector:EvseM  ::                                     CAR ISO V2G CurrentDemandReq
2025-12-16T18:11:27.501161+0100 chargesom manager[852313]: [INFO] connector:EvseM  :: EVSE ISO V2G CurrentDemandRes
2025-12-16T18:11:27.601285+0100 chargesom manager[852313]: [INFO] connector:EvseM  ::                                     CAR ISO V2G CurrentDemandReq
2025-12-16T18:11:27.645657+0100 chargesom manager[852313]: [INFO] connector:EvseM  :: EVSE IEC Isolation measurement Ok R_F 900000.
2025-12-16T18:11:27.733795+0100 chargesom manager[852313]: [INFO] connector:EvseM  :: EVSE ISO V2G CurrentDemandRes
2025-12-16T18:11:27.820144+0100 chargesom manager[852313]: [INFO] connector:EvseM  ::                                     CAR ISO V2G CurrentDemandReq
2025-12-16T18:11:27.917268+0100 chargesom manager[852313]: [INFO] connector:EvseM  :: EVSE ISO V2G CurrentDemandRes
2025-12-16T18:11:28.039441+0100 chargesom manager[852313]: [INFO] connector:EvseM  ::                                     CAR ISO V2G CurrentDemandReq
2025-12-16T18:11:28.137932+0100 chargesom manager[852313]: [INFO] connector:EvseM  :: EVSE ISO V2G CurrentDemandRes
2025-12-16T18:11:28.301668+0100 chargesom manager[852313]: [INFO] connector:EvseM  ::                                     CAR ISO V2G CurrentDemandReq
2025-12-16T18:11:28.358476+0100 chargesom manager[852313]: [INFO] connector:EvseM  :: EVSE ISO V2G CurrentDemandRes
2025-12-16T18:11:28.501113+0100 chargesom manager[852313]: [INFO] connector:EvseM  ::                                     CAR ISO V2G CurrentDemandReq
2025-12-16T18:11:28.577605+0100 chargesom manager[852313]: [INFO] connector:EvseM  :: EVSE ISO V2G CurrentDemandRes
2025-12-16T18:11:28.622220+0100 chargesom manager[852313]: [INFO] connector:EvseM  :: EVSE IEC Isolation measurement Ok R_F 900000.
2025-12-16T18:11:28.709271+0100 chargesom manager[852313]: [INFO] connector:EvseM  ::                                     CAR ISO V2G CurrentDemandReq
2025-12-16T18:11:28.797901+0100 chargesom manager[852313]: [INFO] connector:EvseM  :: EVSE ISO V2G CurrentDemandRes
2025-12-16T18:11:28.920744+0100 chargesom manager[852313]: [INFO] connector:EvseM  ::                                     CAR ISO V2G CurrentDemandReq
2025-12-16T18:11:29.017193+0100 chargesom manager[852313]: [INFO] connector:EvseM  :: EVSE ISO V2G CurrentDemandRes
2025-12-16T18:11:29.139438+0100 chargesom manager[852313]: [INFO] connector:EvseM  ::                                     CAR ISO V2G CurrentDemandReq
2025-12-16T18:11:29.237051+0100 chargesom manager[852313]: [INFO] connector:EvseM  :: EVSE ISO V2G CurrentDemandRes
2025-12-16T18:11:29.398194+0100 chargesom manager[852313]: [INFO] connector:EvseM  ::                                     CAR ISO V2G CurrentDemandReq
2025-12-16T18:11:29.456967+0100 chargesom manager[852313]: [INFO] connector:EvseM  :: EVSE ISO V2G CurrentDemandRes
2025-12-16T18:11:29.579607+0100 chargesom manager[852313]: [INFO] connector:EvseM  ::                                     CAR ISO V2G CurrentDemandReq
2025-12-16T18:11:29.622558+0100 chargesom manager[852313]: [INFO] connector:EvseM  :: EVSE IEC Isolation measurement Ok R_F 900000.
2025-12-16T18:11:29.709521+0100 chargesom manager[852313]: [INFO] connector:EvseM  :: EVSE ISO V2G CurrentDemandRes
2025-12-16T18:11:29.800305+0100 chargesom manager[852313]: [INFO] connector:EvseM  ::                                     CAR ISO V2G CurrentDemandReq
2025-12-16T18:11:29.897773+0100 chargesom manager[852313]: [INFO] connector:EvseM  :: EVSE ISO V2G CurrentDemandRes
2025-12-16T18:11:30.019540+0100 chargesom manager[852313]: [INFO] connector:EvseM  ::                                     CAR ISO V2G CurrentDemandReq
2025-12-16T18:11:30.116974+0100 chargesom manager[852313]: [INFO] connector:EvseM  :: EVSE ISO V2G CurrentDemandRes
2025-12-16T18:11:30.239564+0100 chargesom manager[852313]: [INFO] connector:EvseM  ::                                     CAR ISO V2G CurrentDemandReq
2025-12-16T18:11:30.336958+0100 chargesom manager[852313]: [INFO] connector:EvseM  :: EVSE ISO V2G CurrentDemandRes
2025-12-16T18:11:30.461649+0100 chargesom manager[852313]: [INFO] connector:EvseM  ::                                     CAR ISO V2G CurrentDemandReq
2025-12-16T18:11:30.597655+0100 chargesom manager[852313]: [INFO] connector:EvseM  :: EVSE ISO V2G CurrentDemandRes
2025-12-16T18:11:30.645200+0100 chargesom manager[852313]: [INFO] connector:EvseM  :: EVSE IEC Isolation measurement Ok R_F 900000.
2025-12-16T18:11:30.689298+0100 chargesom manager[852313]: [INFO] connector:EvseM  ::                                     CAR ISO V2G CurrentDemandReq
2025-12-16T18:11:30.777850+0100 chargesom manager[852313]: [INFO] connector:EvseM  :: EVSE ISO V2G CurrentDemandRes
2025-12-16T18:11:30.900429+0100 chargesom manager[852313]: [INFO] connector:EvseM  ::                                     CAR ISO V2G CurrentDemandReq
2025-12-16T18:11:30.997917+0100 chargesom manager[852313]: [INFO] connector:EvseM  :: EVSE ISO V2G CurrentDemandRes
2025-12-16T18:11:31.119462+0100 chargesom manager[852313]: [INFO] connector:EvseM  ::                                     CAR ISO V2G CurrentDemandReq
2025-12-16T18:11:31.217085+0100 chargesom manager[852313]: [INFO] connector:EvseM  :: EVSE ISO V2G CurrentDemandRes
2025-12-16T18:11:31.341110+0100 chargesom manager[852313]: [INFO] connector:EvseM  ::                                     CAR ISO V2G CurrentDemandReq
2025-12-16T18:11:31.437153+0100 chargesom manager[852313]: [INFO] connector:EvseM  :: EVSE ISO V2G CurrentDemandRes
2025-12-16T18:11:31.602537+0100 chargesom manager[852313]: [INFO] connector:EvseM  ::                                     CAR ISO V2G CurrentDemandReq
2025-12-16T18:11:31.645332+0100 chargesom manager[852313]: [INFO] connector:EvseM  :: EVSE IEC Isolation measurement Ok R_F 900000.
2025-12-16T18:11:31.689216+0100 chargesom manager[852313]: [INFO] connector:EvseM  :: EVSE ISO V2G CurrentDemandRes
2025-12-16T18:11:31.779284+0100 chargesom manager[852313]: [INFO] connector:EvseM  ::                                     CAR ISO V2G CurrentDemandReq
2025-12-16T18:11:31.878055+0100 chargesom manager[852313]: [INFO] connector:EvseM  :: EVSE ISO V2G CurrentDemandRes
2025-12-16T18:11:32.000469+0100 chargesom manager[852313]: [INFO] connector:EvseM  ::                                     CAR ISO V2G CurrentDemandReq
2025-12-16T18:11:32.097901+0100 chargesom manager[852313]: [INFO] connector:EvseM  :: EVSE ISO V2G CurrentDemandRes
2025-12-16T18:11:32.219373+0100 chargesom manager[852313]: [INFO] connector:EvseM  ::                                     CAR ISO V2G CurrentDemandReq
2025-12-16T18:11:32.317733+0100 chargesom manager[852313]: [INFO] connector:EvseM  :: EVSE ISO V2G CurrentDemandRes
2025-12-16T18:11:32.439352+0100 chargesom manager[852313]: [INFO] connector:EvseM  ::                                     CAR ISO V2G CurrentDemandReq
2025-12-16T18:11:32.558398+0100 chargesom manager[852313]: [INFO] connector:EvseM  :: EVSE ISO V2G CurrentDemandRes
2025-12-16T18:11:32.625106+0100 chargesom manager[852313]: [INFO] connector:EvseM  :: EVSE IEC Isolation measurement Ok R_F 900000.
2025-12-16T18:11:32.669845+0100 chargesom manager[852313]: [INFO] connector:EvseM  ::                                     CAR ISO V2G CurrentDemandReq
2025-12-16T18:11:32.801228+0100 chargesom manager[852313]: [INFO] connector:EvseM  :: EVSE ISO V2G CurrentDemandRes
2025-12-16T18:11:32.881100+0100 chargesom manager[852313]: [INFO] connector:EvseM  ::                                     CAR ISO V2G CurrentDemandReq
2025-12-16T18:11:32.977815+0100 chargesom manager[852313]: [INFO] connector:EvseM  :: EVSE ISO V2G CurrentDemandRes
2025-12-16T18:11:33.099351+0100 chargesom manager[852313]: [INFO] connector:EvseM  ::                                     CAR ISO V2G CurrentDemandReq
2025-12-16T18:11:33.197605+0100 chargesom manager[852313]: [INFO] connector:EvseM  :: EVSE ISO V2G CurrentDemandRes
2025-12-16T18:11:33.319267+0100 chargesom manager[852313]: [INFO] connector:EvseM  ::                                     CAR ISO V2G CurrentDemandReq
2025-12-16T18:11:33.417766+0100 chargesom manager[852313]: [INFO] connector:EvseM  :: EVSE ISO V2G CurrentDemandRes
2025-12-16T18:11:33.539435+0100 chargesom manager[852313]: [INFO] connector:EvseM  ::                                     CAR ISO V2G CurrentDemandReq
2025-12-16T18:11:33.625292+0100 chargesom manager[852313]: [INFO] connector:EvseM  :: EVSE IEC Isolation measurement Ok R_F 900000.
2025-12-16T18:11:33.669314+0100 chargesom manager[852313]: [INFO] connector:EvseM  :: EVSE ISO V2G CurrentDemandRes
2025-12-16T18:11:33.759175+0100 chargesom manager[852313]: [INFO] connector:EvseM  ::                                     CAR ISO V2G CurrentDemandReq
2025-12-16T18:11:33.897670+0100 chargesom manager[852313]: [INFO] connector:EvseM  :: EVSE ISO V2G CurrentDemandRes
2025-12-16T18:11:33.980906+0100 chargesom manager[852313]: [INFO] connector:EvseM  ::                                     CAR ISO V2G CurrentDemandReq
2025-12-16T18:11:34.077875+0100 chargesom manager[852313]: [INFO] connector:EvseM  :: EVSE ISO V2G CurrentDemandRes
2025-12-16T18:11:34.199198+0100 chargesom manager[852313]: [INFO] connector:EvseM  ::                                     CAR ISO V2G CurrentDemandReq
2025-12-16T18:11:34.297755+0100 chargesom manager[852313]: [INFO] connector:EvseM  :: EVSE ISO V2G CurrentDemandRes
2025-12-16T18:11:34.419070+0100 chargesom manager[852313]: [INFO] connector:EvseM  ::                                     CAR ISO V2G CurrentDemandReq
2025-12-16T18:11:34.518235+0100 chargesom manager[852313]: [INFO] connector:EvseM  :: EVSE ISO V2G CurrentDemandRes
2025-12-16T18:11:34.625480+0100 chargesom manager[852313]: [INFO] connector:EvseM  :: EVSE IEC Isolation measurement Ok R_F 900000.
2025-12-16T18:11:34.669248+0100 chargesom manager[852313]: [INFO] connector:EvseM  ::                                     CAR ISO V2G CurrentDemandReq
2025-12-16T18:11:34.737617+0100 chargesom manager[852313]: [INFO] connector:EvseM  :: EVSE ISO V2G CurrentDemandRes
2025-12-16T18:11:34.860103+0100 chargesom manager[852313]: [INFO] connector:EvseM  ::                                     CAR ISO V2G CurrentDemandReq
2025-12-16T18:11:35.001982+0100 chargesom manager[852313]: [INFO] connector:EvseM  :: EVSE ISO V2G CurrentDemandRes
2025-12-16T18:11:35.089331+0100 chargesom manager[852313]: [INFO] connector:EvseM  ::                                     CAR ISO V2G CurrentDemandReq
2025-12-16T18:11:35.177724+0100 chargesom manager[852313]: [INFO] connector:EvseM  :: EVSE ISO V2G CurrentDemandRes
2025-12-16T18:11:35.299313+0100 chargesom manager[852313]: [INFO] connector:EvseM  ::                                     CAR ISO V2G CurrentDemandReq
2025-12-16T18:11:35.397702+0100 chargesom manager[852313]: [INFO] connector:EvseM  :: EVSE ISO V2G CurrentDemandRes
2025-12-16T18:11:35.553703+0100 chargesom manager[852313]: [INFO] connector:EvseM  ::                                     CAR ISO V2G CurrentDemandReq
2025-12-16T18:11:35.617535+0100 chargesom manager[852313]: [INFO] connector:EvseM  :: EVSE ISO V2G CurrentDemandRes
2025-12-16T18:11:35.625837+0100 chargesom manager[852313]: [INFO] connector:EvseM  :: EVSE IEC Isolation measurement Ok R_F 900000.
2025-12-16T18:11:35.757126+0100 chargesom manager[852313]: [INFO] connector:EvseM  ::                                     CAR ISO V2G CurrentDemandReq
2025-12-16T18:11:35.837721+0100 chargesom manager[852313]: [INFO] connector:EvseM  :: EVSE ISO V2G CurrentDemandRes
2025-12-16T18:11:35.959993+0100 chargesom manager[852313]: [INFO] connector:EvseM  ::                                     CAR ISO V2G CurrentDemandReq
2025-12-16T18:11:36.101792+0100 chargesom manager[852313]: [INFO] connector:EvseM  :: EVSE ISO V2G CurrentDemandRes
2025-12-16T18:11:36.193367+0100 chargesom manager[852313]: [INFO] connector:EvseM  ::                                     CAR ISO V2G CurrentDemandReq
2025-12-16T18:11:36.277550+0100 chargesom manager[852313]: [INFO] connector:EvseM  :: EVSE ISO V2G CurrentDemandRes
2025-12-16T18:11:36.399493+0100 chargesom manager[852313]: [INFO] connector:EvseM  ::                                     CAR ISO V2G CurrentDemandReq
2025-12-16T18:11:36.509175+0100 chargesom manager[852313]: [INFO] connector:EvseM  :: EVSE ISO V2G CurrentDemandRes
2025-12-16T18:11:36.619092+0100 chargesom manager[852313]: [INFO] connector:EvseM  ::                                     CAR ISO V2G CurrentDemandReq
2025-12-16T18:11:36.626002+0100 chargesom manager[852313]: [INFO] connector:EvseM  :: EVSE IEC Isolation measurement Ok R_F 900000.
2025-12-16T18:11:36.757167+0100 chargesom manager[852313]: [INFO] connector:EvseM  :: EVSE ISO V2G CurrentDemandRes
2025-12-16T18:11:36.839866+0100 chargesom manager[852313]: [INFO] connector:EvseM  ::                                     CAR ISO V2G CurrentDemandReq
2025-12-16T18:11:36.937664+0100 chargesom manager[852313]: [INFO] connector:EvseM  :: EVSE ISO V2G CurrentDemandRes
2025-12-16T18:11:37.059629+0100 chargesom manager[852313]: [INFO] connector:EvseM  ::                                     CAR ISO V2G CurrentDemandReq
2025-12-16T18:11:37.159352+0100 chargesom manager[852313]: [INFO] connector:EvseM  :: EVSE ISO V2G CurrentDemandRes
2025-12-16T18:11:37.293282+0100 chargesom manager[852313]: [INFO] connector:EvseM  ::                                     CAR ISO V2G CurrentDemandReq
2025-12-16T18:11:37.377807+0100 chargesom manager[852313]: [INFO] connector:EvseM  :: EVSE ISO V2G CurrentDemandRes
2025-12-16T18:11:37.509201+0100 chargesom manager[852313]: [INFO] connector:EvseM  ::                                     CAR ISO V2G CurrentDemandReq
2025-12-16T18:11:37.601474+0100 chargesom manager[852313]: [INFO] connector:EvseM  :: EVSE ISO V2G CurrentDemandRes
2025-12-16T18:11:37.645238+0100 chargesom manager[852313]: [INFO] connector:EvseM  :: EVSE IEC Isolation measurement Ok R_F 900000.
2025-12-16T18:11:37.733559+0100 chargesom manager[852313]: [INFO] connector:EvseM  ::                                     CAR ISO V2G CurrentDemandReq
2025-12-16T18:11:37.817614+0100 chargesom manager[852313]: [INFO] connector:EvseM  :: EVSE ISO V2G CurrentDemandRes
2025-12-16T18:11:37.940025+0100 chargesom manager[852313]: [INFO] connector:EvseM  ::                                     CAR ISO V2G CurrentDemandReq
2025-12-16T18:11:38.037691+0100 chargesom manager[852313]: [INFO] connector:EvseM  :: EVSE ISO V2G CurrentDemandRes
2025-12-16T18:11:38.158952+0100 chargesom manager[852313]: [INFO] connector:EvseM  ::                                     CAR ISO V2G CurrentDemandReq
2025-12-16T18:11:38.258742+0100 chargesom manager[852313]: [INFO] connector:EvseM  :: EVSE ISO V2G CurrentDemandRes
2025-12-16T18:11:38.393283+0100 chargesom manager[852313]: [INFO] connector:EvseM  ::                                     CAR ISO V2G CurrentDemandReq
2025-12-16T18:11:38.509915+0100 chargesom manager[852313]: [INFO] connector:EvseM  :: EVSE ISO V2G CurrentDemandRes
2025-12-16T18:11:38.598928+0100 chargesom manager[852313]: [INFO] connector:EvseM  ::                                     CAR ISO V2G CurrentDemandReq
2025-12-16T18:11:38.626578+0100 chargesom manager[852313]: [INFO] connector:EvseM  :: EVSE IEC Isolation measurement Ok R_F 900000.
2025-12-16T18:11:38.713351+0100 chargesom manager[852313]: [INFO] connector:EvseM  :: EVSE ISO V2G CurrentDemandRes
2025-12-16T18:11:38.819683+0100 chargesom manager[852313]: [INFO] connector:EvseM  ::                                     CAR ISO V2G CurrentDemandReq
2025-12-16T18:11:38.917557+0100 chargesom manager[852313]: [INFO] connector:EvseM  :: EVSE ISO V2G CurrentDemandRes
2025-12-16T18:11:39.039002+0100 chargesom manager[852313]: [INFO] connector:EvseM  ::                                     CAR ISO V2G CurrentDemandReq
2025-12-16T18:11:39.137670+0100 chargesom manager[852313]: [INFO] connector:EvseM  :: EVSE ISO V2G CurrentDemandRes
2025-12-16T18:11:39.259077+0100 chargesom manager[852313]: [INFO] connector:EvseM  ::                                     CAR ISO V2G CurrentDemandReq
2025-12-16T18:11:39.357537+0100 chargesom manager[852313]: [INFO] connector:EvseM  :: EVSE ISO V2G CurrentDemandRes
2025-12-16T18:11:39.489494+0100 chargesom manager[852313]: [INFO] connector:EvseM  ::                                     CAR ISO V2G CurrentDemandReq
2025-12-16T18:11:39.577571+0100 chargesom manager[852313]: [INFO] connector:EvseM  :: EVSE ISO V2G CurrentDemandRes
2025-12-16T18:11:39.626860+0100 chargesom manager[852313]: [INFO] connector:EvseM  :: EVSE IEC Isolation measurement Ok R_F 900000.
2025-12-16T18:11:39.713562+0100 chargesom manager[852313]: [INFO] connector:EvseM  ::                                     CAR ISO V2G CurrentDemandReq
2025-12-16T18:11:39.797847+0100 chargesom manager[852313]: [INFO] connector:EvseM  :: EVSE ISO V2G CurrentDemandRes
2025-12-16T18:11:39.919708+0100 chargesom manager[852313]: [INFO] connector:EvseM  ::                                     CAR ISO V2G CurrentDemandReq
2025-12-16T18:11:40.017742+0100 chargesom manager[852313]: [INFO] connector:EvseM  :: EVSE ISO V2G CurrentDemandRes
2025-12-16T18:11:40.138941+0100 chargesom manager[852313]: [INFO] connector:EvseM  ::                                     CAR ISO V2G CurrentDemandReq
2025-12-16T18:11:40.236245+0100 chargesom manager[852313]: [INFO] connector:EvseM  :: EVSE ISO V2G CurrentDemandRes
2025-12-16T18:11:40.358812+0100 chargesom manager[852313]: [INFO] connector:EvseM  ::                                     CAR ISO V2G CurrentDemandReq
2025-12-16T18:11:40.456332+0100 chargesom manager[852313]: [INFO] connector:EvseM  :: EVSE ISO V2G CurrentDemandRes
2025-12-16T18:11:40.601878+0100 chargesom manager[852313]: [INFO] connector:EvseM  ::                                     CAR ISO V2G CurrentDemandReq
2025-12-16T18:11:40.627101+0100 chargesom manager[852313]: [INFO] connector:EvseM  :: EVSE IEC Isolation measurement Ok R_F 900000.
2025-12-16T18:11:40.713944+0100 chargesom manager[852313]: [INFO] connector:EvseM  :: EVSE ISO V2G CurrentDemandRes
2025-12-16T18:11:40.799685+0100 chargesom manager[852313]: [INFO] connector:EvseM  ::                                     CAR ISO V2G CurrentDemandReq
2025-12-16T18:11:40.897579+0100 chargesom manager[852313]: [INFO] connector:EvseM  :: EVSE ISO V2G CurrentDemandRes
2025-12-16T18:11:41.019482+0100 chargesom manager[852313]: [INFO] connector:EvseM  ::                                     CAR ISO V2G CurrentDemandReq
2025-12-16T18:11:41.116268+0100 chargesom manager[852313]: [INFO] connector:EvseM  :: EVSE ISO V2G CurrentDemandRes
2025-12-16T18:11:41.238752+0100 chargesom manager[852313]: [INFO] connector:EvseM  ::                                     CAR ISO V2G CurrentDemandReq
2025-12-16T18:11:41.337648+0100 chargesom manager[852313]: [INFO] connector:EvseM  :: EVSE ISO V2G CurrentDemandRes
2025-12-16T18:11:41.458763+0100 chargesom manager[852313]: [INFO] connector:EvseM  ::                                     CAR ISO V2G CurrentDemandReq
2025-12-16T18:11:41.556320+0100 chargesom manager[852313]: [INFO] connector:EvseM  :: EVSE ISO V2G CurrentDemandRes
2025-12-16T18:11:41.653962+0100 chargesom manager[852313]: [INFO] connector:EvseM  :: EVSE IEC Isolation measurement Ok R_F 900000.
2025-12-16T18:11:41.705391+0100 chargesom manager[852313]: [INFO] connector:EvseM  ::                                     CAR ISO V2G CurrentDemandReq
2025-12-16T18:11:41.777441+0100 chargesom manager[852313]: [INFO] connector:EvseM  :: EVSE ISO V2G CurrentDemandRes
2025-12-16T18:11:41.899225+0100 chargesom manager[852313]: [INFO] connector:EvseM  ::                                     CAR ISO V2G CurrentDemandReq
2025-12-16T18:11:41.996285+0100 chargesom manager[852313]: [INFO] connector:EvseM  :: EVSE ISO V2G CurrentDemandRes
2025-12-16T18:11:42.118692+0100 chargesom manager[852313]: [INFO] connector:EvseM  ::                                     CAR ISO V2G CurrentDemandReq
2025-12-16T18:11:42.216256+0100 chargesom manager[852313]: [INFO] connector:EvseM  :: EVSE ISO V2G CurrentDemandRes
2025-12-16T18:11:42.339252+0100 chargesom manager[852313]: [INFO] connector:EvseM  ::                                     CAR ISO V2G CurrentDemandReq
2025-12-16T18:11:42.437457+0100 chargesom manager[852313]: [INFO] connector:EvseM  :: EVSE ISO V2G CurrentDemandRes
2025-12-16T18:11:42.602127+0100 chargesom manager[852313]: [INFO] connector:EvseM  ::                                     CAR ISO V2G CurrentDemandReq
2025-12-16T18:11:42.645162+0100 chargesom manager[852313]: [INFO] connector:EvseM  :: EVSE IEC Isolation measurement Ok R_F 900000.
2025-12-16T18:11:42.690428+0100 chargesom manager[852313]: [INFO] connector:EvseM  :: EVSE ISO V2G CurrentDemandRes
2025-12-16T18:11:42.825140+0100 chargesom manager[852313]: [INFO] connector:EvseM  ::                                     CAR ISO V2G CurrentDemandReq
2025-12-16T18:11:42.878394+0100 chargesom manager[852313]: [INFO] connector:EvseM  :: EVSE ISO V2G CurrentDemandRes
2025-12-16T18:11:42.999334+0100 chargesom manager[852313]: [INFO] connector:EvseM  ::                                     CAR ISO V2G CurrentDemandReq
2025-12-16T18:11:43.096226+0100 chargesom manager[852313]: [INFO] connector:EvseM  :: EVSE ISO V2G CurrentDemandRes
2025-12-16T18:11:43.218732+0100 chargesom manager[852313]: [INFO] connector:EvseM  ::                                     CAR ISO V2G CurrentDemandReq
2025-12-16T18:11:43.316302+0100 chargesom manager[852313]: [INFO] connector:EvseM  :: EVSE ISO V2G CurrentDemandRes
2025-12-16T18:11:43.438574+0100 chargesom manager[852313]: [INFO] connector:EvseM  ::                                     CAR ISO V2G CurrentDemandReq
2025-12-16T18:11:43.536186+0100 chargesom manager[852313]: [INFO] connector:EvseM  :: EVSE ISO V2G CurrentDemandRes
2025-12-16T18:11:43.628014+0100 chargesom manager[852313]: [INFO] connector:EvseM  :: EVSE IEC Isolation measurement Ok R_F 900000.
2025-12-16T18:11:43.673392+0100 chargesom manager[852313]: [INFO] connector:EvseM  ::                                     CAR ISO V2G CurrentDemandReq
2025-12-16T18:11:43.756291+0100 chargesom manager[852313]: [INFO] connector:EvseM  :: EVSE ISO V2G CurrentDemandRes
2025-12-16T18:11:43.918210+0100 chargesom manager[852313]: [INFO] connector:EvseM  ::                                     CAR ISO V2G CurrentDemandReq
2025-12-16T18:11:43.976987+0100 chargesom manager[852313]: [INFO] connector:EvseM  :: EVSE ISO V2G CurrentDemandRes
2025-12-16T18:11:44.098682+0100 chargesom manager[852313]: [INFO] connector:EvseM  ::                                     CAR ISO V2G CurrentDemandReq
2025-12-16T18:11:44.197037+0100 chargesom manager[852313]: [INFO] connector:EvseM  :: EVSE ISO V2G CurrentDemandRes
2025-12-16T18:11:44.318658+0100 chargesom manager[852313]: [INFO] connector:EvseM  ::                                     CAR ISO V2G CurrentDemandReq
2025-12-16T18:11:44.416040+0100 chargesom manager[852313]: [INFO] connector:EvseM  :: EVSE ISO V2G CurrentDemandRes
2025-12-16T18:11:44.538819+0100 chargesom manager[852313]: [INFO] connector:EvseM  ::                                     CAR ISO V2G CurrentDemandReq
2025-12-16T18:11:44.628227+0100 chargesom manager[852313]: [INFO] connector:EvseM  :: EVSE IEC Isolation measurement Ok R_F 900000.
2025-12-16T18:11:44.673407+0100 chargesom manager[852313]: [INFO] connector:EvseM  :: EVSE ISO V2G CurrentDemandRes
2025-12-16T18:11:44.758585+0100 chargesom manager[852313]: [INFO] connector:EvseM  ::                                     CAR ISO V2G CurrentDemandReq
2025-12-16T18:11:44.856578+0100 chargesom manager[852313]: [INFO] connector:EvseM  :: EVSE ISO V2G CurrentDemandRes
2025-12-16T18:11:45.018275+0100 chargesom manager[852313]: [INFO] connector:EvseM  ::                                     CAR ISO V2G CurrentDemandReq
2025-12-16T18:11:45.105781+0100 chargesom manager[852313]: [INFO] connector:EvseM  :: EVSE ISO V2G CurrentDemandRes
2025-12-16T18:11:45.198546+0100 chargesom manager[852313]: [INFO] connector:EvseM  ::                                     CAR ISO V2G CurrentDemandReq
2025-12-16T18:11:45.296101+0100 chargesom manager[852313]: [INFO] connector:EvseM  :: EVSE ISO V2G CurrentDemandRes
2025-12-16T18:11:45.418701+0100 chargesom manager[852313]: [INFO] connector:EvseM  ::                                     CAR ISO V2G CurrentDemandReq
2025-12-16T18:11:45.557698+0100 chargesom manager[852313]: [INFO] connector:EvseM  :: EVSE ISO V2G CurrentDemandRes
2025-12-16T18:11:45.628489+0100 chargesom manager[852313]: [INFO] connector:EvseM  :: EVSE IEC Isolation measurement Ok R_F 900000.
2025-12-16T18:11:45.673512+0100 chargesom manager[852313]: [INFO] connector:EvseM  ::                                     CAR ISO V2G CurrentDemandReq
2025-12-16T18:11:45.736072+0100 chargesom manager[852313]: [INFO] connector:EvseM  :: EVSE ISO V2G CurrentDemandRes
2025-12-16T18:11:45.859718+0100 chargesom manager[852313]: [INFO] connector:EvseM  ::                                     CAR ISO V2G CurrentDemandReq
2025-12-16T18:11:45.956300+0100 chargesom manager[852313]: [INFO] connector:EvseM  :: EVSE ISO V2G CurrentDemandRes
2025-12-16T18:11:46.078767+0100 chargesom manager[852313]: [INFO] connector:EvseM  ::                                     CAR ISO V2G CurrentDemandReq
2025-12-16T18:11:46.201406+0100 chargesom manager[852313]: [INFO] connector:EvseM  :: EVSE ISO V2G CurrentDemandRes
2025-12-16T18:11:46.298435+0100 chargesom manager[852313]: [INFO] connector:EvseM  ::                                     CAR ISO V2G CurrentDemandReq
2025-12-16T18:11:46.397095+0100 chargesom manager[852313]: [INFO] connector:EvseM  :: EVSE ISO V2G CurrentDemandRes
2025-12-16T18:11:46.518727+0100 chargesom manager[852313]: [INFO] connector:EvseM  ::                                     CAR ISO V2G CurrentDemandReq
2025-12-16T18:11:46.617016+0100 chargesom manager[852313]: [INFO] connector:EvseM  :: EVSE ISO V2G CurrentDemandRes
2025-12-16T18:11:46.628770+0100 chargesom manager[852313]: [INFO] connector:EvseM  :: EVSE IEC Isolation measurement Ok R_F 900000.
2025-12-16T18:11:46.738413+0100 chargesom manager[852313]: [INFO] connector:EvseM  ::                                     CAR ISO V2G CurrentDemandReq
2025-12-16T18:11:46.837719+0100 chargesom manager[852313]: [INFO] connector:EvseM  :: EVSE ISO V2G CurrentDemandRes
2025-12-16T18:11:46.959411+0100 chargesom manager[852313]: [INFO] connector:EvseM  ::                                     CAR ISO V2G CurrentDemandReq
2025-12-16T18:11:47.056224+0100 chargesom manager[852313]: [INFO] connector:EvseM  :: EVSE ISO V2G CurrentDemandRes
2025-12-16T18:11:47.178630+0100 chargesom manager[852313]: [INFO] connector:EvseM  ::                                     CAR ISO V2G CurrentDemandReq
2025-12-16T18:11:47.297880+0100 chargesom manager[852313]: [INFO] connector:EvseM  :: EVSE ISO V2G CurrentDemandRes
2025-12-16T18:11:47.405268+0100 chargesom manager[852313]: [INFO] connector:EvseM  ::                                     CAR ISO V2G CurrentDemandReq
2025-12-16T18:11:47.517730+0100 chargesom manager[852313]: [INFO] connector:EvseM  :: EVSE ISO V2G CurrentDemandRes
2025-12-16T18:11:47.618456+0100 chargesom manager[852313]: [INFO] connector:EvseM  ::                                     CAR ISO V2G CurrentDemandReq
2025-12-16T18:11:47.629169+0100 chargesom manager[852313]: [INFO] connector:EvseM  :: EVSE IEC Isolation measurement Ok R_F 900000.
2025-12-16T18:11:47.717318+0100 chargesom manager[852313]: [INFO] connector:EvseM  :: EVSE ISO V2G CurrentDemandRes
2025-12-16T18:11:47.839771+0100 chargesom manager[852313]: [INFO] connector:EvseM  ::                                     CAR ISO V2G CurrentDemandReq
2025-12-16T18:11:47.937163+0100 chargesom manager[852313]: [INFO] connector:EvseM  :: EVSE ISO V2G CurrentDemandRes
2025-12-16T18:11:48.058407+0100 chargesom manager[852313]: [INFO] connector:EvseM  ::                                     CAR ISO V2G CurrentDemandReq
2025-12-16T18:11:48.157037+0100 chargesom manager[852313]: [INFO] connector:EvseM  :: EVSE ISO V2G CurrentDemandRes
2025-12-16T18:11:48.278414+0100 chargesom manager[852313]: [INFO] connector:EvseM  ::                                     CAR ISO V2G CurrentDemandReq
2025-12-16T18:11:48.376996+0100 chargesom manager[852313]: [INFO] connector:EvseM  :: EVSE ISO V2G CurrentDemandRes
2025-12-16T18:11:48.521645+0100 chargesom manager[852313]: [INFO] connector:EvseM  ::                                     CAR ISO V2G CurrentDemandReq
2025-12-16T18:11:48.597176+0100 chargesom manager[852313]: [INFO] connector:EvseM  :: EVSE ISO V2G CurrentDemandRes
2025-12-16T18:11:48.629356+0100 chargesom manager[852313]: [INFO] connector:EvseM  :: EVSE IEC Isolation measurement Ok R_F 900000.
2025-12-16T18:11:48.761186+0100 chargesom manager[852313]: [INFO] connector:EvseM  ::                                     CAR ISO V2G CurrentDemandReq
2025-12-16T18:11:48.818078+0100 chargesom manager[852313]: [INFO] connector:EvseM  :: EVSE ISO V2G CurrentDemandRes
2025-12-16T18:11:48.939480+0100 chargesom manager[852313]: [INFO] connector:EvseM  ::                                     CAR ISO V2G CurrentDemandReq
2025-12-16T18:11:49.037045+0100 chargesom manager[852313]: [INFO] connector:EvseM  :: EVSE ISO V2G CurrentDemandRes
2025-12-16T18:11:49.158773+0100 chargesom manager[852313]: [INFO] connector:EvseM  ::                                     CAR ISO V2G CurrentDemandReq
2025-12-16T18:11:49.256928+0100 chargesom manager[852313]: [INFO] connector:EvseM  :: EVSE ISO V2G CurrentDemandRes
2025-12-16T18:11:49.378426+0100 chargesom manager[852313]: [INFO] connector:EvseM  ::                                     CAR ISO V2G CurrentDemandReq
2025-12-16T18:11:49.517195+0100 chargesom manager[852313]: [INFO] connector:EvseM  :: EVSE ISO V2G CurrentDemandRes
2025-12-16T18:11:49.617797+0100 chargesom manager[852313]: [INFO] connector:EvseM  ::                                     CAR ISO V2G CurrentDemandReq
2025-12-16T18:11:49.661320+0100 chargesom manager[852313]: [INFO] connector:EvseM  :: EVSE IEC Isolation measurement Ok R_F 900000.
2025-12-16T18:11:49.705757+0100 chargesom manager[852313]: [INFO] connector:EvseM  :: EVSE ISO V2G CurrentDemandRes
2025-12-16T18:11:49.820506+0100 chargesom manager[852313]: [INFO] connector:EvseM  ::                                     CAR ISO V2G CurrentDemandReq
2025-12-16T18:11:49.916838+0100 chargesom manager[852313]: [INFO] connector:EvseM  :: EVSE ISO V2G CurrentDemandRes
2025-12-16T18:11:50.038488+0100 chargesom manager[852313]: [INFO] connector:EvseM  ::                                     CAR ISO V2G CurrentDemandReq
2025-12-16T18:11:50.137165+0100 chargesom manager[852313]: [INFO] connector:EvseM  :: EVSE ISO V2G CurrentDemandRes
2025-12-16T18:11:50.258374+0100 chargesom manager[852313]: [INFO] connector:EvseM  ::                                     CAR ISO V2G CurrentDemandReq
2025-12-16T18:11:50.356865+0100 chargesom manager[852313]: [INFO] connector:EvseM  :: EVSE ISO V2G CurrentDemandRes
2025-12-16T18:11:50.517568+0100 chargesom manager[852313]: [INFO] connector:EvseM  ::                                     CAR ISO V2G CurrentDemandReq
2025-12-16T18:11:50.605488+0100 chargesom manager[852313]: [INFO] connector:EvseM  :: EVSE ISO V2G CurrentDemandRes
2025-12-16T18:11:50.649195+0100 chargesom manager[852313]: [INFO] connector:EvseM  :: EVSE IEC Isolation measurement Ok R_F 900000.
2025-12-16T18:11:50.737319+0100 chargesom manager[852313]: [INFO] connector:EvseM  ::                                     CAR ISO V2G CurrentDemandReq
2025-12-16T18:11:50.830332+0100 chargesom manager[852313]: [INFO] connector:EvseM  :: EVSE ISO V2G CurrentDemandRes
2025-12-16T18:11:50.919251+0100 chargesom manager[852313]: [INFO] connector:EvseM  ::                                     CAR ISO V2G CurrentDemandReq
2025-12-16T18:11:51.016976+0100 chargesom manager[852313]: [INFO] connector:EvseM  :: EVSE ISO V2G CurrentDemandRes
2025-12-16T18:11:51.138595+0100 chargesom manager[852313]: [INFO] connector:EvseM  ::                                     CAR ISO V2G CurrentDemandReq
2025-12-16T18:11:51.236691+0100 chargesom manager[852313]: [INFO] connector:EvseM  :: EVSE ISO V2G CurrentDemandRes
2025-12-16T18:11:51.358630+0100 chargesom manager[852313]: [INFO] connector:EvseM  ::                                     CAR ISO V2G CurrentDemandReq
2025-12-16T18:11:51.457100+0100 chargesom manager[852313]: [INFO] connector:EvseM  :: EVSE ISO V2G CurrentDemandRes
2025-12-16T18:11:51.578342+0100 chargesom manager[852313]: [INFO] connector:EvseM  ::                                     CAR ISO V2G CurrentDemandReq
2025-12-16T18:11:51.630234+0100 chargesom manager[852313]: [INFO] connector:EvseM  :: EVSE IEC Isolation measurement Ok R_F 900000.
2025-12-16T18:11:51.717385+0100 chargesom manager[852313]: [INFO] connector:EvseM  :: EVSE ISO V2G CurrentDemandRes
2025-12-16T18:11:51.799408+0100 chargesom manager[852313]: [INFO] connector:EvseM  ::                                     CAR ISO V2G CurrentDemandReq
2025-12-16T18:11:51.926184+0100 chargesom manager[852313]: [INFO] connector:EvseM  :: EVSE ISO V2G CurrentDemandRes
2025-12-16T18:11:52.018493+0100 chargesom manager[852313]: [INFO] connector:EvseM  ::                                     CAR ISO V2G CurrentDemandReq
2025-12-16T18:11:52.117143+0100 chargesom manager[852313]: [INFO] connector:EvseM  :: EVSE ISO V2G CurrentDemandRes
2025-12-16T18:11:52.238462+0100 chargesom manager[852313]: [INFO] connector:EvseM  ::                                     CAR ISO V2G CurrentDemandReq
2025-12-16T18:11:52.337387+0100 chargesom manager[852313]: [INFO] connector:EvseM  :: EVSE ISO V2G CurrentDemandRes
2025-12-16T18:11:52.458305+0100 chargesom manager[852313]: [INFO] connector:EvseM  ::                                     CAR ISO V2G CurrentDemandReq
2025-12-16T18:11:52.565679+0100 chargesom manager[852313]: [INFO] connector:EvseM  :: EVSE ISO V2G CurrentDemandRes
2025-12-16T18:11:52.631182+0100 chargesom manager[852313]: [INFO] connector:EvseM  :: EVSE IEC Isolation measurement Ok R_F 900000.
2025-12-16T18:11:52.717628+0100 chargesom manager[852313]: [INFO] connector:EvseM  ::                                     CAR ISO V2G CurrentDemandReq
2025-12-16T18:11:52.776868+0100 chargesom manager[852313]: [INFO] connector:EvseM  :: EVSE ISO V2G CurrentDemandRes
2025-12-16T18:11:52.899405+0100 chargesom manager[852313]: [INFO] connector:EvseM  ::                                     CAR ISO V2G CurrentDemandReq
2025-12-16T18:11:53.021596+0100 chargesom manager[852313]: [INFO] connector:EvseM  :: EVSE ISO V2G CurrentDemandRes
2025-12-16T18:11:53.118337+0100 chargesom manager[852313]: [INFO] connector:EvseM  ::                                     CAR ISO V2G CurrentDemandReq
2025-12-16T18:11:53.216944+0100 chargesom manager[852313]: [INFO] connector:EvseM  :: EVSE ISO V2G CurrentDemandRes
2025-12-16T18:11:53.338117+0100 chargesom manager[852313]: [INFO] connector:EvseM  ::                                     CAR ISO V2G CurrentDemandReq
2025-12-16T18:11:53.436596+0100 chargesom manager[852313]: [INFO] connector:EvseM  :: EVSE ISO V2G CurrentDemandRes
2025-12-16T18:11:53.558306+0100 chargesom manager[852313]: [INFO] connector:EvseM  ::                                     CAR ISO V2G CurrentDemandReq
2025-12-16T18:11:53.630797+0100 chargesom manager[852313]: [INFO] connector:EvseM  :: EVSE IEC Isolation measurement Ok R_F 900000.
2025-12-16T18:11:53.673364+0100 chargesom manager[852313]: [INFO] connector:EvseM  :: EVSE ISO V2G CurrentDemandRes
2025-12-16T18:11:53.778070+0100 chargesom manager[852313]: [INFO] connector:EvseM  ::                                     CAR ISO V2G CurrentDemandReq
2025-12-16T18:11:53.876849+0100 chargesom manager[852313]: [INFO] connector:EvseM  :: EVSE ISO V2G CurrentDemandRes
2025-12-16T18:11:53.998675+0100 chargesom manager[852313]: [INFO] connector:EvseM  ::                                     CAR ISO V2G CurrentDemandReq
2025-12-16T18:11:54.117621+0100 chargesom manager[852313]: [INFO] connector:EvseM  :: EVSE ISO V2G CurrentDemandRes
2025-12-16T18:11:54.218110+0100 chargesom manager[852313]: [INFO] connector:EvseM  ::                                     CAR ISO V2G CurrentDemandReq
2025-12-16T18:11:54.316666+0100 chargesom manager[852313]: [INFO] connector:EvseM  :: EVSE ISO V2G CurrentDemandRes
2025-12-16T18:11:54.438087+0100 chargesom manager[852313]: [INFO] connector:EvseM  ::                                     CAR ISO V2G CurrentDemandReq
2025-12-16T18:11:54.536734+0100 chargesom manager[852313]: [INFO] connector:EvseM  :: EVSE ISO V2G CurrentDemandRes
2025-12-16T18:11:54.631049+0100 chargesom manager[852313]: [INFO] connector:EvseM  :: EVSE IEC Isolation measurement Ok R_F 900000.
2025-12-16T18:11:54.677590+0100 chargesom manager[852313]: [INFO] connector:EvseM  ::                                     CAR ISO V2G CurrentDemandReq
2025-12-16T18:11:54.756800+0100 chargesom manager[852313]: [INFO] connector:EvseM  :: EVSE ISO V2G CurrentDemandRes
2025-12-16T18:11:54.879651+0100 chargesom manager[852313]: [INFO] connector:EvseM  ::                                     CAR ISO V2G CurrentDemandReq
2025-12-16T18:11:54.976728+0100 chargesom manager[852313]: [INFO] connector:EvseM  :: EVSE ISO V2G CurrentDemandRes
2025-12-16T18:11:55.098136+0100 chargesom manager[852313]: [INFO] connector:EvseM  ::                                     CAR ISO V2G CurrentDemandReq
2025-12-16T18:11:55.217367+0100 chargesom manager[852313]: [INFO] connector:EvseM  :: EVSE ISO V2G CurrentDemandRes
2025-12-16T18:11:55.349266+0100 chargesom manager[852313]: [INFO] connector:EvseM  ::                                     CAR ISO V2G CurrentDemandReq
2025-12-16T18:11:55.416441+0100 chargesom manager[852313]: [INFO] connector:EvseM  :: EVSE ISO V2G CurrentDemandRes
2025-12-16T18:11:55.565730+0100 chargesom manager[852313]: [INFO] connector:EvseM  ::                                     CAR ISO V2G CurrentDemandReq
2025-12-16T18:11:55.631343+0100 chargesom manager[852313]: [INFO] connector:EvseM  :: EVSE IEC Isolation measurement Ok R_F 900000.
2025-12-16T18:11:55.673377+0100 chargesom manager[852313]: [INFO] connector:EvseM  :: EVSE ISO V2G CurrentDemandRes
2025-12-16T18:11:55.758220+0100 chargesom manager[852313]: [INFO] connector:EvseM  ::                                     CAR ISO V2G CurrentDemandReq
2025-12-16T18:11:55.856839+0100 chargesom manager[852313]: [INFO] connector:EvseM  :: EVSE ISO V2G CurrentDemandRes
2025-12-16T18:11:55.978878+0100 chargesom manager[852313]: [INFO] connector:EvseM  ::                                     CAR ISO V2G CurrentDemandReq
2025-12-16T18:11:56.076562+0100 chargesom manager[852313]: [INFO] connector:EvseM  :: EVSE ISO V2G CurrentDemandRes
2025-12-16T18:11:56.197976+0100 chargesom manager[852313]: [INFO] connector:EvseM  ::                                     CAR ISO V2G CurrentDemandReq
2025-12-16T18:11:56.295447+0100 chargesom manager[852313]: [INFO] connector:EvseM  :: EVSE ISO V2G CurrentDemandRes
2025-12-16T18:11:56.453588+0100 chargesom manager[852313]: [INFO] connector:EvseM  ::                                     CAR ISO V2G CurrentDemandReq
2025-12-16T18:11:56.541785+0100 chargesom manager[852313]: [INFO] connector:EvseM  :: EVSE ISO V2G CurrentDemandRes
2025-12-16T18:11:56.631589+0100 chargesom manager[852313]: [INFO] connector:EvseM  :: EVSE IEC Isolation measurement Ok R_F 900000.
2025-12-16T18:11:56.673741+0100 chargesom manager[852313]: [INFO] connector:EvseM  ::                                     CAR ISO V2G CurrentDemandReq
2025-12-16T18:11:56.736881+0100 chargesom manager[852313]: [INFO] connector:EvseM  :: EVSE ISO V2G CurrentDemandRes
2025-12-16T18:11:56.859275+0100 chargesom manager[852313]: [INFO] connector:EvseM  ::                                     CAR ISO V2G CurrentDemandReq
2025-12-16T18:11:56.956684+0100 chargesom manager[852313]: [INFO] connector:EvseM  :: EVSE ISO V2G CurrentDemandRes
2025-12-16T18:11:57.078050+0100 chargesom manager[852313]: [INFO] connector:EvseM  ::                                     CAR ISO V2G CurrentDemandReq
2025-12-16T18:11:57.175347+0100 chargesom manager[852313]: [INFO] connector:EvseM  :: EVSE ISO V2G CurrentDemandRes
2025-12-16T18:11:57.297920+0100 chargesom manager[852313]: [INFO] connector:EvseM  ::                                     CAR ISO V2G CurrentDemandReq
2025-12-16T18:11:57.395569+0100 chargesom manager[852313]: [INFO] connector:EvseM  :: EVSE ISO V2G CurrentDemandRes
2025-12-16T18:11:57.526597+0100 chargesom manager[852313]: [INFO] connector:EvseM  ::                                     CAR ISO V2G CurrentDemandReq
2025-12-16T18:11:57.658388+0100 chargesom manager[852313]: [INFO] connector:EvseM  :: EVSE IEC Isolation measurement Ok R_F 900000.
2025-12-16T18:11:57.658388+0100 chargesom manager[852313]: [INFO] connector:EvseM  :: EVSE ISO V2G CurrentDemandRes
2025-12-16T18:11:57.749165+0100 chargesom manager[852313]: [INFO] connector:EvseM  ::                                     CAR ISO V2G CurrentDemandReq
2025-12-16T18:11:57.835393+0100 chargesom manager[852313]: [INFO] connector:EvseM  :: EVSE ISO V2G CurrentDemandRes
2025-12-16T18:11:57.958666+0100 chargesom manager[852313]: [INFO] connector:EvseM  ::                                     CAR ISO V2G CurrentDemandReq
2025-12-16T18:11:58.055549+0100 chargesom manager[852313]: [INFO] connector:EvseM  :: EVSE ISO V2G CurrentDemandRes
2025-12-16T18:11:58.177899+0100 chargesom manager[852313]: [INFO] connector:EvseM  ::                                     CAR ISO V2G CurrentDemandReq
2025-12-16T18:11:58.275514+0100 chargesom manager[852313]: [INFO] connector:EvseM  :: EVSE ISO V2G CurrentDemandRes
2025-12-16T18:11:58.397931+0100 chargesom manager[852313]: [INFO] connector:EvseM  ::                                     CAR ISO V2G CurrentDemandReq
2025-12-16T18:11:58.525195+0100 chargesom manager[852313]: [INFO] connector:EvseM  :: EVSE ISO V2G CurrentDemandRes
2025-12-16T18:11:58.618442+0100 chargesom manager[852313]: [INFO] connector:EvseM  ::                                     CAR ISO V2G CurrentDemandReq
2025-12-16T18:11:58.632152+0100 chargesom manager[852313]: [INFO] connector:EvseM  :: EVSE IEC Isolation measurement Ok R_F 900000.
2025-12-16T18:11:58.725502+0100 chargesom manager[852313]: [INFO] connector:EvseM  :: EVSE ISO V2G CurrentDemandRes
2025-12-16T18:11:58.858640+0100 chargesom manager[852313]: [INFO] connector:EvseM  ::                                     CAR ISO V2G CurrentDemandReq
2025-12-16T18:11:58.936762+0100 chargesom manager[852313]: [INFO] connector:EvseM  :: EVSE ISO V2G CurrentDemandRes
2025-12-16T18:11:59.057827+0100 chargesom manager[852313]: [INFO] connector:EvseM  ::                                     CAR ISO V2G CurrentDemandReq
2025-12-16T18:11:59.155308+0100 chargesom manager[852313]: [INFO] connector:EvseM  :: EVSE ISO V2G CurrentDemandRes
2025-12-16T18:11:59.278139+0100 chargesom manager[852313]: [INFO] connector:EvseM  ::                                     CAR ISO V2G CurrentDemandReq
2025-12-16T18:11:59.375442+0100 chargesom manager[852313]: [INFO] connector:EvseM  :: EVSE ISO V2G CurrentDemandRes
2025-12-16T18:11:59.525263+0100 chargesom manager[852313]: [INFO] connector:EvseM  ::                                     CAR ISO V2G CurrentDemandReq
2025-12-16T18:11:59.595557+0100 chargesom manager[852313]: [INFO] connector:EvseM  :: EVSE ISO V2G CurrentDemandRes
2025-12-16T18:11:59.632530+0100 chargesom manager[852313]: [INFO] connector:EvseM  :: EVSE IEC Isolation measurement Ok R_F 900000.
2025-12-16T18:11:59.721826+0100 chargesom manager[852313]: [INFO] connector:EvseM  ::                                     CAR ISO V2G CurrentDemandReq
2025-12-16T18:11:59.815619+0100 chargesom manager[852313]: [INFO] connector:EvseM  :: EVSE ISO V2G CurrentDemandRes
2025-12-16T18:11:59.962823+0100 chargesom manager[852313]: [INFO] connector:EvseM  ::                                     CAR ISO V2G CurrentDemandReq
2025-12-16T18:12:00.035377+0100 chargesom manager[852313]: [INFO] connector:EvseM  :: EVSE ISO V2G CurrentDemandRes
2025-12-16T18:12:00.157749+0100 chargesom manager[852313]: [INFO] connector:EvseM  ::                                     CAR ISO V2G CurrentDemandReq
2025-12-16T18:12:00.255411+0100 chargesom manager[852313]: [INFO] connector:EvseM  :: EVSE ISO V2G CurrentDemandRes
2025-12-16T18:12:00.377825+0100 chargesom manager[852313]: [INFO] connector:EvseM  ::                                     CAR ISO V2G CurrentDemandReq
2025-12-16T18:12:00.475280+0100 chargesom manager[852313]: [INFO] connector:EvseM  :: EVSE ISO V2G CurrentDemandRes
2025-12-16T18:12:00.613541+0100 chargesom manager[852313]: [INFO] connector:EvseM  ::                                     CAR ISO V2G CurrentDemandReq
2025-12-16T18:12:00.632756+0100 chargesom manager[852313]: [INFO] connector:EvseM  :: EVSE IEC Isolation measurement Ok R_F 900000.
2025-12-16T18:12:00.721250+0100 chargesom manager[852313]: [INFO] connector:EvseM  :: EVSE ISO V2G CurrentDemandRes
2025-12-16T18:12:00.825737+0100 chargesom manager[852313]: [INFO] connector:EvseM  ::                                     CAR ISO V2G CurrentDemandReq
2025-12-16T18:12:00.921840+0100 chargesom manager[852313]: [INFO] connector:EvseM  :: EVSE ISO V2G CurrentDemandRes
2025-12-16T18:12:01.061691+0100 chargesom manager[852313]: [INFO] connector:EvseM  ::                                     CAR ISO V2G CurrentDemandReq
2025-12-16T18:12:01.135372+0100 chargesom manager[852313]: [INFO] connector:EvseM  :: EVSE ISO V2G CurrentDemandRes
2025-12-16T18:12:01.257841+0100 chargesom manager[852313]: [INFO] connector:EvseM  ::                                     CAR ISO V2G CurrentDemandReq
2025-12-16T18:12:01.356077+0100 chargesom manager[852313]: [INFO] connector:EvseM  :: EVSE ISO V2G CurrentDemandRes
2025-12-16T18:12:01.477665+0100 chargesom manager[852313]: [INFO] connector:EvseM  ::                                     CAR ISO V2G CurrentDemandReq
2025-12-16T18:12:01.512207+0100 chargesom manager[852344]: [ERRO] powersupply_dc: module::main::power_supply_DCImpl::init()::<lambda(uint8_t, InfyCanDevice::Error, bool)> :: Infy[0x0]: undervoltage fault detected
2025-12-16T18:12:01.518682+0100 chargesom manager[852344]: [ERRO] powersupply_dc:  :: Error raised, type: power_supply_DC/UnderVoltageDC, sub_type: , message: Infy[0x0]: undervoltage fault detected
2025-12-16T18:12:01.518682+0100 chargesom manager[852344]: [ERRO] powersupply_dc: module::main::power_supply_DCImpl::init()::<lambda(uint8_t, InfyCanDevice::Error, bool)> :: Infy[0x0]: internal fault detected
2025-12-16T18:12:01.518682+0100 chargesom manager[852344]: [ERRO] powersupply_dc:  :: Error raised, type: power_supply_DC/HardwareFault, sub_type: , message: Infy[0x0]: internal fault detected
2025-12-16T18:12:01.570001+0100 chargesom manager[852313]: [ERRO] connector:EvseM  :: Error raised, type: evse_manager/Inoperative, sub_type: , message: power_supply_DC/UnderVoltageDC
2025-12-16T18:12:01.611013+0100 chargesom manager[852313]: [INFO] connector:EvseM  :: EVSE IEC Charger state: Charging->Charging
2025-12-16T18:12:01.611391+0100 chargesom manager[852313]: [INFO] connector:EvseM  :: Timing statistics (Plugin to CurrentDemand)
2025-12-16T18:12:01.611723+0100 chargesom manager[852313]: [INFO] connector:EvseM  :: -------------------------------------------
2025-12-16T18:12:01.611723+0100 chargesom manager[852313]: [INFO] connector:EvseM  :: ConnSetup | HLC_PWM_5%_ON: 791 ms | D-LINK_READY: 7480 ms | Auth EIM Done: 4455 ms | Total: 14549 ms
2025-12-16T18:12:01.611723+0100 chargesom manager[852313]: [INFO] connector:EvseM  :: CableCheck | <60V: 0 ms | Relay On: 200 ms | EVInfo: 0 ms | VRampUp: 3825 ms | Self test: 3084 ms | Measure: 1021 ms | VRampDown: 896 ms | Total: 9076 ms
2025-12-16T18:12:01.611723+0100 chargesom manager[852313]: [INFO] connector:EvseM  :: PrepareCharging | Charging started: 4711 ms | Total: 4711 ms
2025-12-16T18:12:01.611723+0100 chargesom manager[852313]: [INFO] connector:EvseM  :: Total duration all phases: 28337 ms
2025-12-16T18:12:01.611723+0100 chargesom manager[852313]: [INFO] connector:EvseM  :: PrepareCharging | Charging started: 4711 ms | Total: 4711 ms | Charging started: 39336 ms | Total: 44047 ms
2025-12-16T18:12:01.611723+0100 chargesom manager[852313]: [INFO] connector:EvseM  :: Total duration all phases: 67673 ms
2025-12-16T18:12:01.615094+0100 chargesom manager[852313]: [INFO] connector:EvseM  :: EVSE ISO V2G CurrentDemandRes
2025-12-16T18:12:01.615094+0100 chargesom manager[852313]: [INFO] connector:EvseM  :: EVSE IEC Set PWM Off
2025-12-16T18:12:01.657925+0100 chargesom manager[852312]: [INFO] bsp:CbChargeSOM  :: handle_pwm_off: Setting new duty cycle of 100.0%
2025-12-16T18:12:01.697132+0100 chargesom manager[852342]: [ERRO] iso15118_charge  :: Failed response code detected for message "Current Demand", error: Response FAILED
2025-12-16T18:12:01.698317+0100 chargesom manager[852313]: [INFO] connector:EvseM  ::                                     CAR ISO V2G CurrentDemandReq
2025-12-16T18:12:01.734609+0100 chargesom manager[852313]: [INFO] connector:EvseM  :: EVSE IEC DC power supply OFF
2025-12-16T18:12:01.777696+0100 chargesom manager[852344]: [INFO] powersupply_dc:  :: Set mode via CAN: Off with phase Charging
2025-12-16T18:12:01.777696+0100 chargesom manager[852344]: [INFO] powersupply_dc:  :: Infy: switch_on_off(false) - active modules: 1
2025-12-16T18:12:01.821793+0100 chargesom manager[852313]: [INFO] connector:EvseM  :: EVSE ISO V2G CurrentDemandRes
2025-12-16T18:12:01.842696+0100 chargesom manager[852312]: [INFO] bsp:CbChargeSOM  :: Contactor 1 state change detected: now Open
2025-12-16T18:12:01.843126+0100 chargesom manager[852312]: [INFO] bsp:CbChargeSOM  :: Contactor 2 state change detected: now Open
2025-12-16T18:12:01.843126+0100 chargesom manager[852312]: [INFO] bsp:CbChargeSOM  :: CP state change from C to B, PWM: 100.0%
2025-12-16T18:12:01.858325+0100 chargesom manager[852342]: [ERRO] iso15118_charge  :: Failed response code detected for message "Power Delivery", error: Response FAILED
2025-12-16T18:12:01.865514+0100 chargesom manager[852313]: [INFO] connector:EvseM  :: EVSE IEC Event PowerOff
2025-12-16T18:12:01.867049+0100 chargesom manager[852336]: [INFO] imd:IMDSimulato  :: Stopped simulated isolation monitoring
2025-12-16T18:12:01.901283+0100 chargesom manager[852312]: [INFO] bsp:CbChargeSOM  :: handle_allow_power_on: request to OPEN the contactor
2025-12-16T18:12:01.903514+0100 chargesom manager[852313]: [INFO] connector:EvseM  :: EVSE IEC Isolation measurement Ok R_F 900000.
2025-12-16T18:12:01.946067+0100 chargesom manager[852313]: [INFO] connector:EvseM  ::                                     CAR ISO V2G PowerDeliveryReq
2025-12-16T18:12:01.951887+0100 chargesom manager[852312]: [INFO] bsp:CbChargeSOM  :: handle_allow_power_on: request to OPEN the contactor
2025-12-16T18:12:01.993754+0100 chargesom manager[852313]: [INFO] connector:EvseM  :: EVSE ISO V2G PowerDeliveryRes
2025-12-16T18:12:02.234970+0100 chargesom manager[852313]: [INFO] connector:EvseM  ::                                     CAR IEC Event CarRequestedStopPower
2025-12-16T18:12:02.321984+0100 chargesom manager[852313]: [INFO] connector:EvseM  :: EVSE IEC CP state transition C->B at this stage violates ISO15118-2
2025-12-16T18:12:02.322398+0100 chargesom manager[852313]: [INFO] connector:EvseM  :: EVSE IEC Charger state: Charging->Car Paused
2025-12-16T18:12:02.324433+0100 chargesom manager[852312]: [INFO] bsp:CbChargeSOM  :: handle_allow_power_on: request to OPEN the contactor
2025-12-16T18:12:03.300033+0100 chargesom manager[852313]: [INFO] connector:EvseM  :: EVSE ISO Change HLC Limits: 4500W/9.803922A, target_voltage 459, actual_voltage 0, hack_bpt false
2025-12-16T18:12:04.897047+0100 chargesom manager[852342]: [INFO] iso15118_charge  :: Welding-phase started
2025-12-16T18:12:04.897047+0100 chargesom manager[852342]: [ERRO] iso15118_charge  :: Failed response code detected for message "Welding Detection", error: Response FAILED
2025-12-16T18:12:04.898761+0100 chargesom manager[852313]: [INFO] connector:EvseM  ::                                     CAR ISO V2G WeldingDetectionReq
2025-12-16T18:12:04.995410+0100 chargesom manager[852313]: [INFO] connector:EvseM  :: EVSE ISO V2G WeldingDetectionRes
2025-12-16T18:12:05.710706+0100 chargesom manager[852313]: [INFO] connector:EvseM  :: EVSE ISO Change HLC Limits: 4500W/9.803922A, target_voltage 459, actual_voltage 2.3, hack_bpt false
2025-12-16T18:12:08.078852+0100 chargesom manager[852313]: [INFO] connector:EvseM  :: EVSE ISO Change HLC Limits: 4500W/9.803922A, target_voltage 459, actual_voltage 3.7, hack_bpt false
2025-12-16T18:12:43.505657+0100 chargesom manager[852344]: [WARN] powersupply_dc: size_t InfyCanDevice::remove_expired_telemetry_entries() :: Infy[0x00/SN_2818a396c70776_V]: module communication expired (timeout: 15s). Removing from active modules.
2025-12-16T18:12:43.507232+0100 chargesom manager[852344]: [INFO] powersupply_dc:  :: Infy: Communication fault detected - all 1 modules unresponsive, forcing system OFF for safety
2025-12-16T18:12:43.507232+0100 chargesom manager[852344]: [ERRO] powersupply_dc: module::main::power_supply_DCImpl::init()::<lambda(uint8_t, InfyCanDevice::Error, bool)> :: Infy[0xFF]: communication fault detected
2025-12-16T18:12:43.507232+0100 chargesom manager[852344]: [ERRO] powersupply_dc:  :: Error raised, type: power_supply_DC/CommunicationFault, sub_type: , message: Infy[0xFF]: communication fault detected
2025-12-16T18:12:43.507232+0100 chargesom manager[852344]: [INFO] powersupply_dc:  :: Infy: Removed 1 expired modules. Active modules remaining: 0
2025-12-16T18:12:43.507232+0100 chargesom manager[852344]: [INFO] powersupply_dc:  :: Infy: No telemetries received, setting default capabilities
2025-12-16T18:12:44.704120+0100 chargesom manager[852313]: [INFO] connector:EvseM  :: EVSE ISO Change HLC Limits: 0W/0A, target_voltage 459, actual_voltage 0, hack_bpt false
2025-12-16T18:13:05.053044+0100 chargesom manager[852342]: [ERRO] iso15118_charge  :: Sequence timeout has occurred (message: Welding Detection)
2025-12-16T18:13:05.053044+0100 chargesom manager[852342]: [ERRO] iso15118_charge  :: Timeout waiting for next request or peer closed connection
2025-12-16T18:13:05.053044+0100 chargesom manager[852342]: [INFO] iso15118_charge  :: v2g_handle_connection exited with -1
2025-12-16T18:13:05.053044+0100 chargesom manager[852342]: [INFO] iso15118_charge  :: Closing TCP connection
