2025-12-16T23:34:40.294864+0100 chargesom manager[934640]: [INFO] token_validator  :: Returning validation status: Accepted
2025-12-16T23:34:40.296821+0100 chargesom manager[934596]: [INFO] auth:Auth        :: Providing authorization to evse#1
2025-12-16T23:34:40.535637+0100 chargesom manager[934598]: [INFO] connector:EvseM  :: EVSE IEC Set PWM On (5.0%) took 0 ms
2025-12-16T23:34:40.577798+0100 chargesom manager[934597]: [INFO] bsp:CbChargeSOM  :: handle_pwm_on: Setting new duty cycle of 5.0%
2025-12-16T23:34:40.630146+0100 chargesom manager[934596]: [INFO] auth:Auth        :: Result for token: [redacted] hash: 29F2679CA504908: ACCEPTED
2025-12-16T23:34:40.670291+0100 chargesom manager[934598]: [INFO] connector:EvseM  :: EVSE ISO Change HLC Limits: 1350W/102A, target_voltage 0, actual_voltage 0, hack_bpt false
2025-12-16T23:34:40.721973+0100 chargesom manager[934598]: [INFO] connector:EvseM  :: EVSE IEC EIM Authorization received
2025-12-16T23:34:40.722425+0100 chargesom manager[934598]: [INFO] connector:EvseM  :: EVSE IEC Transaction Started (0 kWh)
2025-12-16T23:34:40.722875+0100 chargesom manager[934598]: [INFO] connector:EvseM  :: EVSE IEC DC mode. We are in 5percent mode so we can continue without further action.
2025-12-16T23:34:40.723204+0100 chargesom manager[934598]: [INFO] connector:EvseM  :: EVSE IEC Charger state: Wait for Auth->PrepareCharging
2025-12-16T23:34:46.632988+0100 chargesom manager[934610]: [INFO] evse_slac:EvseS  :: Session (run_id=6B358E4206834185, ev_mac=F0:7F:0C:11:12:F1): initialized, waiting for CM_START_ATTEN_CHAR_IND
2025-12-16T23:34:46.871550+0100 chargesom manager[934610]: [INFO] evse_slac:EvseS  :: Session (run_id=6B358E4206834185, ev_mac=F0:7F:0C:11:12:F1): received CM_START_ATTEN_CHAR_IND, going to substate SOUNDING
2025-12-16T23:34:46.911644+0100 chargesom manager[934610]: [INFO] evse_slac:EvseS  :: Session (run_id=6B358E4206834185, ev_mac=F0:7F:0C:11:12:F1): needs to be in state WAIT_FOR_START_ATTEN_CHAR for CM_START_ATTEN_CHAR_IND
2025-12-16T23:34:46.951523+0100 chargesom manager[934610]: [INFO] evse_slac:EvseS  :: Session (run_id=6B358E4206834185, ev_mac=F0:7F:0C:11:12:F1): needs to be in state WAIT_FOR_START_ATTEN_CHAR for CM_START_ATTEN_CHAR_IND
2025-12-16T23:34:46.991500+0100 chargesom manager[934610]: [INFO] evse_slac:EvseS  :: Session (run_id=6B358E4206834185, ev_mac=F0:7F:0C:11:12:F1): received CM_MNBC_SOUND_IND
2025-12-16T23:34:46.999224+0100 chargesom manager[934610]: [INFO] evse_slac:EvseS  :: Session (run_id=6B358E4206834185, ev_mac=F0:7F:0C:11:12:F1): received CM_ATTEN_PROFILE_IND
2025-12-16T23:34:47.031540+0100 chargesom manager[934610]: [INFO] evse_slac:EvseS  :: Session (run_id=6B358E4206834185, ev_mac=F0:7F:0C:11:12:F1): received CM_MNBC_SOUND_IND
2025-12-16T23:34:47.038837+0100 chargesom manager[934610]: [INFO] evse_slac:EvseS  :: Session (run_id=6B358E4206834185, ev_mac=F0:7F:0C:11:12:F1): received CM_ATTEN_PROFILE_IND
2025-12-16T23:34:47.071554+0100 chargesom manager[934610]: [INFO] evse_slac:EvseS  :: Session (run_id=6B358E4206834185, ev_mac=F0:7F:0C:11:12:F1): received CM_MNBC_SOUND_IND
2025-12-16T23:34:47.078918+0100 chargesom manager[934610]: [INFO] evse_slac:EvseS  :: Session (run_id=6B358E4206834185, ev_mac=F0:7F:0C:11:12:F1): received CM_ATTEN_PROFILE_IND
2025-12-16T23:34:47.111548+0100 chargesom manager[934610]: [INFO] evse_slac:EvseS  :: Session (run_id=6B358E4206834185, ev_mac=F0:7F:0C:11:12:F1): received CM_MNBC_SOUND_IND
2025-12-16T23:34:47.119355+0100 chargesom manager[934610]: [INFO] evse_slac:EvseS  :: Session (run_id=6B358E4206834185, ev_mac=F0:7F:0C:11:12:F1): received CM_ATTEN_PROFILE_IND
2025-12-16T23:34:47.151501+0100 chargesom manager[934610]: [INFO] evse_slac:EvseS  :: Session (run_id=6B358E4206834185, ev_mac=F0:7F:0C:11:12:F1): received CM_MNBC_SOUND_IND
2025-12-16T23:34:47.158932+0100 chargesom manager[934610]: [INFO] evse_slac:EvseS  :: Session (run_id=6B358E4206834185, ev_mac=F0:7F:0C:11:12:F1): received CM_ATTEN_PROFILE_IND
2025-12-16T23:34:47.191589+0100 chargesom manager[934610]: [INFO] evse_slac:EvseS  :: Session (run_id=6B358E4206834185, ev_mac=F0:7F:0C:11:12:F1): received CM_MNBC_SOUND_IND
2025-12-16T23:34:47.199401+0100 chargesom manager[934610]: [INFO] evse_slac:EvseS  :: Session (run_id=6B358E4206834185, ev_mac=F0:7F:0C:11:12:F1): received CM_ATTEN_PROFILE_IND
2025-12-16T23:34:47.231551+0100 chargesom manager[934610]: [INFO] evse_slac:EvseS  :: Session (run_id=6B358E4206834185, ev_mac=F0:7F:0C:11:12:F1): received CM_MNBC_SOUND_IND
2025-12-16T23:34:47.239269+0100 chargesom manager[934610]: [INFO] evse_slac:EvseS  :: Session (run_id=6B358E4206834185, ev_mac=F0:7F:0C:11:12:F1): received CM_ATTEN_PROFILE_IND
2025-12-16T23:34:47.271553+0100 chargesom manager[934610]: [INFO] evse_slac:EvseS  :: Session (run_id=6B358E4206834185, ev_mac=F0:7F:0C:11:12:F1): received CM_MNBC_SOUND_IND
2025-12-16T23:34:47.279023+0100 chargesom manager[934610]: [INFO] evse_slac:EvseS  :: Session (run_id=6B358E4206834185, ev_mac=F0:7F:0C:11:12:F1): received CM_ATTEN_PROFILE_IND
2025-12-16T23:34:47.311505+0100 chargesom manager[934610]: [INFO] evse_slac:EvseS  :: Session (run_id=6B358E4206834185, ev_mac=F0:7F:0C:11:12:F1): received CM_MNBC_SOUND_IND
2025-12-16T23:34:47.319271+0100 chargesom manager[934610]: [INFO] evse_slac:EvseS  :: Session (run_id=6B358E4206834185, ev_mac=F0:7F:0C:11:12:F1): received CM_ATTEN_PROFILE_IND
2025-12-16T23:34:47.351464+0100 chargesom manager[934610]: [INFO] evse_slac:EvseS  :: Session (run_id=6B358E4206834185, ev_mac=F0:7F:0C:11:12:F1): received CM_MNBC_SOUND_IND
2025-12-16T23:34:47.358859+0100 chargesom manager[934610]: [INFO] evse_slac:EvseS  :: Session (run_id=6B358E4206834185, ev_mac=F0:7F:0C:11:12:F1): received CM_ATTEN_PROFILE_IND
2025-12-16T23:34:47.359139+0100 chargesom manager[934610]: [INFO] evse_slac:EvseS  :: Session (run_id=6B358E4206834185, ev_mac=F0:7F:0C:11:12:F1): received all sounds, going to substate FINALIZE_SOUNDING
2025-12-16T23:34:47.403207+0100 chargesom manager[934610]: [INFO] evse_slac:EvseS  :: Session (run_id=6B358E4206834185, ev_mac=F0:7F:0C:11:12:F1): Finalize sounding, sending CM_ATTEN_CHAR_IND
2025-12-16T23:34:47.409415+0100 chargesom manager[934610]: [INFO] evse_slac:EvseS  :: Session (run_id=6B358E4206834185, ev_mac=F0:7F:0C:11:12:F1): received CM_ATTEN_CHAR_RSP, going to substate WAIT_FOR_SLAC_MATCH
2025-12-16T23:34:48.081673+0100 chargesom manager[934610]: [INFO] evse_slac:EvseS  :: Session (run_id=6B358E4206834185, ev_mac=F0:7F:0C:11:12:F1): Received CM_SLAC_MATCH_REQ, sending CM_SLAC_MATCH_CNF -> session complete
2025-12-16T23:34:48.083657+0100 chargesom manager[934610]: [INFO] evse_slac:EvseS  :: Entered Matched state
2025-12-16T23:34:48.084726+0100 chargesom manager[934598]: [INFO] connector:EvseM  :: EVSE ISO SLAC MATCHED
2025-12-16T23:34:48.125402+0100 chargesom manager[934598]: [INFO] connector:EvseM  :: EVSE ISO D-LINK_READY (true)
2025-12-16T23:34:49.861663+0100 chargesom manager[934618]: [INFO] iso15118_charge  :: Received packet from [fe80::f27f:cff:fe11:12f1]:49152 with security 0x10 and protocol 0x00
2025-12-16T23:34:49.861663+0100 chargesom manager[934618]: [INFO] iso15118_charge  :: SDP requested NO-TLS, announcing NO-TLS
2025-12-16T23:34:49.861663+0100 chargesom manager[934618]: [INFO] iso15118_charge  :: sendto([fe80::f27f:cff:fe11:12f1]:49152) succeeded
2025-12-16T23:34:51.132152+0100 chargesom manager[934618]: [INFO] iso15118_charge  :: Incoming connection on eth1 from [a00:c000:0:0:fe80::]:49152
2025-12-16T23:34:51.132152+0100 chargesom manager[934618]: [INFO] iso15118_charge  :: Started new TCP connection thread
2025-12-16T23:34:51.162016+0100 chargesom manager[934618]: [INFO] iso15118_charge  :: Handling SupportedAppProtocolReq
2025-12-16T23:34:51.162878+0100 chargesom manager[934618]: [INFO] iso15118_charge  :: Protocol negotiation was successful. Selected protocol is ISO15118
2025-12-16T23:34:51.164797+0100 chargesom manager[934598]: [INFO] connector:EvseM  ::                                     CAR ISO V2G SupportedAppProtocolReq
2025-12-16T23:34:51.201739+0100 chargesom manager[934618]: [INFO] iso15118_charge  :: SessionSetupReq.EVCCID: F0:7F:0C:11:12:F1
2025-12-16T23:34:51.202043+0100 chargesom manager[934618]: [INFO] iso15118_charge  :: No session_id found or not equal to the id from the preceding v2g session. Generating random session id.
2025-12-16T23:34:51.202043+0100 chargesom manager[934618]: [INFO] iso15118_charge  :: Created new session with id 0x18431947670311388369
2025-12-16T23:34:51.206123+0100 chargesom manager[934598]: [INFO] connector:EvseM  :: EVSE ISO V2G SupportedAppProtocolRes
2025-12-16T23:34:51.251160+0100 chargesom manager[934598]: [INFO] connector:EvseM  ::                                     CAR ISO V2G SessionSetupReq
2025-12-16T23:34:51.341791+0100 chargesom manager[934618]: [WARN] iso15118_charge  :: PnC is not allowed without TLS-communication. Correcting value to '1' (ExternalPayment)
2025-12-16T23:34:51.343144+0100 chargesom manager[934598]: [INFO] connector:EvseM  :: EVSE ISO V2G SessionSetupRes
2025-12-16T23:34:51.344620+0100 chargesom manager[934598]: [INFO] connector:EvseM  ::                                     CAR ISO V2G ServiceDiscoveryReq
2025-12-16T23:34:51.441428+0100 chargesom manager[934598]: [INFO] connector:EvseM  :: EVSE ISO V2G ServiceDiscoveryRes
2025-12-16T23:34:51.481532+0100 chargesom manager[934618]: [INFO] iso15118_charge  :: SelectedPaymentOption: ExternalPayment
2025-12-16T23:34:51.483196+0100 chargesom manager[934598]: [INFO] connector:EvseM  ::                                     CAR ISO V2G PaymentServiceSelectionReq
2025-12-16T23:34:51.580079+0100 chargesom manager[934598]: [INFO] connector:EvseM  :: EVSE ISO V2G PaymentServiceSelectionRes
2025-12-16T23:34:51.722144+0100 chargesom manager[934598]: [INFO] connector:EvseM  ::                                     CAR ISO V2G AuthorizationReq
2025-12-16T23:34:51.730326+0100 chargesom manager[934598]: [INFO] connector:EvseM  :: EVSE ISO V2G AuthorizationRes
2025-12-16T23:34:51.852882+0100 chargesom manager[934598]: [INFO] connector:EvseM  ::                                     CAR ISO V2G AuthorizationReq
2025-12-16T23:34:51.950075+0100 chargesom manager[934598]: [INFO] connector:EvseM  :: EVSE ISO V2G AuthorizationRes
2025-12-16T23:34:51.991615+0100 chargesom manager[934618]: [INFO] iso15118_charge  :: Parameter-phase started
2025-12-16T23:34:51.992219+0100 chargesom manager[934618]: [INFO] iso15118_charge  :: Selected energy transfer mode: DC_extended
2025-12-16T23:34:52.043070+0100 chargesom manager[934598]: [INFO] connector:EvseM  :: Received EV maximum limits: {
2025-12-16T23:34:52.043070+0100 chargesom manager[934598]:     "dc_ev_maximum_current_limit": 350.0,
2025-12-16T23:34:52.043070+0100 chargesom manager[934598]:     "dc_ev_maximum_voltage_limit": 464.0
2025-12-16T23:34:52.043070+0100 chargesom manager[934598]: }
2025-12-16T23:34:52.086064+0100 chargesom manager[934598]: [INFO] connector:EvseM  ::                                     CAR ISO V2G ChargeParameterDiscoveryReq
2025-12-16T23:34:52.171903+0100 chargesom manager[934598]: [INFO] connector:EvseM  :: EVSE ISO V2G ChargeParameterDiscoveryRes
2025-12-16T23:34:53.386168+0100 chargesom manager[934597]: [INFO] bsp:CbChargeSOM  :: Contactor 1 state change detected: now Closed
2025-12-16T23:34:53.387221+0100 chargesom manager[934597]: [INFO] bsp:CbChargeSOM  :: Contactor 2 state change detected: now Closed
2025-12-16T23:34:53.387221+0100 chargesom manager[934597]: [INFO] bsp:CbChargeSOM  :: CP state change from B to C, PWM: 5.0%
2025-12-16T23:34:53.405931+0100 chargesom manager[934598]: [INFO] connector:EvseM  :: EVSE IEC Event PowerOn
2025-12-16T23:34:53.495229+0100 chargesom manager[934598]: [INFO] connector:EvseM  ::                                     CAR ISO V2G CableCheckReq
2025-12-16T23:34:53.495229+0100 chargesom manager[934598]: [INFO] connector:EvseM  :: EVSE ISO Start cable check...
2025-12-16T23:34:53.495229+0100 chargesom manager[934598]: [INFO] connector:EvseM  ::                                     CAR ISO DC HLC Close contactor (in CableCheck)
2025-12-16T23:34:53.495229+0100 chargesom manager[934598]: [INFO] connector:EvseM  :: EV reports 464 V as maximum voltage
2025-12-16T23:34:53.495229+0100 chargesom manager[934598]: [INFO] connector:EvseM  :: EVSE IEC DC power supply set: 500.00V/2.00A, requested was 500.00V/2.00A.
2025-12-16T23:34:53.496451+0100 chargesom manager[934598]: [INFO] connector:EvseM  ::                                     CAR IEC Event CarRequestedPower
2025-12-16T23:34:53.499174+0100 chargesom manager[934629]: [INFO] powersupply_dc:  :: Infy: Updating voltage/current via CAN: 500V / 2A total → 2A per module - active modules: 1
2025-12-16T23:34:53.499174+0100 chargesom manager[934629]: [INFO] powersupply_dc:  :: Infy: set_voltage_current(500V, 2A) - active modules: 1
2025-12-16T23:34:53.501322+0100 chargesom manager[934597]: [INFO] bsp:CbChargeSOM  :: handle_allow_power_on: request to CLOSE the contactor
2025-12-16T23:34:53.503702+0100 chargesom manager[934598]: [INFO] connector:EvseM  :: CableCheck: Using 500 V
2025-12-16T23:34:53.503702+0100 chargesom manager[934598]: [INFO] connector:EvseM  :: EVSE IEC DC power supply: switch ON called, ChargingPhase: CableCheck
2025-12-16T23:34:53.545366+0100 chargesom manager[934629]: [INFO] powersupply_dc:  :: Set mode via CAN: Export with phase CableCheck
2025-12-16T23:34:53.545946+0100 chargesom manager[934629]: [INFO] powersupply_dc:  :: Infy: switch_on_off(true) - active modules: 1
2025-12-16T23:34:53.597247+0100 chargesom manager[934598]: [INFO] connector:EvseM  :: EVSE ISO V2G CableCheckRes
2025-12-16T23:34:53.682473+0100 chargesom manager[934598]: [INFO] connector:EvseM  ::                                     CAR ISO V2G CableCheckReq
2025-12-16T23:34:53.780936+0100 chargesom manager[934598]: [INFO] connector:EvseM  :: EVSE ISO V2G CableCheckRes
2025-12-16T23:34:53.902577+0100 chargesom manager[934598]: [INFO] connector:EvseM  ::                                     CAR ISO V2G CableCheckReq
2025-12-16T23:34:54.000399+0100 chargesom manager[934598]: [INFO] connector:EvseM  :: EVSE ISO V2G CableCheckRes
2025-12-16T23:34:54.122408+0100 chargesom manager[934598]: [INFO] connector:EvseM  ::                                     CAR ISO V2G CableCheckReq
2025-12-16T23:34:54.220890+0100 chargesom manager[934598]: [INFO] connector:EvseM  :: EVSE ISO V2G CableCheckRes
2025-12-16T23:34:54.342757+0100 chargesom manager[934598]: [INFO] connector:EvseM  ::                                     CAR ISO V2G CableCheckReq
2025-12-16T23:34:54.457356+0100 chargesom manager[934598]: [INFO] connector:EvseM  :: EVSE ISO V2G CableCheckRes
2025-12-16T23:34:54.573671+0100 chargesom manager[934598]: [INFO] connector:EvseM  ::                                     CAR ISO V2G CableCheckReq
2025-12-16T23:34:54.660172+0100 chargesom manager[934598]: [INFO] connector:EvseM  :: EVSE ISO V2G CableCheckRes
2025-12-16T23:34:54.782387+0100 chargesom manager[934598]: [INFO] connector:EvseM  ::                                     CAR ISO V2G CableCheckReq
2025-12-16T23:34:54.880897+0100 chargesom manager[934598]: [INFO] connector:EvseM  :: EVSE ISO V2G CableCheckRes
2025-12-16T23:34:55.002488+0100 chargesom manager[934598]: [INFO] connector:EvseM  ::                                     CAR ISO V2G CableCheckReq
2025-12-16T23:34:55.100924+0100 chargesom manager[934598]: [INFO] connector:EvseM  :: EVSE ISO V2G CableCheckRes
2025-12-16T23:34:55.222367+0100 chargesom manager[934598]: [INFO] connector:EvseM  ::                                     CAR ISO V2G CableCheckReq
2025-12-16T23:34:55.320976+0100 chargesom manager[934598]: [INFO] connector:EvseM  :: EVSE ISO V2G CableCheckRes
2025-12-16T23:34:55.442495+0100 chargesom manager[934598]: [INFO] connector:EvseM  ::                                     CAR ISO V2G CableCheckReq
2025-12-16T23:34:55.539877+0100 chargesom manager[934598]: [INFO] connector:EvseM  :: EVSE ISO V2G CableCheckRes
2025-12-16T23:34:55.669922+0100 chargesom manager[934598]: [INFO] connector:EvseM  ::                                     CAR ISO V2G CableCheckReq
2025-12-16T23:34:55.761343+0100 chargesom manager[934598]: [INFO] connector:EvseM  :: EVSE ISO V2G CableCheckRes
2025-12-16T23:34:55.882502+0100 chargesom manager[934598]: [INFO] connector:EvseM  ::                                     CAR ISO V2G CableCheckReq
2025-12-16T23:34:55.980970+0100 chargesom manager[934598]: [INFO] connector:EvseM  :: EVSE ISO V2G CableCheckRes
2025-12-16T23:34:56.102417+0100 chargesom manager[934598]: [INFO] connector:EvseM  ::                                     CAR ISO V2G CableCheckReq
2025-12-16T23:34:56.201138+0100 chargesom manager[934598]: [INFO] connector:EvseM  :: EVSE ISO V2G CableCheckRes
2025-12-16T23:34:56.323884+0100 chargesom manager[934598]: [INFO] connector:EvseM  ::                                     CAR ISO V2G CableCheckReq
2025-12-16T23:34:56.420908+0100 chargesom manager[934598]: [INFO] connector:EvseM  :: EVSE ISO V2G CableCheckRes
2025-12-16T23:34:56.542313+0100 chargesom manager[934598]: [INFO] connector:EvseM  ::                                     CAR ISO V2G CableCheckReq
2025-12-16T23:34:56.641150+0100 chargesom manager[934598]: [INFO] connector:EvseM  :: EVSE ISO V2G CableCheckRes
2025-12-16T23:34:56.777690+0100 chargesom manager[934598]: [INFO] connector:EvseM  ::                                     CAR ISO V2G CableCheckReq
2025-12-16T23:34:56.866131+0100 chargesom manager[934598]: [INFO] connector:EvseM  :: EVSE ISO V2G CableCheckRes
2025-12-16T23:34:56.982258+0100 chargesom manager[934598]: [INFO] connector:EvseM  ::                                     CAR ISO V2G CableCheckReq
2025-12-16T23:34:57.054651+0100 chargesom manager[934598]: [INFO] connector:EvseM  :: CableCheck: IMD self test started.
2025-12-16T23:34:57.097210+0100 chargesom manager[934598]: [INFO] connector:EvseM  :: EVSE ISO V2G CableCheckRes
2025-12-16T23:34:57.202308+0100 chargesom manager[934598]: [INFO] connector:EvseM  ::                                     CAR ISO V2G CableCheckReq
2025-12-16T23:34:57.301766+0100 chargesom manager[934598]: [INFO] connector:EvseM  :: EVSE ISO V2G CableCheckRes
2025-12-16T23:34:57.422246+0100 chargesom manager[934598]: [INFO] connector:EvseM  ::                                     CAR ISO V2G CableCheckReq
2025-12-16T23:34:57.520731+0100 chargesom manager[934598]: [INFO] connector:EvseM  :: EVSE ISO V2G CableCheckRes
2025-12-16T23:34:57.642349+0100 chargesom manager[934598]: [INFO] connector:EvseM  ::                                     CAR ISO V2G CableCheckReq
2025-12-16T23:34:57.740477+0100 chargesom manager[934598]: [INFO] connector:EvseM  :: EVSE ISO V2G CableCheckRes
2025-12-16T23:34:57.862659+0100 chargesom manager[934598]: [INFO] connector:EvseM  ::                                     CAR ISO V2G CableCheckReq
2025-12-16T23:34:57.961305+0100 chargesom manager[934598]: [INFO] connector:EvseM  :: EVSE ISO V2G CableCheckRes
2025-12-16T23:34:58.003507+0100 chargesom manager[934598]: [INFO] connector:EvseM  :: EVSE ISO Change HLC Limits: 1350W/102A, target_voltage 0, actual_voltage 495.4, hack_bpt false
2025-12-16T23:34:58.094081+0100 chargesom manager[934598]: [INFO] connector:EvseM  ::                                     CAR ISO V2G CableCheckReq
2025-12-16T23:34:58.181687+0100 chargesom manager[934598]: [INFO] connector:EvseM  :: EVSE ISO V2G CableCheckRes
2025-12-16T23:34:58.305663+0100 chargesom manager[934598]: [INFO] connector:EvseM  ::                                     CAR ISO V2G CableCheckReq
2025-12-16T23:34:58.400797+0100 chargesom manager[934598]: [INFO] connector:EvseM  :: EVSE ISO V2G CableCheckRes
2025-12-16T23:34:58.522297+0100 chargesom manager[934598]: [INFO] connector:EvseM  ::                                     CAR ISO V2G CableCheckReq
2025-12-16T23:34:58.620719+0100 chargesom manager[934598]: [INFO] connector:EvseM  :: EVSE ISO V2G CableCheckRes
2025-12-16T23:34:58.742192+0100 chargesom manager[934598]: [INFO] connector:EvseM  ::                                     CAR ISO V2G CableCheckReq
2025-12-16T23:34:58.840575+0100 chargesom manager[934598]: [INFO] connector:EvseM  :: EVSE ISO V2G CableCheckRes
2025-12-16T23:34:58.962301+0100 chargesom manager[934598]: [INFO] connector:EvseM  ::                                     CAR ISO V2G CableCheckReq
2025-12-16T23:34:59.060597+0100 chargesom manager[934598]: [INFO] connector:EvseM  :: EVSE ISO V2G CableCheckRes
2025-12-16T23:34:59.194192+0100 chargesom manager[934598]: [INFO] connector:EvseM  ::                                     CAR ISO V2G CableCheckReq
2025-12-16T23:34:59.194611+0100 chargesom manager[934598]: [INFO] connector:EvseM  :: EVSE ISO Change HLC Limits: 1350W/102A, target_voltage 0, actual_voltage 499.9, hack_bpt false
2025-12-16T23:34:59.305910+0100 chargesom manager[934598]: [INFO] connector:EvseM  :: EVSE ISO V2G CableCheckRes
2025-12-16T23:34:59.402193+0100 chargesom manager[934598]: [INFO] connector:EvseM  ::                                     CAR ISO V2G CableCheckReq
2025-12-16T23:34:59.500618+0100 chargesom manager[934598]: [INFO] connector:EvseM  :: EVSE ISO V2G CableCheckRes
2025-12-16T23:34:59.622313+0100 chargesom manager[934598]: [INFO] connector:EvseM  ::                                     CAR ISO V2G CableCheckReq
2025-12-16T23:34:59.720568+0100 chargesom manager[934598]: [INFO] connector:EvseM  :: EVSE ISO V2G CableCheckRes
2025-12-16T23:34:59.842121+0100 chargesom manager[934598]: [INFO] connector:EvseM  ::                                     CAR ISO V2G CableCheckReq
2025-12-16T23:34:59.940813+0100 chargesom manager[934598]: [INFO] connector:EvseM  :: EVSE ISO V2G CableCheckRes
2025-12-16T23:35:00.049277+0100 chargesom manager[934598]: [INFO] connector:EvseM  :: EVSE IEC Isolation monitor self test result: true
2025-12-16T23:35:00.093550+0100 chargesom manager[934598]: [INFO] connector:EvseM  ::                                     CAR ISO V2G CableCheckReq
2025-12-16T23:35:00.093960+0100 chargesom manager[934616]: [INFO] imd:IMDSimulato  :: Started simulated isolation monitoring with 1000 ms interval
2025-12-16T23:35:00.096135+0100 chargesom manager[934598]: [INFO] connector:EvseM  :: CableCheck: Waiting for 1 isolation measurement sample(s)
2025-12-16T23:35:00.137264+0100 chargesom manager[934598]: [INFO] connector:EvseM  :: EVSE IEC Isolation measurement Ok R_F 900000.
2025-12-16T23:35:00.183171+0100 chargesom manager[934598]: [INFO] connector:EvseM  :: EVSE ISO V2G CableCheckRes
2025-12-16T23:35:00.203103+0100 chargesom manager[934598]: [INFO] connector:EvseM  :: EVSE IEC DC power supply OFF
2025-12-16T23:35:00.205500+0100 chargesom manager[934629]: [INFO] powersupply_dc:  :: Set mode via CAN: Off with phase CableCheck
2025-12-16T23:35:00.205500+0100 chargesom manager[934629]: [INFO] powersupply_dc:  :: Infy: switch_on_off(false) - active modules: 1
2025-12-16T23:35:00.305319+0100 chargesom manager[934598]: [INFO] connector:EvseM  ::                                     CAR ISO V2G CableCheckReq
2025-12-16T23:35:00.405440+0100 chargesom manager[934598]: [INFO] connector:EvseM  :: EVSE ISO V2G CableCheckRes
2025-12-16T23:35:00.502986+0100 chargesom manager[934598]: [INFO] connector:EvseM  ::                                     CAR ISO V2G CableCheckReq
2025-12-16T23:35:00.600580+0100 chargesom manager[934598]: [INFO] connector:EvseM  :: EVSE ISO V2G CableCheckRes
2025-12-16T23:35:00.721907+0100 chargesom manager[934598]: [INFO] connector:EvseM  ::                                     CAR ISO V2G CableCheckReq
2025-12-16T23:35:00.821516+0100 chargesom manager[934598]: [INFO] connector:EvseM  :: EVSE ISO V2G CableCheckRes
2025-12-16T23:35:00.941953+0100 chargesom manager[934598]: [INFO] connector:EvseM  ::                                     CAR ISO V2G CableCheckReq
2025-12-16T23:35:01.040388+0100 chargesom manager[934598]: [INFO] connector:EvseM  :: EVSE ISO V2G CableCheckRes
2025-12-16T23:35:01.162078+0100 chargesom manager[934598]: [INFO] connector:EvseM  ::                                     CAR ISO V2G CableCheckReq
2025-12-16T23:35:01.260350+0100 chargesom manager[934598]: [INFO] connector:EvseM  :: EVSE ISO V2G CableCheckRes
2025-12-16T23:35:01.382091+0100 chargesom manager[934598]: [INFO] connector:EvseM  ::                                     CAR ISO V2G CableCheckReq
2025-12-16T23:35:01.501331+0100 chargesom manager[934598]: [INFO] connector:EvseM  :: EVSE ISO V2G CableCheckRes
2025-12-16T23:35:01.601896+0100 chargesom manager[934598]: [INFO] connector:EvseM  ::                                     CAR ISO V2G CableCheckReq
2025-12-16T23:35:01.700372+0100 chargesom manager[934598]: [INFO] connector:EvseM  :: EVSE ISO V2G CableCheckRes
2025-12-16T23:35:01.822042+0100 chargesom manager[934598]: [INFO] connector:EvseM  ::                                     CAR ISO V2G CableCheckReq
2025-12-16T23:35:01.920251+0100 chargesom manager[934598]: [INFO] connector:EvseM  :: EVSE ISO V2G CableCheckRes
2025-12-16T23:35:02.005148+0100 chargesom manager[934598]: [INFO] connector:EvseM  :: CableCheck done, output is below 60V
2025-12-16T23:35:02.049436+0100 chargesom manager[934598]: [INFO] connector:EvseM  ::                                     CAR ISO V2G CableCheckReq
2025-12-16T23:35:02.140397+0100 chargesom manager[934598]: [INFO] connector:EvseM  :: EVSE ISO V2G CableCheckRes
2025-12-16T23:35:02.262028+0100 chargesom manager[934598]: [INFO] connector:EvseM  ::                                     CAR ISO V2G CableCheckReq
2025-12-16T23:35:02.360522+0100 chargesom manager[934598]: [INFO] connector:EvseM  :: EVSE ISO V2G CableCheckRes
2025-12-16T23:35:02.551869+0100 chargesom manager[934618]: [INFO] iso15118_charge  :: Precharge-phase started
2025-12-16T23:35:02.582001+0100 chargesom manager[934598]: [INFO] connector:EvseM  :: EVSE IEC DC power supply set: 447.00V/1.00A, requested was 447.00V/1.00A.
2025-12-16T23:35:02.582001+0100 chargesom manager[934598]: [INFO] connector:EvseM  :: EVSE ISO Change HLC Limits: 1350W/102A, target_voltage 0, actual_voltage 0, hack_bpt false
2025-12-16T23:35:02.627273+0100 chargesom manager[934629]: [INFO] powersupply_dc:  :: Infy: Updating voltage/current via CAN: 447V / 1A total → 1A per module - active modules: 1
2025-12-16T23:35:02.627273+0100 chargesom manager[934629]: [INFO] powersupply_dc:  :: Infy: set_voltage_current(447V, 1A) - active modules: 1
2025-12-16T23:35:02.669834+0100 chargesom manager[934598]: [INFO] connector:EvseM  :: EVSE IEC DC power supply: switch ON called, ChargingPhase: PreCharge
2025-12-16T23:35:02.713651+0100 chargesom manager[934629]: [INFO] powersupply_dc:  :: Set mode via CAN: Export with phase PreCharge
2025-12-16T23:35:02.713651+0100 chargesom manager[934629]: [INFO] powersupply_dc:  :: Infy: switch_on_off(true) - active modules: 1
2025-12-16T23:35:02.717400+0100 chargesom manager[934598]: [INFO] connector:EvseM  ::                                     CAR ISO V2G PreChargeReq
2025-12-16T23:35:02.718582+0100 chargesom manager[934598]: [INFO] connector:EvseM  :: EVSE ISO V2G PreChargeRes
2025-12-16T23:35:02.772074+0100 chargesom manager[934598]: [INFO] connector:EvseM  ::                                     CAR ISO V2G PreChargeReq
2025-12-16T23:35:02.870639+0100 chargesom manager[934598]: [INFO] connector:EvseM  :: EVSE ISO V2G PreChargeRes
2025-12-16T23:35:02.991902+0100 chargesom manager[934598]: [INFO] connector:EvseM  ::                                     CAR ISO V2G PreChargeReq
2025-12-16T23:35:03.090301+0100 chargesom manager[934598]: [INFO] connector:EvseM  :: EVSE ISO V2G PreChargeRes
2025-12-16T23:35:03.211918+0100 chargesom manager[934598]: [INFO] connector:EvseM  ::                                     CAR ISO V2G PreChargeReq
2025-12-16T23:35:03.310270+0100 chargesom manager[934598]: [INFO] connector:EvseM  :: EVSE ISO V2G PreChargeRes
2025-12-16T23:35:03.432090+0100 chargesom manager[934598]: [INFO] connector:EvseM  ::                                     CAR ISO V2G PreChargeReq
2025-12-16T23:35:03.530772+0100 chargesom manager[934598]: [INFO] connector:EvseM  :: EVSE ISO V2G PreChargeRes
2025-12-16T23:35:03.651781+0100 chargesom manager[934598]: [INFO] connector:EvseM  ::                                     CAR ISO V2G PreChargeReq
2025-12-16T23:35:03.750334+0100 chargesom manager[934598]: [INFO] connector:EvseM  :: EVSE ISO V2G PreChargeRes
2025-12-16T23:35:03.858788+0100 chargesom manager[934598]: [INFO] connector:EvseM  :: EVSE ISO Change HLC Limits: 1350W/3.0201342A, target_voltage 447, actual_voltage 0, hack_bpt false
2025-12-16T23:35:03.901633+0100 chargesom manager[934598]: [INFO] connector:EvseM  ::                                     CAR ISO V2G PreChargeReq
2025-12-16T23:35:03.914485+0100 chargesom manager[934598]: [INFO] connector:EvseM  :: EVSE IEC DC power supply set: 447.00V/1.00A, requested was 447.00V/1.00A.
2025-12-16T23:35:03.957773+0100 chargesom manager[934629]: [INFO] powersupply_dc:  :: Infy: Updating voltage/current via CAN: 447V / 1A total → 1A per module - active modules: 1
2025-12-16T23:35:03.958838+0100 chargesom manager[934629]: [INFO] powersupply_dc:  :: Infy: set_voltage_current(447V, 1A) - active modules: 1
2025-12-16T23:35:04.001727+0100 chargesom manager[934598]: [INFO] connector:EvseM  :: EVSE ISO V2G PreChargeRes
2025-12-16T23:35:04.133565+0100 chargesom manager[934598]: [INFO] connector:EvseM  ::                                     CAR ISO V2G PreChargeReq
2025-12-16T23:35:04.190577+0100 chargesom manager[934598]: [INFO] connector:EvseM  :: EVSE ISO V2G PreChargeRes
2025-12-16T23:35:04.311856+0100 chargesom manager[934598]: [INFO] connector:EvseM  ::                                     CAR ISO V2G PreChargeReq
2025-12-16T23:35:04.410916+0100 chargesom manager[934598]: [INFO] connector:EvseM  :: EVSE ISO V2G PreChargeRes
2025-12-16T23:35:04.531934+0100 chargesom manager[934598]: [INFO] connector:EvseM  ::                                     CAR ISO V2G PreChargeReq
2025-12-16T23:35:04.630361+0100 chargesom manager[934598]: [INFO] connector:EvseM  :: EVSE ISO V2G PreChargeRes
2025-12-16T23:35:04.751858+0100 chargesom manager[934598]: [INFO] connector:EvseM  ::                                     CAR ISO V2G PreChargeReq
2025-12-16T23:35:04.850574+0100 chargesom manager[934598]: [INFO] connector:EvseM  :: EVSE ISO V2G PreChargeRes
2025-12-16T23:35:04.971800+0100 chargesom manager[934598]: [INFO] connector:EvseM  ::                                     CAR ISO V2G PreChargeReq
2025-12-16T23:35:05.097893+0100 chargesom manager[934598]: [INFO] connector:EvseM  :: EVSE ISO V2G PreChargeRes
2025-12-16T23:35:05.114706+0100 chargesom manager[934598]: [INFO] connector:EvseM  :: EVSE ISO Change HLC Limits: 1350W/3.0201342A, target_voltage 447, actual_voltage 1.5, hack_bpt false
2025-12-16T23:35:05.201568+0100 chargesom manager[934598]: [INFO] connector:EvseM  ::                                     CAR ISO V2G PreChargeReq
2025-12-16T23:35:05.202829+0100 chargesom manager[934598]: [INFO] connector:EvseM  :: EVSE IEC DC power supply set: 447.00V/1.00A, requested was 447.00V/1.00A.
2025-12-16T23:35:05.204092+0100 chargesom manager[934629]: [INFO] powersupply_dc:  :: Infy: Updating voltage/current via CAN: 447V / 1A total → 1A per module - active modules: 1
2025-12-16T23:35:05.205114+0100 chargesom manager[934629]: [INFO] powersupply_dc:  :: Infy: set_voltage_current(447V, 1A) - active modules: 1
2025-12-16T23:35:05.309747+0100 chargesom manager[934598]: [INFO] connector:EvseM  :: EVSE ISO V2G PreChargeRes
2025-12-16T23:35:05.412125+0100 chargesom manager[934598]: [INFO] connector:EvseM  ::                                     CAR ISO V2G PreChargeReq
2025-12-16T23:35:05.510360+0100 chargesom manager[934598]: [INFO] connector:EvseM  :: EVSE ISO V2G PreChargeRes
2025-12-16T23:35:05.631852+0100 chargesom manager[934598]: [INFO] connector:EvseM  ::                                     CAR ISO V2G PreChargeReq
2025-12-16T23:35:05.730257+0100 chargesom manager[934598]: [INFO] connector:EvseM  :: EVSE ISO V2G PreChargeRes
2025-12-16T23:35:05.851780+0100 chargesom manager[934598]: [INFO] connector:EvseM  ::                                     CAR ISO V2G PreChargeReq
2025-12-16T23:35:05.950206+0100 chargesom manager[934598]: [INFO] connector:EvseM  :: EVSE ISO V2G PreChargeRes
2025-12-16T23:35:06.072005+0100 chargesom manager[934598]: [INFO] connector:EvseM  ::                                     CAR ISO V2G PreChargeReq
2025-12-16T23:35:06.170214+0100 chargesom manager[934598]: [INFO] connector:EvseM  :: EVSE ISO V2G PreChargeRes
2025-12-16T23:35:06.310962+0100 chargesom manager[934598]: [INFO] connector:EvseM  ::                                     CAR ISO V2G PreChargeReq
2025-12-16T23:35:06.390572+0100 chargesom manager[934598]: [INFO] connector:EvseM  :: EVSE ISO V2G PreChargeRes
2025-12-16T23:35:06.511781+0100 chargesom manager[934598]: [INFO] connector:EvseM  ::                                     CAR ISO V2G PreChargeReq
2025-12-16T23:35:06.610248+0100 chargesom manager[934598]: [INFO] connector:EvseM  :: EVSE ISO V2G PreChargeRes
2025-12-16T23:35:06.693434+0100 chargesom manager[934598]: [INFO] connector:EvseM  ::                                     CAR ISO V2G PowerDeliveryReq
2025-12-16T23:35:06.750713+0100 chargesom manager[934598]: [INFO] connector:EvseM  :: EVSE ISO V2G PowerDeliveryRes
2025-12-16T23:35:06.792033+0100 chargesom manager[934598]: [INFO] connector:EvseM  :: EVSE IEC DC power supply: switch ON in export mode
2025-12-16T23:35:06.837986+0100 chargesom manager[934629]: [INFO] powersupply_dc:  :: Set mode via CAN: Export with phase Charging
2025-12-16T23:35:06.838989+0100 chargesom manager[934629]: [INFO] powersupply_dc:  :: Infy: switch_on_off(true) - active modules: 1
2025-12-16T23:35:06.840334+0100 chargesom manager[934598]: [INFO] connector:EvseM  :: EVSE IEC DC power supply set: 447.00V/1.00A, requested was 447.00V/1.00A.
2025-12-16T23:35:06.885448+0100 chargesom manager[934629]: [INFO] powersupply_dc:  :: Infy: Updating voltage/current via CAN: 447V / 1A total → 1A per module - active modules: 1
2025-12-16T23:35:06.885448+0100 chargesom manager[934629]: [INFO] powersupply_dc:  :: Infy: set_voltage_current(447V, 1A) - active modules: 1
2025-12-16T23:35:06.930853+0100 chargesom manager[934598]: [INFO] connector:EvseM  :: EVSE IEC DC power supply set: 459.00V/1.00A, requested was 459.00V/0.00A.
2025-12-16T23:35:06.964094+0100 chargesom manager[934598]: [INFO] connector:EvseM  :: EVSE IEC Charger state: PrepareCharging->Charging
2025-12-16T23:35:06.964094+0100 chargesom manager[934598]: [INFO] connector:EvseM  :: Timing statistics (Plugin to CurrentDemand)
2025-12-16T23:35:06.964094+0100 chargesom manager[934598]: [INFO] connector:EvseM  :: -------------------------------------------
2025-12-16T23:35:06.964094+0100 chargesom manager[934598]: [INFO] connector:EvseM  :: ConnSetup | HLC_PWM_5%_ON: 727 ms | D-LINK_READY: 7592 ms | Auth EIM Done: 3507 ms | Total: 13600 ms
2025-12-16T23:35:06.964094+0100 chargesom manager[934598]: [INFO] connector:EvseM  :: CableCheck | <60V: 0 ms | Relay On: 0 ms | EVInfo: 0 ms | VRampUp: 3509 ms | Self test: 3044 ms | Measure: 87 ms | VRampDown: 1867 ms | Total: 8592 ms
2025-12-16T23:35:06.964094+0100 chargesom manager[934598]: [INFO] connector:EvseM  :: PrepareCharging | Charging started: 4876 ms | Total: 4876 ms
2025-12-16T23:35:06.964094+0100 chargesom manager[934598]: [INFO] connector:EvseM  :: Total duration all phases: 27069 ms
2025-12-16T23:35:06.966775+0100 chargesom manager[934629]: [INFO] powersupply_dc:  :: Infy: Updating voltage/current via CAN: 459V / 1A total → 1A per module - active modules: 1
2025-12-16T23:35:06.966775+0100 chargesom manager[934629]: [INFO] powersupply_dc:  :: Infy: set_voltage_current(459V, 1A) - active modules: 1
2025-12-16T23:35:07.010434+0100 chargesom manager[934598]: [INFO] connector:EvseM  ::                                     CAR ISO V2G CurrentDemandReq
2025-12-16T23:35:07.022967+0100 chargesom manager[934598]: [INFO] connector:EvseM  :: EVSE ISO V2G CurrentDemandRes
2025-12-16T23:35:07.022967+0100 chargesom manager[934598]: [INFO] connector:EvseM  :: EVSE IEC DC power supply set: 459.00V/3.00A, requested was 459.00V/3.00A.
2025-12-16T23:35:07.045186+0100 chargesom manager[934629]: [INFO] powersupply_dc:  :: Infy: Updating voltage/current via CAN: 459V / 3A total → 3A per module - active modules: 1
2025-12-16T23:35:07.045584+0100 chargesom manager[934629]: [INFO] powersupply_dc:  :: Infy: set_voltage_current(459V, 3A) - active modules: 1
2025-12-16T23:35:07.062516+0100 chargesom manager[934598]: [INFO] connector:EvseM  ::                                     CAR ISO V2G CurrentDemandReq
2025-12-16T23:35:07.109970+0100 chargesom manager[934598]: [INFO] connector:EvseM  :: EVSE ISO V2G CurrentDemandRes
2025-12-16T23:35:07.111481+0100 chargesom manager[934598]: [INFO] connector:EvseM  :: EVSE IEC Isolation measurement Ok R_F 900000.
2025-12-16T23:35:07.241299+0100 chargesom manager[934598]: [INFO] connector:EvseM  ::                                     CAR ISO V2G CurrentDemandReq
2025-12-16T23:35:07.330270+0100 chargesom manager[934598]: [INFO] connector:EvseM  :: EVSE ISO V2G CurrentDemandRes
2025-12-16T23:35:07.433746+0100 chargesom manager[934598]: [INFO] connector:EvseM  :: EVSE ISO Change HLC Limits: 1350W/3.107735A, target_voltage 459, actual_voltage 434.4, hack_bpt false
2025-12-16T23:35:07.477840+0100 chargesom manager[934598]: [INFO] connector:EvseM  ::                                     CAR ISO V2G CurrentDemandReq
2025-12-16T23:35:07.498759+0100 chargesom manager[934598]: [INFO] connector:EvseM  :: EVSE IEC DC power supply set: 459.00V/3.00A, requested was 459.00V/3.00A.
2025-12-16T23:35:07.541680+0100 chargesom manager[934629]: [INFO] powersupply_dc:  :: Infy: Updating voltage/current via CAN: 459V / 3A total → 3A per module - active modules: 1
2025-12-16T23:35:07.542085+0100 chargesom manager[934629]: [INFO] powersupply_dc:  :: Infy: set_voltage_current(459V, 3A) - active modules: 1
2025-12-16T23:35:07.585622+0100 chargesom manager[934598]: [INFO] connector:EvseM  :: EVSE ISO V2G CurrentDemandRes
2025-12-16T23:35:07.673247+0100 chargesom manager[934598]: [INFO] connector:EvseM  ::                                     CAR ISO V2G CurrentDemandReq
2025-12-16T23:35:07.770407+0100 chargesom manager[934598]: [INFO] connector:EvseM  :: EVSE ISO V2G CurrentDemandRes
2025-12-16T23:35:07.892073+0100 chargesom manager[934598]: [INFO] connector:EvseM  ::                                     CAR ISO V2G CurrentDemandReq
2025-12-16T23:35:07.990631+0100 chargesom manager[934598]: [INFO] connector:EvseM  :: EVSE ISO V2G CurrentDemandRes
2025-12-16T23:35:08.113623+0100 chargesom manager[934598]: [INFO] connector:EvseM  ::                                     CAR ISO V2G CurrentDemandReq
2025-12-16T23:35:08.114017+0100 chargesom manager[934598]: [INFO] connector:EvseM  :: EVSE IEC Isolation measurement Ok R_F 900000.
2025-12-16T23:35:08.245145+0100 chargesom manager[934598]: [INFO] connector:EvseM  :: EVSE ISO V2G CurrentDemandRes
2025-12-16T23:35:08.331658+0100 chargesom manager[934598]: [INFO] connector:EvseM  ::                                     CAR ISO V2G CurrentDemandReq
2025-12-16T23:35:08.429169+0100 chargesom manager[934598]: [INFO] connector:EvseM  :: EVSE ISO V2G CurrentDemandRes
2025-12-16T23:35:08.551645+0100 chargesom manager[934598]: [INFO] connector:EvseM  ::                                     CAR ISO V2G CurrentDemandReq
2025-12-16T23:35:08.682334+0100 chargesom manager[934598]: [INFO] connector:EvseM  :: EVSE ISO V2G CurrentDemandRes
2025-12-16T23:35:08.781369+0100 chargesom manager[934598]: [INFO] connector:EvseM  ::                                     CAR ISO V2G CurrentDemandReq
2025-12-16T23:35:08.870242+0100 chargesom manager[934598]: [INFO] connector:EvseM  :: EVSE ISO V2G CurrentDemandRes
2025-12-16T23:35:08.993159+0100 chargesom manager[934598]: [INFO] connector:EvseM  ::                                     CAR ISO V2G CurrentDemandReq
2025-12-16T23:35:09.097726+0100 chargesom manager[934598]: [INFO] connector:EvseM  :: EVSE ISO V2G CurrentDemandRes
2025-12-16T23:35:09.112102+0100 chargesom manager[934598]: [INFO] connector:EvseM  :: EVSE IEC Isolation measurement Ok R_F 900000.
2025-12-16T23:35:09.211594+0100 chargesom manager[934598]: [INFO] connector:EvseM  ::                                     CAR ISO V2G CurrentDemandReq
2025-12-16T23:35:09.313772+0100 chargesom manager[934598]: [INFO] connector:EvseM  :: EVSE ISO V2G CurrentDemandRes
2025-12-16T23:35:09.431856+0100 chargesom manager[934598]: [INFO] connector:EvseM  ::                                     CAR ISO V2G CurrentDemandReq
2025-12-16T23:35:09.530351+0100 chargesom manager[934598]: [INFO] connector:EvseM  :: EVSE ISO V2G CurrentDemandRes
2025-12-16T23:35:09.651957+0100 chargesom manager[934598]: [INFO] connector:EvseM  ::                                     CAR ISO V2G CurrentDemandReq
2025-12-16T23:35:09.789278+0100 chargesom manager[934598]: [INFO] connector:EvseM  :: EVSE ISO V2G CurrentDemandRes
2025-12-16T23:35:09.794725+0100 chargesom manager[934598]: [INFO] connector:EvseM  :: EVSE ISO Change HLC Limits: 1350W/3.0086918A, target_voltage 459, actual_voltage 448.7, hack_bpt false
2025-12-16T23:35:09.882163+0100 chargesom manager[934598]: [INFO] connector:EvseM  ::                                     CAR ISO V2G CurrentDemandReq
2025-12-16T23:35:09.884181+0100 chargesom manager[934598]: [INFO] connector:EvseM  :: EVSE IEC DC power supply set: 459.00V/3.00A, requested was 459.00V/3.00A.
2025-12-16T23:35:09.933451+0100 chargesom manager[934629]: [INFO] powersupply_dc:  :: Infy: Updating voltage/current via CAN: 459V / 3A total → 3A per module - active modules: 1
2025-12-16T23:35:09.934687+0100 chargesom manager[934629]: [INFO] powersupply_dc:  :: Infy: set_voltage_current(459V, 3A) - active modules: 1
2025-12-16T23:35:09.977449+0100 chargesom manager[934598]: [INFO] connector:EvseM  :: EVSE ISO V2G CurrentDemandRes
2025-12-16T23:35:10.091784+0100 chargesom manager[934598]: [INFO] connector:EvseM  ::                                     CAR ISO V2G CurrentDemandReq
2025-12-16T23:35:10.112629+0100 chargesom manager[934598]: [INFO] connector:EvseM  :: EVSE IEC Isolation measurement Ok R_F 900000.
2025-12-16T23:35:10.201954+0100 chargesom manager[934598]: [INFO] connector:EvseM  :: EVSE ISO V2G CurrentDemandRes
2025-12-16T23:35:10.313163+0100 chargesom manager[934598]: [INFO] connector:EvseM  ::                                     CAR ISO V2G CurrentDemandReq
2025-12-16T23:35:10.409061+0100 chargesom manager[934598]: [INFO] connector:EvseM  :: EVSE ISO V2G CurrentDemandRes
2025-12-16T23:35:10.531934+0100 chargesom manager[934598]: [INFO] connector:EvseM  ::                                     CAR ISO V2G CurrentDemandReq
2025-12-16T23:35:10.629205+0100 chargesom manager[934598]: [INFO] connector:EvseM  :: EVSE ISO V2G CurrentDemandRes
2025-12-16T23:35:10.751582+0100 chargesom manager[934598]: [INFO] connector:EvseM  ::                                     CAR ISO V2G CurrentDemandReq
2025-12-16T23:35:10.850305+0100 chargesom manager[934598]: [INFO] connector:EvseM  :: EVSE ISO V2G CurrentDemandRes
2025-12-16T23:35:10.973682+0100 chargesom manager[934598]: [INFO] connector:EvseM  ::                                     CAR ISO V2G CurrentDemandReq
2025-12-16T23:35:11.073671+0100 chargesom manager[934598]: [INFO] connector:EvseM  :: EVSE ISO V2G CurrentDemandRes
2025-12-16T23:35:11.117483+0100 chargesom manager[934598]: [INFO] connector:EvseM  :: EVSE IEC Isolation measurement Ok R_F 900000.
2025-12-16T23:35:11.209180+0100 chargesom manager[934598]: [INFO] connector:EvseM  ::                                     CAR ISO V2G CurrentDemandReq
2025-12-16T23:35:11.314295+0100 chargesom manager[934598]: [INFO] connector:EvseM  :: EVSE ISO V2G CurrentDemandRes
2025-12-16T23:35:11.411906+0100 chargesom manager[934598]: [INFO] connector:EvseM  ::                                     CAR ISO V2G CurrentDemandReq
2025-12-16T23:35:11.509376+0100 chargesom manager[934598]: [INFO] connector:EvseM  :: EVSE ISO V2G CurrentDemandRes
2025-12-16T23:35:11.631488+0100 chargesom manager[934598]: [INFO] connector:EvseM  ::                                     CAR ISO V2G CurrentDemandReq
2025-12-16T23:35:11.728952+0100 chargesom manager[934598]: [INFO] connector:EvseM  :: EVSE ISO V2G CurrentDemandRes
2025-12-16T23:35:11.851997+0100 chargesom manager[934598]: [INFO] connector:EvseM  ::                                     CAR ISO V2G CurrentDemandReq
2025-12-16T23:35:11.949253+0100 chargesom manager[934598]: [INFO] connector:EvseM  :: EVSE ISO V2G CurrentDemandRes
2025-12-16T23:35:12.093413+0100 chargesom manager[934598]: [INFO] connector:EvseM  ::                                     CAR ISO V2G CurrentDemandReq
2025-12-16T23:35:12.113122+0100 chargesom manager[934598]: [INFO] connector:EvseM  :: EVSE IEC Isolation measurement Ok R_F 900000.
2025-12-16T23:35:12.201810+0100 chargesom manager[934598]: [INFO] connector:EvseM  :: EVSE ISO V2G CurrentDemandRes
2025-12-16T23:35:12.313188+0100 chargesom manager[934598]: [INFO] connector:EvseM  ::                                     CAR ISO V2G CurrentDemandReq
2025-12-16T23:35:12.391024+0100 chargesom manager[934598]: [INFO] connector:EvseM  :: EVSE ISO V2G CurrentDemandRes
2025-12-16T23:35:12.511409+0100 chargesom manager[934598]: [INFO] connector:EvseM  ::                                     CAR ISO V2G CurrentDemandReq
2025-12-16T23:35:12.608919+0100 chargesom manager[934598]: [INFO] connector:EvseM  :: EVSE ISO V2G CurrentDemandRes
2025-12-16T23:35:12.732233+0100 chargesom manager[934598]: [INFO] connector:EvseM  ::                                     CAR ISO V2G CurrentDemandReq
2025-12-16T23:35:12.830577+0100 chargesom manager[934598]: [INFO] connector:EvseM  :: EVSE ISO V2G CurrentDemandRes
2025-12-16T23:35:12.951882+0100 chargesom manager[934598]: [INFO] connector:EvseM  ::                                     CAR ISO V2G CurrentDemandReq
2025-12-16T23:35:13.049380+0100 chargesom manager[934598]: [INFO] connector:EvseM  :: EVSE ISO V2G CurrentDemandRes
2025-12-16T23:35:13.113368+0100 chargesom manager[934598]: [INFO] connector:EvseM  :: EVSE IEC Isolation measurement Ok R_F 900000.
2025-12-16T23:35:13.201620+0100 chargesom manager[934598]: [INFO] connector:EvseM  ::                                     CAR ISO V2G CurrentDemandReq
2025-12-16T23:35:13.269896+0100 chargesom manager[934598]: [INFO] connector:EvseM  :: EVSE ISO V2G CurrentDemandRes
2025-12-16T23:35:13.405824+0100 chargesom manager[934598]: [INFO] connector:EvseM  ::                                     CAR ISO V2G CurrentDemandReq
2025-12-16T23:35:13.493185+0100 chargesom manager[934598]: [INFO] connector:EvseM  :: EVSE ISO V2G CurrentDemandRes
2025-12-16T23:35:13.611303+0100 chargesom manager[934598]: [INFO] connector:EvseM  ::                                     CAR ISO V2G CurrentDemandReq
2025-12-16T23:35:13.709804+0100 chargesom manager[934598]: [INFO] connector:EvseM  :: EVSE ISO V2G CurrentDemandRes
2025-12-16T23:35:13.832225+0100 chargesom manager[934598]: [INFO] connector:EvseM  ::                                     CAR ISO V2G CurrentDemandReq
2025-12-16T23:35:13.929361+0100 chargesom manager[934598]: [INFO] connector:EvseM  :: EVSE ISO V2G CurrentDemandRes
2025-12-16T23:35:14.053644+0100 chargesom manager[934598]: [INFO] connector:EvseM  ::                                     CAR ISO V2G CurrentDemandReq
2025-12-16T23:35:14.137204+0100 chargesom manager[934598]: [INFO] connector:EvseM  :: EVSE IEC Isolation measurement Ok R_F 900000.
2025-12-16T23:35:14.182993+0100 chargesom manager[934598]: [INFO] connector:EvseM  :: EVSE ISO V2G CurrentDemandRes
2025-12-16T23:35:14.271295+0100 chargesom manager[934598]: [INFO] connector:EvseM  ::                                     CAR ISO V2G CurrentDemandReq
2025-12-16T23:35:14.370618+0100 chargesom manager[934598]: [INFO] connector:EvseM  :: EVSE ISO V2G CurrentDemandRes
2025-12-16T23:35:14.501719+0100 chargesom manager[934598]: [INFO] connector:EvseM  ::                                     CAR ISO V2G CurrentDemandReq
2025-12-16T23:35:14.621401+0100 chargesom manager[934598]: [INFO] connector:EvseM  :: EVSE ISO V2G CurrentDemandRes
2025-12-16T23:35:14.711419+0100 chargesom manager[934598]: [INFO] connector:EvseM  ::                                     CAR ISO V2G CurrentDemandReq
2025-12-16T23:35:14.809785+0100 chargesom manager[934598]: [INFO] connector:EvseM  :: EVSE ISO V2G CurrentDemandRes
2025-12-16T23:35:14.931923+0100 chargesom manager[934598]: [INFO] connector:EvseM  ::                                     CAR ISO V2G CurrentDemandReq
2025-12-16T23:35:15.028942+0100 chargesom manager[934598]: [INFO] connector:EvseM  :: EVSE ISO V2G CurrentDemandRes
2025-12-16T23:35:15.113830+0100 chargesom manager[934598]: [INFO] connector:EvseM  :: EVSE IEC Isolation measurement Ok R_F 900000.
2025-12-16T23:35:15.157270+0100 chargesom manager[934598]: [INFO] connector:EvseM  ::                                     CAR ISO V2G CurrentDemandReq
2025-12-16T23:35:15.249893+0100 chargesom manager[934598]: [INFO] connector:EvseM  :: EVSE ISO V2G CurrentDemandRes
2025-12-16T23:35:15.371440+0100 chargesom manager[934598]: [INFO] connector:EvseM  ::                                     CAR ISO V2G CurrentDemandReq
2025-12-16T23:35:15.469763+0100 chargesom manager[934598]: [INFO] connector:EvseM  :: EVSE ISO V2G CurrentDemandRes
2025-12-16T23:35:15.629516+0100 chargesom manager[934598]: [INFO] connector:EvseM  ::                                     CAR ISO V2G CurrentDemandReq
2025-12-16T23:35:15.717323+0100 chargesom manager[934598]: [INFO] connector:EvseM  :: EVSE ISO V2G CurrentDemandRes
2025-12-16T23:35:15.811999+0100 chargesom manager[934598]: [INFO] connector:EvseM  ::                                     CAR ISO V2G CurrentDemandReq
2025-12-16T23:35:15.909171+0100 chargesom manager[934598]: [INFO] connector:EvseM  :: EVSE ISO V2G CurrentDemandRes
2025-12-16T23:35:16.031233+0100 chargesom manager[934598]: [INFO] connector:EvseM  ::                                     CAR ISO V2G CurrentDemandReq
2025-12-16T23:35:16.114173+0100 chargesom manager[934598]: [INFO] connector:EvseM  :: EVSE IEC Isolation measurement Ok R_F 900000.
2025-12-16T23:35:16.157354+0100 chargesom manager[934598]: [INFO] connector:EvseM  :: EVSE ISO V2G CurrentDemandRes
2025-12-16T23:35:16.251336+0100 chargesom manager[934598]: [INFO] connector:EvseM  ::                                     CAR ISO V2G CurrentDemandReq
2025-12-16T23:35:16.351546+0100 chargesom manager[934598]: [INFO] connector:EvseM  :: EVSE ISO V2G CurrentDemandRes
2025-12-16T23:35:16.471232+0100 chargesom manager[934598]: [INFO] connector:EvseM  ::                                     CAR ISO V2G CurrentDemandReq
2025-12-16T23:35:16.569866+0100 chargesom manager[934598]: [INFO] connector:EvseM  :: EVSE ISO V2G CurrentDemandRes
2025-12-16T23:35:16.725418+0100 chargesom manager[934598]: [INFO] connector:EvseM  ::                                     CAR ISO V2G CurrentDemandReq
2025-12-16T23:35:16.821452+0100 chargesom manager[934598]: [INFO] connector:EvseM  :: EVSE ISO V2G CurrentDemandRes
2025-12-16T23:35:16.912863+0100 chargesom manager[934598]: [INFO] connector:EvseM  ::                                     CAR ISO V2G CurrentDemandReq
2025-12-16T23:35:17.045681+0100 chargesom manager[934598]: [INFO] connector:EvseM  :: EVSE ISO V2G CurrentDemandRes
2025-12-16T23:35:17.114529+0100 chargesom manager[934598]: [INFO] connector:EvseM  :: EVSE IEC Isolation measurement Ok R_F 900000.
2025-12-16T23:35:17.157644+0100 chargesom manager[934598]: [INFO] connector:EvseM  ::                                     CAR ISO V2G CurrentDemandReq
2025-12-16T23:35:17.229990+0100 chargesom manager[934598]: [INFO] connector:EvseM  :: EVSE ISO V2G CurrentDemandRes
2025-12-16T23:35:17.351175+0100 chargesom manager[934598]: [INFO] connector:EvseM  ::                                     CAR ISO V2G CurrentDemandReq
2025-12-16T23:35:17.449703+0100 chargesom manager[934598]: [INFO] connector:EvseM  :: EVSE ISO V2G CurrentDemandRes
2025-12-16T23:35:17.571135+0100 chargesom manager[934598]: [INFO] connector:EvseM  ::                                     CAR ISO V2G CurrentDemandReq
2025-12-16T23:35:17.669615+0100 chargesom manager[934598]: [INFO] connector:EvseM  :: EVSE ISO V2G CurrentDemandRes
2025-12-16T23:35:17.830256+0100 chargesom manager[934598]: [INFO] connector:EvseM  ::                                     CAR ISO V2G CurrentDemandReq
2025-12-16T23:35:17.917674+0100 chargesom manager[934598]: [INFO] connector:EvseM  :: EVSE ISO V2G CurrentDemandRes
2025-12-16T23:35:18.011237+0100 chargesom manager[934598]: [INFO] connector:EvseM  ::                                     CAR ISO V2G CurrentDemandReq
2025-12-16T23:35:18.109935+0100 chargesom manager[934598]: [INFO] connector:EvseM  :: EVSE ISO V2G CurrentDemandRes
2025-12-16T23:35:18.114649+0100 chargesom manager[934598]: [INFO] connector:EvseM  :: EVSE IEC Isolation measurement Ok R_F 900000.
2025-12-16T23:35:18.245156+0100 chargesom manager[934598]: [INFO] connector:EvseM  ::                                     CAR ISO V2G CurrentDemandReq
2025-12-16T23:35:18.328976+0100 chargesom manager[934598]: [INFO] connector:EvseM  :: EVSE ISO V2G CurrentDemandRes
2025-12-16T23:35:18.451299+0100 chargesom manager[934598]: [INFO] connector:EvseM  ::                                     CAR ISO V2G CurrentDemandReq
2025-12-16T23:35:18.549820+0100 chargesom manager[934598]: [INFO] connector:EvseM  :: EVSE ISO V2G CurrentDemandRes
2025-12-16T23:35:18.671053+0100 chargesom manager[934598]: [INFO] connector:EvseM  ::                                     CAR ISO V2G CurrentDemandReq
2025-12-16T23:35:18.769728+0100 chargesom manager[934598]: [INFO] connector:EvseM  :: EVSE ISO V2G CurrentDemandRes
2025-12-16T23:35:18.892083+0100 chargesom manager[934598]: [INFO] connector:EvseM  ::                                     CAR ISO V2G CurrentDemandReq
2025-12-16T23:35:19.022466+0100 chargesom manager[934598]: [INFO] connector:EvseM  :: EVSE ISO V2G CurrentDemandRes
2025-12-16T23:35:19.111101+0100 chargesom manager[934598]: [INFO] connector:EvseM  ::                                     CAR ISO V2G CurrentDemandReq
2025-12-16T23:35:19.114976+0100 chargesom manager[934598]: [INFO] connector:EvseM  :: EVSE IEC Isolation measurement Ok R_F 900000.
2025-12-16T23:35:19.245196+0100 chargesom manager[934598]: [INFO] connector:EvseM  :: EVSE ISO V2G CurrentDemandRes
2025-12-16T23:35:19.331379+0100 chargesom manager[934598]: [INFO] connector:EvseM  ::                                     CAR ISO V2G CurrentDemandReq
2025-12-16T23:35:19.429708+0100 chargesom manager[934598]: [INFO] connector:EvseM  :: EVSE ISO V2G CurrentDemandRes
2025-12-16T23:35:19.551091+0100 chargesom manager[934598]: [INFO] connector:EvseM  ::                                     CAR ISO V2G CurrentDemandReq
2025-12-16T23:35:19.649716+0100 chargesom manager[934598]: [INFO] connector:EvseM  :: EVSE ISO V2G CurrentDemandRes
2025-12-16T23:35:19.771042+0100 chargesom manager[934598]: [INFO] connector:EvseM  ::                                     CAR ISO V2G CurrentDemandReq
2025-12-16T23:35:19.869463+0100 chargesom manager[934598]: [INFO] connector:EvseM  :: EVSE ISO V2G CurrentDemandRes
2025-12-16T23:35:19.991606+0100 chargesom manager[934598]: [INFO] connector:EvseM  ::                                     CAR ISO V2G CurrentDemandReq
2025-12-16T23:35:20.118179+0100 chargesom manager[934598]: [INFO] connector:EvseM  :: EVSE ISO V2G CurrentDemandRes
2025-12-16T23:35:20.118179+0100 chargesom manager[934598]: [INFO] connector:EvseM  :: EVSE IEC Isolation measurement Ok R_F 900000.
2025-12-16T23:35:20.254115+0100 chargesom manager[934598]: [INFO] connector:EvseM  ::                                     CAR ISO V2G CurrentDemandReq
2025-12-16T23:35:20.321177+0100 chargesom manager[934598]: [INFO] connector:EvseM  :: EVSE ISO V2G CurrentDemandRes
2025-12-16T23:35:20.431053+0100 chargesom manager[934598]: [INFO] connector:EvseM  ::                                     CAR ISO V2G CurrentDemandReq
2025-12-16T23:35:20.529649+0100 chargesom manager[934598]: [INFO] connector:EvseM  :: EVSE ISO V2G CurrentDemandRes
2025-12-16T23:35:20.650943+0100 chargesom manager[934598]: [INFO] connector:EvseM  ::                                     CAR ISO V2G CurrentDemandReq
2025-12-16T23:35:20.749539+0100 chargesom manager[934598]: [INFO] connector:EvseM  :: EVSE ISO V2G CurrentDemandRes
2025-12-16T23:35:20.871912+0100 chargesom manager[934598]: [INFO] connector:EvseM  ::                                     CAR ISO V2G CurrentDemandReq
2025-12-16T23:35:20.969604+0100 chargesom manager[934598]: [INFO] connector:EvseM  :: EVSE ISO V2G CurrentDemandRes
2025-12-16T23:35:21.091224+0100 chargesom manager[934598]: [INFO] connector:EvseM  ::                                     CAR ISO V2G CurrentDemandReq
2025-12-16T23:35:21.115516+0100 chargesom manager[934598]: [INFO] connector:EvseM  :: EVSE IEC Isolation measurement Ok R_F 900000.
2025-12-16T23:35:21.201566+0100 chargesom manager[934598]: [INFO] connector:EvseM  :: EVSE ISO V2G CurrentDemandRes
2025-12-16T23:35:21.322495+0100 chargesom manager[934598]: [INFO] connector:EvseM  ::                                     CAR ISO V2G CurrentDemandReq
2025-12-16T23:35:21.416748+0100 chargesom manager[934598]: [INFO] connector:EvseM  :: EVSE ISO V2G CurrentDemandRes
2025-12-16T23:35:21.541196+0100 chargesom manager[934598]: [INFO] connector:EvseM  ::                                     CAR ISO V2G CurrentDemandReq
2025-12-16T23:35:21.639404+0100 chargesom manager[934598]: [INFO] connector:EvseM  :: EVSE ISO V2G CurrentDemandRes
2025-12-16T23:35:21.760979+0100 chargesom manager[934598]: [INFO] connector:EvseM  ::                                     CAR ISO V2G CurrentDemandReq
2025-12-16T23:35:21.860188+0100 chargesom manager[934598]: [INFO] connector:EvseM  :: EVSE ISO V2G CurrentDemandRes
2025-12-16T23:35:21.981859+0100 chargesom manager[934598]: [INFO] connector:EvseM  ::                                     CAR ISO V2G CurrentDemandReq
2025-12-16T23:35:22.113585+0100 chargesom manager[934598]: [INFO] connector:EvseM  :: EVSE ISO V2G CurrentDemandRes
2025-12-16T23:35:22.115823+0100 chargesom manager[934598]: [INFO] connector:EvseM  :: EVSE IEC Isolation measurement Ok R_F 900000.
2025-12-16T23:35:22.205125+0100 chargesom manager[934598]: [INFO] connector:EvseM  ::                                     CAR ISO V2G CurrentDemandReq
2025-12-16T23:35:22.321342+0100 chargesom manager[934598]: [INFO] connector:EvseM  :: EVSE ISO V2G CurrentDemandRes
2025-12-16T23:35:22.449560+0100 chargesom manager[934598]: [INFO] connector:EvseM  ::                                     CAR ISO V2G CurrentDemandReq
2025-12-16T23:35:22.519436+0100 chargesom manager[934598]: [INFO] connector:EvseM  :: EVSE ISO V2G CurrentDemandRes
2025-12-16T23:35:22.640934+0100 chargesom manager[934598]: [INFO] connector:EvseM  ::                                     CAR ISO V2G CurrentDemandReq
2025-12-16T23:35:22.739538+0100 chargesom manager[934598]: [INFO] connector:EvseM  :: EVSE ISO V2G CurrentDemandRes
2025-12-16T23:35:22.861909+0100 chargesom manager[934598]: [INFO] connector:EvseM  ::                                     CAR ISO V2G CurrentDemandReq
2025-12-16T23:35:22.959651+0100 chargesom manager[934598]: [INFO] connector:EvseM  :: EVSE ISO V2G CurrentDemandRes
2025-12-16T23:35:23.081123+0100 chargesom manager[934598]: [INFO] connector:EvseM  ::                                     CAR ISO V2G CurrentDemandReq
2025-12-16T23:35:23.116142+0100 chargesom manager[934598]: [INFO] connector:EvseM  :: EVSE IEC Isolation measurement Ok R_F 900000.
2025-12-16T23:35:23.205378+0100 chargesom manager[934598]: [INFO] connector:EvseM  :: EVSE ISO V2G CurrentDemandRes
2025-12-16T23:35:23.321270+0100 chargesom manager[934598]: [INFO] connector:EvseM  ::                                     CAR ISO V2G CurrentDemandReq
2025-12-16T23:35:23.399561+0100 chargesom manager[934598]: [INFO] connector:EvseM  :: EVSE ISO V2G CurrentDemandRes
2025-12-16T23:35:23.545829+0100 chargesom manager[934598]: [INFO] connector:EvseM  ::                                     CAR ISO V2G CurrentDemandReq
2025-12-16T23:35:23.633386+0100 chargesom manager[934598]: [INFO] connector:EvseM  :: EVSE ISO V2G CurrentDemandRes
2025-12-16T23:35:23.741197+0100 chargesom manager[934598]: [INFO] connector:EvseM  ::                                     CAR ISO V2G CurrentDemandReq
2025-12-16T23:35:23.839535+0100 chargesom manager[934598]: [INFO] connector:EvseM  :: EVSE ISO V2G CurrentDemandRes
2025-12-16T23:35:23.961672+0100 chargesom manager[934598]: [INFO] connector:EvseM  ::                                     CAR ISO V2G CurrentDemandReq
2025-12-16T23:35:24.059868+0100 chargesom manager[934598]: [INFO] connector:EvseM  :: EVSE ISO V2G CurrentDemandRes
2025-12-16T23:35:24.116373+0100 chargesom manager[934598]: [INFO] connector:EvseM  :: EVSE IEC Isolation measurement Ok R_F 900000.
2025-12-16T23:35:24.209393+0100 chargesom manager[934598]: [INFO] connector:EvseM  ::                                     CAR ISO V2G CurrentDemandReq
2025-12-16T23:35:24.280192+0100 chargesom manager[934598]: [INFO] connector:EvseM  :: EVSE ISO V2G CurrentDemandRes
2025-12-16T23:35:24.401146+0100 chargesom manager[934598]: [INFO] connector:EvseM  ::                                     CAR ISO V2G CurrentDemandReq
2025-12-16T23:35:24.499284+0100 chargesom manager[934598]: [INFO] connector:EvseM  :: EVSE ISO V2G CurrentDemandRes
2025-12-16T23:35:24.641514+0100 chargesom manager[934598]: [INFO] connector:EvseM  ::                                     CAR ISO V2G CurrentDemandReq
2025-12-16T23:35:24.729292+0100 chargesom manager[934598]: [INFO] connector:EvseM  :: EVSE ISO V2G CurrentDemandRes
2025-12-16T23:35:24.841817+0100 chargesom manager[934598]: [INFO] connector:EvseM  ::                                     CAR ISO V2G CurrentDemandReq
2025-12-16T23:35:24.939647+0100 chargesom manager[934598]: [INFO] connector:EvseM  :: EVSE ISO V2G CurrentDemandRes
2025-12-16T23:35:25.093531+0100 chargesom manager[934598]: [INFO] connector:EvseM  ::                                     CAR ISO V2G CurrentDemandReq
2025-12-16T23:35:25.116719+0100 chargesom manager[934598]: [INFO] connector:EvseM  :: EVSE IEC Isolation measurement Ok R_F 900000.
2025-12-16T23:35:25.161262+0100 chargesom manager[934598]: [INFO] connector:EvseM  :: EVSE ISO V2G CurrentDemandRes
2025-12-16T23:35:25.282652+0100 chargesom manager[934598]: [INFO] connector:EvseM  ::                                     CAR ISO V2G CurrentDemandReq
2025-12-16T23:35:25.380029+0100 chargesom manager[934598]: [INFO] connector:EvseM  :: EVSE ISO V2G CurrentDemandRes
2025-12-16T23:35:25.500918+0100 chargesom manager[934598]: [INFO] connector:EvseM  ::                                     CAR ISO V2G CurrentDemandReq
2025-12-16T23:35:25.599352+0100 chargesom manager[934598]: [INFO] connector:EvseM  :: EVSE ISO V2G CurrentDemandRes
2025-12-16T23:35:25.737710+0100 chargesom manager[934598]: [INFO] connector:EvseM  ::                                     CAR ISO V2G CurrentDemandReq
2025-12-16T23:35:25.825268+0100 chargesom manager[934598]: [INFO] connector:EvseM  :: EVSE ISO V2G CurrentDemandRes
2025-12-16T23:35:25.941464+0100 chargesom manager[934598]: [INFO] connector:EvseM  ::                                     CAR ISO V2G CurrentDemandReq
2025-12-16T23:35:26.040357+0100 chargesom manager[934598]: [INFO] connector:EvseM  :: EVSE ISO V2G CurrentDemandRes
2025-12-16T23:35:26.117051+0100 chargesom manager[934598]: [INFO] connector:EvseM  :: EVSE IEC Isolation measurement Ok R_F 900000.
2025-12-16T23:35:26.161179+0100 chargesom manager[934598]: [INFO] connector:EvseM  ::                                     CAR ISO V2G CurrentDemandReq
2025-12-16T23:35:26.259503+0100 chargesom manager[934598]: [INFO] connector:EvseM  :: EVSE ISO V2G CurrentDemandRes
2025-12-16T23:35:26.380991+0100 chargesom manager[934598]: [INFO] connector:EvseM  ::                                     CAR ISO V2G CurrentDemandReq
2025-12-16T23:35:26.478265+0100 chargesom manager[934598]: [INFO] connector:EvseM  :: EVSE ISO V2G CurrentDemandRes
2025-12-16T23:35:26.600730+0100 chargesom manager[934598]: [INFO] connector:EvseM  ::                                     CAR ISO V2G CurrentDemandReq
2025-12-16T23:35:26.698379+0100 chargesom manager[934598]: [INFO] connector:EvseM  :: EVSE ISO V2G CurrentDemandRes
2025-12-16T23:35:26.834117+0100 chargesom manager[934598]: [INFO] connector:EvseM  ::                                     CAR ISO V2G CurrentDemandReq
2025-12-16T23:35:26.921559+0100 chargesom manager[934598]: [INFO] connector:EvseM  :: EVSE ISO V2G CurrentDemandRes
2025-12-16T23:35:27.054026+0100 chargesom manager[934598]: [INFO] connector:EvseM  ::                                     CAR ISO V2G CurrentDemandReq
2025-12-16T23:35:27.125127+0100 chargesom manager[934598]: [INFO] connector:EvseM  :: EVSE IEC Isolation measurement Ok R_F 900000.
2025-12-16T23:35:27.169695+0100 chargesom manager[934598]: [INFO] connector:EvseM  :: EVSE ISO V2G CurrentDemandRes
2025-12-16T23:35:27.260718+0100 chargesom manager[934598]: [INFO] connector:EvseM  ::                                     CAR ISO V2G CurrentDemandReq
2025-12-16T23:35:27.358399+0100 chargesom manager[934598]: [INFO] connector:EvseM  :: EVSE ISO V2G CurrentDemandRes
2025-12-16T23:35:27.480897+0100 chargesom manager[934598]: [INFO] connector:EvseM  ::                                     CAR ISO V2G CurrentDemandReq
2025-12-16T23:35:27.579402+0100 chargesom manager[934598]: [INFO] connector:EvseM  :: EVSE ISO V2G CurrentDemandRes
2025-12-16T23:35:27.700720+0100 chargesom manager[934598]: [INFO] connector:EvseM  ::                                     CAR ISO V2G CurrentDemandReq
2025-12-16T23:35:27.798274+0100 chargesom manager[934598]: [INFO] connector:EvseM  :: EVSE ISO V2G CurrentDemandRes
2025-12-16T23:35:27.921518+0100 chargesom manager[934598]: [INFO] connector:EvseM  ::                                     CAR ISO V2G CurrentDemandReq
2025-12-16T23:35:28.020351+0100 chargesom manager[934598]: [INFO] connector:EvseM  :: EVSE ISO V2G CurrentDemandRes
2025-12-16T23:35:28.117683+0100 chargesom manager[934598]: [INFO] connector:EvseM  :: EVSE IEC Isolation measurement Ok R_F 900000.
2025-12-16T23:35:28.161478+0100 chargesom manager[934598]: [INFO] connector:EvseM  ::                                     CAR ISO V2G CurrentDemandReq
2025-12-16T23:35:28.238272+0100 chargesom manager[934598]: [INFO] connector:EvseM  :: EVSE ISO V2G CurrentDemandRes
2025-12-16T23:35:28.361206+0100 chargesom manager[934598]: [INFO] connector:EvseM  ::                                     CAR ISO V2G CurrentDemandReq
2025-12-16T23:35:28.459389+0100 chargesom manager[934598]: [INFO] connector:EvseM  :: EVSE ISO V2G CurrentDemandRes
2025-12-16T23:35:28.580780+0100 chargesom manager[934598]: [INFO] connector:EvseM  ::                                     CAR ISO V2G CurrentDemandReq
2025-12-16T23:35:28.678223+0100 chargesom manager[934598]: [INFO] connector:EvseM  :: EVSE ISO V2G CurrentDemandRes
2025-12-16T23:35:28.801884+0100 chargesom manager[934598]: [INFO] connector:EvseM  ::                                     CAR ISO V2G CurrentDemandReq
2025-12-16T23:35:28.899968+0100 chargesom manager[934598]: [INFO] connector:EvseM  :: EVSE ISO V2G CurrentDemandRes
2025-12-16T23:35:29.020806+0100 chargesom manager[934598]: [INFO] connector:EvseM  ::                                     CAR ISO V2G CurrentDemandReq
2025-12-16T23:35:29.121248+0100 chargesom manager[934598]: [INFO] connector:EvseM  :: EVSE IEC Isolation measurement Ok R_F 900000.
2025-12-16T23:35:29.122172+0100 chargesom manager[934598]: [INFO] connector:EvseM  :: EVSE ISO V2G CurrentDemandRes
2025-12-16T23:35:29.241086+0100 chargesom manager[934598]: [INFO] connector:EvseM  ::                                     CAR ISO V2G CurrentDemandReq
2025-12-16T23:35:29.339635+0100 chargesom manager[934598]: [INFO] connector:EvseM  :: EVSE ISO V2G CurrentDemandRes
2025-12-16T23:35:29.460745+0100 chargesom manager[934598]: [INFO] connector:EvseM  ::                                     CAR ISO V2G CurrentDemandReq
2025-12-16T23:35:29.558228+0100 chargesom manager[934598]: [INFO] connector:EvseM  :: EVSE ISO V2G CurrentDemandRes
2025-12-16T23:35:29.680891+0100 chargesom manager[934598]: [INFO] connector:EvseM  ::                                     CAR ISO V2G CurrentDemandReq
2025-12-16T23:35:29.778266+0100 chargesom manager[934598]: [INFO] connector:EvseM  :: EVSE ISO V2G CurrentDemandRes
2025-12-16T23:35:29.901481+0100 chargesom manager[934598]: [INFO] connector:EvseM  ::                                     CAR ISO V2G CurrentDemandReq
2025-12-16T23:35:29.998431+0100 chargesom manager[934598]: [INFO] connector:EvseM  :: EVSE ISO V2G CurrentDemandRes
2025-12-16T23:35:30.137630+0100 chargesom manager[934598]: [INFO] connector:EvseM  :: EVSE IEC Isolation measurement Ok R_F 900000.
2025-12-16T23:35:30.138536+0100 chargesom manager[934598]: [INFO] connector:EvseM  ::                                     CAR ISO V2G CurrentDemandReq
2025-12-16T23:35:30.229925+0100 chargesom manager[934598]: [INFO] connector:EvseM  :: EVSE ISO V2G CurrentDemandRes
2025-12-16T23:35:30.340946+0100 chargesom manager[934598]: [INFO] connector:EvseM  ::                                     CAR ISO V2G CurrentDemandReq
2025-12-16T23:35:30.438170+0100 chargesom manager[934598]: [INFO] connector:EvseM  :: EVSE ISO V2G CurrentDemandRes
2025-12-16T23:35:30.560722+0100 chargesom manager[934598]: [INFO] connector:EvseM  ::                                     CAR ISO V2G CurrentDemandReq
2025-12-16T23:35:30.658433+0100 chargesom manager[934598]: [INFO] connector:EvseM  :: EVSE ISO V2G CurrentDemandRes
2025-12-16T23:35:30.780500+0100 chargesom manager[934598]: [INFO] connector:EvseM  ::                                     CAR ISO V2G CurrentDemandReq
2025-12-16T23:35:30.878990+0100 chargesom manager[934598]: [INFO] connector:EvseM  :: EVSE ISO V2G CurrentDemandRes
2025-12-16T23:35:31.001863+0100 chargesom manager[934598]: [INFO] connector:EvseM  ::                                     CAR ISO V2G CurrentDemandReq
2025-12-16T23:35:31.098413+0100 chargesom manager[934598]: [INFO] connector:EvseM  :: EVSE ISO V2G CurrentDemandRes
2025-12-16T23:35:31.118417+0100 chargesom manager[934598]: [INFO] connector:EvseM  :: EVSE IEC Isolation measurement Ok R_F 900000.
2025-12-16T23:35:31.220696+0100 chargesom manager[934598]: [INFO] connector:EvseM  ::                                     CAR ISO V2G CurrentDemandReq
2025-12-16T23:35:31.335054+0100 chargesom manager[934598]: [INFO] connector:EvseM  :: EVSE ISO V2G CurrentDemandRes
2025-12-16T23:35:31.440880+0100 chargesom manager[934598]: [INFO] connector:EvseM  ::                                     CAR ISO V2G CurrentDemandReq
2025-12-16T23:35:31.538336+0100 chargesom manager[934598]: [INFO] connector:EvseM  :: EVSE ISO V2G CurrentDemandRes
2025-12-16T23:35:31.660837+0100 chargesom manager[934598]: [INFO] connector:EvseM  ::                                     CAR ISO V2G CurrentDemandReq
2025-12-16T23:35:31.758138+0100 chargesom manager[934598]: [INFO] connector:EvseM  :: EVSE ISO V2G CurrentDemandRes
2025-12-16T23:35:31.881643+0100 chargesom manager[934598]: [INFO] connector:EvseM  ::                                     CAR ISO V2G CurrentDemandReq
2025-12-16T23:35:31.978352+0100 chargesom manager[934598]: [INFO] connector:EvseM  :: EVSE ISO V2G CurrentDemandRes
2025-12-16T23:35:32.141386+0100 chargesom manager[934598]: [INFO] connector:EvseM  ::                                     CAR ISO V2G CurrentDemandReq
2025-12-16T23:35:32.142105+0100 chargesom manager[934598]: [INFO] connector:EvseM  :: EVSE IEC Isolation measurement Ok R_F 900000.
2025-12-16T23:35:32.229791+0100 chargesom manager[934598]: [INFO] connector:EvseM  :: EVSE ISO V2G CurrentDemandRes
2025-12-16T23:35:32.329198+0100 chargesom manager[934598]: [INFO] connector:EvseM  ::                                     CAR ISO V2G CurrentDemandReq
2025-12-16T23:35:32.433590+0100 chargesom manager[934598]: [INFO] connector:EvseM  :: EVSE ISO V2G CurrentDemandRes
2025-12-16T23:35:32.540880+0100 chargesom manager[934598]: [INFO] connector:EvseM  ::                                     CAR ISO V2G CurrentDemandReq
2025-12-16T23:35:32.638063+0100 chargesom manager[934598]: [INFO] connector:EvseM  :: EVSE ISO V2G CurrentDemandRes
2025-12-16T23:35:32.760877+0100 chargesom manager[934598]: [INFO] connector:EvseM  ::                                     CAR ISO V2G CurrentDemandReq
2025-12-16T23:35:32.858501+0100 chargesom manager[934598]: [INFO] connector:EvseM  :: EVSE ISO V2G CurrentDemandRes
2025-12-16T23:35:32.981544+0100 chargesom manager[934598]: [INFO] connector:EvseM  ::                                     CAR ISO V2G CurrentDemandReq
2025-12-16T23:35:33.078057+0100 chargesom manager[934598]: [INFO] connector:EvseM  :: EVSE ISO V2G CurrentDemandRes
2025-12-16T23:35:33.119238+0100 chargesom manager[934598]: [INFO] connector:EvseM  :: EVSE IEC Isolation measurement Ok R_F 900000.
2025-12-16T23:35:33.205376+0100 chargesom manager[934598]: [INFO] connector:EvseM  ::                                     CAR ISO V2G CurrentDemandReq
2025-12-16T23:35:33.329301+0100 chargesom manager[934598]: [INFO] connector:EvseM  :: EVSE ISO V2G CurrentDemandRes
2025-12-16T23:35:33.420605+0100 chargesom manager[934598]: [INFO] connector:EvseM  ::                                     CAR ISO V2G CurrentDemandReq
2025-12-16T23:35:33.529839+0100 chargesom manager[934598]: [INFO] connector:EvseM  :: EVSE ISO V2G CurrentDemandRes
2025-12-16T23:35:33.640777+0100 chargesom manager[934598]: [INFO] connector:EvseM  ::                                     CAR ISO V2G CurrentDemandReq
2025-12-16T23:35:33.738305+0100 chargesom manager[934598]: [INFO] connector:EvseM  :: EVSE ISO V2G CurrentDemandRes
2025-12-16T23:35:33.861307+0100 chargesom manager[934598]: [INFO] connector:EvseM  ::                                     CAR ISO V2G CurrentDemandReq
2025-12-16T23:35:33.958085+0100 chargesom manager[934598]: [INFO] connector:EvseM  :: EVSE ISO V2G CurrentDemandRes
2025-12-16T23:35:34.080893+0100 chargesom manager[934598]: [INFO] connector:EvseM  ::                                     CAR ISO V2G CurrentDemandReq
2025-12-16T23:35:34.119331+0100 chargesom manager[934598]: [INFO] connector:EvseM  :: EVSE IEC Isolation measurement Ok R_F 900000.
2025-12-16T23:35:34.205687+0100 chargesom manager[934598]: [INFO] connector:EvseM  :: EVSE ISO V2G CurrentDemandRes
2025-12-16T23:35:34.333936+0100 chargesom manager[934598]: [INFO] connector:EvseM  ::                                     CAR ISO V2G CurrentDemandReq
2025-12-16T23:35:34.398896+0100 chargesom manager[934598]: [INFO] connector:EvseM  :: EVSE ISO V2G CurrentDemandRes
2025-12-16T23:35:34.521037+0100 chargesom manager[934598]: [INFO] connector:EvseM  ::                                     CAR ISO V2G CurrentDemandReq
2025-12-16T23:35:34.621635+0100 chargesom manager[934598]: [INFO] connector:EvseM  :: EVSE ISO V2G CurrentDemandRes
2025-12-16T23:35:34.740391+0100 chargesom manager[934598]: [INFO] connector:EvseM  ::                                     CAR ISO V2G CurrentDemandReq
2025-12-16T23:35:34.838907+0100 chargesom manager[934598]: [INFO] connector:EvseM  :: EVSE ISO V2G CurrentDemandRes
2025-12-16T23:35:34.961807+0100 chargesom manager[934598]: [INFO] connector:EvseM  ::                                     CAR ISO V2G CurrentDemandReq
2025-12-16T23:35:35.093449+0100 chargesom manager[934598]: [INFO] connector:EvseM  :: EVSE ISO V2G CurrentDemandRes
2025-12-16T23:35:35.137124+0100 chargesom manager[934598]: [INFO] connector:EvseM  :: EVSE IEC Isolation measurement Ok R_F 900000.
2025-12-16T23:35:35.181628+0100 chargesom manager[934598]: [INFO] connector:EvseM  ::                                     CAR ISO V2G CurrentDemandReq
2025-12-16T23:35:35.279244+0100 chargesom manager[934598]: [INFO] connector:EvseM  :: EVSE ISO V2G CurrentDemandRes
2025-12-16T23:35:35.401052+0100 chargesom manager[934598]: [INFO] connector:EvseM  ::                                     CAR ISO V2G CurrentDemandReq
2025-12-16T23:35:35.499531+0100 chargesom manager[934598]: [INFO] connector:EvseM  :: EVSE ISO V2G CurrentDemandRes
2025-12-16T23:35:35.620436+0100 chargesom manager[934598]: [INFO] connector:EvseM  ::                                     CAR ISO V2G CurrentDemandReq
2025-12-16T23:35:35.721697+0100 chargesom manager[934598]: [INFO] connector:EvseM  :: EVSE ISO V2G CurrentDemandRes
2025-12-16T23:35:35.842584+0100 chargesom manager[934598]: [INFO] connector:EvseM  ::                                     CAR ISO V2G CurrentDemandReq
2025-12-16T23:35:35.938376+0100 chargesom manager[934598]: [INFO] connector:EvseM  :: EVSE ISO V2G CurrentDemandRes
2025-12-16T23:35:36.060377+0100 chargesom manager[934598]: [INFO] connector:EvseM  ::                                     CAR ISO V2G CurrentDemandReq
2025-12-16T23:35:36.119835+0100 chargesom manager[934598]: [INFO] connector:EvseM  :: EVSE IEC Isolation measurement Ok R_F 900000.
2025-12-16T23:35:36.165696+0100 chargesom manager[934598]: [INFO] connector:EvseM  :: EVSE ISO V2G CurrentDemandRes
2025-12-16T23:35:36.281063+0100 chargesom manager[934598]: [INFO] connector:EvseM  ::                                     CAR ISO V2G CurrentDemandReq
2025-12-16T23:35:36.378552+0100 chargesom manager[934598]: [INFO] connector:EvseM  :: EVSE ISO V2G CurrentDemandRes
2025-12-16T23:35:36.500325+0100 chargesom manager[934598]: [INFO] connector:EvseM  ::                                     CAR ISO V2G CurrentDemandReq
2025-12-16T23:35:36.599074+0100 chargesom manager[934598]: [INFO] connector:EvseM  :: EVSE ISO V2G CurrentDemandRes
2025-12-16T23:35:36.720889+0100 chargesom manager[934598]: [INFO] connector:EvseM  ::                                     CAR ISO V2G CurrentDemandReq
2025-12-16T23:35:36.861995+0100 chargesom manager[934598]: [INFO] connector:EvseM  :: EVSE ISO V2G CurrentDemandRes
2025-12-16T23:35:36.941304+0100 chargesom manager[934598]: [INFO] connector:EvseM  ::                                     CAR ISO V2G CurrentDemandReq
2025-12-16T23:35:37.053597+0100 chargesom manager[934598]: [INFO] connector:EvseM  :: EVSE ISO V2G CurrentDemandRes
2025-12-16T23:35:37.125867+0100 chargesom manager[934598]: [INFO] connector:EvseM  :: EVSE IEC Isolation measurement Ok R_F 900000.
2025-12-16T23:35:37.169844+0100 chargesom manager[934598]: [INFO] connector:EvseM  ::                                     CAR ISO V2G CurrentDemandReq
2025-12-16T23:35:37.259979+0100 chargesom manager[934598]: [INFO] connector:EvseM  :: EVSE ISO V2G CurrentDemandRes
2025-12-16T23:35:37.380921+0100 chargesom manager[934598]: [INFO] connector:EvseM  ::                                     CAR ISO V2G CurrentDemandReq
2025-12-16T23:35:37.478749+0100 chargesom manager[934598]: [INFO] connector:EvseM  :: EVSE ISO V2G CurrentDemandRes
2025-12-16T23:35:37.600874+0100 chargesom manager[934598]: [INFO] connector:EvseM  ::                                     CAR ISO V2G CurrentDemandReq
2025-12-16T23:35:37.698192+0100 chargesom manager[934598]: [INFO] connector:EvseM  :: EVSE ISO V2G CurrentDemandRes
2025-12-16T23:35:37.821894+0100 chargesom manager[934598]: [INFO] connector:EvseM  ::                                     CAR ISO V2G CurrentDemandReq
2025-12-16T23:35:37.921536+0100 chargesom manager[934598]: [INFO] connector:EvseM  :: EVSE ISO V2G CurrentDemandRes
2025-12-16T23:35:38.049469+0100 chargesom manager[934598]: [INFO] connector:EvseM  ::                                     CAR ISO V2G CurrentDemandReq
2025-12-16T23:35:38.120439+0100 chargesom manager[934598]: [INFO] connector:EvseM  :: EVSE IEC Isolation measurement Ok R_F 900000.
2025-12-16T23:35:38.169411+0100 chargesom manager[934598]: [INFO] connector:EvseM  :: EVSE ISO V2G CurrentDemandRes
2025-12-16T23:35:38.260191+0100 chargesom manager[934598]: [INFO] connector:EvseM  ::                                     CAR ISO V2G CurrentDemandReq
2025-12-16T23:35:38.359531+0100 chargesom manager[934598]: [INFO] connector:EvseM  :: EVSE ISO V2G CurrentDemandRes
2025-12-16T23:35:38.481230+0100 chargesom manager[934598]: [INFO] connector:EvseM  ::                                     CAR ISO V2G CurrentDemandReq
2025-12-16T23:35:38.579673+0100 chargesom manager[934598]: [INFO] connector:EvseM  :: EVSE ISO V2G CurrentDemandRes
2025-12-16T23:35:38.700188+0100 chargesom manager[934598]: [INFO] connector:EvseM  ::                                     CAR ISO V2G CurrentDemandReq
2025-12-16T23:35:38.798729+0100 chargesom manager[934598]: [INFO] connector:EvseM  :: EVSE ISO V2G CurrentDemandRes
2025-12-16T23:35:38.921825+0100 chargesom manager[934598]: [INFO] connector:EvseM  ::                                     CAR ISO V2G CurrentDemandReq
2025-12-16T23:35:39.057455+0100 chargesom manager[934598]: [INFO] connector:EvseM  :: EVSE ISO V2G CurrentDemandRes
2025-12-16T23:35:39.150036+0100 chargesom manager[934598]: [INFO] connector:EvseM  :: EVSE IEC Isolation measurement Ok R_F 900000.
2025-12-16T23:35:39.150437+0100 chargesom manager[934598]: [INFO] connector:EvseM  ::                                     CAR ISO V2G CurrentDemandReq
2025-12-16T23:35:39.238604+0100 chargesom manager[934598]: [INFO] connector:EvseM  :: EVSE ISO V2G CurrentDemandRes
2025-12-16T23:35:39.361643+0100 chargesom manager[934598]: [INFO] connector:EvseM  ::                                     CAR ISO V2G CurrentDemandReq
2025-12-16T23:35:39.459456+0100 chargesom manager[934598]: [INFO] connector:EvseM  :: EVSE ISO V2G CurrentDemandRes
2025-12-16T23:35:39.580223+0100 chargesom manager[934598]: [INFO] connector:EvseM  ::                                     CAR ISO V2G CurrentDemandReq
2025-12-16T23:35:39.678605+0100 chargesom manager[934598]: [INFO] connector:EvseM  :: EVSE ISO V2G CurrentDemandRes
2025-12-16T23:35:39.801665+0100 chargesom manager[934598]: [INFO] connector:EvseM  ::                                     CAR ISO V2G CurrentDemandReq
2025-12-16T23:35:39.898635+0100 chargesom manager[934598]: [INFO] connector:EvseM  :: EVSE ISO V2G CurrentDemandRes
2025-12-16T23:35:40.045777+0100 chargesom manager[934598]: [INFO] connector:EvseM  ::                                     CAR ISO V2G CurrentDemandReq
2025-12-16T23:35:40.158737+0100 chargesom manager[934598]: [INFO] connector:EvseM  :: EVSE IEC Isolation measurement Ok R_F 900000.
2025-12-16T23:35:40.158737+0100 chargesom manager[934598]: [INFO] connector:EvseM  :: EVSE ISO V2G CurrentDemandRes
2025-12-16T23:35:40.245404+0100 chargesom manager[934598]: [INFO] connector:EvseM  ::                                     CAR ISO V2G CurrentDemandReq
2025-12-16T23:35:40.339162+0100 chargesom manager[934598]: [INFO] connector:EvseM  :: EVSE ISO V2G CurrentDemandRes
2025-12-16T23:35:40.460073+0100 chargesom manager[934598]: [INFO] connector:EvseM  ::                                     CAR ISO V2G CurrentDemandReq
2025-12-16T23:35:40.558546+0100 chargesom manager[934598]: [INFO] connector:EvseM  :: EVSE ISO V2G CurrentDemandRes
2025-12-16T23:35:40.680159+0100 chargesom manager[934598]: [INFO] connector:EvseM  ::                                     CAR ISO V2G CurrentDemandReq
2025-12-16T23:35:40.778641+0100 chargesom manager[934598]: [INFO] connector:EvseM  :: EVSE ISO V2G CurrentDemandRes
2025-12-16T23:35:40.901422+0100 chargesom manager[934598]: [INFO] connector:EvseM  ::                                     CAR ISO V2G CurrentDemandReq
2025-12-16T23:35:40.999312+0100 chargesom manager[934598]: [INFO] connector:EvseM  :: EVSE ISO V2G CurrentDemandRes
2025-12-16T23:35:41.120158+0100 chargesom manager[934598]: [INFO] connector:EvseM  ::                                     CAR ISO V2G CurrentDemandReq
2025-12-16T23:35:41.121802+0100 chargesom manager[934598]: [INFO] connector:EvseM  :: EVSE IEC Isolation measurement Ok R_F 900000.
2025-12-16T23:35:41.253695+0100 chargesom manager[934598]: [INFO] connector:EvseM  :: EVSE ISO V2G CurrentDemandRes
2025-12-16T23:35:41.355949+0100 chargesom manager[934598]: [INFO] connector:EvseM  ::                                     CAR ISO V2G CurrentDemandReq
2025-12-16T23:35:41.439111+0100 chargesom manager[934598]: [INFO] connector:EvseM  :: EVSE ISO V2G CurrentDemandRes
2025-12-16T23:35:41.560299+0100 chargesom manager[934598]: [INFO] connector:EvseM  ::                                     CAR ISO V2G CurrentDemandReq
2025-12-16T23:35:41.658691+0100 chargesom manager[934598]: [INFO] connector:EvseM  :: EVSE ISO V2G CurrentDemandRes
2025-12-16T23:35:41.780186+0100 chargesom manager[934598]: [INFO] connector:EvseM  ::                                     CAR ISO V2G CurrentDemandReq
2025-12-16T23:35:41.879084+0100 chargesom manager[934598]: [INFO] connector:EvseM  :: EVSE ISO V2G CurrentDemandRes
2025-12-16T23:35:42.001231+0100 chargesom manager[934598]: [INFO] connector:EvseM  ::                                     CAR ISO V2G CurrentDemandReq
2025-12-16T23:35:42.134174+0100 chargesom manager[934598]: [INFO] connector:EvseM  :: EVSE IEC Isolation measurement Ok R_F 900000.
2025-12-16T23:35:42.135072+0100 chargesom manager[934598]: [INFO] connector:EvseM  :: EVSE ISO V2G CurrentDemandRes
2025-12-16T23:35:42.222119+0100 chargesom manager[934598]: [INFO] connector:EvseM  ::                                     CAR ISO V2G CurrentDemandReq
2025-12-16T23:35:42.337280+0100 chargesom manager[934598]: [INFO] connector:EvseM  :: EVSE ISO V2G CurrentDemandRes
2025-12-16T23:35:42.453258+0100 chargesom manager[934598]: [INFO] connector:EvseM  ::                                     CAR ISO V2G CurrentDemandReq
2025-12-16T23:35:42.538499+0100 chargesom manager[934598]: [INFO] connector:EvseM  :: EVSE ISO V2G CurrentDemandRes
2025-12-16T23:35:42.660012+0100 chargesom manager[934598]: [INFO] connector:EvseM  ::                                     CAR ISO V2G CurrentDemandReq
2025-12-16T23:35:42.758662+0100 chargesom manager[934598]: [INFO] connector:EvseM  :: EVSE ISO V2G CurrentDemandRes
2025-12-16T23:35:42.880830+0100 chargesom manager[934598]: [INFO] connector:EvseM  ::                                     CAR ISO V2G CurrentDemandReq
2025-12-16T23:35:42.978743+0100 chargesom manager[934598]: [INFO] connector:EvseM  :: EVSE ISO V2G CurrentDemandRes
2025-12-16T23:35:43.100356+0100 chargesom manager[934598]: [INFO] connector:EvseM  ::                                     CAR ISO V2G CurrentDemandReq
2025-12-16T23:35:43.122330+0100 chargesom manager[934598]: [INFO] connector:EvseM  :: EVSE IEC Isolation measurement Ok R_F 900000.
2025-12-16T23:35:43.209280+0100 chargesom manager[934598]: [INFO] connector:EvseM  :: EVSE ISO V2G CurrentDemandRes
2025-12-16T23:35:43.337261+0100 chargesom manager[934598]: [INFO] connector:EvseM  ::                                     CAR ISO V2G CurrentDemandReq
2025-12-16T23:35:43.418155+0100 chargesom manager[934598]: [INFO] connector:EvseM  :: EVSE ISO V2G CurrentDemandRes
2025-12-16T23:35:43.549621+0100 chargesom manager[934598]: [INFO] connector:EvseM  ::                                     CAR ISO V2G CurrentDemandReq
2025-12-16T23:35:43.638702+0100 chargesom manager[934598]: [INFO] connector:EvseM  :: EVSE ISO V2G CurrentDemandRes
2025-12-16T23:35:43.759908+0100 chargesom manager[934598]: [INFO] connector:EvseM  ::                                     CAR ISO V2G CurrentDemandReq
2025-12-16T23:35:43.857463+0100 chargesom manager[934598]: [INFO] connector:EvseM  :: EVSE ISO V2G CurrentDemandRes
2025-12-16T23:35:43.980806+0100 chargesom manager[934598]: [INFO] connector:EvseM  ::                                     CAR ISO V2G CurrentDemandReq
2025-12-16T23:35:44.077735+0100 chargesom manager[934598]: [INFO] connector:EvseM  :: EVSE ISO V2G CurrentDemandRes
2025-12-16T23:35:44.122655+0100 chargesom manager[934598]: [INFO] connector:EvseM  :: EVSE IEC Isolation measurement Ok R_F 900000.
2025-12-16T23:35:44.209651+0100 chargesom manager[934598]: [INFO] connector:EvseM  ::                                     CAR ISO V2G CurrentDemandReq
2025-12-16T23:35:44.341655+0100 chargesom manager[934598]: [INFO] connector:EvseM  :: EVSE ISO V2G CurrentDemandRes
2025-12-16T23:35:44.419862+0100 chargesom manager[934598]: [INFO] connector:EvseM  ::                                     CAR ISO V2G CurrentDemandReq
2025-12-16T23:35:44.517403+0100 chargesom manager[934598]: [INFO] connector:EvseM  :: EVSE ISO V2G CurrentDemandRes
2025-12-16T23:35:44.640104+0100 chargesom manager[934598]: [INFO] connector:EvseM  ::                                     CAR ISO V2G CurrentDemandReq
2025-12-16T23:35:44.737917+0100 chargesom manager[934598]: [INFO] connector:EvseM  :: EVSE ISO V2G CurrentDemandRes
2025-12-16T23:35:44.861025+0100 chargesom manager[934598]: [INFO] connector:EvseM  ::                                     CAR ISO V2G CurrentDemandReq
2025-12-16T23:35:44.958616+0100 chargesom manager[934598]: [INFO] connector:EvseM  :: EVSE ISO V2G CurrentDemandRes
2025-12-16T23:35:45.093258+0100 chargesom manager[934598]: [INFO] connector:EvseM  ::                                     CAR ISO V2G CurrentDemandReq
2025-12-16T23:35:45.122901+0100 chargesom manager[934598]: [INFO] connector:EvseM  :: EVSE IEC Isolation measurement Ok R_F 900000.
2025-12-16T23:35:45.210065+0100 chargesom manager[934598]: [INFO] connector:EvseM  :: EVSE ISO V2G CurrentDemandRes
2025-12-16T23:35:45.341293+0100 chargesom manager[934598]: [INFO] connector:EvseM  ::                                     CAR ISO V2G CurrentDemandReq
2025-12-16T23:35:45.398514+0100 chargesom manager[934598]: [INFO] connector:EvseM  :: EVSE ISO V2G CurrentDemandRes
2025-12-16T23:35:45.519956+0100 chargesom manager[934598]: [INFO] connector:EvseM  ::                                     CAR ISO V2G CurrentDemandReq
2025-12-16T23:35:45.617642+0100 chargesom manager[934598]: [INFO] connector:EvseM  :: EVSE ISO V2G CurrentDemandRes
2025-12-16T23:35:45.739847+0100 chargesom manager[934598]: [INFO] connector:EvseM  ::                                     CAR ISO V2G CurrentDemandReq
2025-12-16T23:35:45.837706+0100 chargesom manager[934598]: [INFO] connector:EvseM  :: EVSE ISO V2G CurrentDemandRes
2025-12-16T23:35:45.960598+0100 chargesom manager[934598]: [INFO] connector:EvseM  ::                                     CAR ISO V2G CurrentDemandReq
2025-12-16T23:35:46.057506+0100 chargesom manager[934598]: [INFO] connector:EvseM  :: EVSE ISO V2G CurrentDemandRes
2025-12-16T23:35:46.123199+0100 chargesom manager[934598]: [INFO] connector:EvseM  :: EVSE IEC Isolation measurement Ok R_F 900000.
2025-12-16T23:35:46.213590+0100 chargesom manager[934598]: [INFO] connector:EvseM  ::                                     CAR ISO V2G CurrentDemandReq
2025-12-16T23:35:46.277436+0100 chargesom manager[934598]: [INFO] connector:EvseM  :: EVSE ISO V2G CurrentDemandRes
2025-12-16T23:35:46.400187+0100 chargesom manager[934598]: [INFO] connector:EvseM  ::                                     CAR ISO V2G CurrentDemandReq
2025-12-16T23:35:46.498427+0100 chargesom manager[934598]: [INFO] connector:EvseM  :: EVSE ISO V2G CurrentDemandRes
2025-12-16T23:35:46.619870+0100 chargesom manager[934598]: [INFO] connector:EvseM  ::                                     CAR ISO V2G CurrentDemandReq
2025-12-16T23:35:46.717480+0100 chargesom manager[934598]: [INFO] connector:EvseM  :: EVSE ISO V2G CurrentDemandRes
2025-12-16T23:35:46.840798+0100 chargesom manager[934598]: [INFO] connector:EvseM  ::                                     CAR ISO V2G CurrentDemandReq
2025-12-16T23:35:46.939701+0100 chargesom manager[934598]: [INFO] connector:EvseM  :: EVSE ISO V2G CurrentDemandRes
2025-12-16T23:35:47.070492+0100 chargesom manager[934598]: [INFO] connector:EvseM  ::                                     CAR ISO V2G CurrentDemandReq
2025-12-16T23:35:47.123402+0100 chargesom manager[934598]: [INFO] connector:EvseM  :: EVSE IEC Isolation measurement Ok R_F 900000.
2025-12-16T23:35:47.165513+0100 chargesom manager[934598]: [INFO] connector:EvseM  :: EVSE ISO V2G CurrentDemandRes
2025-12-16T23:35:47.279853+0100 chargesom manager[934598]: [INFO] connector:EvseM  ::                                     CAR ISO V2G CurrentDemandReq
2025-12-16T23:35:47.377563+0100 chargesom manager[934598]: [INFO] connector:EvseM  :: EVSE ISO V2G CurrentDemandRes
2025-12-16T23:35:47.499697+0100 chargesom manager[934598]: [INFO] connector:EvseM  ::                                     CAR ISO V2G CurrentDemandReq
2025-12-16T23:35:47.597261+0100 chargesom manager[934598]: [INFO] connector:EvseM  :: EVSE ISO V2G CurrentDemandRes
2025-12-16T23:35:47.719861+0100 chargesom manager[934598]: [INFO] connector:EvseM  ::                                     CAR ISO V2G CurrentDemandReq
2025-12-16T23:35:47.817170+0100 chargesom manager[934598]: [INFO] connector:EvseM  :: EVSE ISO V2G CurrentDemandRes
2025-12-16T23:35:47.940900+0100 chargesom manager[934598]: [INFO] connector:EvseM  ::                                     CAR ISO V2G CurrentDemandReq
2025-12-16T23:35:48.077820+0100 chargesom manager[934598]: [INFO] connector:EvseM  :: EVSE ISO V2G CurrentDemandRes
2025-12-16T23:35:48.125912+0100 chargesom manager[934598]: [INFO] connector:EvseM  :: EVSE IEC Isolation measurement Ok R_F 900000.
2025-12-16T23:35:48.169520+0100 chargesom manager[934598]: [INFO] connector:EvseM  ::                                     CAR ISO V2G CurrentDemandReq
2025-12-16T23:35:48.257419+0100 chargesom manager[934598]: [INFO] connector:EvseM  :: EVSE ISO V2G CurrentDemandRes
2025-12-16T23:35:48.380255+0100 chargesom manager[934598]: [INFO] connector:EvseM  ::                                     CAR ISO V2G CurrentDemandReq
2025-12-16T23:35:48.477230+0100 chargesom manager[934598]: [INFO] connector:EvseM  :: EVSE ISO V2G CurrentDemandRes
2025-12-16T23:35:48.599626+0100 chargesom manager[934598]: [INFO] connector:EvseM  ::                                     CAR ISO V2G CurrentDemandReq
2025-12-16T23:35:48.697283+0100 chargesom manager[934598]: [INFO] connector:EvseM  :: EVSE ISO V2G CurrentDemandRes
2025-12-16T23:35:48.820639+0100 chargesom manager[934598]: [INFO] connector:EvseM  ::                                     CAR ISO V2G CurrentDemandReq
2025-12-16T23:35:48.917960+0100 chargesom manager[934598]: [INFO] connector:EvseM  :: EVSE ISO V2G CurrentDemandRes
2025-12-16T23:35:49.039784+0100 chargesom manager[934598]: [INFO] connector:EvseM  ::                                     CAR ISO V2G CurrentDemandReq
2025-12-16T23:35:49.124044+0100 chargesom manager[934598]: [INFO] connector:EvseM  :: EVSE IEC Isolation measurement Ok R_F 900000.
2025-12-16T23:35:49.169893+0100 chargesom manager[934598]: [INFO] connector:EvseM  :: EVSE ISO V2G CurrentDemandRes
2025-12-16T23:35:49.302186+0100 chargesom manager[934598]: [INFO] connector:EvseM  ::                                     CAR ISO V2G CurrentDemandReq
2025-12-16T23:35:49.359168+0100 chargesom manager[934598]: [INFO] connector:EvseM  :: EVSE ISO V2G CurrentDemandRes
2025-12-16T23:35:49.479599+0100 chargesom manager[934598]: [INFO] connector:EvseM  ::                                     CAR ISO V2G CurrentDemandReq
2025-12-16T23:35:49.578245+0100 chargesom manager[934598]: [INFO] connector:EvseM  :: EVSE ISO V2G CurrentDemandRes
2025-12-16T23:35:49.699645+0100 chargesom manager[934598]: [INFO] connector:EvseM  ::                                     CAR ISO V2G CurrentDemandReq
2025-12-16T23:35:49.798224+0100 chargesom manager[934598]: [INFO] connector:EvseM  :: EVSE ISO V2G CurrentDemandRes
2025-12-16T23:35:49.921477+0100 chargesom manager[934598]: [INFO] connector:EvseM  ::                                     CAR ISO V2G CurrentDemandReq
2025-12-16T23:35:50.050147+0100 chargesom manager[934598]: [INFO] connector:EvseM  :: EVSE ISO V2G CurrentDemandRes
2025-12-16T23:35:50.124230+0100 chargesom manager[934598]: [INFO] connector:EvseM  :: EVSE IEC Isolation measurement Ok R_F 900000.
2025-12-16T23:35:50.169414+0100 chargesom manager[934598]: [INFO] connector:EvseM  ::                                     CAR ISO V2G CurrentDemandReq
2025-12-16T23:35:50.238892+0100 chargesom manager[934598]: [INFO] connector:EvseM  :: EVSE ISO V2G CurrentDemandRes
2025-12-16T23:35:50.398179+0100 chargesom manager[934598]: [INFO] connector:EvseM  ::                                     CAR ISO V2G CurrentDemandReq
2025-12-16T23:35:50.458163+0100 chargesom manager[934598]: [INFO] connector:EvseM  :: EVSE ISO V2G CurrentDemandRes
2025-12-16T23:35:50.580621+0100 chargesom manager[934598]: [INFO] connector:EvseM  ::                                     CAR ISO V2G CurrentDemandReq
2025-12-16T23:35:50.678007+0100 chargesom manager[934598]: [INFO] connector:EvseM  :: EVSE ISO V2G CurrentDemandRes
2025-12-16T23:35:50.802263+0100 chargesom manager[934598]: [INFO] connector:EvseM  ::                                     CAR ISO V2G CurrentDemandReq
2025-12-16T23:35:50.897454+0100 chargesom manager[934598]: [INFO] connector:EvseM  :: EVSE ISO V2G CurrentDemandRes
2025-12-16T23:35:51.019584+0100 chargesom manager[934598]: [INFO] connector:EvseM  ::                                     CAR ISO V2G CurrentDemandReq
2025-12-16T23:35:51.118075+0100 chargesom manager[934598]: [INFO] connector:EvseM  :: EVSE ISO V2G CurrentDemandRes
2025-12-16T23:35:51.124555+0100 chargesom manager[934598]: [INFO] connector:EvseM  :: EVSE IEC Isolation measurement Ok R_F 900000.
2025-12-16T23:35:51.239645+0100 chargesom manager[934598]: [INFO] connector:EvseM  ::                                     CAR ISO V2G CurrentDemandReq
2025-12-16T23:35:51.346686+0100 chargesom manager[934598]: [INFO] connector:EvseM  :: EVSE ISO V2G CurrentDemandRes
2025-12-16T23:35:51.497680+0100 chargesom manager[934598]: [INFO] connector:EvseM  ::                                     CAR ISO V2G CurrentDemandReq
2025-12-16T23:35:51.589383+0100 chargesom manager[934598]: [INFO] connector:EvseM  :: EVSE ISO V2G CurrentDemandRes
2025-12-16T23:35:51.679769+0100 chargesom manager[934598]: [INFO] connector:EvseM  ::                                     CAR ISO V2G CurrentDemandReq
2025-12-16T23:35:51.777824+0100 chargesom manager[934598]: [INFO] connector:EvseM  :: EVSE ISO V2G CurrentDemandRes
2025-12-16T23:35:51.900466+0100 chargesom manager[934598]: [INFO] connector:EvseM  ::                                     CAR ISO V2G CurrentDemandReq
2025-12-16T23:35:51.997242+0100 chargesom manager[934598]: [INFO] connector:EvseM  :: EVSE ISO V2G CurrentDemandRes
2025-12-16T23:35:52.119761+0100 chargesom manager[934598]: [INFO] connector:EvseM  ::                                     CAR ISO V2G CurrentDemandReq
2025-12-16T23:35:52.124901+0100 chargesom manager[934598]: [INFO] connector:EvseM  :: EVSE IEC Isolation measurement Ok R_F 900000.
2025-12-16T23:35:52.257317+0100 chargesom manager[934598]: [INFO] connector:EvseM  :: EVSE ISO V2G CurrentDemandRes
2025-12-16T23:35:52.349216+0100 chargesom manager[934598]: [INFO] connector:EvseM  ::                                     CAR ISO V2G CurrentDemandReq
2025-12-16T23:35:52.438032+0100 chargesom manager[934598]: [INFO] connector:EvseM  :: EVSE ISO V2G CurrentDemandRes
2025-12-16T23:35:52.597531+0100 chargesom manager[934598]: [INFO] connector:EvseM  ::                                     CAR ISO V2G CurrentDemandReq
2025-12-16T23:35:52.689814+0100 chargesom manager[934598]: [INFO] connector:EvseM  :: EVSE ISO V2G CurrentDemandRes
2025-12-16T23:35:52.779487+0100 chargesom manager[934598]: [INFO] connector:EvseM  ::                                     CAR ISO V2G CurrentDemandReq
2025-12-16T23:35:52.877884+0100 chargesom manager[934598]: [INFO] connector:EvseM  :: EVSE ISO V2G CurrentDemandRes
2025-12-16T23:35:53.000902+0100 chargesom manager[934598]: [INFO] connector:EvseM  ::                                     CAR ISO V2G CurrentDemandReq
2025-12-16T23:35:53.098109+0100 chargesom manager[934598]: [INFO] connector:EvseM  :: EVSE ISO V2G CurrentDemandRes
2025-12-16T23:35:53.125094+0100 chargesom manager[934598]: [INFO] connector:EvseM  :: EVSE IEC Isolation measurement Ok R_F 900000.
2025-12-16T23:35:53.219615+0100 chargesom manager[934598]: [INFO] connector:EvseM  ::                                     CAR ISO V2G CurrentDemandReq
2025-12-16T23:35:53.349866+0100 chargesom manager[934598]: [INFO] connector:EvseM  :: EVSE ISO V2G CurrentDemandRes
2025-12-16T23:35:53.439627+0100 chargesom manager[934598]: [INFO] connector:EvseM  ::                                     CAR ISO V2G CurrentDemandReq
2025-12-16T23:35:53.538065+0100 chargesom manager[934598]: [INFO] connector:EvseM  :: EVSE ISO V2G CurrentDemandRes
2025-12-16T23:35:53.705978+0100 chargesom manager[934598]: [INFO] connector:EvseM  ::                                     CAR ISO V2G CurrentDemandReq
2025-12-16T23:35:53.793443+0100 chargesom manager[934598]: [INFO] connector:EvseM  :: EVSE ISO V2G CurrentDemandRes
2025-12-16T23:35:53.880731+0100 chargesom manager[934598]: [INFO] connector:EvseM  ::                                     CAR ISO V2G CurrentDemandReq
2025-12-16T23:35:53.978256+0100 chargesom manager[934598]: [INFO] connector:EvseM  :: EVSE ISO V2G CurrentDemandRes
2025-12-16T23:35:54.099458+0100 chargesom manager[934598]: [INFO] connector:EvseM  ::                                     CAR ISO V2G CurrentDemandReq
2025-12-16T23:35:54.125542+0100 chargesom manager[934598]: [INFO] connector:EvseM  :: EVSE IEC Isolation measurement Ok R_F 900000.
2025-12-16T23:35:54.213752+0100 chargesom manager[934598]: [INFO] connector:EvseM  :: EVSE ISO V2G CurrentDemandRes
2025-12-16T23:35:54.349499+0100 chargesom manager[934598]: [INFO] connector:EvseM  ::                                     CAR ISO V2G CurrentDemandReq
2025-12-16T23:35:54.417954+0100 chargesom manager[934598]: [INFO] connector:EvseM  :: EVSE ISO V2G CurrentDemandRes
2025-12-16T23:35:54.539374+0100 chargesom manager[934598]: [INFO] connector:EvseM  ::                                     CAR ISO V2G CurrentDemandReq
2025-12-16T23:35:54.638050+0100 chargesom manager[934598]: [INFO] connector:EvseM  :: EVSE ISO V2G CurrentDemandRes
2025-12-16T23:35:54.801491+0100 chargesom manager[934598]: [INFO] connector:EvseM  ::                                     CAR ISO V2G CurrentDemandReq
2025-12-16T23:35:54.897699+0100 chargesom manager[934598]: [INFO] connector:EvseM  :: EVSE ISO V2G CurrentDemandRes
2025-12-16T23:35:54.980960+0100 chargesom manager[934598]: [INFO] connector:EvseM  ::                                     CAR ISO V2G CurrentDemandReq
2025-12-16T23:35:55.113589+0100 chargesom manager[934598]: [INFO] connector:EvseM  :: EVSE ISO V2G CurrentDemandRes
2025-12-16T23:35:55.125550+0100 chargesom manager[934598]: [INFO] connector:EvseM  :: EVSE IEC Isolation measurement Ok R_F 900000.
2025-12-16T23:35:55.217600+0100 chargesom manager[934598]: [INFO] connector:EvseM  ::                                     CAR ISO V2G CurrentDemandReq
2025-12-16T23:35:55.298161+0100 chargesom manager[934598]: [INFO] connector:EvseM  :: EVSE ISO V2G CurrentDemandRes
2025-12-16T23:35:55.419428+0100 chargesom manager[934598]: [INFO] connector:EvseM  ::                                     CAR ISO V2G CurrentDemandReq
2025-12-16T23:35:55.518077+0100 chargesom manager[934598]: [INFO] connector:EvseM  :: EVSE ISO V2G CurrentDemandRes
2025-12-16T23:35:55.639554+0100 chargesom manager[934598]: [INFO] connector:EvseM  ::                                     CAR ISO V2G CurrentDemandReq
2025-12-16T23:35:55.738146+0100 chargesom manager[934598]: [INFO] connector:EvseM  :: EVSE ISO V2G CurrentDemandRes
2025-12-16T23:35:55.862650+0100 chargesom manager[934598]: [INFO] connector:EvseM  ::                                     CAR ISO V2G CurrentDemandReq
2025-12-16T23:35:55.997692+0100 chargesom manager[934598]: [INFO] connector:EvseM  :: EVSE ISO V2G CurrentDemandRes
2025-12-16T23:35:56.085543+0100 chargesom manager[934598]: [INFO] connector:EvseM  ::                                     CAR ISO V2G CurrentDemandReq
2025-12-16T23:35:56.126419+0100 chargesom manager[934598]: [INFO] connector:EvseM  :: EVSE IEC Isolation measurement Ok R_F 900000.
2025-12-16T23:35:56.213672+0100 chargesom manager[934598]: [INFO] connector:EvseM  :: EVSE ISO V2G CurrentDemandRes
2025-12-16T23:35:56.299338+0100 chargesom manager[934598]: [INFO] connector:EvseM  ::                                     CAR ISO V2G CurrentDemandReq
2025-12-16T23:35:56.398038+0100 chargesom manager[934598]: [INFO] connector:EvseM  :: EVSE ISO V2G CurrentDemandRes
2025-12-16T23:35:56.519268+0100 chargesom manager[934598]: [INFO] connector:EvseM  ::                                     CAR ISO V2G CurrentDemandReq
2025-12-16T23:35:56.617901+0100 chargesom manager[934598]: [INFO] connector:EvseM  :: EVSE ISO V2G CurrentDemandRes
2025-12-16T23:35:56.739492+0100 chargesom manager[934598]: [INFO] connector:EvseM  ::                                     CAR ISO V2G CurrentDemandReq
2025-12-16T23:35:56.837981+0100 chargesom manager[934598]: [INFO] connector:EvseM  :: EVSE ISO V2G CurrentDemandRes
2025-12-16T23:35:56.960295+0100 chargesom manager[934598]: [INFO] connector:EvseM  ::                                     CAR ISO V2G CurrentDemandReq
2025-12-16T23:35:57.097738+0100 chargesom manager[934598]: [INFO] connector:EvseM  :: EVSE ISO V2G CurrentDemandRes
2025-12-16T23:35:57.149941+0100 chargesom manager[934598]: [INFO] connector:EvseM  :: EVSE IEC Isolation measurement Ok R_F 900000.
2025-12-16T23:35:57.198377+0100 chargesom manager[934598]: [INFO] connector:EvseM  ::                                     CAR ISO V2G CurrentDemandReq
2025-12-16T23:35:57.277722+0100 chargesom manager[934598]: [INFO] connector:EvseM  :: EVSE ISO V2G CurrentDemandRes
2025-12-16T23:35:57.399938+0100 chargesom manager[934598]: [INFO] connector:EvseM  ::                                     CAR ISO V2G CurrentDemandReq
2025-12-16T23:35:57.497847+0100 chargesom manager[934598]: [INFO] connector:EvseM  :: EVSE ISO V2G CurrentDemandRes
2025-12-16T23:35:57.619326+0100 chargesom manager[934598]: [INFO] connector:EvseM  ::                                     CAR ISO V2G CurrentDemandReq
2025-12-16T23:35:57.717952+0100 chargesom manager[934598]: [INFO] connector:EvseM  :: EVSE ISO V2G CurrentDemandRes
2025-12-16T23:35:57.840684+0100 chargesom manager[934598]: [INFO] connector:EvseM  ::                                     CAR ISO V2G CurrentDemandReq
2025-12-16T23:35:57.938344+0100 chargesom manager[934598]: [INFO] connector:EvseM  :: EVSE ISO V2G CurrentDemandRes
2025-12-16T23:35:58.059413+0100 chargesom manager[934598]: [INFO] connector:EvseM  ::                                     CAR ISO V2G CurrentDemandReq
2025-12-16T23:35:58.126907+0100 chargesom manager[934598]: [INFO] connector:EvseM  :: EVSE IEC Isolation measurement Ok R_F 900000.
2025-12-16T23:35:58.169676+0100 chargesom manager[934598]: [INFO] connector:EvseM  :: EVSE ISO V2G CurrentDemandRes
2025-12-16T23:35:58.289732+0100 chargesom manager[934598]: [INFO] connector:EvseM  ::                                     CAR ISO V2G CurrentDemandReq
2025-12-16T23:35:58.398345+0100 chargesom manager[934598]: [INFO] connector:EvseM  :: EVSE ISO V2G CurrentDemandRes
2025-12-16T23:35:58.499492+0100 chargesom manager[934598]: [INFO] connector:EvseM  ::                                     CAR ISO V2G CurrentDemandReq
2025-12-16T23:35:58.597869+0100 chargesom manager[934598]: [INFO] connector:EvseM  :: EVSE ISO V2G CurrentDemandRes
2025-12-16T23:35:58.719613+0100 chargesom manager[934598]: [INFO] connector:EvseM  ::                                     CAR ISO V2G CurrentDemandReq
2025-12-16T23:35:58.817730+0100 chargesom manager[934598]: [INFO] connector:EvseM  :: EVSE ISO V2G CurrentDemandRes
2025-12-16T23:35:58.941149+0100 chargesom manager[934598]: [INFO] connector:EvseM  ::                                     CAR ISO V2G CurrentDemandReq
2025-12-16T23:35:59.038158+0100 chargesom manager[934598]: [INFO] connector:EvseM  :: EVSE ISO V2G CurrentDemandRes
2025-12-16T23:35:59.127020+0100 chargesom manager[934598]: [INFO] connector:EvseM  :: EVSE IEC Isolation measurement Ok R_F 900000.
2025-12-16T23:35:59.169727+0100 chargesom manager[934598]: [INFO] connector:EvseM  ::                                     CAR ISO V2G CurrentDemandReq
2025-12-16T23:35:59.257929+0100 chargesom manager[934598]: [INFO] connector:EvseM  :: EVSE ISO V2G CurrentDemandRes
2025-12-16T23:35:59.379365+0100 chargesom manager[934598]: [INFO] connector:EvseM  ::                                     CAR ISO V2G CurrentDemandReq
2025-12-16T23:35:59.497810+0100 chargesom manager[934598]: [INFO] connector:EvseM  :: EVSE ISO V2G CurrentDemandRes
2025-12-16T23:35:59.599170+0100 chargesom manager[934598]: [INFO] connector:EvseM  ::                                     CAR ISO V2G CurrentDemandReq
2025-12-16T23:35:59.697725+0100 chargesom manager[934598]: [INFO] connector:EvseM  :: EVSE ISO V2G CurrentDemandRes
2025-12-16T23:35:59.819998+0100 chargesom manager[934598]: [INFO] connector:EvseM  ::                                     CAR ISO V2G CurrentDemandReq
2025-12-16T23:35:59.917944+0100 chargesom manager[934598]: [INFO] connector:EvseM  :: EVSE ISO V2G CurrentDemandRes
2025-12-16T23:36:00.049553+0100 chargesom manager[934598]: [INFO] connector:EvseM  ::                                     CAR ISO V2G CurrentDemandReq
2025-12-16T23:36:00.127488+0100 chargesom manager[934598]: [INFO] connector:EvseM  :: EVSE IEC Isolation measurement Ok R_F 900000.
2025-12-16T23:36:00.169503+0100 chargesom manager[934598]: [INFO] connector:EvseM  :: EVSE ISO V2G CurrentDemandRes
2025-12-16T23:36:00.259156+0100 chargesom manager[934598]: [INFO] connector:EvseM  ::                                     CAR ISO V2G CurrentDemandReq
2025-12-16T23:36:00.358503+0100 chargesom manager[934598]: [INFO] connector:EvseM  :: EVSE ISO V2G CurrentDemandRes
2025-12-16T23:36:00.479245+0100 chargesom manager[934598]: [INFO] connector:EvseM  ::                                     CAR ISO V2G CurrentDemandReq
2025-12-16T23:36:00.601708+0100 chargesom manager[934598]: [INFO] connector:EvseM  :: EVSE ISO V2G CurrentDemandRes
2025-12-16T23:36:00.699098+0100 chargesom manager[934598]: [INFO] connector:EvseM  ::                                     CAR ISO V2G CurrentDemandReq
2025-12-16T23:36:00.797687+0100 chargesom manager[934598]: [INFO] connector:EvseM  :: EVSE ISO V2G CurrentDemandRes
2025-12-16T23:36:00.920974+0100 chargesom manager[934598]: [INFO] connector:EvseM  ::                                     CAR ISO V2G CurrentDemandReq
2025-12-16T23:36:01.018518+0100 chargesom manager[934598]: [INFO] connector:EvseM  :: EVSE ISO V2G CurrentDemandRes
2025-12-16T23:36:01.128137+0100 chargesom manager[934598]: [INFO] connector:EvseM  :: EVSE IEC Isolation measurement Ok R_F 900000.
2025-12-16T23:36:01.173645+0100 chargesom manager[934598]: [INFO] connector:EvseM  ::                                     CAR ISO V2G CurrentDemandReq
2025-12-16T23:36:01.237658+0100 chargesom manager[934598]: [INFO] connector:EvseM  :: EVSE ISO V2G CurrentDemandRes
2025-12-16T23:36:01.359727+0100 chargesom manager[934598]: [INFO] connector:EvseM  ::                                     CAR ISO V2G CurrentDemandReq
2025-12-16T23:36:01.457634+0100 chargesom manager[934598]: [INFO] connector:EvseM  :: EVSE ISO V2G CurrentDemandRes
2025-12-16T23:36:01.579157+0100 chargesom manager[934598]: [INFO] connector:EvseM  ::                                     CAR ISO V2G CurrentDemandReq
2025-12-16T23:36:01.701389+0100 chargesom manager[934598]: [INFO] connector:EvseM  :: EVSE ISO V2G CurrentDemandRes
2025-12-16T23:36:01.810063+0100 chargesom manager[934598]: [INFO] connector:EvseM  ::                                     CAR ISO V2G CurrentDemandReq
2025-12-16T23:36:01.896473+0100 chargesom manager[934598]: [INFO] connector:EvseM  :: EVSE ISO V2G CurrentDemandRes
2025-12-16T23:36:02.049861+0100 chargesom manager[934598]: [INFO] connector:EvseM  ::                                     CAR ISO V2G CurrentDemandReq
2025-12-16T23:36:02.117395+0100 chargesom manager[934598]: [INFO] connector:EvseM  :: EVSE ISO V2G CurrentDemandRes
2025-12-16T23:36:02.127935+0100 chargesom manager[934598]: [INFO] connector:EvseM  :: EVSE IEC Isolation measurement Ok R_F 900000.
2025-12-16T23:36:02.261131+0100 chargesom manager[934598]: [INFO] connector:EvseM  ::                                     CAR ISO V2G CurrentDemandReq
2025-12-16T23:36:02.353364+0100 chargesom manager[934598]: [INFO] connector:EvseM  :: EVSE ISO V2G CurrentDemandRes
2025-12-16T23:36:02.458879+0100 chargesom manager[934598]: [INFO] connector:EvseM  ::                                     CAR ISO V2G CurrentDemandReq
2025-12-16T23:36:02.557405+0100 chargesom manager[934598]: [INFO] connector:EvseM  :: EVSE ISO V2G CurrentDemandRes
2025-12-16T23:36:02.678872+0100 chargesom manager[934598]: [INFO] connector:EvseM  ::                                     CAR ISO V2G CurrentDemandReq
2025-12-16T23:36:02.817245+0100 chargesom manager[934598]: [INFO] connector:EvseM  :: EVSE ISO V2G CurrentDemandRes
2025-12-16T23:36:02.909546+0100 chargesom manager[934598]: [INFO] connector:EvseM  ::                                     CAR ISO V2G CurrentDemandReq
2025-12-16T23:36:02.997234+0100 chargesom manager[934598]: [INFO] connector:EvseM  :: EVSE ISO V2G CurrentDemandRes
2025-12-16T23:36:03.118938+0100 chargesom manager[934598]: [INFO] connector:EvseM  ::                                     CAR ISO V2G CurrentDemandReq
2025-12-16T23:36:03.128034+0100 chargesom manager[934598]: [INFO] connector:EvseM  :: EVSE IEC Isolation measurement Ok R_F 900000.
2025-12-16T23:36:03.217420+0100 chargesom manager[934598]: [INFO] connector:EvseM  :: EVSE ISO V2G CurrentDemandRes
2025-12-16T23:36:03.357446+0100 chargesom manager[934598]: [INFO] connector:EvseM  ::                                     CAR ISO V2G CurrentDemandReq
2025-12-16T23:36:03.436290+0100 chargesom manager[934598]: [INFO] connector:EvseM  :: EVSE ISO V2G CurrentDemandRes
2025-12-16T23:36:03.558910+0100 chargesom manager[934598]: [INFO] connector:EvseM  ::                                     CAR ISO V2G CurrentDemandReq
2025-12-16T23:36:03.657135+0100 chargesom manager[934598]: [INFO] connector:EvseM  :: EVSE ISO V2G CurrentDemandRes
2025-12-16T23:36:03.778689+0100 chargesom manager[934598]: [INFO] connector:EvseM  ::                                     CAR ISO V2G CurrentDemandReq
2025-12-16T23:36:03.917719+0100 chargesom manager[934598]: [INFO] connector:EvseM  :: EVSE ISO V2G CurrentDemandRes
2025-12-16T23:36:04.009800+0100 chargesom manager[934598]: [INFO] connector:EvseM  ::                                     CAR ISO V2G CurrentDemandReq
2025-12-16T23:36:04.098063+0100 chargesom manager[934598]: [INFO] connector:EvseM  :: EVSE ISO V2G CurrentDemandRes
2025-12-16T23:36:04.128267+0100 chargesom manager[934598]: [INFO] connector:EvseM  :: EVSE IEC Isolation measurement Ok R_F 900000.
2025-12-16T23:36:04.261136+0100 chargesom manager[934598]: [INFO] connector:EvseM  ::                                     CAR ISO V2G CurrentDemandReq
2025-12-16T23:36:04.357124+0100 chargesom manager[934598]: [INFO] connector:EvseM  :: EVSE ISO V2G CurrentDemandRes
2025-12-16T23:36:04.438624+0100 chargesom manager[934598]: [INFO] connector:EvseM  ::                                     CAR ISO V2G CurrentDemandReq
2025-12-16T23:36:04.536358+0100 chargesom manager[934598]: [INFO] connector:EvseM  :: EVSE ISO V2G CurrentDemandRes
2025-12-16T23:36:04.658704+0100 chargesom manager[934598]: [INFO] connector:EvseM  ::                                     CAR ISO V2G CurrentDemandReq
2025-12-16T23:36:04.756187+0100 chargesom manager[934598]: [INFO] connector:EvseM  :: EVSE ISO V2G CurrentDemandRes
2025-12-16T23:36:04.879567+0100 chargesom manager[934598]: [INFO] connector:EvseM  ::                                     CAR ISO V2G CurrentDemandReq
2025-12-16T23:36:04.976367+0100 chargesom manager[934598]: [INFO] connector:EvseM  :: EVSE ISO V2G CurrentDemandRes
2025-12-16T23:36:05.141892+0100 chargesom manager[934598]: [INFO] connector:EvseM  ::                                     CAR ISO V2G CurrentDemandReq
2025-12-16T23:36:05.141892+0100 chargesom manager[934598]: [INFO] connector:EvseM  :: EVSE IEC Isolation measurement Ok R_F 900000.
2025-12-16T23:36:05.229233+0100 chargesom manager[934598]: [INFO] connector:EvseM  :: EVSE ISO V2G CurrentDemandRes
2025-12-16T23:36:05.357145+0100 chargesom manager[934598]: [INFO] connector:EvseM  ::                                     CAR ISO V2G CurrentDemandReq
2025-12-16T23:36:05.417874+0100 chargesom manager[934598]: [INFO] connector:EvseM  :: EVSE ISO V2G CurrentDemandRes
2025-12-16T23:36:05.538683+0100 chargesom manager[934598]: [INFO] connector:EvseM  ::                                     CAR ISO V2G CurrentDemandReq
2025-12-16T23:36:05.636151+0100 chargesom manager[934598]: [INFO] connector:EvseM  :: EVSE ISO V2G CurrentDemandRes
2025-12-16T23:36:05.758580+0100 chargesom manager[934598]: [INFO] connector:EvseM  ::                                     CAR ISO V2G CurrentDemandReq
2025-12-16T23:36:05.856114+0100 chargesom manager[934598]: [INFO] connector:EvseM  :: EVSE ISO V2G CurrentDemandRes
2025-12-16T23:36:05.979508+0100 chargesom manager[934598]: [INFO] connector:EvseM  ::                                     CAR ISO V2G CurrentDemandReq
2025-12-16T23:36:06.077708+0100 chargesom manager[934598]: [INFO] connector:EvseM  :: EVSE ISO V2G CurrentDemandRes
2025-12-16T23:36:06.153521+0100 chargesom manager[934598]: [INFO] connector:EvseM  :: EVSE IEC Isolation measurement Ok R_F 900000.
2025-12-16T23:36:06.201215+0100 chargesom manager[934598]: [INFO] connector:EvseM  ::                                     CAR ISO V2G CurrentDemandReq
2025-12-16T23:36:06.296106+0100 chargesom manager[934598]: [INFO] connector:EvseM  :: EVSE ISO V2G CurrentDemandRes
2025-12-16T23:36:06.418996+0100 chargesom manager[934598]: [INFO] connector:EvseM  ::                                     CAR ISO V2G CurrentDemandReq
2025-12-16T23:36:06.516308+0100 chargesom manager[934598]: [INFO] connector:EvseM  :: EVSE ISO V2G CurrentDemandRes
2025-12-16T23:36:06.638628+0100 chargesom manager[934598]: [INFO] connector:EvseM  ::                                     CAR ISO V2G CurrentDemandReq
2025-12-16T23:36:06.736133+0100 chargesom manager[934598]: [INFO] connector:EvseM  :: EVSE ISO V2G CurrentDemandRes
2025-12-16T23:36:06.859430+0100 chargesom manager[934598]: [INFO] connector:EvseM  ::                                     CAR ISO V2G CurrentDemandReq
2025-12-16T23:36:06.956312+0100 chargesom manager[934598]: [INFO] connector:EvseM  :: EVSE ISO V2G CurrentDemandRes
2025-12-16T23:36:07.097524+0100 chargesom manager[934598]: [INFO] connector:EvseM  ::                                     CAR ISO V2G CurrentDemandReq
2025-12-16T23:36:07.141107+0100 chargesom manager[934598]: [INFO] connector:EvseM  :: EVSE IEC Isolation measurement Ok R_F 900000.
2025-12-16T23:36:07.185595+0100 chargesom manager[934598]: [INFO] connector:EvseM  :: EVSE ISO V2G CurrentDemandRes
2025-12-16T23:36:07.301525+0100 chargesom manager[934598]: [INFO] connector:EvseM  ::                                     CAR ISO V2G CurrentDemandReq
2025-12-16T23:36:07.396321+0100 chargesom manager[934598]: [INFO] connector:EvseM  :: EVSE ISO V2G CurrentDemandRes
2025-12-16T23:36:07.518690+0100 chargesom manager[934598]: [INFO] connector:EvseM  ::                                     CAR ISO V2G CurrentDemandReq
2025-12-16T23:36:07.616192+0100 chargesom manager[934598]: [INFO] connector:EvseM  :: EVSE ISO V2G CurrentDemandRes
2025-12-16T23:36:07.738619+0100 chargesom manager[934598]: [INFO] connector:EvseM  ::                                     CAR ISO V2G CurrentDemandReq
2025-12-16T23:36:07.836078+0100 chargesom manager[934598]: [INFO] connector:EvseM  :: EVSE ISO V2G CurrentDemandRes
2025-12-16T23:36:07.959259+0100 chargesom manager[934598]: [INFO] connector:EvseM  ::                                     CAR ISO V2G CurrentDemandReq
2025-12-16T23:36:08.056439+0100 chargesom manager[934598]: [INFO] connector:EvseM  :: EVSE ISO V2G CurrentDemandRes
2025-12-16T23:36:08.129522+0100 chargesom manager[934598]: [INFO] connector:EvseM  :: EVSE IEC Isolation measurement Ok R_F 900000.
2025-12-16T23:36:08.217168+0100 chargesom manager[934598]: [INFO] connector:EvseM  ::                                     CAR ISO V2G CurrentDemandReq
2025-12-16T23:36:08.276167+0100 chargesom manager[934598]: [INFO] connector:EvseM  :: EVSE ISO V2G CurrentDemandRes
2025-12-16T23:36:08.409699+0100 chargesom manager[934598]: [INFO] connector:EvseM  ::                                     CAR ISO V2G CurrentDemandReq
2025-12-16T23:36:08.529292+0100 chargesom manager[934598]: [INFO] connector:EvseM  :: EVSE ISO V2G CurrentDemandRes
2025-12-16T23:36:08.618477+0100 chargesom manager[934598]: [INFO] connector:EvseM  ::                                     CAR ISO V2G CurrentDemandReq
2025-12-16T23:36:08.717024+0100 chargesom manager[934598]: [INFO] connector:EvseM  :: EVSE ISO V2G CurrentDemandRes
2025-12-16T23:36:08.839877+0100 chargesom manager[934598]: [INFO] connector:EvseM  ::                                     CAR ISO V2G CurrentDemandReq
2025-12-16T23:36:08.936140+0100 chargesom manager[934598]: [INFO] connector:EvseM  :: EVSE ISO V2G CurrentDemandRes
2025-12-16T23:36:09.058667+0100 chargesom manager[934598]: [INFO] connector:EvseM  ::                                     CAR ISO V2G CurrentDemandReq
2025-12-16T23:36:09.129726+0100 chargesom manager[934598]: [INFO] connector:EvseM  :: EVSE IEC Isolation measurement Ok R_F 900000.
2025-12-16T23:36:09.173163+0100 chargesom manager[934598]: [INFO] connector:EvseM  :: EVSE ISO V2G CurrentDemandRes
2025-12-16T23:36:09.278535+0100 chargesom manager[934598]: [INFO] connector:EvseM  ::                                     CAR ISO V2G CurrentDemandReq
2025-12-16T23:36:09.376239+0100 chargesom manager[934598]: [INFO] connector:EvseM  :: EVSE ISO V2G CurrentDemandRes
2025-12-16T23:36:09.537451+0100 chargesom manager[934598]: [INFO] connector:EvseM  ::                                     CAR ISO V2G CurrentDemandReq
2025-12-16T23:36:09.629493+0100 chargesom manager[934598]: [INFO] connector:EvseM  :: EVSE ISO V2G CurrentDemandRes
2025-12-16T23:36:09.718374+0100 chargesom manager[934598]: [INFO] connector:EvseM  ::                                     CAR ISO V2G CurrentDemandReq
2025-12-16T23:36:09.817066+0100 chargesom manager[934598]: [INFO] connector:EvseM  :: EVSE ISO V2G CurrentDemandRes
2025-12-16T23:36:09.939633+0100 chargesom manager[934598]: [INFO] connector:EvseM  ::                                     CAR ISO V2G CurrentDemandReq
2025-12-16T23:36:10.049612+0100 chargesom manager[934598]: [INFO] connector:EvseM  :: EVSE ISO V2G CurrentDemandRes
2025-12-16T23:36:10.130031+0100 chargesom manager[934598]: [INFO] connector:EvseM  :: EVSE IEC Isolation measurement Ok R_F 900000.
2025-12-16T23:36:10.173583+0100 chargesom manager[934598]: [INFO] connector:EvseM  ::                                     CAR ISO V2G CurrentDemandReq
2025-12-16T23:36:10.257220+0100 chargesom manager[934598]: [INFO] connector:EvseM  :: EVSE ISO V2G CurrentDemandRes
2025-12-16T23:36:10.378423+0100 chargesom manager[934598]: [INFO] connector:EvseM  ::                                     CAR ISO V2G CurrentDemandReq
2025-12-16T23:36:10.477112+0100 chargesom manager[934598]: [INFO] connector:EvseM  :: EVSE ISO V2G CurrentDemandRes
2025-12-16T23:36:10.598732+0100 chargesom manager[934598]: [INFO] connector:EvseM  ::                                     CAR ISO V2G CurrentDemandReq
2025-12-16T23:36:10.725288+0100 chargesom manager[934598]: [INFO] connector:EvseM  :: EVSE ISO V2G CurrentDemandRes
2025-12-16T23:36:10.819796+0100 chargesom manager[934598]: [INFO] connector:EvseM  ::                                     CAR ISO V2G CurrentDemandReq
2025-12-16T23:36:10.917358+0100 chargesom manager[934598]: [INFO] connector:EvseM  :: EVSE ISO V2G CurrentDemandRes
2025-12-16T23:36:11.038432+0100 chargesom manager[934598]: [INFO] connector:EvseM  ::                                     CAR ISO V2G CurrentDemandReq
2025-12-16T23:36:11.130330+0100 chargesom manager[934598]: [INFO] connector:EvseM  :: EVSE IEC Isolation measurement Ok R_F 900000.
2025-12-16T23:36:11.173323+0100 chargesom manager[934598]: [INFO] connector:EvseM  :: EVSE ISO V2G CurrentDemandRes
2025-12-16T23:36:11.258368+0100 chargesom manager[934598]: [INFO] connector:EvseM  ::                                     CAR ISO V2G CurrentDemandReq
2025-12-16T23:36:11.365216+0100 chargesom manager[934598]: [INFO] connector:EvseM  :: EVSE ISO V2G CurrentDemandRes
2025-12-16T23:36:11.479182+0100 chargesom manager[934598]: [INFO] connector:EvseM  ::                                     CAR ISO V2G CurrentDemandReq
2025-12-16T23:36:11.576935+0100 chargesom manager[934598]: [INFO] connector:EvseM  :: EVSE ISO V2G CurrentDemandRes
2025-12-16T23:36:11.698442+0100 chargesom manager[934598]: [INFO] connector:EvseM  ::                                     CAR ISO V2G CurrentDemandReq
2025-12-16T23:36:11.821871+0100 chargesom manager[934598]: [INFO] connector:EvseM  :: EVSE ISO V2G CurrentDemandRes
2025-12-16T23:36:11.953916+0100 chargesom manager[934598]: [INFO] connector:EvseM  ::                                     CAR ISO V2G CurrentDemandReq
2025-12-16T23:36:12.053142+0100 chargesom manager[934598]: [INFO] connector:EvseM  :: EVSE ISO V2G CurrentDemandRes
2025-12-16T23:36:12.130698+0100 chargesom manager[934598]: [INFO] connector:EvseM  :: EVSE IEC Isolation measurement Ok R_F 900000.
2025-12-16T23:36:12.173454+0100 chargesom manager[934598]: [INFO] connector:EvseM  ::                                     CAR ISO V2G CurrentDemandReq
2025-12-16T23:36:12.236963+0100 chargesom manager[934598]: [INFO] connector:EvseM  :: EVSE ISO V2G CurrentDemandRes
2025-12-16T23:36:12.361145+0100 chargesom manager[934598]: [INFO] connector:EvseM  ::                                     CAR ISO V2G CurrentDemandReq
2025-12-16T23:36:12.456946+0100 chargesom manager[934598]: [INFO] connector:EvseM  :: EVSE ISO V2G CurrentDemandRes
2025-12-16T23:36:12.578242+0100 chargesom manager[934598]: [INFO] connector:EvseM  ::                                     CAR ISO V2G CurrentDemandReq
2025-12-16T23:36:12.676906+0100 chargesom manager[934598]: [INFO] connector:EvseM  :: EVSE ISO V2G CurrentDemandRes
2025-12-16T23:36:12.799919+0100 chargesom manager[934598]: [INFO] connector:EvseM  ::                                     CAR ISO V2G CurrentDemandReq
2025-12-16T23:36:12.897007+0100 chargesom manager[934598]: [INFO] connector:EvseM  :: EVSE ISO V2G CurrentDemandRes
2025-12-16T23:36:13.049632+0100 chargesom manager[934598]: [INFO] connector:EvseM  ::                                     CAR ISO V2G CurrentDemandReq
2025-12-16T23:36:13.117051+0100 chargesom manager[934598]: [INFO] connector:EvseM  :: EVSE ISO V2G CurrentDemandRes
2025-12-16T23:36:13.130854+0100 chargesom manager[934598]: [INFO] connector:EvseM  :: EVSE IEC Isolation measurement Ok R_F 900000.
2025-12-16T23:36:13.261195+0100 chargesom manager[934598]: [INFO] connector:EvseM  ::                                     CAR ISO V2G CurrentDemandReq
2025-12-16T23:36:13.365150+0100 chargesom manager[934598]: [INFO] connector:EvseM  :: EVSE ISO V2G CurrentDemandRes
2025-12-16T23:36:13.458212+0100 chargesom manager[934598]: [INFO] connector:EvseM  ::                                     CAR ISO V2G CurrentDemandReq
2025-12-16T23:36:13.556813+0100 chargesom manager[934598]: [INFO] connector:EvseM  :: EVSE ISO V2G CurrentDemandRes
2025-12-16T23:36:13.678218+0100 chargesom manager[934598]: [INFO] connector:EvseM  ::                                     CAR ISO V2G CurrentDemandReq
2025-12-16T23:36:13.776916+0100 chargesom manager[934598]: [INFO] connector:EvseM  :: EVSE ISO V2G CurrentDemandRes
2025-12-16T23:36:13.899597+0100 chargesom manager[934598]: [INFO] connector:EvseM  ::                                     CAR ISO V2G CurrentDemandReq
2025-12-16T23:36:13.996973+0100 chargesom manager[934598]: [INFO] connector:EvseM  :: EVSE ISO V2G CurrentDemandRes
2025-12-16T23:36:14.150019+0100 chargesom manager[934598]: [INFO] connector:EvseM  :: EVSE IEC Isolation measurement Ok R_F 900000.
2025-12-16T23:36:14.151740+0100 chargesom manager[934598]: [INFO] connector:EvseM  ::                                     CAR ISO V2G CurrentDemandReq
2025-12-16T23:36:14.241785+0100 chargesom manager[934598]: [INFO] connector:EvseM  :: EVSE ISO V2G CurrentDemandRes
2025-12-16T23:36:14.365170+0100 chargesom manager[934598]: [INFO] connector:EvseM  ::                                     CAR ISO V2G CurrentDemandReq
2025-12-16T23:36:14.436883+0100 chargesom manager[934598]: [INFO] connector:EvseM  :: EVSE ISO V2G CurrentDemandRes
2025-12-16T23:36:14.558311+0100 chargesom manager[934598]: [INFO] connector:EvseM  ::                                     CAR ISO V2G CurrentDemandReq
2025-12-16T23:36:14.656855+0100 chargesom manager[934598]: [INFO] connector:EvseM  :: EVSE ISO V2G CurrentDemandRes
2025-12-16T23:36:14.778845+0100 chargesom manager[934598]: [INFO] connector:EvseM  ::                                     CAR ISO V2G CurrentDemandReq
2025-12-16T23:36:14.876803+0100 chargesom manager[934598]: [INFO] connector:EvseM  :: EVSE ISO V2G CurrentDemandRes
2025-12-16T23:36:14.998933+0100 chargesom manager[934598]: [INFO] connector:EvseM  ::                                     CAR ISO V2G CurrentDemandReq
2025-12-16T23:36:15.133709+0100 chargesom manager[934598]: [INFO] connector:EvseM  :: EVSE IEC Isolation measurement Ok R_F 900000.
2025-12-16T23:36:15.133709+0100 chargesom manager[934598]: [INFO] connector:EvseM  :: EVSE ISO V2G CurrentDemandRes
2025-12-16T23:36:15.222211+0100 chargesom manager[934598]: [INFO] connector:EvseM  ::                                     CAR ISO V2G CurrentDemandReq
2025-12-16T23:36:15.354311+0100 chargesom manager[934598]: [INFO] connector:EvseM  :: EVSE ISO V2G CurrentDemandRes
2025-12-16T23:36:15.438080+0100 chargesom manager[934598]: [INFO] connector:EvseM  ::                                     CAR ISO V2G CurrentDemandReq
2025-12-16T23:36:15.536710+0100 chargesom manager[934598]: [INFO] connector:EvseM  :: EVSE ISO V2G CurrentDemandRes
2025-12-16T23:36:15.658112+0100 chargesom manager[934598]: [INFO] connector:EvseM  ::                                     CAR ISO V2G CurrentDemandReq
2025-12-16T23:36:15.757391+0100 chargesom manager[934598]: [INFO] connector:EvseM  :: EVSE ISO V2G CurrentDemandRes
2025-12-16T23:36:15.878747+0100 chargesom manager[934598]: [INFO] connector:EvseM  ::                                     CAR ISO V2G CurrentDemandReq
2025-12-16T23:36:15.976831+0100 chargesom manager[934598]: [INFO] connector:EvseM  :: EVSE ISO V2G CurrentDemandRes
2025-12-16T23:36:16.098238+0100 chargesom manager[934598]: [INFO] connector:EvseM  ::                                     CAR ISO V2G CurrentDemandReq
2025-12-16T23:36:16.131712+0100 chargesom manager[934598]: [INFO] connector:EvseM  :: EVSE IEC Isolation measurement Ok R_F 900000.
2025-12-16T23:36:16.217619+0100 chargesom manager[934598]: [INFO] connector:EvseM  :: EVSE ISO V2G CurrentDemandRes
2025-12-16T23:36:16.319366+0100 chargesom manager[934598]: [INFO] connector:EvseM  ::                                     CAR ISO V2G CurrentDemandReq
2025-12-16T23:36:16.417725+0100 chargesom manager[934598]: [INFO] connector:EvseM  :: EVSE ISO V2G CurrentDemandRes
2025-12-16T23:36:16.539267+0100 chargesom manager[934598]: [INFO] connector:EvseM  ::                                     CAR ISO V2G CurrentDemandReq
2025-12-16T23:36:16.636760+0100 chargesom manager[934598]: [INFO] connector:EvseM  :: EVSE ISO V2G CurrentDemandRes
2025-12-16T23:36:16.758052+0100 chargesom manager[934598]: [INFO] connector:EvseM  ::                                     CAR ISO V2G CurrentDemandReq
2025-12-16T23:36:16.856627+0100 chargesom manager[934598]: [INFO] connector:EvseM  :: EVSE ISO V2G CurrentDemandRes
2025-12-16T23:36:16.979285+0100 chargesom manager[934598]: [INFO] connector:EvseM  ::                                     CAR ISO V2G CurrentDemandReq
2025-12-16T23:36:17.109363+0100 chargesom manager[934598]: [INFO] connector:EvseM  :: EVSE ISO V2G CurrentDemandRes
2025-12-16T23:36:17.132036+0100 chargesom manager[934598]: [INFO] connector:EvseM  :: EVSE IEC Isolation measurement Ok R_F 900000.
2025-12-16T23:36:17.221493+0100 chargesom manager[934598]: [INFO] connector:EvseM  ::                                     CAR ISO V2G CurrentDemandReq
2025-12-16T23:36:17.296778+0100 chargesom manager[934598]: [INFO] connector:EvseM  :: EVSE ISO V2G CurrentDemandRes
2025-12-16T23:36:17.418604+0100 chargesom manager[934598]: [INFO] connector:EvseM  ::                                     CAR ISO V2G CurrentDemandReq
2025-12-16T23:36:17.516850+0100 chargesom manager[934598]: [INFO] connector:EvseM  :: EVSE ISO V2G CurrentDemandRes
2025-12-16T23:36:17.677488+0100 chargesom manager[934598]: [INFO] connector:EvseM  ::                                     CAR ISO V2G CurrentDemandReq
2025-12-16T23:36:17.769291+0100 chargesom manager[934598]: [INFO] connector:EvseM  :: EVSE ISO V2G CurrentDemandRes
2025-12-16T23:36:17.859060+0100 chargesom manager[934598]: [INFO] connector:EvseM  ::                                     CAR ISO V2G CurrentDemandReq
2025-12-16T23:36:17.956849+0100 chargesom manager[934598]: [INFO] connector:EvseM  :: EVSE ISO V2G CurrentDemandRes
2025-12-16T23:36:18.078154+0100 chargesom manager[934598]: [INFO] connector:EvseM  ::                                     CAR ISO V2G CurrentDemandReq
2025-12-16T23:36:18.132243+0100 chargesom manager[934598]: [INFO] connector:EvseM  :: EVSE IEC Isolation measurement Ok R_F 900000.
2025-12-16T23:36:18.177340+0100 chargesom manager[934598]: [INFO] connector:EvseM  :: EVSE ISO V2G CurrentDemandRes
2025-12-16T23:36:18.298498+0100 chargesom manager[934598]: [INFO] connector:EvseM  ::                                     CAR ISO V2G CurrentDemandReq
2025-12-16T23:36:18.396586+0100 chargesom manager[934598]: [INFO] connector:EvseM  :: EVSE ISO V2G CurrentDemandRes
2025-12-16T23:36:18.518080+0100 chargesom manager[934598]: [INFO] connector:EvseM  ::                                     CAR ISO V2G CurrentDemandReq
2025-12-16T23:36:18.616890+0100 chargesom manager[934598]: [INFO] connector:EvseM  :: EVSE ISO V2G CurrentDemandRes
2025-12-16T23:36:18.777397+0100 chargesom manager[934598]: [INFO] connector:EvseM  ::                                     CAR ISO V2G CurrentDemandReq
2025-12-16T23:36:18.870163+0100 chargesom manager[934598]: [INFO] connector:EvseM  :: EVSE ISO V2G CurrentDemandRes
2025-12-16T23:36:18.959349+0100 chargesom manager[934598]: [INFO] connector:EvseM  ::                                     CAR ISO V2G CurrentDemandReq
2025-12-16T23:36:19.057221+0100 chargesom manager[934598]: [INFO] connector:EvseM  :: EVSE ISO V2G CurrentDemandRes
2025-12-16T23:36:19.132761+0100 chargesom manager[934598]: [INFO] connector:EvseM  :: EVSE IEC Isolation measurement Ok R_F 900000.
2025-12-16T23:36:19.222047+0100 chargesom manager[934598]: [INFO] connector:EvseM  ::                                     CAR ISO V2G CurrentDemandReq
2025-12-16T23:36:19.276629+0100 chargesom manager[934598]: [INFO] connector:EvseM  :: EVSE ISO V2G CurrentDemandRes
2025-12-16T23:36:19.398888+0100 chargesom manager[934598]: [INFO] connector:EvseM  ::                                     CAR ISO V2G CurrentDemandReq
2025-12-16T23:36:19.496818+0100 chargesom manager[934598]: [INFO] connector:EvseM  :: EVSE ISO V2G CurrentDemandRes
2025-12-16T23:36:19.617925+0100 chargesom manager[934598]: [INFO] connector:EvseM  ::                                     CAR ISO V2G CurrentDemandReq
2025-12-16T23:36:19.715593+0100 chargesom manager[934598]: [INFO] connector:EvseM  :: EVSE ISO V2G CurrentDemandRes
2025-12-16T23:36:19.838834+0100 chargesom manager[934598]: [INFO] connector:EvseM  ::                                     CAR ISO V2G CurrentDemandReq
2025-12-16T23:36:19.965242+0100 chargesom manager[934598]: [INFO] connector:EvseM  :: EVSE ISO V2G CurrentDemandRes
2025-12-16T23:36:20.066091+0100 chargesom manager[934598]: [INFO] connector:EvseM  ::                                     CAR ISO V2G CurrentDemandReq
2025-12-16T23:36:20.132825+0100 chargesom manager[934598]: [INFO] connector:EvseM  :: EVSE IEC Isolation measurement Ok R_F 900000.
2025-12-16T23:36:20.177255+0100 chargesom manager[934598]: [INFO] connector:EvseM  :: EVSE ISO V2G CurrentDemandRes
2025-12-16T23:36:20.278015+0100 chargesom manager[934598]: [INFO] connector:EvseM  ::                                     CAR ISO V2G CurrentDemandReq
2025-12-16T23:36:20.376800+0100 chargesom manager[934598]: [INFO] connector:EvseM  :: EVSE ISO V2G CurrentDemandRes
2025-12-16T23:36:20.497861+0100 chargesom manager[934598]: [INFO] connector:EvseM  ::                                     CAR ISO V2G CurrentDemandReq
2025-12-16T23:36:20.595490+0100 chargesom manager[934598]: [INFO] connector:EvseM  :: EVSE ISO V2G CurrentDemandRes
2025-12-16T23:36:20.718136+0100 chargesom manager[934598]: [INFO] connector:EvseM  ::                                     CAR ISO V2G CurrentDemandReq
2025-12-16T23:36:20.816708+0100 chargesom manager[934598]: [INFO] connector:EvseM  :: EVSE ISO V2G CurrentDemandRes
2025-12-16T23:36:20.938999+0100 chargesom manager[934598]: [INFO] connector:EvseM  ::                                     CAR ISO V2G CurrentDemandReq
2025-12-16T23:36:21.074350+0100 chargesom manager[934598]: [INFO] connector:EvseM  :: EVSE ISO V2G CurrentDemandRes
2025-12-16T23:36:21.165353+0100 chargesom manager[934598]: [INFO] connector:EvseM  :: EVSE IEC Isolation measurement Ok R_F 900000.
2025-12-16T23:36:21.166597+0100 chargesom manager[934598]: [INFO] connector:EvseM  ::                                     CAR ISO V2G CurrentDemandReq
2025-12-16T23:36:21.297160+0100 chargesom manager[934598]: [INFO] connector:EvseM  :: EVSE ISO V2G CurrentDemandRes
2025-12-16T23:36:21.378533+0100 chargesom manager[934598]: [INFO] connector:EvseM  ::                                     CAR ISO V2G CurrentDemandReq
2025-12-16T23:36:21.476695+0100 chargesom manager[934598]: [INFO] connector:EvseM  :: EVSE ISO V2G CurrentDemandRes
2025-12-16T23:36:21.598030+0100 chargesom manager[934598]: [INFO] connector:EvseM  ::                                     CAR ISO V2G CurrentDemandReq
2025-12-16T23:36:21.695589+0100 chargesom manager[934598]: [INFO] connector:EvseM  :: EVSE ISO V2G CurrentDemandRes
2025-12-16T23:36:21.819331+0100 chargesom manager[934598]: [INFO] connector:EvseM  ::                                     CAR ISO V2G CurrentDemandReq
2025-12-16T23:36:21.915692+0100 chargesom manager[934598]: [INFO] connector:EvseM  :: EVSE ISO V2G CurrentDemandRes
2025-12-16T23:36:22.053531+0100 chargesom manager[934598]: [INFO] connector:EvseM  ::                                     CAR ISO V2G CurrentDemandReq
2025-12-16T23:36:22.173680+0100 chargesom manager[934598]: [INFO] connector:EvseM  :: EVSE ISO V2G CurrentDemandRes
2025-12-16T23:36:22.173680+0100 chargesom manager[934598]: [INFO] connector:EvseM  :: EVSE IEC Isolation measurement Ok R_F 900000.
2025-12-16T23:36:22.261510+0100 chargesom manager[934598]: [INFO] connector:EvseM  ::                                     CAR ISO V2G CurrentDemandReq
2025-12-16T23:36:22.369499+0100 chargesom manager[934598]: [INFO] connector:EvseM  :: EVSE ISO V2G CurrentDemandRes
2025-12-16T23:36:22.477919+0100 chargesom manager[934598]: [INFO] connector:EvseM  ::                                     CAR ISO V2G CurrentDemandReq
2025-12-16T23:36:22.575465+0100 chargesom manager[934598]: [INFO] connector:EvseM  :: EVSE ISO V2G CurrentDemandRes
2025-12-16T23:36:22.697848+0100 chargesom manager[934598]: [INFO] connector:EvseM  ::                                     CAR ISO V2G CurrentDemandReq
2025-12-16T23:36:22.795357+0100 chargesom manager[934598]: [INFO] connector:EvseM  :: EVSE ISO V2G CurrentDemandRes
2025-12-16T23:36:22.918475+0100 chargesom manager[934598]: [INFO] connector:EvseM  ::                                     CAR ISO V2G CurrentDemandReq
2025-12-16T23:36:23.015682+0100 chargesom manager[934598]: [INFO] connector:EvseM  :: EVSE ISO V2G CurrentDemandRes
2025-12-16T23:36:23.133881+0100 chargesom manager[934598]: [INFO] connector:EvseM  :: EVSE IEC Isolation measurement Ok R_F 900000.
2025-12-16T23:36:23.177630+0100 chargesom manager[934598]: [INFO] connector:EvseM  ::                                     CAR ISO V2G CurrentDemandReq
2025-12-16T23:36:23.235475+0100 chargesom manager[934598]: [INFO] connector:EvseM  :: EVSE ISO V2G CurrentDemandRes
2025-12-16T23:36:23.373987+0100 chargesom manager[934598]: [INFO] connector:EvseM  ::                                     CAR ISO V2G CurrentDemandReq
2025-12-16T23:36:23.455623+0100 chargesom manager[934598]: [INFO] connector:EvseM  :: EVSE ISO V2G CurrentDemandRes
2025-12-16T23:36:23.577919+0100 chargesom manager[934598]: [INFO] connector:EvseM  ::                                     CAR ISO V2G CurrentDemandReq
2025-12-16T23:36:23.675356+0100 chargesom manager[934598]: [INFO] connector:EvseM  :: EVSE ISO V2G CurrentDemandRes
2025-12-16T23:36:23.798456+0100 chargesom manager[934598]: [INFO] connector:EvseM  ::                                     CAR ISO V2G CurrentDemandReq
2025-12-16T23:36:23.895363+0100 chargesom manager[934598]: [INFO] connector:EvseM  :: EVSE ISO V2G CurrentDemandRes
2025-12-16T23:36:24.018089+0100 chargesom manager[934598]: [INFO] connector:EvseM  ::                                     CAR ISO V2G CurrentDemandReq
2025-12-16T23:36:24.115213+0100 chargesom manager[934598]: [INFO] connector:EvseM  :: EVSE ISO V2G CurrentDemandRes
2025-12-16T23:36:24.134200+0100 chargesom manager[934598]: [INFO] connector:EvseM  :: EVSE IEC Isolation measurement Ok R_F 900000.
2025-12-16T23:36:24.237945+0100 chargesom manager[934598]: [INFO] connector:EvseM  ::                                     CAR ISO V2G CurrentDemandReq
2025-12-16T23:36:24.373390+0100 chargesom manager[934598]: [INFO] connector:EvseM  :: EVSE ISO V2G CurrentDemandRes
2025-12-16T23:36:24.473534+0100 chargesom manager[934598]: [INFO] connector:EvseM  ::                                     CAR ISO V2G CurrentDemandReq
2025-12-16T23:36:24.561604+0100 chargesom manager[934598]: [INFO] connector:EvseM  :: EVSE ISO V2G CurrentDemandRes
2025-12-16T23:36:24.678021+0100 chargesom manager[934598]: [INFO] connector:EvseM  ::                                     CAR ISO V2G CurrentDemandReq
2025-12-16T23:36:24.775575+0100 chargesom manager[934598]: [INFO] connector:EvseM  :: EVSE ISO V2G CurrentDemandRes
2025-12-16T23:36:24.899152+0100 chargesom manager[934598]: [INFO] connector:EvseM  ::                                     CAR ISO V2G CurrentDemandReq
2025-12-16T23:36:24.996021+0100 chargesom manager[934598]: [INFO] connector:EvseM  :: EVSE ISO V2G CurrentDemandRes
2025-12-16T23:36:25.133164+0100 chargesom manager[934598]: [INFO] connector:EvseM  ::                                     CAR ISO V2G CurrentDemandReq
2025-12-16T23:36:25.135491+0100 chargesom manager[934598]: [INFO] connector:EvseM  :: EVSE IEC Isolation measurement Ok R_F 900000.
2025-12-16T23:36:25.221772+0100 chargesom manager[934598]: [INFO] connector:EvseM  :: EVSE ISO V2G CurrentDemandRes
2025-12-16T23:36:25.373524+0100 chargesom manager[934598]: [INFO] connector:EvseM  ::                                     CAR ISO V2G CurrentDemandReq
2025-12-16T23:36:25.435366+0100 chargesom manager[934598]: [INFO] connector:EvseM  :: EVSE ISO V2G CurrentDemandRes
2025-12-16T23:36:25.557655+0100 chargesom manager[934598]: [INFO] connector:EvseM  ::                                     CAR ISO V2G CurrentDemandReq
2025-12-16T23:36:25.657824+0100 chargesom manager[934598]: [INFO] connector:EvseM  :: EVSE ISO V2G CurrentDemandRes
2025-12-16T23:36:25.777592+0100 chargesom manager[934598]: [INFO] connector:EvseM  ::                                     CAR ISO V2G CurrentDemandReq
2025-12-16T23:36:25.876183+0100 chargesom manager[934598]: [INFO] connector:EvseM  :: EVSE ISO V2G CurrentDemandRes
2025-12-16T23:36:25.999071+0100 chargesom manager[934598]: [INFO] connector:EvseM  ::                                     CAR ISO V2G CurrentDemandReq
2025-12-16T23:36:26.095551+0100 chargesom manager[934598]: [INFO] connector:EvseM  :: EVSE ISO V2G CurrentDemandRes
2025-12-16T23:36:26.134842+0100 chargesom manager[934598]: [INFO] connector:EvseM  :: EVSE IEC Isolation measurement Ok R_F 900000.
2025-12-16T23:36:26.221627+0100 chargesom manager[934598]: [INFO] connector:EvseM  ::                                     CAR ISO V2G CurrentDemandReq
2025-12-16T23:36:26.318252+0100 chargesom manager[934598]: [INFO] connector:EvseM  :: EVSE ISO V2G CurrentDemandRes
2025-12-16T23:36:26.437688+0100 chargesom manager[934598]: [INFO] connector:EvseM  ::                                     CAR ISO V2G CurrentDemandReq
2025-12-16T23:36:26.536172+0100 chargesom manager[934598]: [INFO] connector:EvseM  :: EVSE ISO V2G CurrentDemandRes
2025-12-16T23:36:26.658210+0100 chargesom manager[934598]: [INFO] connector:EvseM  ::                                     CAR ISO V2G CurrentDemandReq
2025-12-16T23:36:26.755346+0100 chargesom manager[934598]: [INFO] connector:EvseM  :: EVSE ISO V2G CurrentDemandRes
2025-12-16T23:36:26.882000+0100 chargesom manager[934598]: [INFO] connector:EvseM  ::                                     CAR ISO V2G CurrentDemandReq
2025-12-16T23:36:27.013306+0100 chargesom manager[934598]: [INFO] connector:EvseM  :: EVSE ISO V2G CurrentDemandRes
2025-12-16T23:36:27.101436+0100 chargesom manager[934598]: [INFO] connector:EvseM  ::                                     CAR ISO V2G CurrentDemandReq
2025-12-16T23:36:27.145107+0100 chargesom manager[934598]: [INFO] connector:EvseM  :: EVSE IEC Isolation measurement Ok R_F 900000.
2025-12-16T23:36:27.233531+0100 chargesom manager[934598]: [INFO] connector:EvseM  :: EVSE ISO V2G CurrentDemandRes
2025-12-16T23:36:27.317879+0100 chargesom manager[934598]: [INFO] connector:EvseM  ::                                     CAR ISO V2G CurrentDemandReq
2025-12-16T23:36:27.416178+0100 chargesom manager[934598]: [INFO] connector:EvseM  :: EVSE ISO V2G CurrentDemandRes
2025-12-16T23:36:27.537537+0100 chargesom manager[934598]: [INFO] connector:EvseM  ::                                     CAR ISO V2G CurrentDemandReq
2025-12-16T23:36:27.636256+0100 chargesom manager[934598]: [INFO] connector:EvseM  :: EVSE ISO V2G CurrentDemandRes
2025-12-16T23:36:27.757661+0100 chargesom manager[934598]: [INFO] connector:EvseM  ::                                     CAR ISO V2G CurrentDemandReq
2025-12-16T23:36:27.856083+0100 chargesom manager[934598]: [INFO] connector:EvseM  :: EVSE ISO V2G CurrentDemandRes
2025-12-16T23:36:28.022823+0100 chargesom manager[934598]: [INFO] connector:EvseM  ::                                     CAR ISO V2G CurrentDemandReq
2025-12-16T23:36:28.113776+0100 chargesom manager[934598]: [INFO] connector:EvseM  :: EVSE ISO V2G CurrentDemandRes
2025-12-16T23:36:28.135364+0100 chargesom manager[934598]: [INFO] connector:EvseM  :: EVSE IEC Isolation measurement Ok R_F 900000.
2025-12-16T23:36:28.222311+0100 chargesom manager[934598]: [INFO] connector:EvseM  ::                                     CAR ISO V2G CurrentDemandReq
2025-12-16T23:36:28.296993+0100 chargesom manager[934598]: [INFO] connector:EvseM  :: EVSE ISO V2G CurrentDemandRes
2025-12-16T23:36:28.417627+0100 chargesom manager[934598]: [INFO] connector:EvseM  ::                                     CAR ISO V2G CurrentDemandReq
2025-12-16T23:36:28.516052+0100 chargesom manager[934598]: [INFO] connector:EvseM  :: EVSE ISO V2G CurrentDemandRes
2025-12-16T23:36:28.637730+0100 chargesom manager[934598]: [INFO] connector:EvseM  ::                                     CAR ISO V2G CurrentDemandReq
2025-12-16T23:36:28.735963+0100 chargesom manager[934598]: [INFO] connector:EvseM  :: EVSE ISO V2G CurrentDemandRes
2025-12-16T23:36:28.858708+0100 chargesom manager[934598]: [INFO] connector:EvseM  ::                                     CAR ISO V2G CurrentDemandReq
2025-12-16T23:36:28.955317+0100 chargesom manager[934598]: [INFO] connector:EvseM  :: EVSE ISO V2G CurrentDemandRes
2025-12-16T23:36:29.077368+0100 chargesom manager[934598]: [INFO] connector:EvseM  ::                                     CAR ISO V2G CurrentDemandReq
2025-12-16T23:36:29.165569+0100 chargesom manager[934598]: [INFO] connector:EvseM  :: EVSE IEC Isolation measurement Ok R_F 900000.
2025-12-16T23:36:29.210054+0100 chargesom manager[934598]: [INFO] connector:EvseM  :: EVSE ISO V2G CurrentDemandRes
2025-12-16T23:36:29.297669+0100 chargesom manager[934598]: [INFO] connector:EvseM  ::                                     CAR ISO V2G CurrentDemandReq
2025-12-16T23:36:29.395897+0100 chargesom manager[934598]: [INFO] connector:EvseM  :: EVSE ISO V2G CurrentDemandRes
2025-12-16T23:36:29.518366+0100 chargesom manager[934598]: [INFO] connector:EvseM  ::                                     CAR ISO V2G CurrentDemandReq
2025-12-16T23:36:29.616127+0100 chargesom manager[934598]: [INFO] connector:EvseM  :: EVSE ISO V2G CurrentDemandRes
2025-12-16T23:36:29.737522+0100 chargesom manager[934598]: [INFO] connector:EvseM  ::                                     CAR ISO V2G CurrentDemandReq
2025-12-16T23:36:29.836272+0100 chargesom manager[934598]: [INFO] connector:EvseM  :: EVSE ISO V2G CurrentDemandRes
2025-12-16T23:36:29.958683+0100 chargesom manager[934598]: [INFO] connector:EvseM  ::                                     CAR ISO V2G CurrentDemandReq
2025-12-16T23:36:30.089663+0100 chargesom manager[934598]: [INFO] connector:EvseM  :: EVSE ISO V2G CurrentDemandRes
2025-12-16T23:36:30.135948+0100 chargesom manager[934598]: [INFO] connector:EvseM  :: EVSE IEC Isolation measurement Ok R_F 900000.
2025-12-16T23:36:30.182571+0100 chargesom manager[934598]: [INFO] connector:EvseM  ::                                     CAR ISO V2G CurrentDemandReq
2025-12-16T23:36:30.309402+0100 chargesom manager[934598]: [INFO] connector:EvseM  :: EVSE ISO V2G CurrentDemandRes
2025-12-16T23:36:30.406103+0100 chargesom manager[934598]: [INFO] connector:EvseM  ::                                     CAR ISO V2G CurrentDemandReq
2025-12-16T23:36:30.496163+0100 chargesom manager[934598]: [INFO] connector:EvseM  :: EVSE ISO V2G CurrentDemandRes
2025-12-16T23:36:30.617474+0100 chargesom manager[934598]: [INFO] connector:EvseM  ::                                     CAR ISO V2G CurrentDemandReq
2025-12-16T23:36:30.715951+0100 chargesom manager[934598]: [INFO] connector:EvseM  :: EVSE ISO V2G CurrentDemandRes
2025-12-16T23:36:30.838648+0100 chargesom manager[934598]: [INFO] connector:EvseM  ::                                     CAR ISO V2G CurrentDemandReq
2025-12-16T23:36:30.935725+0100 chargesom manager[934598]: [INFO] connector:EvseM  :: EVSE ISO V2G CurrentDemandRes
2025-12-16T23:36:31.058177+0100 chargesom manager[934598]: [INFO] connector:EvseM  ::                                     CAR ISO V2G CurrentDemandReq
2025-12-16T23:36:31.136332+0100 chargesom manager[934598]: [INFO] connector:EvseM  :: EVSE IEC Isolation measurement Ok R_F 900000.
2025-12-16T23:36:31.181959+0100 chargesom manager[934598]: [INFO] connector:EvseM  :: EVSE ISO V2G CurrentDemandRes
2025-12-16T23:36:31.277660+0100 chargesom manager[934598]: [INFO] connector:EvseM  ::                                     CAR ISO V2G CurrentDemandReq
2025-12-16T23:36:31.377421+0100 chargesom manager[934598]: [INFO] connector:EvseM  :: EVSE ISO V2G CurrentDemandRes
2025-12-16T23:36:32.141152+0100 chargesom manager[934598]: [INFO] connector:EvseM  :: EVSE IEC Isolation measurement Ok R_F 900000.
2025-12-16T23:36:32.657864+0100 chargesom manager[934598]: [INFO] connector:EvseM  ::                                     CAR ISO V2G CurrentDemandReq
2025-12-16T23:36:32.716993+0100 chargesom manager[934598]: [INFO] connector:EvseM  :: EVSE ISO V2G CurrentDemandRes
2025-12-16T23:36:32.838668+0100 chargesom manager[934598]: [INFO] connector:EvseM  ::                                     CAR ISO V2G CurrentDemandReq
2025-12-16T23:36:32.935806+0100 chargesom manager[934598]: [INFO] connector:EvseM  :: EVSE ISO V2G CurrentDemandRes
2025-12-16T23:36:33.057341+0100 chargesom manager[934598]: [INFO] connector:EvseM  ::                                     CAR ISO V2G CurrentDemandReq
2025-12-16T23:36:33.136833+0100 chargesom manager[934598]: [INFO] connector:EvseM  :: EVSE IEC Isolation measurement Ok R_F 900000.
2025-12-16T23:36:33.182212+0100 chargesom manager[934598]: [INFO] connector:EvseM  :: EVSE ISO V2G CurrentDemandRes
2025-12-16T23:36:33.277713+0100 chargesom manager[934598]: [INFO] connector:EvseM  ::                                     CAR ISO V2G CurrentDemandReq
2025-12-16T23:36:33.377216+0100 chargesom manager[934598]: [INFO] connector:EvseM  :: EVSE ISO V2G CurrentDemandRes
2025-12-16T23:36:33.497264+0100 chargesom manager[934598]: [INFO] connector:EvseM  ::                                     CAR ISO V2G CurrentDemandReq
2025-12-16T23:36:33.595872+0100 chargesom manager[934598]: [INFO] connector:EvseM  :: EVSE ISO V2G CurrentDemandRes
2025-12-16T23:36:33.753415+0100 chargesom manager[934598]: [INFO] connector:EvseM  ::                                     CAR ISO V2G CurrentDemandReq
2025-12-16T23:36:33.841817+0100 chargesom manager[934598]: [INFO] connector:EvseM  :: EVSE ISO V2G CurrentDemandRes
2025-12-16T23:36:33.938390+0100 chargesom manager[934598]: [INFO] connector:EvseM  ::                                     CAR ISO V2G CurrentDemandReq
2025-12-16T23:36:34.035844+0100 chargesom manager[934598]: [INFO] connector:EvseM  :: EVSE ISO V2G CurrentDemandRes
2025-12-16T23:36:34.137169+0100 chargesom manager[934598]: [INFO] connector:EvseM  :: EVSE IEC Isolation measurement Ok R_F 900000.
2025-12-16T23:36:34.182285+0100 chargesom manager[934598]: [INFO] connector:EvseM  ::                                     CAR ISO V2G CurrentDemandReq
2025-12-16T23:36:34.256510+0100 chargesom manager[934598]: [INFO] connector:EvseM  :: EVSE ISO V2G CurrentDemandRes
2025-12-16T23:36:34.381214+0100 chargesom manager[934598]: [INFO] connector:EvseM  ::                                     CAR ISO V2G CurrentDemandReq
2025-12-16T23:36:34.476163+0100 chargesom manager[934598]: [INFO] connector:EvseM  :: EVSE ISO V2G CurrentDemandRes
2025-12-16T23:36:34.597437+0100 chargesom manager[934598]: [INFO] connector:EvseM  ::                                     CAR ISO V2G CurrentDemandReq
2025-12-16T23:36:34.695731+0100 chargesom manager[934598]: [INFO] connector:EvseM  :: EVSE ISO V2G CurrentDemandRes
2025-12-16T23:36:34.818242+0100 chargesom manager[934598]: [INFO] connector:EvseM  ::                                     CAR ISO V2G CurrentDemandReq
2025-12-16T23:36:34.954018+0100 chargesom manager[934598]: [INFO] connector:EvseM  :: EVSE ISO V2G CurrentDemandRes
2025-12-16T23:36:35.042601+0100 chargesom manager[934598]: [INFO] connector:EvseM  ::                                     CAR ISO V2G CurrentDemandReq
2025-12-16T23:36:35.135767+0100 chargesom manager[934598]: [INFO] connector:EvseM  :: EVSE ISO V2G CurrentDemandRes
2025-12-16T23:36:35.137427+0100 chargesom manager[934598]: [INFO] connector:EvseM  :: EVSE IEC Isolation measurement Ok R_F 900000.
2025-12-16T23:36:35.269418+0100 chargesom manager[934598]: [INFO] connector:EvseM  ::                                     CAR ISO V2G CurrentDemandReq
2025-12-16T23:36:35.381231+0100 chargesom manager[934598]: [INFO] connector:EvseM  :: EVSE ISO V2G CurrentDemandRes
2025-12-16T23:36:35.477441+0100 chargesom manager[934598]: [INFO] connector:EvseM  ::                                     CAR ISO V2G CurrentDemandReq
2025-12-16T23:36:35.575989+0100 chargesom manager[934598]: [INFO] connector:EvseM  :: EVSE ISO V2G CurrentDemandRes
2025-12-16T23:36:35.697343+0100 chargesom manager[934598]: [INFO] connector:EvseM  ::                                     CAR ISO V2G CurrentDemandReq
2025-12-16T23:36:35.795745+0100 chargesom manager[934598]: [INFO] connector:EvseM  :: EVSE ISO V2G CurrentDemandRes
2025-12-16T23:36:35.918832+0100 chargesom manager[934598]: [INFO] connector:EvseM  ::                                     CAR ISO V2G CurrentDemandReq
2025-12-16T23:36:36.015990+0100 chargesom manager[934598]: [INFO] connector:EvseM  :: EVSE ISO V2G CurrentDemandRes
2025-12-16T23:36:36.137939+0100 chargesom manager[934598]: [INFO] connector:EvseM  ::                                     CAR ISO V2G CurrentDemandReq
2025-12-16T23:36:36.139595+0100 chargesom manager[934598]: [INFO] connector:EvseM  :: EVSE IEC Isolation measurement Ok R_F 900000.
2025-12-16T23:36:36.235859+0100 chargesom manager[934598]: [INFO] connector:EvseM  :: EVSE ISO V2G CurrentDemandRes
2025-12-16T23:36:36.381263+0100 chargesom manager[934598]: [INFO] connector:EvseM  ::                                     CAR ISO V2G CurrentDemandReq
2025-12-16T23:36:36.455802+0100 chargesom manager[934598]: [INFO] connector:EvseM  :: EVSE ISO V2G CurrentDemandRes
2025-12-16T23:36:36.577416+0100 chargesom manager[934598]: [INFO] connector:EvseM  ::                                     CAR ISO V2G CurrentDemandReq
2025-12-16T23:36:36.675704+0100 chargesom manager[934598]: [INFO] connector:EvseM  :: EVSE ISO V2G CurrentDemandRes
2025-12-16T23:36:36.798327+0100 chargesom manager[934598]: [INFO] connector:EvseM  ::                                     CAR ISO V2G CurrentDemandReq
2025-12-16T23:36:36.895771+0100 chargesom manager[934598]: [INFO] connector:EvseM  :: EVSE ISO V2G CurrentDemandRes
2025-12-16T23:36:37.057795+0100 chargesom manager[934598]: [INFO] connector:EvseM  ::                                     CAR ISO V2G CurrentDemandReq
2025-12-16T23:36:37.114538+0100 chargesom manager[934598]: [INFO] connector:EvseM  :: EVSE ISO V2G CurrentDemandRes
2025-12-16T23:36:37.138269+0100 chargesom manager[934598]: [INFO] connector:EvseM  :: EVSE IEC Isolation measurement Ok R_F 900000.
2025-12-16T23:36:37.269466+0100 chargesom manager[934598]: [INFO] connector:EvseM  ::                                     CAR ISO V2G CurrentDemandReq
2025-12-16T23:36:37.340220+0100 chargesom manager[934598]: [INFO] connector:EvseM  :: EVSE ISO V2G CurrentDemandRes
2025-12-16T23:36:37.457167+0100 chargesom manager[934598]: [INFO] connector:EvseM  ::                                     CAR ISO V2G CurrentDemandReq
2025-12-16T23:36:37.554727+0100 chargesom manager[934598]: [INFO] connector:EvseM  :: EVSE ISO V2G CurrentDemandRes
2025-12-16T23:36:37.677176+0100 chargesom manager[934598]: [INFO] connector:EvseM  ::                                     CAR ISO V2G CurrentDemandReq
2025-12-16T23:36:37.774595+0100 chargesom manager[934598]: [INFO] connector:EvseM  :: EVSE ISO V2G CurrentDemandRes
2025-12-16T23:36:37.898584+0100 chargesom manager[934598]: [INFO] connector:EvseM  ::                                     CAR ISO V2G CurrentDemandReq
2025-12-16T23:36:37.995942+0100 chargesom manager[934598]: [INFO] connector:EvseM  :: EVSE ISO V2G CurrentDemandRes
2025-12-16T23:36:38.117131+0100 chargesom manager[934598]: [INFO] connector:EvseM  ::                                     CAR ISO V2G CurrentDemandReq
2025-12-16T23:36:38.138730+0100 chargesom manager[934598]: [INFO] connector:EvseM  :: EVSE IEC Isolation measurement Ok R_F 900000.
2025-12-16T23:36:38.225574+0100 chargesom manager[934598]: [INFO] connector:EvseM  :: EVSE ISO V2G CurrentDemandRes
2025-12-16T23:36:38.373344+0100 chargesom manager[934598]: [INFO] connector:EvseM  ::                                     CAR ISO V2G CurrentDemandReq
2025-12-16T23:36:38.469391+0100 chargesom manager[934598]: [INFO] connector:EvseM  :: EVSE ISO V2G CurrentDemandRes
2025-12-16T23:36:38.557851+0100 chargesom manager[934598]: [INFO] connector:EvseM  ::                                     CAR ISO V2G CurrentDemandReq
2025-12-16T23:36:38.655687+0100 chargesom manager[934598]: [INFO] connector:EvseM  :: EVSE ISO V2G CurrentDemandRes
2025-12-16T23:36:38.777283+0100 chargesom manager[934598]: [INFO] connector:EvseM  ::                                     CAR ISO V2G CurrentDemandReq
2025-12-16T23:36:38.874684+0100 chargesom manager[934598]: [INFO] connector:EvseM  :: EVSE ISO V2G CurrentDemandRes
2025-12-16T23:36:38.997872+0100 chargesom manager[934598]: [INFO] connector:EvseM  ::                                     CAR ISO V2G CurrentDemandReq
2025-12-16T23:36:39.094900+0100 chargesom manager[934598]: [INFO] connector:EvseM  :: EVSE ISO V2G CurrentDemandRes
2025-12-16T23:36:39.139183+0100 chargesom manager[934598]: [INFO] connector:EvseM  :: EVSE IEC Isolation measurement Ok R_F 900000.
2025-12-16T23:36:39.229608+0100 chargesom manager[934598]: [INFO] connector:EvseM  ::                                     CAR ISO V2G CurrentDemandReq
2025-12-16T23:36:39.315567+0100 chargesom manager[934598]: [INFO] connector:EvseM  :: EVSE ISO V2G CurrentDemandRes
2025-12-16T23:36:39.477884+0100 chargesom manager[934598]: [INFO] connector:EvseM  ::                                     CAR ISO V2G CurrentDemandReq
2025-12-16T23:36:39.573405+0100 chargesom manager[934598]: [INFO] connector:EvseM  :: EVSE ISO V2G CurrentDemandRes
2025-12-16T23:36:39.657089+0100 chargesom manager[934598]: [INFO] connector:EvseM  ::                                     CAR ISO V2G CurrentDemandReq
2025-12-16T23:36:39.754702+0100 chargesom manager[934598]: [INFO] connector:EvseM  :: EVSE ISO V2G CurrentDemandRes
2025-12-16T23:36:39.878842+0100 chargesom manager[934598]: [INFO] connector:EvseM  ::                                     CAR ISO V2G CurrentDemandReq
2025-12-16T23:36:39.974619+0100 chargesom manager[934598]: [INFO] connector:EvseM  :: EVSE ISO V2G CurrentDemandRes
2025-12-16T23:36:40.133731+0100 chargesom manager[934598]: [INFO] connector:EvseM  ::                                     CAR ISO V2G CurrentDemandReq
2025-12-16T23:36:40.139262+0100 chargesom manager[934598]: [INFO] connector:EvseM  :: EVSE IEC Isolation measurement Ok R_F 900000.
2025-12-16T23:36:40.225616+0100 chargesom manager[934598]: [INFO] connector:EvseM  :: EVSE ISO V2G CurrentDemandRes
2025-12-16T23:36:40.317082+0100 chargesom manager[934598]: [INFO] connector:EvseM  ::                                     CAR ISO V2G CurrentDemandReq
2025-12-16T23:36:40.414636+0100 chargesom manager[934598]: [INFO] connector:EvseM  :: EVSE ISO V2G CurrentDemandRes
2025-12-16T23:36:40.538873+0100 chargesom manager[934598]: [INFO] connector:EvseM  ::                                     CAR ISO V2G CurrentDemandReq
2025-12-16T23:36:40.669916+0100 chargesom manager[934598]: [INFO] connector:EvseM  :: EVSE ISO V2G CurrentDemandRes
2025-12-16T23:36:40.757060+0100 chargesom manager[934598]: [INFO] connector:EvseM  ::                                     CAR ISO V2G CurrentDemandReq
2025-12-16T23:36:40.854899+0100 chargesom manager[934598]: [INFO] connector:EvseM  :: EVSE ISO V2G CurrentDemandRes
2025-12-16T23:36:40.978150+0100 chargesom manager[934598]: [INFO] connector:EvseM  ::                                     CAR ISO V2G CurrentDemandReq
2025-12-16T23:36:41.074762+0100 chargesom manager[934598]: [INFO] connector:EvseM  :: EVSE ISO V2G CurrentDemandRes
2025-12-16T23:36:41.139546+0100 chargesom manager[934598]: [INFO] connector:EvseM  :: EVSE IEC Isolation measurement Ok R_F 900000.
2025-12-16T23:36:41.229830+0100 chargesom manager[934598]: [INFO] connector:EvseM  ::                                     CAR ISO V2G CurrentDemandReq
2025-12-16T23:36:41.294705+0100 chargesom manager[934598]: [INFO] connector:EvseM  :: EVSE ISO V2G CurrentDemandRes
2025-12-16T23:36:41.416978+0100 chargesom manager[934598]: [INFO] connector:EvseM  ::                                     CAR ISO V2G CurrentDemandReq
2025-12-16T23:36:41.515279+0100 chargesom manager[934598]: [INFO] connector:EvseM  :: EVSE ISO V2G CurrentDemandRes
2025-12-16T23:36:41.637053+0100 chargesom manager[934598]: [INFO] connector:EvseM  ::                                     CAR ISO V2G CurrentDemandReq
2025-12-16T23:36:41.770314+0100 chargesom manager[934598]: [INFO] connector:EvseM  :: EVSE ISO V2G CurrentDemandRes
2025-12-16T23:36:41.857648+0100 chargesom manager[934598]: [INFO] connector:EvseM  ::                                     CAR ISO V2G CurrentDemandReq
2025-12-16T23:36:41.954614+0100 chargesom manager[934598]: [INFO] connector:EvseM  :: EVSE ISO V2G CurrentDemandRes
2025-12-16T23:36:42.098344+0100 chargesom manager[934598]: [INFO] connector:EvseM  ::                                     CAR ISO V2G CurrentDemandReq
2025-12-16T23:36:42.141184+0100 chargesom manager[934598]: [INFO] connector:EvseM  :: EVSE IEC Isolation measurement Ok R_F 900000.
2025-12-16T23:36:42.185520+0100 chargesom manager[934598]: [INFO] connector:EvseM  :: EVSE ISO V2G CurrentDemandRes
2025-12-16T23:36:42.296927+0100 chargesom manager[934598]: [INFO] connector:EvseM  ::                                     CAR ISO V2G CurrentDemandReq
2025-12-16T23:36:42.394891+0100 chargesom manager[934598]: [INFO] connector:EvseM  :: EVSE ISO V2G CurrentDemandRes
2025-12-16T23:36:42.517085+0100 chargesom manager[934598]: [INFO] connector:EvseM  ::                                     CAR ISO V2G CurrentDemandReq
2025-12-16T23:36:42.614406+0100 chargesom manager[934598]: [INFO] connector:EvseM  :: EVSE ISO V2G CurrentDemandRes
2025-12-16T23:36:42.736907+0100 chargesom manager[934598]: [INFO] connector:EvseM  ::                                     CAR ISO V2G CurrentDemandReq
2025-12-16T23:36:42.869863+0100 chargesom manager[934598]: [INFO] connector:EvseM  :: EVSE ISO V2G CurrentDemandRes
2025-12-16T23:36:42.958560+0100 chargesom manager[934598]: [INFO] connector:EvseM  ::                                     CAR ISO V2G CurrentDemandReq
2025-12-16T23:36:43.054730+0100 chargesom manager[934598]: [INFO] connector:EvseM  :: EVSE ISO V2G CurrentDemandRes
2025-12-16T23:36:43.140207+0100 chargesom manager[934598]: [INFO] connector:EvseM  :: EVSE IEC Isolation measurement Ok R_F 900000.
2025-12-16T23:36:43.185816+0100 chargesom manager[934598]: [INFO] connector:EvseM  ::                                     CAR ISO V2G CurrentDemandReq
2025-12-16T23:36:43.273962+0100 chargesom manager[934598]: [INFO] connector:EvseM  :: EVSE ISO V2G CurrentDemandRes
2025-12-16T23:36:43.396786+0100 chargesom manager[934598]: [INFO] connector:EvseM  ::                                     CAR ISO V2G CurrentDemandReq
2025-12-16T23:36:43.494000+0100 chargesom manager[934598]: [INFO] connector:EvseM  :: EVSE ISO V2G CurrentDemandRes
2025-12-16T23:36:43.616394+0100 chargesom manager[934598]: [INFO] connector:EvseM  ::                                     CAR ISO V2G CurrentDemandReq
2025-12-16T23:36:43.714827+0100 chargesom manager[934598]: [INFO] connector:EvseM  :: EVSE ISO V2G CurrentDemandRes
2025-12-16T23:36:43.837277+0100 chargesom manager[934598]: [INFO] connector:EvseM  ::                                     CAR ISO V2G CurrentDemandReq
2025-12-16T23:36:43.934878+0100 chargesom manager[934598]: [INFO] connector:EvseM  :: EVSE ISO V2G CurrentDemandRes
2025-12-16T23:36:44.057680+0100 chargesom manager[934598]: [INFO] connector:EvseM  ::                                     CAR ISO V2G CurrentDemandReq
2025-12-16T23:36:44.145776+0100 chargesom manager[934598]: [INFO] connector:EvseM  :: EVSE IEC Isolation measurement Ok R_F 900000.
2025-12-16T23:36:44.189957+0100 chargesom manager[934598]: [INFO] connector:EvseM  :: EVSE ISO V2G CurrentDemandRes
2025-12-16T23:36:44.276328+0100 chargesom manager[934598]: [INFO] connector:EvseM  ::                                     CAR ISO V2G CurrentDemandReq
2025-12-16T23:36:44.389377+0100 chargesom manager[934598]: [INFO] connector:EvseM  :: EVSE ISO V2G CurrentDemandRes
2025-12-16T23:36:44.496330+0100 chargesom manager[934598]: [INFO] connector:EvseM  ::                                     CAR ISO V2G CurrentDemandReq
2025-12-16T23:36:44.594768+0100 chargesom manager[934598]: [INFO] connector:EvseM  :: EVSE ISO V2G CurrentDemandRes
2025-12-16T23:36:44.716508+0100 chargesom manager[934598]: [INFO] connector:EvseM  ::                                     CAR ISO V2G CurrentDemandReq
2025-12-16T23:36:44.813976+0100 chargesom manager[934598]: [INFO] connector:EvseM  :: EVSE ISO V2G CurrentDemandRes
2025-12-16T23:36:44.937197+0100 chargesom manager[934598]: [INFO] connector:EvseM  ::                                     CAR ISO V2G CurrentDemandReq
2025-12-16T23:36:45.049747+0100 chargesom manager[934598]: [INFO] connector:EvseM  :: EVSE ISO V2G CurrentDemandRes
2025-12-16T23:36:45.140729+0100 chargesom manager[934598]: [INFO] connector:EvseM  :: EVSE IEC Isolation measurement Ok R_F 900000.
2025-12-16T23:36:45.185602+0100 chargesom manager[934598]: [INFO] connector:EvseM  ::                                     CAR ISO V2G CurrentDemandReq
2025-12-16T23:36:45.285927+0100 chargesom manager[934598]: [INFO] connector:EvseM  :: EVSE ISO V2G CurrentDemandRes
2025-12-16T23:36:45.389751+0100 chargesom manager[934598]: [INFO] connector:EvseM  ::                                     CAR ISO V2G CurrentDemandReq
2025-12-16T23:36:45.474836+0100 chargesom manager[934598]: [INFO] connector:EvseM  :: EVSE ISO V2G CurrentDemandRes
2025-12-16T23:36:45.596455+0100 chargesom manager[934598]: [INFO] connector:EvseM  ::                                     CAR ISO V2G CurrentDemandReq
2025-12-16T23:36:45.694888+0100 chargesom manager[934598]: [INFO] connector:EvseM  :: EVSE ISO V2G CurrentDemandRes
2025-12-16T23:36:45.817284+0100 chargesom manager[934598]: [INFO] connector:EvseM  ::                                     CAR ISO V2G CurrentDemandReq
2025-12-16T23:36:45.913948+0100 chargesom manager[934598]: [INFO] connector:EvseM  :: EVSE ISO V2G CurrentDemandRes
2025-12-16T23:36:46.036470+0100 chargesom manager[934598]: [INFO] connector:EvseM  ::                                     CAR ISO V2G CurrentDemandReq
2025-12-16T23:36:46.134736+0100 chargesom manager[934598]: [INFO] connector:EvseM  :: EVSE ISO V2G CurrentDemandRes
2025-12-16T23:36:46.141028+0100 chargesom manager[934598]: [INFO] connector:EvseM  :: EVSE IEC Isolation measurement Ok R_F 900000.
2025-12-16T23:36:46.256326+0100 chargesom manager[934598]: [INFO] connector:EvseM  ::                                     CAR ISO V2G CurrentDemandReq
2025-12-16T23:36:46.390224+0100 chargesom manager[934598]: [INFO] connector:EvseM  :: EVSE ISO V2G CurrentDemandRes
2025-12-16T23:36:46.485549+0100 chargesom manager[934598]: [INFO] connector:EvseM  ::                                     CAR ISO V2G CurrentDemandReq
2025-12-16T23:36:46.574806+0100 chargesom manager[934598]: [INFO] connector:EvseM  :: EVSE ISO V2G CurrentDemandRes
2025-12-16T23:36:46.696260+0100 chargesom manager[934598]: [INFO] connector:EvseM  ::                                     CAR ISO V2G CurrentDemandReq
2025-12-16T23:36:46.794687+0100 chargesom manager[934598]: [INFO] connector:EvseM  :: EVSE ISO V2G CurrentDemandRes
2025-12-16T23:36:46.916990+0100 chargesom manager[934598]: [INFO] connector:EvseM  ::                                     CAR ISO V2G CurrentDemandReq
2025-12-16T23:36:47.053408+0100 chargesom manager[934598]: [INFO] connector:EvseM  :: EVSE ISO V2G CurrentDemandRes
2025-12-16T23:36:47.136111+0100 chargesom manager[934598]: [INFO] connector:EvseM  ::                                     CAR ISO V2G CurrentDemandReq
2025-12-16T23:36:47.141223+0100 chargesom manager[934598]: [INFO] connector:EvseM  :: EVSE IEC Isolation measurement Ok R_F 900000.
2025-12-16T23:36:47.273195+0100 chargesom manager[934598]: [INFO] connector:EvseM  :: EVSE ISO V2G CurrentDemandRes
2025-12-16T23:36:47.389569+0100 chargesom manager[934598]: [INFO] connector:EvseM  ::                                     CAR ISO V2G CurrentDemandReq
2025-12-16T23:36:47.454716+0100 chargesom manager[934598]: [INFO] connector:EvseM  :: EVSE ISO V2G CurrentDemandRes
2025-12-16T23:36:47.589960+0100 chargesom manager[934598]: [INFO] connector:EvseM  ::                                     CAR ISO V2G CurrentDemandReq
2025-12-16T23:36:47.677401+0100 chargesom manager[934598]: [INFO] connector:EvseM  :: EVSE ISO V2G CurrentDemandRes
2025-12-16T23:36:47.796898+0100 chargesom manager[934598]: [INFO] connector:EvseM  ::                                     CAR ISO V2G CurrentDemandReq
2025-12-16T23:36:47.894692+0100 chargesom manager[934598]: [INFO] connector:EvseM  :: EVSE ISO V2G CurrentDemandRes
2025-12-16T23:36:48.016400+0100 chargesom manager[934598]: [INFO] connector:EvseM  ::                                     CAR ISO V2G CurrentDemandReq
2025-12-16T23:36:48.114664+0100 chargesom manager[934598]: [INFO] connector:EvseM  :: EVSE ISO V2G CurrentDemandRes
2025-12-16T23:36:48.141579+0100 chargesom manager[934598]: [INFO] connector:EvseM  :: EVSE IEC Isolation measurement Ok R_F 900000.
2025-12-16T23:36:48.236047+0100 chargesom manager[934598]: [INFO] connector:EvseM  ::                                     CAR ISO V2G CurrentDemandReq
2025-12-16T23:36:48.334768+0100 chargesom manager[934598]: [INFO] connector:EvseM  :: EVSE ISO V2G CurrentDemandRes
2025-12-16T23:36:48.456224+0100 chargesom manager[934598]: [INFO] connector:EvseM  ::                                     CAR ISO V2G CurrentDemandReq
2025-12-16T23:36:48.554719+0100 chargesom manager[934598]: [INFO] connector:EvseM  :: EVSE ISO V2G CurrentDemandRes
2025-12-16T23:36:48.685604+0100 chargesom manager[934598]: [INFO] connector:EvseM  ::                                     CAR ISO V2G CurrentDemandReq
2025-12-16T23:36:48.805677+0100 chargesom manager[934598]: [INFO] connector:EvseM  :: EVSE ISO V2G CurrentDemandRes
2025-12-16T23:36:48.898259+0100 chargesom manager[934598]: [INFO] connector:EvseM  ::                                     CAR ISO V2G CurrentDemandReq
2025-12-16T23:36:48.995016+0100 chargesom manager[934598]: [INFO] connector:EvseM  :: EVSE ISO V2G CurrentDemandRes
2025-12-16T23:36:49.116071+0100 chargesom manager[934598]: [INFO] connector:EvseM  ::                                     CAR ISO V2G CurrentDemandReq
2025-12-16T23:36:49.141791+0100 chargesom manager[934598]: [INFO] connector:EvseM  :: EVSE IEC Isolation measurement Ok R_F 900000.
2025-12-16T23:36:49.229231+0100 chargesom manager[934598]: [INFO] connector:EvseM  :: EVSE ISO V2G CurrentDemandRes
2025-12-16T23:36:49.336238+0100 chargesom manager[934598]: [INFO] connector:EvseM  ::                                     CAR ISO V2G CurrentDemandReq
2025-12-16T23:36:49.434491+0100 chargesom manager[934598]: [INFO] connector:EvseM  :: EVSE ISO V2G CurrentDemandRes
2025-12-16T23:36:49.556070+0100 chargesom manager[934598]: [INFO] connector:EvseM  ::                                     CAR ISO V2G CurrentDemandReq
2025-12-16T23:36:49.654813+0100 chargesom manager[934598]: [INFO] connector:EvseM  :: EVSE ISO V2G CurrentDemandRes
2025-12-16T23:36:49.813861+0100 chargesom manager[934598]: [INFO] connector:EvseM  ::                                     CAR ISO V2G CurrentDemandReq
2025-12-16T23:36:49.874769+0100 chargesom manager[934598]: [INFO] connector:EvseM  :: EVSE ISO V2G CurrentDemandRes
2025-12-16T23:36:49.997039+0100 chargesom manager[934598]: [INFO] connector:EvseM  ::                                     CAR ISO V2G CurrentDemandReq
2025-12-16T23:36:50.129265+0100 chargesom manager[934598]: [INFO] connector:EvseM  :: EVSE ISO V2G CurrentDemandRes
2025-12-16T23:36:50.142261+0100 chargesom manager[934598]: [INFO] connector:EvseM  :: EVSE IEC Isolation measurement Ok R_F 900000.
2025-12-16T23:36:50.229211+0100 chargesom manager[934598]: [INFO] connector:EvseM  ::                                     CAR ISO V2G CurrentDemandReq
2025-12-16T23:36:50.315328+0100 chargesom manager[934598]: [INFO] connector:EvseM  :: EVSE ISO V2G CurrentDemandRes
2025-12-16T23:36:50.436176+0100 chargesom manager[934598]: [INFO] connector:EvseM  ::                                     CAR ISO V2G CurrentDemandReq
2025-12-16T23:36:50.534605+0100 chargesom manager[934598]: [INFO] connector:EvseM  :: EVSE ISO V2G CurrentDemandRes
2025-12-16T23:36:50.656274+0100 chargesom manager[934598]: [INFO] connector:EvseM  ::                                     CAR ISO V2G CurrentDemandReq
2025-12-16T23:36:50.754615+0100 chargesom manager[934598]: [INFO] connector:EvseM  :: EVSE ISO V2G CurrentDemandRes
2025-12-16T23:36:50.878910+0100 chargesom manager[934598]: [INFO] connector:EvseM  ::                                     CAR ISO V2G CurrentDemandReq
2025-12-16T23:36:51.013450+0100 chargesom manager[934598]: [INFO] connector:EvseM  :: EVSE ISO V2G CurrentDemandRes
2025-12-16T23:36:51.096108+0100 chargesom manager[934598]: [INFO] connector:EvseM  ::                                     CAR ISO V2G CurrentDemandReq
2025-12-16T23:36:51.142423+0100 chargesom manager[934598]: [INFO] connector:EvseM  :: EVSE IEC Isolation measurement Ok R_F 900000.
2025-12-16T23:36:51.229315+0100 chargesom manager[934598]: [INFO] connector:EvseM  :: EVSE ISO V2G CurrentDemandRes
2025-12-16T23:36:51.319872+0100 chargesom manager[934598]: [INFO] connector:EvseM  ::                                     CAR ISO V2G CurrentDemandReq
2025-12-16T23:36:51.416829+0100 chargesom manager[934598]: [INFO] connector:EvseM  :: EVSE ISO V2G CurrentDemandRes
2025-12-16T23:36:51.535982+0100 chargesom manager[934598]: [INFO] connector:EvseM  ::                                     CAR ISO V2G CurrentDemandReq
2025-12-16T23:36:51.634818+0100 chargesom manager[934598]: [INFO] connector:EvseM  :: EVSE ISO V2G CurrentDemandRes
2025-12-16T23:36:51.755884+0100 chargesom manager[934598]: [INFO] connector:EvseM  ::                                     CAR ISO V2G CurrentDemandReq
2025-12-16T23:36:51.854739+0100 chargesom manager[934598]: [INFO] connector:EvseM  :: EVSE ISO V2G CurrentDemandRes
2025-12-16T23:36:52.025517+0100 chargesom manager[934598]: [INFO] connector:EvseM  ::                                     CAR ISO V2G CurrentDemandReq
2025-12-16T23:36:52.113458+0100 chargesom manager[934598]: [INFO] connector:EvseM  :: EVSE ISO V2G CurrentDemandRes
2025-12-16T23:36:52.142820+0100 chargesom manager[934598]: [INFO] connector:EvseM  :: EVSE IEC Isolation measurement Ok R_F 900000.
2025-12-16T23:36:52.229495+0100 chargesom manager[934598]: [INFO] connector:EvseM  ::                                     CAR ISO V2G CurrentDemandReq
2025-12-16T23:36:52.294750+0100 chargesom manager[934598]: [INFO] connector:EvseM  :: EVSE ISO V2G CurrentDemandRes
2025-12-16T23:36:52.415819+0100 chargesom manager[934598]: [INFO] connector:EvseM  ::                                     CAR ISO V2G CurrentDemandReq
2025-12-16T23:36:52.514333+0100 chargesom manager[934598]: [INFO] connector:EvseM  :: EVSE ISO V2G CurrentDemandRes
2025-12-16T23:36:52.636041+0100 chargesom manager[934598]: [INFO] connector:EvseM  ::                                     CAR ISO V2G CurrentDemandReq
2025-12-16T23:36:52.734324+0100 chargesom manager[934598]: [INFO] connector:EvseM  :: EVSE ISO V2G CurrentDemandRes
2025-12-16T23:36:52.857553+0100 chargesom manager[934598]: [INFO] connector:EvseM  ::                                     CAR ISO V2G CurrentDemandReq
2025-12-16T23:36:52.954883+0100 chargesom manager[934598]: [INFO] connector:EvseM  :: EVSE ISO V2G CurrentDemandRes
2025-12-16T23:36:53.075885+0100 chargesom manager[934598]: [INFO] connector:EvseM  ::                                     CAR ISO V2G CurrentDemandReq
2025-12-16T23:36:53.143063+0100 chargesom manager[934598]: [INFO] connector:EvseM  :: EVSE IEC Isolation measurement Ok R_F 900000.
2025-12-16T23:36:53.191884+0100 chargesom manager[934598]: [INFO] connector:EvseM  :: EVSE ISO V2G CurrentDemandRes
2025-12-16T23:36:53.325505+0100 chargesom manager[934598]: [INFO] connector:EvseM  ::                                     CAR ISO V2G CurrentDemandReq
2025-12-16T23:36:53.397250+0100 chargesom manager[934598]: [INFO] connector:EvseM  :: EVSE ISO V2G CurrentDemandRes
2025-12-16T23:36:53.515935+0100 chargesom manager[934598]: [INFO] connector:EvseM  ::                                     CAR ISO V2G CurrentDemandReq
2025-12-16T23:36:53.614601+0100 chargesom manager[934598]: [INFO] connector:EvseM  :: EVSE ISO V2G CurrentDemandRes
2025-12-16T23:36:53.735825+0100 chargesom manager[934598]: [INFO] connector:EvseM  ::                                     CAR ISO V2G CurrentDemandReq
2025-12-16T23:36:53.834436+0100 chargesom manager[934598]: [INFO] connector:EvseM  :: EVSE ISO V2G CurrentDemandRes
2025-12-16T23:36:53.956938+0100 chargesom manager[934598]: [INFO] connector:EvseM  ::                                     CAR ISO V2G CurrentDemandReq
2025-12-16T23:36:54.054535+0100 chargesom manager[934598]: [INFO] connector:EvseM  :: EVSE ISO V2G CurrentDemandRes
2025-12-16T23:36:54.143645+0100 chargesom manager[934598]: [INFO] connector:EvseM  :: EVSE IEC Isolation measurement Ok R_F 900000.
2025-12-16T23:36:54.185843+0100 chargesom manager[934598]: [INFO] connector:EvseM  ::                                     CAR ISO V2G CurrentDemandReq
2025-12-16T23:36:54.274768+0100 chargesom manager[934598]: [INFO] connector:EvseM  :: EVSE ISO V2G CurrentDemandRes
2025-12-16T23:36:54.402509+0100 chargesom manager[934598]: [INFO] connector:EvseM  ::                                     CAR ISO V2G CurrentDemandReq
2025-12-16T23:36:54.493313+0100 chargesom manager[934598]: [INFO] connector:EvseM  :: EVSE ISO V2G CurrentDemandRes
2025-12-16T23:36:54.615989+0100 chargesom manager[934598]: [INFO] connector:EvseM  ::                                     CAR ISO V2G CurrentDemandReq
2025-12-16T23:36:54.713277+0100 chargesom manager[934598]: [INFO] connector:EvseM  :: EVSE ISO V2G CurrentDemandRes
2025-12-16T23:36:54.837125+0100 chargesom manager[934598]: [INFO] connector:EvseM  ::                                     CAR ISO V2G CurrentDemandReq
2025-12-16T23:36:54.934542+0100 chargesom manager[934598]: [INFO] connector:EvseM  :: EVSE ISO V2G CurrentDemandRes
2025-12-16T23:36:55.093271+0100 chargesom manager[934598]: [INFO] connector:EvseM  ::                                     CAR ISO V2G CurrentDemandReq
2025-12-16T23:36:55.143657+0100 chargesom manager[934598]: [INFO] connector:EvseM  :: EVSE IEC Isolation measurement Ok R_F 900000.
2025-12-16T23:36:55.185829+0100 chargesom manager[934598]: [INFO] connector:EvseM  :: EVSE ISO V2G CurrentDemandRes
2025-12-16T23:36:55.275737+0100 chargesom manager[934598]: [INFO] connector:EvseM  ::                                     CAR ISO V2G CurrentDemandReq
2025-12-16T23:36:55.397231+0100 chargesom manager[934598]: [INFO] connector:EvseM  :: EVSE ISO V2G CurrentDemandRes
2025-12-16T23:36:55.498755+0100 chargesom manager[934598]: [INFO] connector:EvseM  ::                                     CAR ISO V2G CurrentDemandReq
2025-12-16T23:36:55.594403+0100 chargesom manager[934598]: [INFO] connector:EvseM  :: EVSE ISO V2G CurrentDemandRes
2025-12-16T23:36:55.716028+0100 chargesom manager[934598]: [INFO] connector:EvseM  ::                                     CAR ISO V2G CurrentDemandReq
2025-12-16T23:36:55.814548+0100 chargesom manager[934598]: [INFO] connector:EvseM  :: EVSE ISO V2G CurrentDemandRes
2025-12-16T23:36:55.936830+0100 chargesom manager[934598]: [INFO] connector:EvseM  ::                                     CAR ISO V2G CurrentDemandReq
2025-12-16T23:36:56.033405+0100 chargesom manager[934598]: [INFO] connector:EvseM  :: EVSE ISO V2G CurrentDemandRes
2025-12-16T23:36:56.144334+0100 chargesom manager[934598]: [INFO] connector:EvseM  :: EVSE IEC Isolation measurement Ok R_F 900000.
2025-12-16T23:36:56.189847+0100 chargesom manager[934598]: [INFO] connector:EvseM  ::                                     CAR ISO V2G CurrentDemandReq
2025-12-16T23:36:56.253221+0100 chargesom manager[934598]: [INFO] connector:EvseM  :: EVSE ISO V2G CurrentDemandRes
2025-12-16T23:36:56.397697+0100 chargesom manager[934598]: [INFO] connector:EvseM  ::                                     CAR ISO V2G CurrentDemandReq
2025-12-16T23:36:56.473228+0100 chargesom manager[934598]: [INFO] connector:EvseM  :: EVSE ISO V2G CurrentDemandRes
2025-12-16T23:36:56.601561+0100 chargesom manager[934598]: [INFO] connector:EvseM  ::                                     CAR ISO V2G CurrentDemandReq
2025-12-16T23:36:56.693307+0100 chargesom manager[934598]: [INFO] connector:EvseM  :: EVSE ISO V2G CurrentDemandRes
2025-12-16T23:36:56.816489+0100 chargesom manager[934598]: [INFO] connector:EvseM  ::                                     CAR ISO V2G CurrentDemandReq
2025-12-16T23:36:56.913301+0100 chargesom manager[934598]: [INFO] connector:EvseM  :: EVSE ISO V2G CurrentDemandRes
2025-12-16T23:36:57.053587+0100 chargesom manager[934598]: [INFO] connector:EvseM  ::                                     CAR ISO V2G CurrentDemandReq
2025-12-16T23:36:57.133254+0100 chargesom manager[934598]: [INFO] connector:EvseM  :: EVSE ISO V2G CurrentDemandRes
2025-12-16T23:36:57.144292+0100 chargesom manager[934598]: [INFO] connector:EvseM  :: EVSE IEC Isolation measurement Ok R_F 900000.
2025-12-16T23:36:57.277214+0100 chargesom manager[934598]: [INFO] connector:EvseM  ::                                     CAR ISO V2G CurrentDemandReq
2025-12-16T23:36:57.353411+0100 chargesom manager[934598]: [INFO] connector:EvseM  :: EVSE ISO V2G CurrentDemandRes
2025-12-16T23:36:57.475827+0100 chargesom manager[934598]: [INFO] connector:EvseM  ::                                     CAR ISO V2G CurrentDemandReq
2025-12-16T23:36:57.574316+0100 chargesom manager[934598]: [INFO] connector:EvseM  :: EVSE ISO V2G CurrentDemandRes
2025-12-16T23:36:57.697773+0100 chargesom manager[934598]: [INFO] connector:EvseM  ::                                     CAR ISO V2G CurrentDemandReq
2025-12-16T23:36:57.825314+0100 chargesom manager[934598]: [INFO] connector:EvseM  :: EVSE ISO V2G CurrentDemandRes
2025-12-16T23:36:57.916600+0100 chargesom manager[934598]: [INFO] connector:EvseM  ::                                     CAR ISO V2G CurrentDemandReq
2025-12-16T23:36:58.013404+0100 chargesom manager[934598]: [INFO] connector:EvseM  :: EVSE ISO V2G CurrentDemandRes
2025-12-16T23:36:58.135969+0100 chargesom manager[934598]: [INFO] connector:EvseM  ::                                     CAR ISO V2G CurrentDemandReq
2025-12-16T23:36:58.144490+0100 chargesom manager[934598]: [INFO] connector:EvseM  :: EVSE IEC Isolation measurement Ok R_F 900000.
2025-12-16T23:36:58.233837+0100 chargesom manager[934598]: [INFO] connector:EvseM  :: EVSE ISO V2G CurrentDemandRes
2025-12-16T23:36:58.355859+0100 chargesom manager[934598]: [INFO] connector:EvseM  ::                                     CAR ISO V2G CurrentDemandReq
2025-12-16T23:36:58.453153+0100 chargesom manager[934598]: [INFO] connector:EvseM  :: EVSE ISO V2G CurrentDemandRes
2025-12-16T23:36:58.575609+0100 chargesom manager[934598]: [INFO] connector:EvseM  ::                                     CAR ISO V2G CurrentDemandReq
2025-12-16T23:36:58.673240+0100 chargesom manager[934598]: [INFO] connector:EvseM  :: EVSE ISO V2G CurrentDemandRes
2025-12-16T23:36:58.834269+0100 chargesom manager[934598]: [INFO] connector:EvseM  ::                                     CAR ISO V2G CurrentDemandReq
2025-12-16T23:36:58.921795+0100 chargesom manager[934598]: [INFO] connector:EvseM  :: EVSE ISO V2G CurrentDemandRes
2025-12-16T23:36:59.016063+0100 chargesom manager[934598]: [INFO] connector:EvseM  ::                                     CAR ISO V2G CurrentDemandReq
2025-12-16T23:36:59.113222+0100 chargesom manager[934598]: [INFO] connector:EvseM  :: EVSE ISO V2G CurrentDemandRes
2025-12-16T23:36:59.144689+0100 chargesom manager[934598]: [INFO] connector:EvseM  :: EVSE IEC Isolation measurement Ok R_F 900000.
2025-12-16T23:36:59.235704+0100 chargesom manager[934598]: [INFO] connector:EvseM  ::                                     CAR ISO V2G CurrentDemandReq
2025-12-16T23:36:59.333176+0100 chargesom manager[934598]: [INFO] connector:EvseM  :: EVSE ISO V2G CurrentDemandRes
2025-12-16T23:36:59.455676+0100 chargesom manager[934598]: [INFO] connector:EvseM  ::                                     CAR ISO V2G CurrentDemandReq
2025-12-16T23:36:59.553222+0100 chargesom manager[934598]: [INFO] connector:EvseM  :: EVSE ISO V2G CurrentDemandRes
2025-12-16T23:36:59.675601+0100 chargesom manager[934598]: [INFO] connector:EvseM  ::                                     CAR ISO V2G CurrentDemandReq
2025-12-16T23:36:59.773411+0100 chargesom manager[934598]: [INFO] connector:EvseM  :: EVSE ISO V2G CurrentDemandRes
2025-12-16T23:36:59.897064+0100 chargesom manager[934598]: [INFO] connector:EvseM  ::                                     CAR ISO V2G CurrentDemandReq
2025-12-16T23:37:00.025804+0100 chargesom manager[934598]: [INFO] connector:EvseM  :: EVSE ISO V2G CurrentDemandRes
2025-12-16T23:37:00.115530+0100 chargesom manager[934598]: [INFO] connector:EvseM  ::                                     CAR ISO V2G CurrentDemandReq
2025-12-16T23:37:00.144955+0100 chargesom manager[934598]: [INFO] connector:EvseM  :: EVSE IEC Isolation measurement Ok R_F 900000.
2025-12-16T23:37:00.233732+0100 chargesom manager[934598]: [INFO] connector:EvseM  :: EVSE ISO V2G CurrentDemandRes
2025-12-16T23:37:00.335892+0100 chargesom manager[934598]: [INFO] connector:EvseM  ::                                     CAR ISO V2G CurrentDemandReq
2025-12-16T23:37:00.433179+0100 chargesom manager[934598]: [INFO] connector:EvseM  :: EVSE ISO V2G CurrentDemandRes
2025-12-16T23:37:00.555735+0100 chargesom manager[934598]: [INFO] connector:EvseM  ::                                     CAR ISO V2G CurrentDemandReq
2025-12-16T23:37:00.654154+0100 chargesom manager[934598]: [INFO] connector:EvseM  :: EVSE ISO V2G CurrentDemandRes
2025-12-16T23:37:00.775704+0100 chargesom manager[934598]: [INFO] connector:EvseM  ::                                     CAR ISO V2G CurrentDemandReq
2025-12-16T23:37:00.873886+0100 chargesom manager[934598]: [INFO] connector:EvseM  :: EVSE ISO V2G CurrentDemandRes
2025-12-16T23:37:00.996584+0100 chargesom manager[934598]: [INFO] connector:EvseM  ::                                     CAR ISO V2G CurrentDemandReq
2025-12-16T23:37:01.125748+0100 chargesom manager[934598]: [INFO] connector:EvseM  :: EVSE ISO V2G CurrentDemandRes
2025-12-16T23:37:01.169759+0100 chargesom manager[934598]: [INFO] connector:EvseM  :: EVSE IEC Isolation measurement Ok R_F 900000.
2025-12-16T23:37:01.221738+0100 chargesom manager[934598]: [INFO] connector:EvseM  ::                                     CAR ISO V2G CurrentDemandReq
2025-12-16T23:37:01.317412+0100 chargesom manager[934598]: [INFO] connector:EvseM  :: EVSE ISO V2G CurrentDemandRes
2025-12-16T23:37:01.435669+0100 chargesom manager[934598]: [INFO] connector:EvseM  ::                                     CAR ISO V2G CurrentDemandReq
2025-12-16T23:37:01.532963+0100 chargesom manager[934598]: [INFO] connector:EvseM  :: EVSE ISO V2G CurrentDemandRes
2025-12-16T23:37:01.656148+0100 chargesom manager[934598]: [INFO] connector:EvseM  ::                                     CAR ISO V2G CurrentDemandReq
2025-12-16T23:37:01.753187+0100 chargesom manager[934598]: [INFO] connector:EvseM  :: EVSE ISO V2G CurrentDemandRes
2025-12-16T23:37:01.876472+0100 chargesom manager[934598]: [INFO] connector:EvseM  ::                                     CAR ISO V2G CurrentDemandReq
2025-12-16T23:37:01.973070+0100 chargesom manager[934598]: [INFO] connector:EvseM  :: EVSE ISO V2G CurrentDemandRes
2025-12-16T23:37:02.097315+0100 chargesom manager[934598]: [INFO] connector:EvseM  ::                                     CAR ISO V2G CurrentDemandReq
2025-12-16T23:37:02.145541+0100 chargesom manager[934598]: [INFO] connector:EvseM  :: EVSE IEC Isolation measurement Ok R_F 900000.
2025-12-16T23:37:02.233649+0100 chargesom manager[934598]: [INFO] connector:EvseM  :: EVSE ISO V2G CurrentDemandRes
2025-12-16T23:37:02.357495+0100 chargesom manager[934598]: [INFO] connector:EvseM  ::                                     CAR ISO V2G CurrentDemandReq
2025-12-16T23:37:02.445949+0100 chargesom manager[934598]: [INFO] connector:EvseM  :: EVSE ISO V2G CurrentDemandRes
2025-12-16T23:37:02.535717+0100 chargesom manager[934598]: [INFO] connector:EvseM  ::                                     CAR ISO V2G CurrentDemandReq
2025-12-16T23:37:02.634082+0100 chargesom manager[934598]: [INFO] connector:EvseM  :: EVSE ISO V2G CurrentDemandRes
2025-12-16T23:37:02.755776+0100 chargesom manager[934598]: [INFO] connector:EvseM  ::                                     CAR ISO V2G CurrentDemandReq
2025-12-16T23:37:02.854638+0100 chargesom manager[934598]: [INFO] connector:EvseM  :: EVSE ISO V2G CurrentDemandRes
2025-12-16T23:37:02.976518+0100 chargesom manager[934598]: [INFO] connector:EvseM  ::                                     CAR ISO V2G CurrentDemandReq
2025-12-16T23:37:03.073230+0100 chargesom manager[934598]: [INFO] connector:EvseM  :: EVSE ISO V2G CurrentDemandRes
2025-12-16T23:37:03.146031+0100 chargesom manager[934598]: [INFO] connector:EvseM  :: EVSE IEC Isolation measurement Ok R_F 900000.
2025-12-16T23:37:03.197395+0100 chargesom manager[934598]: [INFO] connector:EvseM  ::                                     CAR ISO V2G CurrentDemandReq
2025-12-16T23:37:03.293958+0100 chargesom manager[934598]: [INFO] connector:EvseM  :: EVSE ISO V2G CurrentDemandRes
2025-12-16T23:37:03.461808+0100 chargesom manager[934598]: [INFO] connector:EvseM  ::                                     CAR ISO V2G CurrentDemandReq
2025-12-16T23:37:03.553296+0100 chargesom manager[934598]: [INFO] connector:EvseM  :: EVSE ISO V2G CurrentDemandRes
2025-12-16T23:37:03.635462+0100 chargesom manager[934598]: [INFO] connector:EvseM  ::                                     CAR ISO V2G CurrentDemandReq
2025-12-16T23:37:03.734591+0100 chargesom manager[934598]: [INFO] connector:EvseM  :: EVSE ISO V2G CurrentDemandRes
2025-12-16T23:37:03.856422+0100 chargesom manager[934598]: [INFO] connector:EvseM  ::                                     CAR ISO V2G CurrentDemandReq
2025-12-16T23:37:03.953304+0100 chargesom manager[934598]: [INFO] connector:EvseM  :: EVSE ISO V2G CurrentDemandRes
2025-12-16T23:37:04.075638+0100 chargesom manager[934598]: [INFO] connector:EvseM  ::                                     CAR ISO V2G CurrentDemandReq
2025-12-16T23:37:04.146133+0100 chargesom manager[934598]: [INFO] connector:EvseM  :: EVSE IEC Isolation measurement Ok R_F 900000.
2025-12-16T23:37:04.190453+0100 chargesom manager[934598]: [INFO] connector:EvseM  :: EVSE ISO V2G CurrentDemandRes
2025-12-16T23:37:04.295500+0100 chargesom manager[934598]: [INFO] connector:EvseM  ::                                     CAR ISO V2G CurrentDemandReq
2025-12-16T23:37:04.405534+0100 chargesom manager[934598]: [INFO] connector:EvseM  :: EVSE ISO V2G CurrentDemandRes
2025-12-16T23:37:04.516233+0100 chargesom manager[934598]: [INFO] connector:EvseM  ::                                     CAR ISO V2G CurrentDemandReq
2025-12-16T23:37:04.649360+0100 chargesom manager[934598]: [INFO] connector:EvseM  :: EVSE ISO V2G CurrentDemandRes
2025-12-16T23:37:04.737152+0100 chargesom manager[934598]: [INFO] connector:EvseM  ::                                     CAR ISO V2G CurrentDemandReq
2025-12-16T23:37:04.833786+0100 chargesom manager[934598]: [INFO] connector:EvseM  :: EVSE ISO V2G CurrentDemandRes
2025-12-16T23:37:04.955639+0100 chargesom manager[934598]: [INFO] connector:EvseM  ::                                     CAR ISO V2G CurrentDemandReq
2025-12-16T23:37:05.054005+0100 chargesom manager[934598]: [INFO] connector:EvseM  :: EVSE ISO V2G CurrentDemandRes
2025-12-16T23:37:05.146356+0100 chargesom manager[934598]: [INFO] connector:EvseM  :: EVSE IEC Isolation measurement Ok R_F 900000.
2025-12-16T23:37:05.189388+0100 chargesom manager[934598]: [INFO] connector:EvseM  ::                                     CAR ISO V2G CurrentDemandReq
2025-12-16T23:37:05.273516+0100 chargesom manager[934598]: [INFO] connector:EvseM  :: EVSE ISO V2G CurrentDemandRes
2025-12-16T23:37:05.409405+0100 chargesom manager[934598]: [INFO] connector:EvseM  ::                                     CAR ISO V2G CurrentDemandReq
2025-12-16T23:37:05.493746+0100 chargesom manager[934598]: [INFO] connector:EvseM  :: EVSE ISO V2G CurrentDemandRes
2025-12-16T23:37:05.615116+0100 chargesom manager[934598]: [INFO] connector:EvseM  ::                                     CAR ISO V2G CurrentDemandReq
2025-12-16T23:37:05.745200+0100 chargesom manager[934598]: [INFO] connector:EvseM  :: EVSE ISO V2G CurrentDemandRes
2025-12-16T23:37:05.835730+0100 chargesom manager[934598]: [INFO] connector:EvseM  ::                                     CAR ISO V2G CurrentDemandReq
2025-12-16T23:37:05.933885+0100 chargesom manager[934598]: [INFO] connector:EvseM  :: EVSE ISO V2G CurrentDemandRes
2025-12-16T23:37:06.055234+0100 chargesom manager[934598]: [INFO] connector:EvseM  ::                                     CAR ISO V2G CurrentDemandReq
2025-12-16T23:37:06.146617+0100 chargesom manager[934598]: [INFO] connector:EvseM  :: EVSE IEC Isolation measurement Ok R_F 900000.
2025-12-16T23:37:06.189519+0100 chargesom manager[934598]: [INFO] connector:EvseM  :: EVSE ISO V2G CurrentDemandRes
2025-12-16T23:37:06.275074+0100 chargesom manager[934598]: [INFO] connector:EvseM  ::                                     CAR ISO V2G CurrentDemandReq
2025-12-16T23:37:06.410064+0100 chargesom manager[934598]: [INFO] connector:EvseM  :: EVSE ISO V2G CurrentDemandRes
2025-12-16T23:37:06.494996+0100 chargesom manager[934598]: [INFO] connector:EvseM  ::                                     CAR ISO V2G CurrentDemandReq
2025-12-16T23:37:06.593578+0100 chargesom manager[934598]: [INFO] connector:EvseM  :: EVSE ISO V2G CurrentDemandRes
2025-12-16T23:37:06.715182+0100 chargesom manager[934598]: [INFO] connector:EvseM  ::                                     CAR ISO V2G CurrentDemandReq
2025-12-16T23:37:06.841281+0100 chargesom manager[934598]: [INFO] connector:EvseM  :: EVSE ISO V2G CurrentDemandRes
2025-12-16T23:37:06.945541+0100 chargesom manager[934598]: [INFO] connector:EvseM  ::                                     CAR ISO V2G CurrentDemandReq
2025-12-16T23:37:07.053510+0100 chargesom manager[934598]: [INFO] connector:EvseM  :: EVSE ISO V2G CurrentDemandRes
2025-12-16T23:37:07.146855+0100 chargesom manager[934598]: [INFO] connector:EvseM  :: EVSE IEC Isolation measurement Ok R_F 900000.
2025-12-16T23:37:07.189622+0100 chargesom manager[934598]: [INFO] connector:EvseM  ::                                     CAR ISO V2G CurrentDemandReq
2025-12-16T23:37:07.253569+0100 chargesom manager[934598]: [INFO] connector:EvseM  :: EVSE ISO V2G CurrentDemandRes
2025-12-16T23:37:07.409426+0100 chargesom manager[934598]: [INFO] connector:EvseM  ::                                     CAR ISO V2G CurrentDemandReq
2025-12-16T23:37:07.473575+0100 chargesom manager[934598]: [INFO] connector:EvseM  :: EVSE ISO V2G CurrentDemandRes
2025-12-16T23:37:07.595140+0100 chargesom manager[934598]: [INFO] connector:EvseM  ::                                     CAR ISO V2G CurrentDemandReq
2025-12-16T23:37:07.693655+0100 chargesom manager[934598]: [INFO] connector:EvseM  :: EVSE ISO V2G CurrentDemandRes
2025-12-16T23:37:07.815588+0100 chargesom manager[934598]: [INFO] connector:EvseM  ::                                     CAR ISO V2G CurrentDemandReq
2025-12-16T23:37:07.953572+0100 chargesom manager[934598]: [INFO] connector:EvseM  :: EVSE ISO V2G CurrentDemandRes
2025-12-16T23:37:08.045222+0100 chargesom manager[934598]: [INFO] connector:EvseM  ::                                     CAR ISO V2G CurrentDemandReq
2025-12-16T23:37:08.133468+0100 chargesom manager[934598]: [INFO] connector:EvseM  :: EVSE ISO V2G CurrentDemandRes
2025-12-16T23:37:08.147169+0100 chargesom manager[934598]: [INFO] connector:EvseM  :: EVSE IEC Isolation measurement Ok R_F 900000.
2025-12-16T23:37:08.255206+0100 chargesom manager[934598]: [INFO] connector:EvseM  ::                                     CAR ISO V2G CurrentDemandReq
2025-12-16T23:37:08.353662+0100 chargesom manager[934598]: [INFO] connector:EvseM  :: EVSE ISO V2G CurrentDemandRes
2025-12-16T23:37:08.475081+0100 chargesom manager[934598]: [INFO] connector:EvseM  ::                                     CAR ISO V2G CurrentDemandReq
2025-12-16T23:37:08.573735+0100 chargesom manager[934598]: [INFO] connector:EvseM  :: EVSE ISO V2G CurrentDemandRes
2025-12-16T23:37:08.695078+0100 chargesom manager[934598]: [INFO] connector:EvseM  ::                                     CAR ISO V2G CurrentDemandReq
2025-12-16T23:37:08.793596+0100 chargesom manager[934598]: [INFO] connector:EvseM  :: EVSE ISO V2G CurrentDemandRes
2025-12-16T23:37:08.915672+0100 chargesom manager[934598]: [INFO] connector:EvseM  ::                                     CAR ISO V2G CurrentDemandReq
2025-12-16T23:37:09.053786+0100 chargesom manager[934598]: [INFO] connector:EvseM  :: EVSE ISO V2G CurrentDemandRes
2025-12-16T23:37:09.141482+0100 chargesom manager[934598]: [INFO] connector:EvseM  ::                                     CAR ISO V2G CurrentDemandReq
2025-12-16T23:37:09.147412+0100 chargesom manager[934598]: [INFO] connector:EvseM  :: EVSE IEC Isolation measurement Ok R_F 900000.
2025-12-16T23:37:09.237142+0100 chargesom manager[934598]: [INFO] connector:EvseM  :: EVSE ISO V2G CurrentDemandRes
2025-12-16T23:37:09.354875+0100 chargesom manager[934598]: [INFO] connector:EvseM  ::                                     CAR ISO V2G CurrentDemandReq
2025-12-16T23:37:09.453409+0100 chargesom manager[934598]: [INFO] connector:EvseM  :: EVSE ISO V2G CurrentDemandRes
2025-12-16T23:37:09.574959+0100 chargesom manager[934598]: [INFO] connector:EvseM  ::                                     CAR ISO V2G CurrentDemandReq
2025-12-16T23:37:09.673284+0100 chargesom manager[934598]: [INFO] connector:EvseM  :: EVSE ISO V2G CurrentDemandRes
2025-12-16T23:37:09.795341+0100 chargesom manager[934598]: [INFO] connector:EvseM  ::                                     CAR ISO V2G CurrentDemandReq
2025-12-16T23:37:09.893711+0100 chargesom manager[934598]: [INFO] connector:EvseM  :: EVSE ISO V2G CurrentDemandRes
2025-12-16T23:37:10.045650+0100 chargesom manager[934598]: [INFO] connector:EvseM  ::                                     CAR ISO V2G CurrentDemandReq
2025-12-16T23:37:10.149741+0100 chargesom manager[934598]: [INFO] connector:EvseM  :: EVSE IEC Isolation measurement Ok R_F 900000.
2025-12-16T23:37:10.151005+0100 chargesom manager[934598]: [INFO] connector:EvseM  :: EVSE ISO V2G CurrentDemandRes
2025-12-16T23:37:10.249242+0100 chargesom manager[934598]: [INFO] connector:EvseM  ::                                     CAR ISO V2G CurrentDemandReq
2025-12-16T23:37:10.333370+0100 chargesom manager[934598]: [INFO] connector:EvseM  :: EVSE ISO V2G CurrentDemandRes
2025-12-16T23:37:10.454887+0100 chargesom manager[934598]: [INFO] connector:EvseM  ::                                     CAR ISO V2G CurrentDemandReq
2025-12-16T23:37:10.553367+0100 chargesom manager[934598]: [INFO] connector:EvseM  :: EVSE ISO V2G CurrentDemandRes
2025-12-16T23:37:10.674973+0100 chargesom manager[934598]: [INFO] connector:EvseM  ::                                     CAR ISO V2G CurrentDemandReq
2025-12-16T23:37:10.773640+0100 chargesom manager[934598]: [INFO] connector:EvseM  :: EVSE ISO V2G CurrentDemandRes
2025-12-16T23:37:10.895366+0100 chargesom manager[934598]: [INFO] connector:EvseM  ::                                     CAR ISO V2G CurrentDemandReq
2025-12-16T23:37:10.993513+0100 chargesom manager[934598]: [INFO] connector:EvseM  :: EVSE ISO V2G CurrentDemandRes
2025-12-16T23:37:11.115059+0100 chargesom manager[934598]: [INFO] connector:EvseM  ::                                     CAR ISO V2G CurrentDemandReq
2025-12-16T23:37:11.148133+0100 chargesom manager[934598]: [INFO] connector:EvseM  :: EVSE IEC Isolation measurement Ok R_F 900000.
2025-12-16T23:37:11.246102+0100 chargesom manager[934598]: [INFO] connector:EvseM  :: EVSE ISO V2G CurrentDemandRes
2025-12-16T23:37:11.339751+0100 chargesom manager[934598]: [INFO] connector:EvseM  ::                                     CAR ISO V2G CurrentDemandReq
2025-12-16T23:37:11.433958+0100 chargesom manager[934598]: [INFO] connector:EvseM  :: EVSE ISO V2G CurrentDemandRes
2025-12-16T23:37:11.554814+0100 chargesom manager[934598]: [INFO] connector:EvseM  ::                                     CAR ISO V2G CurrentDemandReq
2025-12-16T23:37:11.653310+0100 chargesom manager[934598]: [INFO] connector:EvseM  :: EVSE ISO V2G CurrentDemandRes
2025-12-16T23:37:11.774953+0100 chargesom manager[934598]: [INFO] connector:EvseM  ::                                     CAR ISO V2G CurrentDemandReq
2025-12-16T23:37:11.873362+0100 chargesom manager[934598]: [INFO] connector:EvseM  :: EVSE ISO V2G CurrentDemandRes
2025-12-16T23:37:11.995297+0100 chargesom manager[934598]: [INFO] connector:EvseM  ::                                     CAR ISO V2G CurrentDemandReq
2025-12-16T23:37:12.125445+0100 chargesom manager[934598]: [INFO] connector:EvseM  :: EVSE ISO V2G CurrentDemandRes
2025-12-16T23:37:12.148271+0100 chargesom manager[934598]: [INFO] connector:EvseM  :: EVSE IEC Isolation measurement Ok R_F 900000.
2025-12-16T23:37:12.237734+0100 chargesom manager[934598]: [INFO] connector:EvseM  ::                                     CAR ISO V2G CurrentDemandReq
2025-12-16T23:37:12.313614+0100 chargesom manager[934598]: [INFO] connector:EvseM  :: EVSE ISO V2G CurrentDemandRes
2025-12-16T23:37:12.457156+0100 chargesom manager[934598]: [INFO] connector:EvseM  ::                                     CAR ISO V2G CurrentDemandReq
2025-12-16T23:37:12.533352+0100 chargesom manager[934598]: [INFO] connector:EvseM  :: EVSE ISO V2G CurrentDemandRes
2025-12-16T23:37:12.654827+0100 chargesom manager[934598]: [INFO] connector:EvseM  ::                                     CAR ISO V2G CurrentDemandReq
2025-12-16T23:37:12.752338+0100 chargesom manager[934598]: [INFO] connector:EvseM  :: EVSE ISO V2G CurrentDemandRes
2025-12-16T23:37:12.875414+0100 chargesom manager[934598]: [INFO] connector:EvseM  ::                                     CAR ISO V2G CurrentDemandReq
2025-12-16T23:37:12.973512+0100 chargesom manager[934598]: [INFO] connector:EvseM  :: EVSE ISO V2G CurrentDemandRes
2025-12-16T23:37:13.094897+0100 chargesom manager[934598]: [INFO] connector:EvseM  ::                                     CAR ISO V2G CurrentDemandReq
2025-12-16T23:37:13.148661+0100 chargesom manager[934598]: [INFO] connector:EvseM  :: EVSE IEC Isolation measurement Ok R_F 900000.
2025-12-16T23:37:13.193475+0100 chargesom manager[934598]: [INFO] connector:EvseM  :: EVSE ISO V2G CurrentDemandRes
2025-12-16T23:37:13.314685+0100 chargesom manager[934598]: [INFO] connector:EvseM  ::                                     CAR ISO V2G CurrentDemandReq
2025-12-16T23:37:13.413576+0100 chargesom manager[934598]: [INFO] connector:EvseM  :: EVSE ISO V2G CurrentDemandRes
2025-12-16T23:37:13.537383+0100 chargesom manager[934598]: [INFO] connector:EvseM  ::                                     CAR ISO V2G CurrentDemandReq
2025-12-16T23:37:13.633269+0100 chargesom manager[934598]: [INFO] connector:EvseM  :: EVSE ISO V2G CurrentDemandRes
2025-12-16T23:37:13.754790+0100 chargesom manager[934598]: [INFO] connector:EvseM  ::                                     CAR ISO V2G CurrentDemandReq
2025-12-16T23:37:13.853461+0100 chargesom manager[934598]: [INFO] connector:EvseM  :: EVSE ISO V2G CurrentDemandRes
2025-12-16T23:37:13.975690+0100 chargesom manager[934598]: [INFO] connector:EvseM  ::                                     CAR ISO V2G CurrentDemandReq
2025-12-16T23:37:14.074073+0100 chargesom manager[934598]: [INFO] connector:EvseM  :: EVSE ISO V2G CurrentDemandRes
2025-12-16T23:37:14.148870+0100 chargesom manager[934598]: [INFO] connector:EvseM  :: EVSE IEC Isolation measurement Ok R_F 900000.
2025-12-16T23:37:14.197296+0100 chargesom manager[934598]: [INFO] connector:EvseM  ::                                     CAR ISO V2G CurrentDemandReq
2025-12-16T23:37:14.292293+0100 chargesom manager[934598]: [INFO] connector:EvseM  :: EVSE ISO V2G CurrentDemandRes
2025-12-16T23:37:14.414787+0100 chargesom manager[934598]: [INFO] connector:EvseM  ::                                     CAR ISO V2G CurrentDemandReq
2025-12-16T23:37:14.512120+0100 chargesom manager[934598]: [INFO] connector:EvseM  :: EVSE ISO V2G CurrentDemandRes
2025-12-16T23:37:14.677708+0100 chargesom manager[934598]: [INFO] connector:EvseM  ::                                     CAR ISO V2G CurrentDemandReq
2025-12-16T23:37:14.765250+0100 chargesom manager[934598]: [INFO] connector:EvseM  :: EVSE ISO V2G CurrentDemandRes
2025-12-16T23:37:14.855547+0100 chargesom manager[934598]: [INFO] connector:EvseM  ::                                     CAR ISO V2G CurrentDemandReq
2025-12-16T23:37:14.952420+0100 chargesom manager[934598]: [INFO] connector:EvseM  :: EVSE ISO V2G CurrentDemandRes
2025-12-16T23:37:15.093298+0100 chargesom manager[934598]: [INFO] connector:EvseM  ::                                     CAR ISO V2G CurrentDemandReq
2025-12-16T23:37:15.149253+0100 chargesom manager[934598]: [INFO] connector:EvseM  :: EVSE IEC Isolation measurement Ok R_F 900000.
2025-12-16T23:37:15.193761+0100 chargesom manager[934598]: [INFO] connector:EvseM  :: EVSE ISO V2G CurrentDemandRes
2025-12-16T23:37:15.294839+0100 chargesom manager[934598]: [INFO] connector:EvseM  ::                                     CAR ISO V2G CurrentDemandReq
2025-12-16T23:37:15.413413+0100 chargesom manager[934598]: [INFO] connector:EvseM  :: EVSE ISO V2G CurrentDemandRes
2025-12-16T23:37:15.514569+0100 chargesom manager[934598]: [INFO] connector:EvseM  ::                                     CAR ISO V2G CurrentDemandReq
2025-12-16T23:37:15.612664+0100 chargesom manager[934598]: [INFO] connector:EvseM  :: EVSE ISO V2G CurrentDemandRes
2025-12-16T23:37:15.773259+0100 chargesom manager[934598]: [INFO] connector:EvseM  ::                                     CAR ISO V2G CurrentDemandReq
2025-12-16T23:37:15.861816+0100 chargesom manager[934598]: [INFO] connector:EvseM  :: EVSE ISO V2G CurrentDemandRes
2025-12-16T23:37:15.955182+0100 chargesom manager[934598]: [INFO] connector:EvseM  ::                                     CAR ISO V2G CurrentDemandReq
2025-12-16T23:37:16.052192+0100 chargesom manager[934598]: [INFO] connector:EvseM  :: EVSE ISO V2G CurrentDemandRes
2025-12-16T23:37:16.149517+0100 chargesom manager[934598]: [INFO] connector:EvseM  :: EVSE IEC Isolation measurement Ok R_F 900000.
2025-12-16T23:37:16.193400+0100 chargesom manager[934598]: [INFO] connector:EvseM  ::                                     CAR ISO V2G CurrentDemandReq
2025-12-16T23:37:16.272193+0100 chargesom manager[934598]: [INFO] connector:EvseM  :: EVSE ISO V2G CurrentDemandRes
2025-12-16T23:37:16.417162+0100 chargesom manager[934598]: [INFO] connector:EvseM  ::                                     CAR ISO V2G CurrentDemandReq
2025-12-16T23:37:16.492211+0100 chargesom manager[934598]: [INFO] connector:EvseM  :: EVSE ISO V2G CurrentDemandRes
2025-12-16T23:37:16.614725+0100 chargesom manager[934598]: [INFO] connector:EvseM  ::                                     CAR ISO V2G CurrentDemandReq
2025-12-16T23:37:16.711964+0100 chargesom manager[934598]: [INFO] connector:EvseM  :: EVSE ISO V2G CurrentDemandRes
2025-12-16T23:37:16.835318+0100 chargesom manager[934598]: [INFO] connector:EvseM  ::                                     CAR ISO V2G CurrentDemandReq
2025-12-16T23:37:16.965397+0100 chargesom manager[934598]: [INFO] connector:EvseM  :: EVSE ISO V2G CurrentDemandRes
2025-12-16T23:37:17.057560+0100 chargesom manager[934598]: [INFO] connector:EvseM  ::                                     CAR ISO V2G CurrentDemandReq
2025-12-16T23:37:17.149768+0100 chargesom manager[934598]: [INFO] connector:EvseM  :: EVSE IEC Isolation measurement Ok R_F 900000.
2025-12-16T23:37:17.193404+0100 chargesom manager[934598]: [INFO] connector:EvseM  :: EVSE ISO V2G CurrentDemandRes
2025-12-16T23:37:17.275358+0100 chargesom manager[934598]: [INFO] connector:EvseM  ::                                     CAR ISO V2G CurrentDemandReq
2025-12-16T23:37:17.372168+0100 chargesom manager[934598]: [INFO] connector:EvseM  :: EVSE ISO V2G CurrentDemandRes
2025-12-16T23:37:17.494442+0100 chargesom manager[934598]: [INFO] connector:EvseM  ::                                     CAR ISO V2G CurrentDemandReq
2025-12-16T23:37:17.592006+0100 chargesom manager[934598]: [INFO] connector:EvseM  :: EVSE ISO V2G CurrentDemandRes
2025-12-16T23:37:17.714565+0100 chargesom manager[934598]: [INFO] connector:EvseM  ::                                     CAR ISO V2G CurrentDemandReq
2025-12-16T23:37:17.812938+0100 chargesom manager[934598]: [INFO] connector:EvseM  :: EVSE ISO V2G CurrentDemandRes
2025-12-16T23:37:17.935186+0100 chargesom manager[934598]: [INFO] connector:EvseM  ::                                     CAR ISO V2G CurrentDemandReq
2025-12-16T23:37:18.061715+0100 chargesom manager[934598]: [INFO] connector:EvseM  :: EVSE ISO V2G CurrentDemandRes
2025-12-16T23:37:18.161650+0100 chargesom manager[934598]: [INFO] connector:EvseM  :: EVSE IEC Isolation measurement Ok R_F 900000.
2025-12-16T23:37:18.161650+0100 chargesom manager[934598]: [INFO] connector:EvseM  ::                                     CAR ISO V2G CurrentDemandReq
2025-12-16T23:37:18.252370+0100 chargesom manager[934598]: [INFO] connector:EvseM  :: EVSE ISO V2G CurrentDemandRes
2025-12-16T23:37:18.374563+0100 chargesom manager[934598]: [INFO] connector:EvseM  ::                                     CAR ISO V2G CurrentDemandReq
2025-12-16T23:37:18.472016+0100 chargesom manager[934598]: [INFO] connector:EvseM  :: EVSE ISO V2G CurrentDemandRes
2025-12-16T23:37:18.594605+0100 chargesom manager[934598]: [INFO] connector:EvseM  ::                                     CAR ISO V2G CurrentDemandReq
2025-12-16T23:37:18.691991+0100 chargesom manager[934598]: [INFO] connector:EvseM  :: EVSE ISO V2G CurrentDemandRes
2025-12-16T23:37:18.815208+0100 chargesom manager[934598]: [INFO] connector:EvseM  ::                                     CAR ISO V2G CurrentDemandReq
2025-12-16T23:37:18.912657+0100 chargesom manager[934598]: [INFO] connector:EvseM  :: EVSE ISO V2G CurrentDemandRes
2025-12-16T23:37:19.034528+0100 chargesom manager[934598]: [INFO] connector:EvseM  ::                                     CAR ISO V2G CurrentDemandReq
2025-12-16T23:37:19.132042+0100 chargesom manager[934598]: [INFO] connector:EvseM  :: EVSE ISO V2G CurrentDemandRes
2025-12-16T23:37:19.150358+0100 chargesom manager[934598]: [INFO] connector:EvseM  :: EVSE IEC Isolation measurement Ok R_F 900000.
2025-12-16T23:37:19.281369+0100 chargesom manager[934598]: [INFO] connector:EvseM  ::                                     CAR ISO V2G CurrentDemandReq
2025-12-16T23:37:19.351982+0100 chargesom manager[934598]: [INFO] connector:EvseM  :: EVSE ISO V2G CurrentDemandRes
2025-12-16T23:37:19.474348+0100 chargesom manager[934598]: [INFO] connector:EvseM  ::                                     CAR ISO V2G CurrentDemandReq
2025-12-16T23:37:19.573056+0100 chargesom manager[934598]: [INFO] connector:EvseM  :: EVSE ISO V2G CurrentDemandRes
2025-12-16T23:37:19.694367+0100 chargesom manager[934598]: [INFO] connector:EvseM  ::                                     CAR ISO V2G CurrentDemandReq
2025-12-16T23:37:19.792919+0100 chargesom manager[934598]: [INFO] connector:EvseM  :: EVSE ISO V2G CurrentDemandRes
2025-12-16T23:37:19.915153+0100 chargesom manager[934598]: [INFO] connector:EvseM  ::                                     CAR ISO V2G CurrentDemandReq
2025-12-16T23:37:20.049373+0100 chargesom manager[934598]: [INFO] connector:EvseM  :: EVSE ISO V2G CurrentDemandRes
2025-12-16T23:37:20.134560+0100 chargesom manager[934598]: [INFO] connector:EvseM  ::                                     CAR ISO V2G CurrentDemandReq
2025-12-16T23:37:20.150609+0100 chargesom manager[934598]: [INFO] connector:EvseM  :: EVSE IEC Isolation measurement Ok R_F 900000.
2025-12-16T23:37:20.237356+0100 chargesom manager[934598]: [INFO] connector:EvseM  :: EVSE ISO V2G CurrentDemandRes
2025-12-16T23:37:20.378392+0100 chargesom manager[934598]: [INFO] connector:EvseM  ::                                     CAR ISO V2G CurrentDemandReq
2025-12-16T23:37:20.465172+0100 chargesom manager[934598]: [INFO] connector:EvseM  :: EVSE ISO V2G CurrentDemandRes
2025-12-16T23:37:20.574609+0100 chargesom manager[934598]: [INFO] connector:EvseM  ::                                     CAR ISO V2G CurrentDemandReq
2025-12-16T23:37:20.672961+0100 chargesom manager[934598]: [INFO] connector:EvseM  :: EVSE ISO V2G CurrentDemandRes
2025-12-16T23:37:20.795055+0100 chargesom manager[934598]: [INFO] connector:EvseM  ::                                     CAR ISO V2G CurrentDemandReq
2025-12-16T23:37:20.893493+0100 chargesom manager[934598]: [INFO] connector:EvseM  :: EVSE ISO V2G CurrentDemandRes
2025-12-16T23:37:21.014441+0100 chargesom manager[934598]: [INFO] connector:EvseM  ::                                     CAR ISO V2G CurrentDemandReq
2025-12-16T23:37:21.111919+0100 chargesom manager[934598]: [INFO] connector:EvseM  :: EVSE ISO V2G CurrentDemandRes
2025-12-16T23:37:21.151046+0100 chargesom manager[934598]: [INFO] connector:EvseM  :: EVSE IEC Isolation measurement Ok R_F 900000.
2025-12-16T23:37:21.237502+0100 chargesom manager[934598]: [INFO] connector:EvseM  ::                                     CAR ISO V2G CurrentDemandReq
2025-12-16T23:37:21.334463+0100 chargesom manager[934598]: [INFO] connector:EvseM  :: EVSE ISO V2G CurrentDemandRes
2025-12-16T23:37:21.477735+0100 chargesom manager[934598]: [INFO] connector:EvseM  ::                                     CAR ISO V2G CurrentDemandReq
2025-12-16T23:37:21.589231+0100 chargesom manager[934598]: [INFO] connector:EvseM  :: EVSE ISO V2G CurrentDemandRes
2025-12-16T23:37:21.674289+0100 chargesom manager[934598]: [INFO] connector:EvseM  ::                                     CAR ISO V2G CurrentDemandReq
2025-12-16T23:37:21.773052+0100 chargesom manager[934598]: [INFO] connector:EvseM  :: EVSE ISO V2G CurrentDemandRes
2025-12-16T23:37:21.895908+0100 chargesom manager[934598]: [INFO] connector:EvseM  ::                                     CAR ISO V2G CurrentDemandReq
2025-12-16T23:37:21.992267+0100 chargesom manager[934598]: [INFO] connector:EvseM  :: EVSE ISO V2G CurrentDemandRes
2025-12-16T23:37:22.145486+0100 chargesom manager[934598]: [INFO] connector:EvseM  ::                                     CAR ISO V2G CurrentDemandReq
2025-12-16T23:37:22.151232+0100 chargesom manager[934598]: [INFO] connector:EvseM  :: EVSE IEC Isolation measurement Ok R_F 900000.
2025-12-16T23:37:22.237683+0100 chargesom manager[934598]: [INFO] connector:EvseM  :: EVSE ISO V2G CurrentDemandRes
2025-12-16T23:37:22.334419+0100 chargesom manager[934598]: [INFO] connector:EvseM  ::                                     CAR ISO V2G CurrentDemandReq
2025-12-16T23:37:22.432998+0100 chargesom manager[934598]: [INFO] connector:EvseM  :: EVSE ISO V2G CurrentDemandRes
2025-12-16T23:37:22.597641+0100 chargesom manager[934598]: [INFO] connector:EvseM  ::                                     CAR ISO V2G CurrentDemandReq
2025-12-16T23:37:22.689452+0100 chargesom manager[934598]: [INFO] connector:EvseM  :: EVSE ISO V2G CurrentDemandRes
2025-12-16T23:37:22.774299+0100 chargesom manager[934598]: [INFO] connector:EvseM  ::                                     CAR ISO V2G CurrentDemandReq
2025-12-16T23:37:22.872774+0100 chargesom manager[934598]: [INFO] connector:EvseM  :: EVSE ISO V2G CurrentDemandRes
2025-12-16T23:37:22.995249+0100 chargesom manager[934598]: [INFO] connector:EvseM  ::                                     CAR ISO V2G CurrentDemandReq
2025-12-16T23:37:23.093085+0100 chargesom manager[934598]: [INFO] connector:EvseM  :: EVSE ISO V2G CurrentDemandRes
2025-12-16T23:37:23.151505+0100 chargesom manager[934598]: [INFO] connector:EvseM  :: EVSE IEC Isolation measurement Ok R_F 900000.
2025-12-16T23:37:23.237507+0100 chargesom manager[934598]: [INFO] connector:EvseM  ::                                     CAR ISO V2G CurrentDemandReq
2025-12-16T23:37:23.313165+0100 chargesom manager[934598]: [INFO] connector:EvseM  :: EVSE ISO V2G CurrentDemandRes
2025-12-16T23:37:23.434200+0100 chargesom manager[934598]: [INFO] connector:EvseM  ::                                     CAR ISO V2G CurrentDemandReq
2025-12-16T23:37:23.532782+0100 chargesom manager[934598]: [INFO] connector:EvseM  :: EVSE ISO V2G CurrentDemandRes
2025-12-16T23:37:23.697600+0100 chargesom manager[934598]: [INFO] connector:EvseM  ::                                     CAR ISO V2G CurrentDemandReq
2025-12-16T23:37:23.789287+0100 chargesom manager[934598]: [INFO] connector:EvseM  :: EVSE ISO V2G CurrentDemandRes
2025-12-16T23:37:23.875399+0100 chargesom manager[934598]: [INFO] connector:EvseM  ::                                     CAR ISO V2G CurrentDemandReq
2025-12-16T23:37:23.973414+0100 chargesom manager[934598]: [INFO] connector:EvseM  :: EVSE ISO V2G CurrentDemandRes
2025-12-16T23:37:24.094078+0100 chargesom manager[934598]: [INFO] connector:EvseM  ::                                     CAR ISO V2G CurrentDemandReq
2025-12-16T23:37:24.151741+0100 chargesom manager[934598]: [INFO] connector:EvseM  :: EVSE IEC Isolation measurement Ok R_F 900000.
2025-12-16T23:37:24.197288+0100 chargesom manager[934598]: [INFO] connector:EvseM  :: EVSE ISO V2G CurrentDemandRes
2025-12-16T23:37:24.314340+0100 chargesom manager[934598]: [INFO] connector:EvseM  ::                                     CAR ISO V2G CurrentDemandReq
2025-12-16T23:37:24.421158+0100 chargesom manager[934598]: [INFO] connector:EvseM  :: EVSE ISO V2G CurrentDemandRes
2025-12-16T23:37:24.534266+0100 chargesom manager[934598]: [INFO] connector:EvseM  ::                                     CAR ISO V2G CurrentDemandReq
2025-12-16T23:37:24.632979+0100 chargesom manager[934598]: [INFO] connector:EvseM  :: EVSE ISO V2G CurrentDemandRes
2025-12-16T23:37:24.756911+0100 chargesom manager[934598]: [INFO] connector:EvseM  ::                                     CAR ISO V2G CurrentDemandReq
2025-12-16T23:37:24.885483+0100 chargesom manager[934598]: [INFO] connector:EvseM  :: EVSE ISO V2G CurrentDemandRes
2025-12-16T23:37:24.974875+0100 chargesom manager[934598]: [INFO] connector:EvseM  ::                                     CAR ISO V2G CurrentDemandReq
2025-12-16T23:37:25.105184+0100 chargesom manager[934598]: [INFO] connector:EvseM  :: EVSE ISO V2G CurrentDemandRes
2025-12-16T23:37:25.152237+0100 chargesom manager[934598]: [INFO] connector:EvseM  :: EVSE IEC Isolation measurement Ok R_F 900000.
2025-12-16T23:37:25.201648+0100 chargesom manager[934598]: [INFO] connector:EvseM  ::                                     CAR ISO V2G CurrentDemandReq
2025-12-16T23:37:25.292836+0100 chargesom manager[934598]: [INFO] connector:EvseM  :: EVSE ISO V2G CurrentDemandRes
2025-12-16T23:37:25.425226+0100 chargesom manager[934598]: [INFO] connector:EvseM  ::                                     CAR ISO V2G CurrentDemandReq
2025-12-16T23:37:25.512888+0100 chargesom manager[934598]: [INFO] connector:EvseM  :: EVSE ISO V2G CurrentDemandRes
2025-12-16T23:37:25.634072+0100 chargesom manager[934598]: [INFO] connector:EvseM  ::                                     CAR ISO V2G CurrentDemandReq
2025-12-16T23:37:25.733193+0100 chargesom manager[934598]: [INFO] connector:EvseM  :: EVSE ISO V2G CurrentDemandRes
2025-12-16T23:37:25.893851+0100 chargesom manager[934598]: [INFO] connector:EvseM  ::                                     CAR ISO V2G CurrentDemandReq
2025-12-16T23:37:25.985434+0100 chargesom manager[934598]: [INFO] connector:EvseM  :: EVSE ISO V2G CurrentDemandRes
2025-12-16T23:37:26.074123+0100 chargesom manager[934598]: [INFO] connector:EvseM  ::                                     CAR ISO V2G CurrentDemandReq
2025-12-16T23:37:26.152366+0100 chargesom manager[934598]: [INFO] connector:EvseM  :: EVSE IEC Isolation measurement Ok R_F 900000.
2025-12-16T23:37:26.197546+0100 chargesom manager[934598]: [INFO] connector:EvseM  :: EVSE ISO V2G CurrentDemandRes
2025-12-16T23:37:26.294173+0100 chargesom manager[934598]: [INFO] connector:EvseM  ::                                     CAR ISO V2G CurrentDemandReq
2025-12-16T23:37:26.425225+0100 chargesom manager[934598]: [INFO] connector:EvseM  :: EVSE ISO V2G CurrentDemandRes
2025-12-16T23:37:26.514197+0100 chargesom manager[934598]: [INFO] connector:EvseM  ::                                     CAR ISO V2G CurrentDemandReq
2025-12-16T23:37:26.612935+0100 chargesom manager[934598]: [INFO] connector:EvseM  :: EVSE ISO V2G CurrentDemandRes
2025-12-16T23:37:26.734132+0100 chargesom manager[934598]: [INFO] connector:EvseM  ::                                     CAR ISO V2G CurrentDemandReq
2025-12-16T23:37:26.832630+0100 chargesom manager[934598]: [INFO] connector:EvseM  :: EVSE ISO V2G CurrentDemandRes
2025-12-16T23:37:26.997692+0100 chargesom manager[934598]: [INFO] connector:EvseM  ::                                     CAR ISO V2G CurrentDemandReq
2025-12-16T23:37:27.089487+0100 chargesom manager[934598]: [INFO] connector:EvseM  :: EVSE ISO V2G CurrentDemandRes
2025-12-16T23:37:27.152573+0100 chargesom manager[934598]: [INFO] connector:EvseM  :: EVSE IEC Isolation measurement Ok R_F 900000.
2025-12-16T23:37:27.197496+0100 chargesom manager[934598]: [INFO] connector:EvseM  ::                                     CAR ISO V2G CurrentDemandReq
2025-12-16T23:37:27.272696+0100 chargesom manager[934598]: [INFO] connector:EvseM  :: EVSE ISO V2G CurrentDemandRes
2025-12-16T23:37:27.425285+0100 chargesom manager[934598]: [INFO] connector:EvseM  ::                                     CAR ISO V2G CurrentDemandReq
2025-12-16T23:37:27.492529+0100 chargesom manager[934598]: [INFO] connector:EvseM  :: EVSE ISO V2G CurrentDemandRes
2025-12-16T23:37:27.614183+0100 chargesom manager[934598]: [INFO] connector:EvseM  ::                                     CAR ISO V2G CurrentDemandReq
2025-12-16T23:37:27.712506+0100 chargesom manager[934598]: [INFO] connector:EvseM  :: EVSE ISO V2G CurrentDemandRes
2025-12-16T23:37:27.834834+0100 chargesom manager[934598]: [INFO] connector:EvseM  ::                                     CAR ISO V2G CurrentDemandReq
2025-12-16T23:37:27.932711+0100 chargesom manager[934598]: [INFO] connector:EvseM  :: EVSE ISO V2G CurrentDemandRes
2025-12-16T23:37:28.055356+0100 chargesom manager[934598]: [INFO] connector:EvseM  ::                                     CAR ISO V2G CurrentDemandReq
2025-12-16T23:37:28.190017+0100 chargesom manager[934598]: [INFO] connector:EvseM  :: EVSE IEC Isolation measurement Ok R_F 900000.
2025-12-16T23:37:28.191700+0100 chargesom manager[934598]: [INFO] connector:EvseM  :: EVSE ISO V2G CurrentDemandRes
2025-12-16T23:37:28.281530+0100 chargesom manager[934598]: [INFO] connector:EvseM  ::                                     CAR ISO V2G CurrentDemandReq
2025-12-16T23:37:28.372416+0100 chargesom manager[934598]: [INFO] connector:EvseM  :: EVSE ISO V2G CurrentDemandRes
2025-12-16T23:37:28.494785+0100 chargesom manager[934598]: [INFO] connector:EvseM  ::                                     CAR ISO V2G CurrentDemandReq
2025-12-16T23:37:28.592516+0100 chargesom manager[934598]: [INFO] connector:EvseM  :: EVSE ISO V2G CurrentDemandRes
2025-12-16T23:37:28.713965+0100 chargesom manager[934598]: [INFO] connector:EvseM  ::                                     CAR ISO V2G CurrentDemandReq
2025-12-16T23:37:28.812742+0100 chargesom manager[934598]: [INFO] connector:EvseM  :: EVSE ISO V2G CurrentDemandRes
2025-12-16T23:37:28.934707+0100 chargesom manager[934598]: [INFO] connector:EvseM  ::                                     CAR ISO V2G CurrentDemandReq
2025-12-16T23:37:29.032620+0100 chargesom manager[934598]: [INFO] connector:EvseM  :: EVSE ISO V2G CurrentDemandRes
2025-12-16T23:37:29.154367+0100 chargesom manager[934598]: [INFO] connector:EvseM  :: EVSE IEC Isolation measurement Ok R_F 900000.
2025-12-16T23:37:29.155579+0100 chargesom manager[934598]: [INFO] connector:EvseM  ::                                     CAR ISO V2G CurrentDemandReq
2025-12-16T23:37:29.285452+0100 chargesom manager[934598]: [INFO] connector:EvseM  :: EVSE ISO V2G CurrentDemandRes
2025-12-16T23:37:29.381291+0100 chargesom manager[934598]: [INFO] connector:EvseM  ::                                     CAR ISO V2G CurrentDemandReq
2025-12-16T23:37:29.472495+0100 chargesom manager[934598]: [INFO] connector:EvseM  :: EVSE ISO V2G CurrentDemandRes
2025-12-16T23:37:29.593895+0100 chargesom manager[934598]: [INFO] connector:EvseM  ::                                     CAR ISO V2G CurrentDemandReq
2025-12-16T23:37:29.692397+0100 chargesom manager[934598]: [INFO] connector:EvseM  :: EVSE ISO V2G CurrentDemandRes
2025-12-16T23:37:29.815370+0100 chargesom manager[934598]: [INFO] connector:EvseM  ::                                     CAR ISO V2G CurrentDemandReq
2025-12-16T23:37:29.912626+0100 chargesom manager[934598]: [INFO] connector:EvseM  :: EVSE ISO V2G CurrentDemandRes
2025-12-16T23:37:30.045364+0100 chargesom manager[934598]: [INFO] connector:EvseM  ::                                     CAR ISO V2G CurrentDemandReq
2025-12-16T23:37:30.165640+0100 chargesom manager[934598]: [INFO] connector:EvseM  :: EVSE ISO V2G CurrentDemandRes
2025-12-16T23:37:30.165640+0100 chargesom manager[934598]: [INFO] connector:EvseM  :: EVSE IEC Isolation measurement Ok R_F 900000.
2025-12-16T23:37:30.254534+0100 chargesom manager[934598]: [INFO] connector:EvseM  ::                                     CAR ISO V2G CurrentDemandReq
2025-12-16T23:37:30.389689+0100 chargesom manager[934598]: [INFO] connector:EvseM  :: EVSE ISO V2G CurrentDemandRes
2025-12-16T23:37:30.477699+0100 chargesom manager[934598]: [INFO] connector:EvseM  ::                                     CAR ISO V2G CurrentDemandReq
2025-12-16T23:37:30.572382+0100 chargesom manager[934598]: [INFO] connector:EvseM  :: EVSE ISO V2G CurrentDemandRes
2025-12-16T23:37:30.693846+0100 chargesom manager[934598]: [INFO] connector:EvseM  ::                                     CAR ISO V2G CurrentDemandReq
2025-12-16T23:37:30.792644+0100 chargesom manager[934598]: [INFO] connector:EvseM  :: EVSE ISO V2G CurrentDemandRes
2025-12-16T23:37:30.914651+0100 chargesom manager[934598]: [INFO] connector:EvseM  ::                                     CAR ISO V2G CurrentDemandReq
2025-12-16T23:37:31.011441+0100 chargesom manager[934598]: [INFO] connector:EvseM  :: EVSE ISO V2G CurrentDemandRes
2025-12-16T23:37:31.134032+0100 chargesom manager[934598]: [INFO] connector:EvseM  ::                                     CAR ISO V2G CurrentDemandReq
2025-12-16T23:37:31.153821+0100 chargesom manager[934598]: [INFO] connector:EvseM  :: EVSE IEC Isolation measurement Ok R_F 900000.
2025-12-16T23:37:31.241684+0100 chargesom manager[934598]: [INFO] connector:EvseM  :: EVSE ISO V2G CurrentDemandRes
2025-12-16T23:37:31.354337+0100 chargesom manager[934598]: [INFO] connector:EvseM  ::                                     CAR ISO V2G CurrentDemandReq
2025-12-16T23:37:31.452723+0100 chargesom manager[934598]: [INFO] connector:EvseM  :: EVSE ISO V2G CurrentDemandRes
2025-12-16T23:37:31.574681+0100 chargesom manager[934598]: [INFO] connector:EvseM  ::                                     CAR ISO V2G CurrentDemandReq
2025-12-16T23:37:31.671366+0100 chargesom manager[934598]: [INFO] connector:EvseM  :: EVSE ISO V2G CurrentDemandRes
2025-12-16T23:37:31.794968+0100 chargesom manager[934598]: [INFO] connector:EvseM  ::                                     CAR ISO V2G CurrentDemandReq
2025-12-16T23:37:31.892480+0100 chargesom manager[934598]: [INFO] connector:EvseM  :: EVSE ISO V2G CurrentDemandRes
2025-12-16T23:37:32.013954+0100 chargesom manager[934598]: [INFO] connector:EvseM  ::                                     CAR ISO V2G CurrentDemandReq
2025-12-16T23:37:32.113062+0100 chargesom manager[934598]: [INFO] connector:EvseM  :: EVSE ISO V2G CurrentDemandRes
2025-12-16T23:37:32.154218+0100 chargesom manager[934598]: [INFO] connector:EvseM  :: EVSE IEC Isolation measurement Ok R_F 900000.
2025-12-16T23:37:32.245597+0100 chargesom manager[934598]: [INFO] connector:EvseM  ::                                     CAR ISO V2G CurrentDemandReq
2025-12-16T23:37:32.332459+0100 chargesom manager[934598]: [INFO] connector:EvseM  :: EVSE ISO V2G CurrentDemandRes
2025-12-16T23:37:32.453803+0100 chargesom manager[934598]: [INFO] connector:EvseM  ::                                     CAR ISO V2G CurrentDemandReq
2025-12-16T23:37:32.551357+0100 chargesom manager[934598]: [INFO] connector:EvseM  :: EVSE ISO V2G CurrentDemandRes
2025-12-16T23:37:32.714174+0100 chargesom manager[934598]: [INFO] connector:EvseM  ::                                     CAR ISO V2G CurrentDemandReq
2025-12-16T23:37:32.801209+0100 chargesom manager[934598]: [INFO] connector:EvseM  :: EVSE ISO V2G CurrentDemandRes
2025-12-16T23:37:32.894746+0100 chargesom manager[934598]: [INFO] connector:EvseM  ::                                     CAR ISO V2G CurrentDemandReq
2025-12-16T23:37:32.992765+0100 chargesom manager[934598]: [INFO] connector:EvseM  :: EVSE ISO V2G CurrentDemandRes
2025-12-16T23:37:33.133162+0100 chargesom manager[934598]: [INFO] connector:EvseM  ::                                     CAR ISO V2G CurrentDemandReq
2025-12-16T23:37:33.154704+0100 chargesom manager[934598]: [INFO] connector:EvseM  :: EVSE IEC Isolation measurement Ok R_F 900000.
2025-12-16T23:37:33.241360+0100 chargesom manager[934598]: [INFO] connector:EvseM  :: EVSE ISO V2G CurrentDemandRes
2025-12-16T23:37:33.334647+0100 chargesom manager[934598]: [INFO] connector:EvseM  ::                                     CAR ISO V2G CurrentDemandReq
2025-12-16T23:37:33.431261+0100 chargesom manager[934598]: [INFO] connector:EvseM  :: EVSE ISO V2G CurrentDemandRes
2025-12-16T23:37:33.553708+0100 chargesom manager[934598]: [INFO] connector:EvseM  ::                                     CAR ISO V2G CurrentDemandReq
2025-12-16T23:37:33.651373+0100 chargesom manager[934598]: [INFO] connector:EvseM  :: EVSE ISO V2G CurrentDemandRes
2025-12-16T23:37:33.809476+0100 chargesom manager[934598]: [INFO] connector:EvseM  ::                                     CAR ISO V2G CurrentDemandReq
2025-12-16T23:37:33.905601+0100 chargesom manager[934598]: [INFO] connector:EvseM  :: EVSE ISO V2G CurrentDemandRes
2025-12-16T23:37:33.994258+0100 chargesom manager[934598]: [INFO] connector:EvseM  ::                                     CAR ISO V2G CurrentDemandReq
2025-12-16T23:37:34.091375+0100 chargesom manager[934598]: [INFO] connector:EvseM  :: EVSE ISO V2G CurrentDemandRes
2025-12-16T23:37:34.154875+0100 chargesom manager[934598]: [INFO] connector:EvseM  :: EVSE IEC Isolation measurement Ok R_F 900000.
2025-12-16T23:37:34.241787+0100 chargesom manager[934598]: [INFO] connector:EvseM  ::                                     CAR ISO V2G CurrentDemandReq
2025-12-16T23:37:34.311448+0100 chargesom manager[934598]: [INFO] connector:EvseM  :: EVSE ISO V2G CurrentDemandRes
2025-12-16T23:37:34.433648+0100 chargesom manager[934598]: [INFO] connector:EvseM  ::                                     CAR ISO V2G CurrentDemandReq
2025-12-16T23:37:34.531424+0100 chargesom manager[934598]: [INFO] connector:EvseM  :: EVSE ISO V2G CurrentDemandRes
2025-12-16T23:37:34.653838+0100 chargesom manager[934598]: [INFO] connector:EvseM  ::                                     CAR ISO V2G CurrentDemandReq
2025-12-16T23:37:34.751263+0100 chargesom manager[934598]: [INFO] connector:EvseM  :: EVSE ISO V2G CurrentDemandRes
2025-12-16T23:37:34.913828+0100 chargesom manager[934598]: [INFO] connector:EvseM  ::                                     CAR ISO V2G CurrentDemandReq
2025-12-16T23:37:35.001724+0100 chargesom manager[934598]: [INFO] connector:EvseM  :: EVSE ISO V2G CurrentDemandRes
2025-12-16T23:37:35.097438+0100 chargesom manager[934598]: [INFO] connector:EvseM  ::                                     CAR ISO V2G CurrentDemandReq
2025-12-16T23:37:35.155187+0100 chargesom manager[934598]: [INFO] connector:EvseM  :: EVSE IEC Isolation measurement Ok R_F 900000.
2025-12-16T23:37:35.197385+0100 chargesom manager[934598]: [INFO] connector:EvseM  :: EVSE ISO V2G CurrentDemandRes
2025-12-16T23:37:35.313703+0100 chargesom manager[934598]: [INFO] connector:EvseM  ::                                     CAR ISO V2G CurrentDemandReq
2025-12-16T23:37:35.433313+0100 chargesom manager[934598]: [INFO] connector:EvseM  :: EVSE ISO V2G CurrentDemandRes
2025-12-16T23:37:35.533802+0100 chargesom manager[934598]: [INFO] connector:EvseM  ::                                     CAR ISO V2G CurrentDemandReq
2025-12-16T23:37:35.631159+0100 chargesom manager[934598]: [INFO] connector:EvseM  :: EVSE ISO V2G CurrentDemandRes
2025-12-16T23:37:35.753662+0100 chargesom manager[934598]: [INFO] connector:EvseM  ::                                     CAR ISO V2G CurrentDemandReq
2025-12-16T23:37:35.851351+0100 chargesom manager[934598]: [INFO] connector:EvseM  :: EVSE ISO V2G CurrentDemandRes
2025-12-16T23:37:35.974554+0100 chargesom manager[934598]: [INFO] connector:EvseM  ::                                     CAR ISO V2G CurrentDemandReq
2025-12-16T23:37:36.106936+0100 chargesom manager[934598]: [INFO] connector:EvseM  :: EVSE ISO V2G CurrentDemandRes
2025-12-16T23:37:36.155407+0100 chargesom manager[934598]: [INFO] connector:EvseM  :: EVSE IEC Isolation measurement Ok R_F 900000.
2025-12-16T23:37:36.197463+0100 chargesom manager[934598]: [INFO] connector:EvseM  ::                                     CAR ISO V2G CurrentDemandReq
2025-12-16T23:37:36.291158+0100 chargesom manager[934598]: [INFO] connector:EvseM  :: EVSE ISO V2G CurrentDemandRes
2025-12-16T23:37:36.433236+0100 chargesom manager[934598]: [INFO] connector:EvseM  ::                                     CAR ISO V2G CurrentDemandReq
2025-12-16T23:37:36.511308+0100 chargesom manager[934598]: [INFO] connector:EvseM  :: EVSE ISO V2G CurrentDemandRes
2025-12-16T23:37:36.633704+0100 chargesom manager[934598]: [INFO] connector:EvseM  ::                                     CAR ISO V2G CurrentDemandReq
2025-12-16T23:37:36.731403+0100 chargesom manager[934598]: [INFO] connector:EvseM  :: EVSE ISO V2G CurrentDemandRes
2025-12-16T23:37:36.855172+0100 chargesom manager[934598]: [INFO] connector:EvseM  ::                                     CAR ISO V2G CurrentDemandReq
2025-12-16T23:37:36.951278+0100 chargesom manager[934598]: [INFO] connector:EvseM  :: EVSE ISO V2G CurrentDemandRes
2025-12-16T23:37:37.073756+0100 chargesom manager[934598]: [INFO] connector:EvseM  ::                                     CAR ISO V2G CurrentDemandReq
2025-12-16T23:37:37.161217+0100 chargesom manager[934598]: [INFO] connector:EvseM  :: EVSE IEC Isolation measurement Ok R_F 900000.
2025-12-16T23:37:37.209459+0100 chargesom manager[934598]: [INFO] connector:EvseM  :: EVSE ISO V2G CurrentDemandRes
2025-12-16T23:37:37.293698+0100 chargesom manager[934598]: [INFO] connector:EvseM  ::                                     CAR ISO V2G CurrentDemandReq
2025-12-16T23:37:37.392158+0100 chargesom manager[934598]: [INFO] connector:EvseM  :: EVSE ISO V2G CurrentDemandRes
2025-12-16T23:37:37.513526+0100 chargesom manager[934598]: [INFO] connector:EvseM  ::                                     CAR ISO V2G CurrentDemandReq
2025-12-16T23:37:37.612191+0100 chargesom manager[934598]: [INFO] connector:EvseM  :: EVSE ISO V2G CurrentDemandRes
2025-12-16T23:37:37.733734+0100 chargesom manager[934598]: [INFO] connector:EvseM  ::                                     CAR ISO V2G CurrentDemandReq
2025-12-16T23:37:37.831220+0100 chargesom manager[934598]: [INFO] connector:EvseM  :: EVSE ISO V2G CurrentDemandRes
2025-12-16T23:37:37.954414+0100 chargesom manager[934598]: [INFO] connector:EvseM  ::                                     CAR ISO V2G CurrentDemandReq
2025-12-16T23:37:38.094239+0100 chargesom manager[934598]: [INFO] connector:EvseM  :: EVSE ISO V2G CurrentDemandRes
2025-12-16T23:37:38.156059+0100 chargesom manager[934598]: [INFO] connector:EvseM  :: EVSE IEC Isolation measurement Ok R_F 900000.
2025-12-16T23:37:38.201635+0100 chargesom manager[934598]: [INFO] connector:EvseM  ::                                     CAR ISO V2G CurrentDemandReq
2025-12-16T23:37:38.289572+0100 chargesom manager[934598]: [INFO] connector:EvseM  :: EVSE ISO V2G CurrentDemandRes
2025-12-16T23:37:38.433275+0100 chargesom manager[934598]: [INFO] connector:EvseM  ::                                     CAR ISO V2G CurrentDemandReq
2025-12-16T23:37:38.491472+0100 chargesom manager[934598]: [INFO] connector:EvseM  :: EVSE ISO V2G CurrentDemandRes
2025-12-16T23:37:38.613484+0100 chargesom manager[934598]: [INFO] connector:EvseM  ::                                     CAR ISO V2G CurrentDemandReq
2025-12-16T23:37:38.712281+0100 chargesom manager[934598]: [INFO] connector:EvseM  :: EVSE ISO V2G CurrentDemandRes
2025-12-16T23:37:38.834333+0100 chargesom manager[934598]: [INFO] connector:EvseM  ::                                     CAR ISO V2G CurrentDemandReq
2025-12-16T23:37:38.931278+0100 chargesom manager[934598]: [INFO] connector:EvseM  :: EVSE ISO V2G CurrentDemandRes
2025-12-16T23:37:39.053717+0100 chargesom manager[934598]: [INFO] connector:EvseM  ::                                     CAR ISO V2G CurrentDemandReq
2025-12-16T23:37:39.151976+0100 chargesom manager[934598]: [INFO] connector:EvseM  :: EVSE ISO V2G CurrentDemandRes
2025-12-16T23:37:39.156296+0100 chargesom manager[934598]: [INFO] connector:EvseM  :: EVSE IEC Isolation measurement Ok R_F 900000.
2025-12-16T23:37:39.298187+0100 chargesom manager[934598]: [INFO] connector:EvseM  ::                                     CAR ISO V2G CurrentDemandReq
2025-12-16T23:37:39.386918+0100 chargesom manager[934598]: [INFO] connector:EvseM  :: EVSE ISO V2G CurrentDemandRes
2025-12-16T23:37:39.493446+0100 chargesom manager[934598]: [INFO] connector:EvseM  ::                                     CAR ISO V2G CurrentDemandReq
2025-12-16T23:37:39.591964+0100 chargesom manager[934598]: [INFO] connector:EvseM  :: EVSE ISO V2G CurrentDemandRes
2025-12-16T23:37:39.713600+0100 chargesom manager[934598]: [INFO] connector:EvseM  ::                                     CAR ISO V2G CurrentDemandReq
2025-12-16T23:37:39.812161+0100 chargesom manager[934598]: [INFO] connector:EvseM  :: EVSE ISO V2G CurrentDemandRes
2025-12-16T23:37:39.934194+0100 chargesom manager[934598]: [INFO] connector:EvseM  ::                                     CAR ISO V2G CurrentDemandReq
2025-12-16T23:37:40.053881+0100 chargesom manager[934598]: [INFO] connector:EvseM  :: EVSE ISO V2G CurrentDemandRes
2025-12-16T23:37:40.153606+0100 chargesom manager[934598]: [INFO] connector:EvseM  ::                                     CAR ISO V2G CurrentDemandReq
2025-12-16T23:37:40.156525+0100 chargesom manager[934598]: [INFO] connector:EvseM  :: EVSE IEC Isolation measurement Ok R_F 900000.
2025-12-16T23:37:40.289675+0100 chargesom manager[934598]: [INFO] connector:EvseM  :: EVSE ISO V2G CurrentDemandRes
2025-12-16T23:37:40.373609+0100 chargesom manager[934598]: [INFO] connector:EvseM  ::                                     CAR ISO V2G CurrentDemandReq
2025-12-16T23:37:40.481548+0100 chargesom manager[934598]: [INFO] connector:EvseM  :: EVSE ISO V2G CurrentDemandRes
2025-12-16T23:37:40.601233+0100 chargesom manager[934598]: [INFO] connector:EvseM  ::                                     CAR ISO V2G CurrentDemandReq
2025-12-16T23:37:40.692000+0100 chargesom manager[934598]: [INFO] connector:EvseM  :: EVSE ISO V2G CurrentDemandRes
2025-12-16T23:37:40.814345+0100 chargesom manager[934598]: [INFO] connector:EvseM  ::                                     CAR ISO V2G CurrentDemandReq
2025-12-16T23:37:40.912108+0100 chargesom manager[934598]: [INFO] connector:EvseM  :: EVSE ISO V2G CurrentDemandRes
2025-12-16T23:37:41.033694+0100 chargesom manager[934598]: [INFO] connector:EvseM  ::                                     CAR ISO V2G CurrentDemandReq
2025-12-16T23:37:41.131938+0100 chargesom manager[934598]: [INFO] connector:EvseM  :: EVSE ISO V2G CurrentDemandRes
2025-12-16T23:37:41.156966+0100 chargesom manager[934598]: [INFO] connector:EvseM  :: EVSE IEC Isolation measurement Ok R_F 900000.
2025-12-16T23:37:41.253595+0100 chargesom manager[934598]: [INFO] connector:EvseM  ::                                     CAR ISO V2G CurrentDemandReq
2025-12-16T23:37:41.352441+0100 chargesom manager[934598]: [INFO] connector:EvseM  :: EVSE ISO V2G CurrentDemandRes
2025-12-16T23:37:41.473471+0100 chargesom manager[934598]: [INFO] connector:EvseM  ::                                     CAR ISO V2G CurrentDemandReq
2025-12-16T23:37:41.609647+0100 chargesom manager[934598]: [INFO] connector:EvseM  :: EVSE ISO V2G CurrentDemandRes
2025-12-16T23:37:41.701375+0100 chargesom manager[934598]: [INFO] connector:EvseM  ::                                     CAR ISO V2G CurrentDemandReq
2025-12-16T23:37:41.792044+0100 chargesom manager[934598]: [INFO] connector:EvseM  :: EVSE ISO V2G CurrentDemandRes
2025-12-16T23:37:41.914649+0100 chargesom manager[934598]: [INFO] connector:EvseM  ::                                     CAR ISO V2G CurrentDemandReq
2025-12-16T23:37:42.012211+0100 chargesom manager[934598]: [INFO] connector:EvseM  :: EVSE ISO V2G CurrentDemandRes
2025-12-16T23:37:42.133317+0100 chargesom manager[934598]: [INFO] connector:EvseM  ::                                     CAR ISO V2G CurrentDemandReq
2025-12-16T23:37:42.157283+0100 chargesom manager[934598]: [INFO] connector:EvseM  :: EVSE IEC Isolation measurement Ok R_F 900000.
2025-12-16T23:37:42.245699+0100 chargesom manager[934598]: [INFO] connector:EvseM  :: EVSE ISO V2G CurrentDemandRes
2025-12-16T23:37:42.353329+0100 chargesom manager[934598]: [INFO] connector:EvseM  ::                                     CAR ISO V2G CurrentDemandReq
2025-12-16T23:37:42.451760+0100 chargesom manager[934598]: [INFO] connector:EvseM  :: EVSE ISO V2G CurrentDemandRes
2025-12-16T23:37:42.573600+0100 chargesom manager[934598]: [INFO] connector:EvseM  ::                                     CAR ISO V2G CurrentDemandReq
2025-12-16T23:37:42.709753+0100 chargesom manager[934598]: [INFO] connector:EvseM  :: EVSE ISO V2G CurrentDemandRes
2025-12-16T23:37:42.802022+0100 chargesom manager[934598]: [INFO] connector:EvseM  ::                                     CAR ISO V2G CurrentDemandReq
2025-12-16T23:37:42.892446+0100 chargesom manager[934598]: [INFO] connector:EvseM  :: EVSE ISO V2G CurrentDemandRes
2025-12-16T23:37:43.049740+0100 chargesom manager[934598]: [INFO] connector:EvseM  ::                                     CAR ISO V2G CurrentDemandReq
2025-12-16T23:37:43.111797+0100 chargesom manager[934598]: [INFO] connector:EvseM  :: EVSE ISO V2G CurrentDemandRes
2025-12-16T23:37:43.157749+0100 chargesom manager[934598]: [INFO] connector:EvseM  :: EVSE IEC Isolation measurement Ok R_F 900000.
2025-12-16T23:37:43.245409+0100 chargesom manager[934598]: [INFO] connector:EvseM  ::                                     CAR ISO V2G CurrentDemandReq
2025-12-16T23:37:43.331834+0100 chargesom manager[934598]: [INFO] connector:EvseM  :: EVSE ISO V2G CurrentDemandRes
2025-12-16T23:37:43.453380+0100 chargesom manager[934598]: [INFO] connector:EvseM  ::                                     CAR ISO V2G CurrentDemandReq
2025-12-16T23:37:43.551840+0100 chargesom manager[934598]: [INFO] connector:EvseM  :: EVSE ISO V2G CurrentDemandRes
2025-12-16T23:37:43.673230+0100 chargesom manager[934598]: [INFO] connector:EvseM  ::                                     CAR ISO V2G CurrentDemandReq
2025-12-16T23:37:43.809847+0100 chargesom manager[934598]: [INFO] connector:EvseM  :: EVSE ISO V2G CurrentDemandRes
2025-12-16T23:37:43.945236+0100 chargesom manager[934598]: [INFO] connector:EvseM  ::                                     CAR ISO V2G CurrentDemandReq
2025-12-16T23:37:43.991112+0100 chargesom manager[934598]: [INFO] connector:EvseM  :: EVSE ISO V2G CurrentDemandRes
2025-12-16T23:37:44.113765+0100 chargesom manager[934598]: [INFO] connector:EvseM  ::                                     CAR ISO V2G CurrentDemandReq
2025-12-16T23:37:44.158141+0100 chargesom manager[934598]: [INFO] connector:EvseM  :: EVSE IEC Isolation measurement Ok R_F 900000.
2025-12-16T23:37:44.245862+0100 chargesom manager[934598]: [INFO] connector:EvseM  :: EVSE ISO V2G CurrentDemandRes
2025-12-16T23:37:44.333404+0100 chargesom manager[934598]: [INFO] connector:EvseM  ::                                     CAR ISO V2G CurrentDemandReq
2025-12-16T23:37:44.441253+0100 chargesom manager[934598]: [INFO] connector:EvseM  :: EVSE ISO V2G CurrentDemandRes
2025-12-16T23:37:44.553298+0100 chargesom manager[934598]: [INFO] connector:EvseM  ::                                     CAR ISO V2G CurrentDemandReq
2025-12-16T23:37:44.651714+0100 chargesom manager[934598]: [INFO] connector:EvseM  :: EVSE ISO V2G CurrentDemandRes
2025-12-16T23:37:44.773707+0100 chargesom manager[934598]: [INFO] connector:EvseM  ::                                     CAR ISO V2G CurrentDemandReq
2025-12-16T23:37:44.914058+0100 chargesom manager[934598]: [INFO] connector:EvseM  :: EVSE ISO V2G CurrentDemandRes
2025-12-16T23:37:45.006014+0100 chargesom manager[934598]: [INFO] connector:EvseM  ::                                     CAR ISO V2G CurrentDemandReq
2025-12-16T23:37:45.094001+0100 chargesom manager[934598]: [INFO] connector:EvseM  :: EVSE ISO V2G CurrentDemandRes
2025-12-16T23:37:45.182661+0100 chargesom manager[934598]: [INFO] connector:EvseM  :: EVSE IEC Isolation measurement Ok R_F 900000.
2025-12-16T23:37:45.226346+0100 chargesom manager[934598]: [INFO] connector:EvseM  ::                                     CAR ISO V2G CurrentDemandReq
2025-12-16T23:37:45.311777+0100 chargesom manager[934598]: [INFO] connector:EvseM  :: EVSE ISO V2G CurrentDemandRes
2025-12-16T23:37:45.441208+0100 chargesom manager[934598]: [INFO] connector:EvseM  ::                                     CAR ISO V2G CurrentDemandReq
2025-12-16T23:37:45.531776+0100 chargesom manager[934598]: [INFO] connector:EvseM  :: EVSE ISO V2G CurrentDemandRes
2025-12-16T23:37:45.653280+0100 chargesom manager[934598]: [INFO] connector:EvseM  ::                                     CAR ISO V2G CurrentDemandReq
2025-12-16T23:37:45.751964+0100 chargesom manager[934598]: [INFO] connector:EvseM  :: EVSE ISO V2G CurrentDemandRes
2025-12-16T23:37:45.874930+0100 chargesom manager[934598]: [INFO] connector:EvseM  ::                                     CAR ISO V2G CurrentDemandReq
2025-12-16T23:37:46.018465+0100 chargesom manager[934598]: [INFO] connector:EvseM  :: EVSE ISO V2G CurrentDemandRes
2025-12-16T23:37:46.106000+0100 chargesom manager[934598]: [INFO] connector:EvseM  ::                                     CAR ISO V2G CurrentDemandReq
2025-12-16T23:37:46.158544+0100 chargesom manager[934598]: [INFO] connector:EvseM  :: EVSE IEC Isolation measurement Ok R_F 900000.
2025-12-16T23:37:46.201961+0100 chargesom manager[934598]: [INFO] connector:EvseM  :: EVSE ISO V2G CurrentDemandRes
2025-12-16T23:37:46.320421+0100 chargesom manager[934598]: [INFO] connector:EvseM  ::                                     CAR ISO V2G CurrentDemandReq
2025-12-16T23:37:46.441291+0100 chargesom manager[934598]: [INFO] connector:EvseM  :: EVSE ISO V2G CurrentDemandRes
2025-12-16T23:37:46.533330+0100 chargesom manager[934598]: [INFO] connector:EvseM  ::                                     CAR ISO V2G CurrentDemandReq
2025-12-16T23:37:46.631914+0100 chargesom manager[934598]: [INFO] connector:EvseM  :: EVSE ISO V2G CurrentDemandRes
2025-12-16T23:37:46.753149+0100 chargesom manager[934598]: [INFO] connector:EvseM  ::                                     CAR ISO V2G CurrentDemandReq
2025-12-16T23:37:46.851917+0100 chargesom manager[934598]: [INFO] connector:EvseM  :: EVSE ISO V2G CurrentDemandRes
2025-12-16T23:37:46.974362+0100 chargesom manager[934598]: [INFO] connector:EvseM  ::                                     CAR ISO V2G CurrentDemandReq
2025-12-16T23:37:47.071931+0100 chargesom manager[934598]: [INFO] connector:EvseM  :: EVSE ISO V2G CurrentDemandRes
2025-12-16T23:37:47.161706+0100 chargesom manager[934598]: [INFO] connector:EvseM  :: EVSE IEC Isolation measurement Ok R_F 900000.
2025-12-16T23:37:47.205929+0100 chargesom manager[934598]: [INFO] connector:EvseM  ::                                     CAR ISO V2G CurrentDemandReq
2025-12-16T23:37:47.291640+0100 chargesom manager[934598]: [INFO] connector:EvseM  :: EVSE ISO V2G CurrentDemandRes
2025-12-16T23:37:47.441263+0100 chargesom manager[934598]: [INFO] connector:EvseM  ::                                     CAR ISO V2G CurrentDemandReq
2025-12-16T23:37:47.516975+0100 chargesom manager[934598]: [INFO] connector:EvseM  :: EVSE ISO V2G CurrentDemandRes
2025-12-16T23:37:47.633243+0100 chargesom manager[934598]: [INFO] connector:EvseM  ::                                     CAR ISO V2G CurrentDemandReq
2025-12-16T23:37:47.731631+0100 chargesom manager[934598]: [INFO] connector:EvseM  :: EVSE ISO V2G CurrentDemandRes
2025-12-16T23:37:47.854474+0100 chargesom manager[934598]: [INFO] connector:EvseM  ::                                     CAR ISO V2G CurrentDemandReq
2025-12-16T23:37:47.951772+0100 chargesom manager[934598]: [INFO] connector:EvseM  :: EVSE ISO V2G CurrentDemandRes
2025-12-16T23:37:48.093280+0100 chargesom manager[934598]: [INFO] connector:EvseM  ::                                     CAR ISO V2G CurrentDemandReq
2025-12-16T23:37:48.159274+0100 chargesom manager[934598]: [INFO] connector:EvseM  :: EVSE IEC Isolation measurement Ok R_F 900000.
2025-12-16T23:37:48.201446+0100 chargesom manager[934598]: [INFO] connector:EvseM  :: EVSE ISO V2G CurrentDemandRes
2025-12-16T23:37:48.305597+0100 chargesom manager[934598]: [INFO] connector:EvseM  ::                                     CAR ISO V2G CurrentDemandReq
2025-12-16T23:37:48.397351+0100 chargesom manager[934598]: [INFO] connector:EvseM  :: EVSE ISO V2G CurrentDemandRes
2025-12-16T23:37:48.512948+0100 chargesom manager[934598]: [INFO] connector:EvseM  ::                                     CAR ISO V2G CurrentDemandReq
2025-12-16T23:37:48.612221+0100 chargesom manager[934598]: [INFO] connector:EvseM  :: EVSE ISO V2G CurrentDemandRes
2025-12-16T23:37:48.733005+0100 chargesom manager[934598]: [INFO] connector:EvseM  ::                                     CAR ISO V2G CurrentDemandReq
2025-12-16T23:37:48.830502+0100 chargesom manager[934598]: [INFO] connector:EvseM  :: EVSE ISO V2G CurrentDemandRes
2025-12-16T23:37:48.954449+0100 chargesom manager[934598]: [INFO] connector:EvseM  ::                                     CAR ISO V2G CurrentDemandReq
2025-12-16T23:37:49.051684+0100 chargesom manager[934598]: [INFO] connector:EvseM  :: EVSE ISO V2G CurrentDemandRes
2025-12-16T23:37:49.159595+0100 chargesom manager[934598]: [INFO] connector:EvseM  :: EVSE IEC Isolation measurement Ok R_F 900000.
2025-12-16T23:37:49.205735+0100 chargesom manager[934598]: [INFO] connector:EvseM  ::                                     CAR ISO V2G CurrentDemandReq
2025-12-16T23:37:49.270505+0100 chargesom manager[934598]: [INFO] connector:EvseM  :: EVSE ISO V2G CurrentDemandRes
2025-12-16T23:37:49.393375+0100 chargesom manager[934598]: [INFO] connector:EvseM  ::                                     CAR ISO V2G CurrentDemandReq
2025-12-16T23:37:49.492124+0100 chargesom manager[934598]: [INFO] connector:EvseM  :: EVSE ISO V2G CurrentDemandRes
2025-12-16T23:37:49.613156+0100 chargesom manager[934598]: [INFO] connector:EvseM  ::                                     CAR ISO V2G CurrentDemandReq
2025-12-16T23:37:49.711523+0100 chargesom manager[934598]: [INFO] connector:EvseM  :: EVSE ISO V2G CurrentDemandRes
2025-12-16T23:37:49.833938+0100 chargesom manager[934598]: [INFO] connector:EvseM  ::                                     CAR ISO V2G CurrentDemandReq
2025-12-16T23:37:49.930538+0100 chargesom manager[934598]: [INFO] connector:EvseM  :: EVSE ISO V2G CurrentDemandRes
2025-12-16T23:37:50.053418+0100 chargesom manager[934598]: [INFO] connector:EvseM  ::                                     CAR ISO V2G CurrentDemandReq
2025-12-16T23:37:50.150692+0100 chargesom manager[934598]: [INFO] connector:EvseM  :: EVSE ISO V2G CurrentDemandRes
2025-12-16T23:37:50.159812+0100 chargesom manager[934598]: [INFO] connector:EvseM  :: EVSE IEC Isolation measurement Ok R_F 900000.
2025-12-16T23:37:50.293270+0100 chargesom manager[934598]: [INFO] connector:EvseM  ::                                     CAR ISO V2G CurrentDemandReq
2025-12-16T23:37:50.371636+0100 chargesom manager[934598]: [INFO] connector:EvseM  :: EVSE ISO V2G CurrentDemandRes
2025-12-16T23:37:50.493163+0100 chargesom manager[934598]: [INFO] connector:EvseM  ::                                     CAR ISO V2G CurrentDemandReq
2025-12-16T23:37:50.593418+0100 chargesom manager[934598]: [INFO] connector:EvseM  :: EVSE ISO V2G CurrentDemandRes
2025-12-16T23:37:50.713041+0100 chargesom manager[934598]: [INFO] connector:EvseM  ::                                     CAR ISO V2G CurrentDemandReq
2025-12-16T23:37:50.810630+0100 chargesom manager[934598]: [INFO] connector:EvseM  :: EVSE ISO V2G CurrentDemandRes
2025-12-16T23:37:50.933919+0100 chargesom manager[934598]: [INFO] connector:EvseM  ::                                     CAR ISO V2G CurrentDemandReq
2025-12-16T23:37:51.030525+0100 chargesom manager[934598]: [INFO] connector:EvseM  :: EVSE ISO V2G CurrentDemandRes
2025-12-16T23:37:51.153816+0100 chargesom manager[934598]: [INFO] connector:EvseM  ::                                     CAR ISO V2G CurrentDemandReq
2025-12-16T23:37:51.160779+0100 chargesom manager[934598]: [INFO] connector:EvseM  :: EVSE IEC Isolation measurement Ok R_F 900000.
2025-12-16T23:37:51.293293+0100 chargesom manager[934598]: [INFO] connector:EvseM  :: EVSE ISO V2G CurrentDemandRes
2025-12-16T23:37:51.373014+0100 chargesom manager[934598]: [INFO] connector:EvseM  ::                                     CAR ISO V2G CurrentDemandReq
2025-12-16T23:37:51.470302+0100 chargesom manager[934598]: [INFO] connector:EvseM  :: EVSE ISO V2G CurrentDemandRes
2025-12-16T23:37:51.593038+0100 chargesom manager[934598]: [INFO] connector:EvseM  ::                                     CAR ISO V2G CurrentDemandReq
2025-12-16T23:37:51.733951+0100 chargesom manager[934598]: [INFO] connector:EvseM  :: EVSE ISO V2G CurrentDemandRes
2025-12-16T23:37:51.822129+0100 chargesom manager[934598]: [INFO] connector:EvseM  ::                                     CAR ISO V2G CurrentDemandReq
2025-12-16T23:37:51.911135+0100 chargesom manager[934598]: [INFO] connector:EvseM  :: EVSE ISO V2G CurrentDemandRes
2025-12-16T23:37:52.033046+0100 chargesom manager[934598]: [INFO] connector:EvseM  ::                                     CAR ISO V2G CurrentDemandReq
2025-12-16T23:37:52.130333+0100 chargesom manager[934598]: [INFO] connector:EvseM  :: EVSE ISO V2G CurrentDemandRes
2025-12-16T23:37:52.160455+0100 chargesom manager[934598]: [INFO] connector:EvseM  :: EVSE IEC Isolation measurement Ok R_F 900000.
2025-12-16T23:37:52.252929+0100 chargesom manager[934598]: [INFO] connector:EvseM  ::                                     CAR ISO V2G CurrentDemandReq
2025-12-16T23:37:52.350570+0100 chargesom manager[934598]: [INFO] connector:EvseM  :: EVSE ISO V2G CurrentDemandRes
2025-12-16T23:37:52.473022+0100 chargesom manager[934598]: [INFO] connector:EvseM  ::                                     CAR ISO V2G CurrentDemandReq
2025-12-16T23:37:52.570463+0100 chargesom manager[934598]: [INFO] connector:EvseM  :: EVSE ISO V2G CurrentDemandRes
2025-12-16T23:37:52.692888+0100 chargesom manager[934598]: [INFO] connector:EvseM  ::                                     CAR ISO V2G CurrentDemandReq
2025-12-16T23:37:52.829727+0100 chargesom manager[934598]: [INFO] connector:EvseM  :: EVSE ISO V2G CurrentDemandRes
2025-12-16T23:37:52.913728+0100 chargesom manager[934598]: [INFO] connector:EvseM  ::                                     CAR ISO V2G CurrentDemandReq
2025-12-16T23:37:53.049454+0100 chargesom manager[934598]: [INFO] connector:EvseM  :: EVSE ISO V2G CurrentDemandRes
2025-12-16T23:37:53.132974+0100 chargesom manager[934598]: [INFO] connector:EvseM  ::                                     CAR ISO V2G CurrentDemandReq
2025-12-16T23:37:53.160903+0100 chargesom manager[934598]: [INFO] connector:EvseM  :: EVSE IEC Isolation measurement Ok R_F 900000.
2025-12-16T23:37:53.249847+0100 chargesom manager[934598]: [INFO] connector:EvseM  :: EVSE ISO V2G CurrentDemandRes
2025-12-16T23:37:53.353036+0100 chargesom manager[934598]: [INFO] connector:EvseM  ::                                     CAR ISO V2G CurrentDemandReq
2025-12-16T23:37:53.450190+0100 chargesom manager[934598]: [INFO] connector:EvseM  :: EVSE ISO V2G CurrentDemandRes
2025-12-16T23:37:53.572807+0100 chargesom manager[934598]: [INFO] connector:EvseM  ::                                     CAR ISO V2G CurrentDemandReq
2025-12-16T23:37:53.670519+0100 chargesom manager[934598]: [INFO] connector:EvseM  :: EVSE ISO V2G CurrentDemandRes
2025-12-16T23:37:53.793714+0100 chargesom manager[934598]: [INFO] connector:EvseM  ::                                     CAR ISO V2G CurrentDemandReq
2025-12-16T23:37:53.893312+0100 chargesom manager[934598]: [INFO] connector:EvseM  :: EVSE ISO V2G CurrentDemandRes
2025-12-16T23:37:54.012883+0100 chargesom manager[934598]: [INFO] connector:EvseM  ::                                     CAR ISO V2G CurrentDemandReq
2025-12-16T23:37:54.110354+0100 chargesom manager[934598]: [INFO] connector:EvseM  :: EVSE ISO V2G CurrentDemandRes
2025-12-16T23:37:54.161263+0100 chargesom manager[934598]: [INFO] connector:EvseM  :: EVSE IEC Isolation measurement Ok R_F 900000.
2025-12-16T23:37:54.249688+0100 chargesom manager[934598]: [INFO] connector:EvseM  ::                                     CAR ISO V2G CurrentDemandReq
2025-12-16T23:37:54.330452+0100 chargesom manager[934598]: [INFO] connector:EvseM  :: EVSE ISO V2G CurrentDemandRes
2025-12-16T23:37:54.452942+0100 chargesom manager[934598]: [INFO] connector:EvseM  ::                                     CAR ISO V2G CurrentDemandReq
2025-12-16T23:37:54.550300+0100 chargesom manager[934598]: [INFO] connector:EvseM  :: EVSE ISO V2G CurrentDemandRes
2025-12-16T23:37:54.673307+0100 chargesom manager[934598]: [INFO] connector:EvseM  ::                                     CAR ISO V2G CurrentDemandReq
2025-12-16T23:37:54.772073+0100 chargesom manager[934598]: [INFO] connector:EvseM  :: EVSE ISO V2G CurrentDemandRes
2025-12-16T23:37:54.894439+0100 chargesom manager[934598]: [INFO] connector:EvseM  ::                                     CAR ISO V2G CurrentDemandReq
2025-12-16T23:37:54.991389+0100 chargesom manager[934598]: [INFO] connector:EvseM  :: EVSE ISO V2G CurrentDemandRes
2025-12-16T23:37:55.125587+0100 chargesom manager[934598]: [INFO] connector:EvseM  ::                                     CAR ISO V2G CurrentDemandReq
2025-12-16T23:37:55.169877+0100 chargesom manager[934598]: [INFO] connector:EvseM  :: EVSE IEC Isolation measurement Ok R_F 900000.
2025-12-16T23:37:55.213531+0100 chargesom manager[934598]: [INFO] connector:EvseM  :: EVSE ISO V2G CurrentDemandRes
2025-12-16T23:37:55.333084+0100 chargesom manager[934598]: [INFO] connector:EvseM  ::                                     CAR ISO V2G CurrentDemandReq
2025-12-16T23:37:55.449652+0100 chargesom manager[934598]: [INFO] connector:EvseM  :: EVSE ISO V2G CurrentDemandRes
2025-12-16T23:37:55.552780+0100 chargesom manager[934598]: [INFO] connector:EvseM  ::                                     CAR ISO V2G CurrentDemandReq
2025-12-16T23:37:55.651370+0100 chargesom manager[934598]: [INFO] connector:EvseM  :: EVSE ISO V2G CurrentDemandRes
2025-12-16T23:37:55.772829+0100 chargesom manager[934598]: [INFO] connector:EvseM  ::                                     CAR ISO V2G CurrentDemandReq
2025-12-16T23:37:55.870281+0100 chargesom manager[934598]: [INFO] connector:EvseM  :: EVSE ISO V2G CurrentDemandRes
2025-12-16T23:37:55.994344+0100 chargesom manager[934598]: [INFO] connector:EvseM  ::                                     CAR ISO V2G CurrentDemandReq
2025-12-16T23:37:56.090362+0100 chargesom manager[934598]: [INFO] connector:EvseM  :: EVSE ISO V2G CurrentDemandRes
2025-12-16T23:37:56.183152+0100 chargesom manager[934598]: [INFO] connector:EvseM  :: EVSE IEC Isolation measurement Ok R_F 900000.
2025-12-16T23:37:56.233515+0100 chargesom manager[934598]: [INFO] connector:EvseM  ::                                     CAR ISO V2G CurrentDemandReq
2025-12-16T23:37:56.313845+0100 chargesom manager[934598]: [INFO] connector:EvseM  :: EVSE ISO V2G CurrentDemandRes
2025-12-16T23:37:56.449427+0100 chargesom manager[934598]: [INFO] connector:EvseM  ::                                     CAR ISO V2G CurrentDemandReq
2025-12-16T23:37:56.531198+0100 chargesom manager[934598]: [INFO] connector:EvseM  :: EVSE ISO V2G CurrentDemandRes
2025-12-16T23:37:56.652922+0100 chargesom manager[934598]: [INFO] connector:EvseM  ::                                     CAR ISO V2G CurrentDemandReq
2025-12-16T23:37:56.751173+0100 chargesom manager[934598]: [INFO] connector:EvseM  :: EVSE ISO V2G CurrentDemandRes
2025-12-16T23:37:56.874016+0100 chargesom manager[934598]: [INFO] connector:EvseM  ::                                     CAR ISO V2G CurrentDemandReq
2025-12-16T23:37:56.970517+0100 chargesom manager[934598]: [INFO] connector:EvseM  :: EVSE ISO V2G CurrentDemandRes
2025-12-16T23:37:57.092817+0100 chargesom manager[934598]: [INFO] connector:EvseM  ::                                     CAR ISO V2G CurrentDemandReq
2025-12-16T23:37:57.161816+0100 chargesom manager[934598]: [INFO] connector:EvseM  :: EVSE IEC Isolation measurement Ok R_F 900000.
2025-12-16T23:37:57.205669+0100 chargesom manager[934598]: [INFO] connector:EvseM  :: EVSE ISO V2G CurrentDemandRes
2025-12-16T23:37:57.342676+0100 chargesom manager[934598]: [INFO] connector:EvseM  ::                                     CAR ISO V2G CurrentDemandReq
2025-12-16T23:37:57.449347+0100 chargesom manager[934598]: [INFO] connector:EvseM  :: EVSE ISO V2G CurrentDemandRes
2025-12-16T23:37:57.532647+0100 chargesom manager[934598]: [INFO] connector:EvseM  ::                                     CAR ISO V2G CurrentDemandReq
2025-12-16T23:37:57.631951+0100 chargesom manager[934598]: [INFO] connector:EvseM  :: EVSE ISO V2G CurrentDemandRes
2025-12-16T23:37:57.752483+0100 chargesom manager[934598]: [INFO] connector:EvseM  ::                                     CAR ISO V2G CurrentDemandReq
2025-12-16T23:37:57.851248+0100 chargesom manager[934598]: [INFO] connector:EvseM  :: EVSE ISO V2G CurrentDemandRes
2025-12-16T23:37:57.973745+0100 chargesom manager[934598]: [INFO] connector:EvseM  ::                                     CAR ISO V2G CurrentDemandReq
2025-12-16T23:37:58.093693+0100 chargesom manager[934598]: [INFO] connector:EvseM  :: EVSE ISO V2G CurrentDemandRes
2025-12-16T23:37:58.162105+0100 chargesom manager[934598]: [INFO] connector:EvseM  :: EVSE IEC Isolation measurement Ok R_F 900000.
2025-12-16T23:37:58.209845+0100 chargesom manager[934598]: [INFO] connector:EvseM  ::                                     CAR ISO V2G CurrentDemandReq
2025-12-16T23:37:58.291371+0100 chargesom manager[934598]: [INFO] connector:EvseM  :: EVSE ISO V2G CurrentDemandRes
2025-12-16T23:37:58.417295+0100 chargesom manager[934598]: [INFO] connector:EvseM  ::                                     CAR ISO V2G CurrentDemandReq
2025-12-16T23:37:58.511810+0100 chargesom manager[934598]: [INFO] connector:EvseM  :: EVSE ISO V2G CurrentDemandRes
2025-12-16T23:37:58.632988+0100 chargesom manager[934598]: [INFO] connector:EvseM  ::                                     CAR ISO V2G CurrentDemandReq
2025-12-16T23:37:58.731070+0100 chargesom manager[934598]: [INFO] connector:EvseM  :: EVSE ISO V2G CurrentDemandRes
2025-12-16T23:37:58.853944+0100 chargesom manager[934598]: [INFO] connector:EvseM  ::                                     CAR ISO V2G CurrentDemandReq
2025-12-16T23:37:58.951259+0100 chargesom manager[934598]: [INFO] connector:EvseM  :: EVSE ISO V2G CurrentDemandRes
2025-12-16T23:37:59.072512+0100 chargesom manager[934598]: [INFO] connector:EvseM  ::                                     CAR ISO V2G CurrentDemandReq
2025-12-16T23:37:59.162382+0100 chargesom manager[934598]: [INFO] connector:EvseM  :: EVSE IEC Isolation measurement Ok R_F 900000.
2025-12-16T23:37:59.205896+0100 chargesom manager[934598]: [INFO] connector:EvseM  :: EVSE ISO V2G CurrentDemandRes
2025-12-16T23:37:59.292576+0100 chargesom manager[934598]: [INFO] connector:EvseM  ::                                     CAR ISO V2G CurrentDemandReq
2025-12-16T23:37:59.390942+0100 chargesom manager[934598]: [INFO] connector:EvseM  :: EVSE ISO V2G CurrentDemandRes
2025-12-16T23:37:59.554761+0100 chargesom manager[934598]: [INFO] connector:EvseM  ::                                     CAR ISO V2G CurrentDemandReq
2025-12-16T23:37:59.611079+0100 chargesom manager[934598]: [INFO] connector:EvseM  :: EVSE ISO V2G CurrentDemandRes
2025-12-16T23:37:59.732428+0100 chargesom manager[934598]: [INFO] connector:EvseM  ::                                     CAR ISO V2G CurrentDemandReq
2025-12-16T23:37:59.831180+0100 chargesom manager[934598]: [INFO] connector:EvseM  :: EVSE ISO V2G CurrentDemandRes
2025-12-16T23:37:59.953807+0100 chargesom manager[934598]: [INFO] connector:EvseM  ::                                     CAR ISO V2G CurrentDemandReq
2025-12-16T23:38:00.053523+0100 chargesom manager[934598]: [INFO] connector:EvseM  :: EVSE ISO V2G CurrentDemandRes
2025-12-16T23:38:00.162998+0100 chargesom manager[934598]: [INFO] connector:EvseM  :: EVSE IEC Isolation measurement Ok R_F 900000.
2025-12-16T23:38:00.209901+0100 chargesom manager[934598]: [INFO] connector:EvseM  ::                                     CAR ISO V2G CurrentDemandReq
2025-12-16T23:38:00.271041+0100 chargesom manager[934598]: [INFO] connector:EvseM  :: EVSE ISO V2G CurrentDemandRes
2025-12-16T23:38:00.392499+0100 chargesom manager[934598]: [INFO] connector:EvseM  ::                                     CAR ISO V2G CurrentDemandReq
2025-12-16T23:38:00.491037+0100 chargesom manager[934598]: [INFO] connector:EvseM  :: EVSE ISO V2G CurrentDemandRes
2025-12-16T23:38:00.613629+0100 chargesom manager[934598]: [INFO] connector:EvseM  ::                                     CAR ISO V2G CurrentDemandReq
2025-12-16T23:38:00.745677+0100 chargesom manager[934598]: [INFO] connector:EvseM  :: EVSE ISO V2G CurrentDemandRes
2025-12-16T23:38:00.842654+0100 chargesom manager[934598]: [INFO] connector:EvseM  ::                                     CAR ISO V2G CurrentDemandReq
2025-12-16T23:38:00.937599+0100 chargesom manager[934598]: [INFO] connector:EvseM  :: EVSE ISO V2G CurrentDemandRes
2025-12-16T23:38:01.062778+0100 chargesom manager[934598]: [INFO] connector:EvseM  ::                                     CAR ISO V2G CurrentDemandReq
2025-12-16T23:38:01.161157+0100 chargesom manager[934598]: [INFO] connector:EvseM  :: EVSE ISO V2G CurrentDemandRes
2025-12-16T23:38:01.163099+0100 chargesom manager[934598]: [INFO] connector:EvseM  :: EVSE IEC Isolation measurement Ok R_F 900000.
2025-12-16T23:38:01.293350+0100 chargesom manager[934598]: [INFO] connector:EvseM  ::                                     CAR ISO V2G CurrentDemandReq
2025-12-16T23:38:01.380947+0100 chargesom manager[934598]: [INFO] connector:EvseM  :: EVSE ISO V2G CurrentDemandRes
2025-12-16T23:38:01.502616+0100 chargesom manager[934598]: [INFO] connector:EvseM  ::                                     CAR ISO V2G CurrentDemandReq
2025-12-16T23:38:01.601064+0100 chargesom manager[934598]: [INFO] connector:EvseM  :: EVSE ISO V2G CurrentDemandRes
2025-12-16T23:38:01.753613+0100 chargesom manager[934598]: [INFO] connector:EvseM  ::                                     CAR ISO V2G CurrentDemandReq
2025-12-16T23:38:01.857428+0100 chargesom manager[934598]: [INFO] connector:EvseM  :: EVSE ISO V2G CurrentDemandRes
2025-12-16T23:38:01.943157+0100 chargesom manager[934598]: [INFO] connector:EvseM  ::                                     CAR ISO V2G CurrentDemandReq
2025-12-16T23:38:02.041289+0100 chargesom manager[934598]: [INFO] connector:EvseM  :: EVSE ISO V2G CurrentDemandRes
2025-12-16T23:38:02.163320+0100 chargesom manager[934598]: [INFO] connector:EvseM  ::                                     CAR ISO V2G CurrentDemandReq
2025-12-16T23:38:02.164641+0100 chargesom manager[934598]: [INFO] connector:EvseM  :: EVSE IEC Isolation measurement Ok R_F 900000.
2025-12-16T23:38:02.260415+0100 chargesom manager[934598]: [INFO] connector:EvseM  :: EVSE ISO V2G CurrentDemandRes
2025-12-16T23:38:02.382625+0100 chargesom manager[934598]: [INFO] connector:EvseM  ::                                     CAR ISO V2G CurrentDemandReq
2025-12-16T23:38:02.480854+0100 chargesom manager[934598]: [INFO] connector:EvseM  :: EVSE ISO V2G CurrentDemandRes
2025-12-16T23:38:02.602830+0100 chargesom manager[934598]: [INFO] connector:EvseM  ::                                     CAR ISO V2G CurrentDemandReq
2025-12-16T23:38:02.700352+0100 chargesom manager[934598]: [INFO] connector:EvseM  :: EVSE ISO V2G CurrentDemandRes
2025-12-16T23:38:02.825950+0100 chargesom manager[934598]: [INFO] connector:EvseM  ::                                     CAR ISO V2G CurrentDemandReq
2025-12-16T23:38:02.921979+0100 chargesom manager[934598]: [INFO] connector:EvseM  :: EVSE ISO V2G CurrentDemandRes
2025-12-16T23:38:03.049727+0100 chargesom manager[934598]: [INFO] connector:EvseM  ::                                     CAR ISO V2G CurrentDemandReq
2025-12-16T23:38:03.140280+0100 chargesom manager[934598]: [INFO] connector:EvseM  :: EVSE ISO V2G CurrentDemandRes
2025-12-16T23:38:03.163764+0100 chargesom manager[934598]: [INFO] connector:EvseM  :: EVSE IEC Isolation measurement Ok R_F 900000.
2025-12-16T23:38:03.297317+0100 chargesom manager[934598]: [INFO] connector:EvseM  ::                                     CAR ISO V2G CurrentDemandReq
2025-12-16T23:38:03.361406+0100 chargesom manager[934598]: [INFO] connector:EvseM  :: EVSE ISO V2G CurrentDemandRes
2025-12-16T23:38:03.482969+0100 chargesom manager[934598]: [INFO] connector:EvseM  ::                                     CAR ISO V2G CurrentDemandReq
2025-12-16T23:38:03.580441+0100 chargesom manager[934598]: [INFO] connector:EvseM  :: EVSE ISO V2G CurrentDemandRes
2025-12-16T23:38:03.702593+0100 chargesom manager[934598]: [INFO] connector:EvseM  ::                                     CAR ISO V2G CurrentDemandReq
2025-12-16T23:38:03.800988+0100 chargesom manager[934598]: [INFO] connector:EvseM  :: EVSE ISO V2G CurrentDemandRes
2025-12-16T23:38:03.924730+0100 chargesom manager[934598]: [INFO] connector:EvseM  ::                                     CAR ISO V2G CurrentDemandReq
2025-12-16T23:38:04.021709+0100 chargesom manager[934598]: [INFO] connector:EvseM  :: EVSE ISO V2G CurrentDemandRes
2025-12-16T23:38:04.153774+0100 chargesom manager[934598]: [INFO] connector:EvseM  ::                                     CAR ISO V2G CurrentDemandReq
2025-12-16T23:38:04.163965+0100 chargesom manager[934598]: [INFO] connector:EvseM  :: EVSE IEC Isolation measurement Ok R_F 900000.
2025-12-16T23:38:04.253691+0100 chargesom manager[934598]: [INFO] connector:EvseM  :: EVSE ISO V2G CurrentDemandRes
2025-12-16T23:38:04.363140+0100 chargesom manager[934598]: [INFO] connector:EvseM  ::                                     CAR ISO V2G CurrentDemandReq
2025-12-16T23:38:04.460412+0100 chargesom manager[934598]: [INFO] connector:EvseM  :: EVSE ISO V2G CurrentDemandRes
2025-12-16T23:38:04.582324+0100 chargesom manager[934598]: [INFO] connector:EvseM  ::                                     CAR ISO V2G CurrentDemandReq
2025-12-16T23:38:04.680798+0100 chargesom manager[934598]: [INFO] connector:EvseM  :: EVSE ISO V2G CurrentDemandRes
2025-12-16T23:38:04.803998+0100 chargesom manager[934598]: [INFO] connector:EvseM  ::                                     CAR ISO V2G CurrentDemandReq
2025-12-16T23:38:04.900485+0100 chargesom manager[934598]: [INFO] connector:EvseM  :: EVSE ISO V2G CurrentDemandRes
2025-12-16T23:38:05.053816+0100 chargesom manager[934598]: [INFO] connector:EvseM  ::                                     CAR ISO V2G CurrentDemandReq
2025-12-16T23:38:05.123888+0100 chargesom manager[934598]: [INFO] connector:EvseM  :: EVSE ISO V2G CurrentDemandRes
2025-12-16T23:38:05.164066+0100 chargesom manager[934598]: [INFO] connector:EvseM  :: EVSE IEC Isolation measurement Ok R_F 900000.
2025-12-16T23:38:05.258413+0100 chargesom manager[934598]: [INFO] connector:EvseM  ::                                     CAR ISO V2G CurrentDemandReq
2025-12-16T23:38:05.340528+0100 chargesom manager[934598]: [INFO] connector:EvseM  :: EVSE ISO V2G CurrentDemandRes
2025-12-16T23:38:05.462322+0100 chargesom manager[934598]: [INFO] connector:EvseM  ::                                     CAR ISO V2G CurrentDemandReq
2025-12-16T23:38:05.560981+0100 chargesom manager[934598]: [INFO] connector:EvseM  :: EVSE ISO V2G CurrentDemandRes
2025-12-16T23:38:05.682071+0100 chargesom manager[934598]: [INFO] connector:EvseM  ::                                     CAR ISO V2G CurrentDemandReq
2025-12-16T23:38:05.780889+0100 chargesom manager[934598]: [INFO] connector:EvseM  :: EVSE ISO V2G CurrentDemandRes
2025-12-16T23:38:05.903402+0100 chargesom manager[934598]: [INFO] connector:EvseM  ::                                     CAR ISO V2G CurrentDemandReq
2025-12-16T23:38:06.001326+0100 chargesom manager[934598]: [INFO] connector:EvseM  :: EVSE ISO V2G CurrentDemandRes
2025-12-16T23:38:06.122185+0100 chargesom manager[934598]: [INFO] connector:EvseM  ::                                     CAR ISO V2G CurrentDemandReq
2025-12-16T23:38:06.164667+0100 chargesom manager[934598]: [INFO] connector:EvseM  :: EVSE IEC Isolation measurement Ok R_F 900000.
2025-12-16T23:38:06.253638+0100 chargesom manager[934598]: [INFO] connector:EvseM  :: EVSE ISO V2G CurrentDemandRes
2025-12-16T23:38:06.357968+0100 chargesom manager[934598]: [INFO] connector:EvseM  ::                                     CAR ISO V2G CurrentDemandReq
2025-12-16T23:38:06.457177+0100 chargesom manager[934598]: [INFO] connector:EvseM  :: EVSE ISO V2G CurrentDemandRes
2025-12-16T23:38:06.562536+0100 chargesom manager[934598]: [INFO] connector:EvseM  ::                                     CAR ISO V2G CurrentDemandReq
2025-12-16T23:38:06.659528+0100 chargesom manager[934598]: [INFO] connector:EvseM  :: EVSE ISO V2G CurrentDemandRes
2025-12-16T23:38:06.782910+0100 chargesom manager[934598]: [INFO] connector:EvseM  ::                                     CAR ISO V2G CurrentDemandReq
2025-12-16T23:38:06.879870+0100 chargesom manager[934598]: [INFO] connector:EvseM  :: EVSE ISO V2G CurrentDemandRes
2025-12-16T23:38:07.002775+0100 chargesom manager[934598]: [INFO] connector:EvseM  ::                                     CAR ISO V2G CurrentDemandReq
2025-12-16T23:38:07.100154+0100 chargesom manager[934598]: [INFO] connector:EvseM  :: EVSE ISO V2G CurrentDemandRes
2025-12-16T23:38:07.164787+0100 chargesom manager[934598]: [INFO] connector:EvseM  :: EVSE IEC Isolation measurement Ok R_F 900000.
2025-12-16T23:38:07.253349+0100 chargesom manager[934598]: [INFO] connector:EvseM  ::                                     CAR ISO V2G CurrentDemandReq
2025-12-16T23:38:07.320872+0100 chargesom manager[934598]: [INFO] connector:EvseM  :: EVSE ISO V2G CurrentDemandRes
2025-12-16T23:38:07.461247+0100 chargesom manager[934598]: [INFO] connector:EvseM  ::                                     CAR ISO V2G CurrentDemandReq
2025-12-16T23:38:07.573265+0100 chargesom manager[934598]: [INFO] connector:EvseM  :: EVSE ISO V2G CurrentDemandRes
2025-12-16T23:38:07.661983+0100 chargesom manager[934598]: [INFO] connector:EvseM  ::                                     CAR ISO V2G CurrentDemandReq
2025-12-16T23:38:07.759679+0100 chargesom manager[934598]: [INFO] connector:EvseM  :: EVSE ISO V2G CurrentDemandRes
2025-12-16T23:38:07.882934+0100 chargesom manager[934598]: [INFO] connector:EvseM  ::                                     CAR ISO V2G CurrentDemandReq
2025-12-16T23:38:07.980763+0100 chargesom manager[934598]: [INFO] connector:EvseM  :: EVSE ISO V2G CurrentDemandRes
2025-12-16T23:38:08.102101+0100 chargesom manager[934598]: [INFO] connector:EvseM  ::                                     CAR ISO V2G CurrentDemandReq
2025-12-16T23:38:08.164963+0100 chargesom manager[934598]: [INFO] connector:EvseM  :: EVSE IEC Isolation measurement Ok R_F 900000.
2025-12-16T23:38:08.209167+0100 chargesom manager[934598]: [INFO] connector:EvseM  :: EVSE ISO V2G CurrentDemandRes
2025-12-16T23:38:08.321967+0100 chargesom manager[934598]: [INFO] connector:EvseM  ::                                     CAR ISO V2G CurrentDemandReq
2025-12-16T23:38:08.461187+0100 chargesom manager[934598]: [INFO] connector:EvseM  :: EVSE ISO V2G CurrentDemandRes
2025-12-16T23:38:08.581169+0100 chargesom manager[934598]: [INFO] connector:EvseM  ::                                     CAR ISO V2G CurrentDemandReq
2025-12-16T23:38:08.673212+0100 chargesom manager[934598]: [INFO] connector:EvseM  :: EVSE ISO V2G CurrentDemandRes
2025-12-16T23:38:08.762155+0100 chargesom manager[934598]: [INFO] connector:EvseM  ::                                     CAR ISO V2G CurrentDemandReq
2025-12-16T23:38:08.860726+0100 chargesom manager[934598]: [INFO] connector:EvseM  :: EVSE ISO V2G CurrentDemandRes
2025-12-16T23:38:08.983637+0100 chargesom manager[934598]: [INFO] connector:EvseM  ::                                     CAR ISO V2G CurrentDemandReq
2025-12-16T23:38:09.080261+0100 chargesom manager[934598]: [INFO] connector:EvseM  :: EVSE ISO V2G CurrentDemandRes
2025-12-16T23:38:09.165302+0100 chargesom manager[934598]: [INFO] connector:EvseM  :: EVSE IEC Isolation measurement Ok R_F 900000.
2025-12-16T23:38:09.209308+0100 chargesom manager[934598]: [INFO] connector:EvseM  ::                                     CAR ISO V2G CurrentDemandReq
2025-12-16T23:38:09.301093+0100 chargesom manager[934598]: [INFO] connector:EvseM  :: EVSE ISO V2G CurrentDemandRes
2025-12-16T23:38:09.461363+0100 chargesom manager[934598]: [INFO] connector:EvseM  ::                                     CAR ISO V2G CurrentDemandReq
2025-12-16T23:38:09.520361+0100 chargesom manager[934598]: [INFO] connector:EvseM  :: EVSE ISO V2G CurrentDemandRes
2025-12-16T23:38:09.681273+0100 chargesom manager[934598]: [INFO] connector:EvseM  ::                                     CAR ISO V2G CurrentDemandReq
2025-12-16T23:38:09.773472+0100 chargesom manager[934598]: [INFO] connector:EvseM  :: EVSE ISO V2G CurrentDemandRes
2025-12-16T23:38:09.863103+0100 chargesom manager[934598]: [INFO] connector:EvseM  ::                                     CAR ISO V2G CurrentDemandReq
2025-12-16T23:38:09.959656+0100 chargesom manager[934598]: [INFO] connector:EvseM  :: EVSE ISO V2G CurrentDemandRes
2025-12-16T23:38:10.097925+0100 chargesom manager[934598]: [INFO] connector:EvseM  ::                                     CAR ISO V2G CurrentDemandReq
2025-12-16T23:38:10.165523+0100 chargesom manager[934598]: [INFO] connector:EvseM  :: EVSE IEC Isolation measurement Ok R_F 900000.
2025-12-16T23:38:10.213577+0100 chargesom manager[934598]: [INFO] connector:EvseM  :: EVSE ISO V2G CurrentDemandRes
2025-12-16T23:38:10.301924+0100 chargesom manager[934598]: [INFO] connector:EvseM  ::                                     CAR ISO V2G CurrentDemandReq
2025-12-16T23:38:10.399615+0100 chargesom manager[934598]: [INFO] connector:EvseM  :: EVSE ISO V2G CurrentDemandRes
2025-12-16T23:38:10.521890+0100 chargesom manager[934598]: [INFO] connector:EvseM  ::                                     CAR ISO V2G CurrentDemandReq
2025-12-16T23:38:10.619449+0100 chargesom manager[934598]: [INFO] connector:EvseM  :: EVSE ISO V2G CurrentDemandRes
2025-12-16T23:38:10.781287+0100 chargesom manager[934598]: [INFO] connector:EvseM  ::                                     CAR ISO V2G CurrentDemandReq
2025-12-16T23:38:10.873274+0100 chargesom manager[934598]: [INFO] connector:EvseM  :: EVSE ISO V2G CurrentDemandRes
2025-12-16T23:38:10.962687+0100 chargesom manager[934598]: [INFO] connector:EvseM  ::                                     CAR ISO V2G CurrentDemandReq
2025-12-16T23:38:11.060153+0100 chargesom manager[934598]: [INFO] connector:EvseM  :: EVSE ISO V2G CurrentDemandRes
2025-12-16T23:38:11.165760+0100 chargesom manager[934598]: [INFO] connector:EvseM  :: EVSE IEC Isolation measurement Ok R_F 900000.
2025-12-16T23:38:11.209429+0100 chargesom manager[934598]: [INFO] connector:EvseM  ::                                     CAR ISO V2G CurrentDemandReq
2025-12-16T23:38:11.280968+0100 chargesom manager[934598]: [INFO] connector:EvseM  :: EVSE ISO V2G CurrentDemandRes
2025-12-16T23:38:11.402235+0100 chargesom manager[934598]: [INFO] connector:EvseM  ::                                     CAR ISO V2G CurrentDemandReq
2025-12-16T23:38:11.500582+0100 chargesom manager[934598]: [INFO] connector:EvseM  :: EVSE ISO V2G CurrentDemandRes
2025-12-16T23:38:11.621751+0100 chargesom manager[934598]: [INFO] connector:EvseM  ::                                     CAR ISO V2G CurrentDemandReq
2025-12-16T23:38:11.719368+0100 chargesom manager[934598]: [INFO] connector:EvseM  :: EVSE ISO V2G CurrentDemandRes
2025-12-16T23:38:11.881873+0100 chargesom manager[934598]: [INFO] connector:EvseM  ::                                     CAR ISO V2G CurrentDemandReq
2025-12-16T23:38:11.969311+0100 chargesom manager[934598]: [INFO] connector:EvseM  :: EVSE ISO V2G CurrentDemandRes
2025-12-16T23:38:12.061941+0100 chargesom manager[934598]: [INFO] connector:EvseM  ::                                     CAR ISO V2G CurrentDemandReq
2025-12-16T23:38:12.159240+0100 chargesom manager[934598]: [INFO] connector:EvseM  :: EVSE ISO V2G CurrentDemandRes
2025-12-16T23:38:12.166030+0100 chargesom manager[934598]: [INFO] connector:EvseM  :: EVSE IEC Isolation measurement Ok R_F 900000.
2025-12-16T23:38:12.281827+0100 chargesom manager[934598]: [INFO] connector:EvseM  ::                                     CAR ISO V2G CurrentDemandReq
2025-12-16T23:38:12.379564+0100 chargesom manager[934598]: [INFO] connector:EvseM  :: EVSE ISO V2G CurrentDemandRes
2025-12-16T23:38:12.501674+0100 chargesom manager[934598]: [INFO] connector:EvseM  ::                                     CAR ISO V2G CurrentDemandReq
2025-12-16T23:38:12.599097+0100 chargesom manager[934598]: [INFO] connector:EvseM  :: EVSE ISO V2G CurrentDemandRes
2025-12-16T23:38:12.721968+0100 chargesom manager[934598]: [INFO] connector:EvseM  ::                                     CAR ISO V2G CurrentDemandReq
2025-12-16T23:38:12.819204+0100 chargesom manager[934598]: [INFO] connector:EvseM  :: EVSE ISO V2G CurrentDemandRes
2025-12-16T23:38:12.943739+0100 chargesom manager[934598]: [INFO] connector:EvseM  ::                                     CAR ISO V2G CurrentDemandReq
2025-12-16T23:38:13.066589+0100 chargesom manager[934598]: [INFO] connector:EvseM  :: EVSE ISO V2G CurrentDemandRes
2025-12-16T23:38:13.161817+0100 chargesom manager[934598]: [INFO] connector:EvseM  ::                                     CAR ISO V2G CurrentDemandReq
2025-12-16T23:38:13.166287+0100 chargesom manager[934598]: [INFO] connector:EvseM  :: EVSE IEC Isolation measurement Ok R_F 900000.
2025-12-16T23:38:13.297123+0100 chargesom manager[934598]: [INFO] connector:EvseM  :: EVSE ISO V2G CurrentDemandRes
2025-12-16T23:38:13.382304+0100 chargesom manager[934598]: [INFO] connector:EvseM  ::                                     CAR ISO V2G CurrentDemandReq
2025-12-16T23:38:13.479270+0100 chargesom manager[934598]: [INFO] connector:EvseM  :: EVSE ISO V2G CurrentDemandRes
2025-12-16T23:38:13.601911+0100 chargesom manager[934598]: [INFO] connector:EvseM  ::                                     CAR ISO V2G CurrentDemandReq
2025-12-16T23:38:13.699533+0100 chargesom manager[934598]: [INFO] connector:EvseM  :: EVSE ISO V2G CurrentDemandRes
2025-12-16T23:38:13.822845+0100 chargesom manager[934598]: [INFO] connector:EvseM  ::                                     CAR ISO V2G CurrentDemandReq
2025-12-16T23:38:13.919395+0100 chargesom manager[934598]: [INFO] connector:EvseM  :: EVSE ISO V2G CurrentDemandRes
2025-12-16T23:38:14.041886+0100 chargesom manager[934598]: [INFO] connector:EvseM  ::                                     CAR ISO V2G CurrentDemandReq
2025-12-16T23:38:14.161345+0100 chargesom manager[934598]: [INFO] connector:EvseM  :: EVSE ISO V2G CurrentDemandRes
2025-12-16T23:38:14.205431+0100 chargesom manager[934598]: [INFO] connector:EvseM  :: EVSE IEC Isolation measurement Ok R_F 900000.
2025-12-16T23:38:14.293269+0100 chargesom manager[934598]: [INFO] connector:EvseM  ::                                     CAR ISO V2G CurrentDemandReq
2025-12-16T23:38:14.360080+0100 chargesom manager[934598]: [INFO] connector:EvseM  :: EVSE ISO V2G CurrentDemandRes
2025-12-16T23:38:14.481588+0100 chargesom manager[934598]: [INFO] connector:EvseM  ::                                     CAR ISO V2G CurrentDemandReq
2025-12-16T23:38:14.580807+0100 chargesom manager[934598]: [INFO] connector:EvseM  :: EVSE ISO V2G CurrentDemandRes
2025-12-16T23:38:14.701616+0100 chargesom manager[934598]: [INFO] connector:EvseM  ::                                     CAR ISO V2G CurrentDemandReq
2025-12-16T23:38:14.799170+0100 chargesom manager[934598]: [INFO] connector:EvseM  :: EVSE ISO V2G CurrentDemandRes
2025-12-16T23:38:14.923342+0100 chargesom manager[934598]: [INFO] connector:EvseM  ::                                     CAR ISO V2G CurrentDemandReq
2025-12-16T23:38:15.053418+0100 chargesom manager[934598]: [INFO] connector:EvseM  :: EVSE ISO V2G CurrentDemandRes
2025-12-16T23:38:15.141596+0100 chargesom manager[934598]: [INFO] connector:EvseM  ::                                     CAR ISO V2G CurrentDemandReq
2025-12-16T23:38:15.166951+0100 chargesom manager[934598]: [INFO] connector:EvseM  :: EVSE IEC Isolation measurement Ok R_F 900000.
2025-12-16T23:38:15.254266+0100 chargesom manager[934598]: [INFO] connector:EvseM  :: EVSE ISO V2G CurrentDemandRes
2025-12-16T23:38:15.385798+0100 chargesom manager[934598]: [INFO] connector:EvseM  ::                                     CAR ISO V2G CurrentDemandReq
2025-12-16T23:38:15.473392+0100 chargesom manager[934598]: [INFO] connector:EvseM  :: EVSE ISO V2G CurrentDemandRes
2025-12-16T23:38:15.581642+0100 chargesom manager[934598]: [INFO] connector:EvseM  ::                                     CAR ISO V2G CurrentDemandReq
2025-12-16T23:38:15.680004+0100 chargesom manager[934598]: [INFO] connector:EvseM  :: EVSE ISO V2G CurrentDemandRes
2025-12-16T23:38:15.802639+0100 chargesom manager[934598]: [INFO] connector:EvseM  ::                                     CAR ISO V2G CurrentDemandReq
2025-12-16T23:38:15.899836+0100 chargesom manager[934598]: [INFO] connector:EvseM  :: EVSE ISO V2G CurrentDemandRes
2025-12-16T23:38:16.021647+0100 chargesom manager[934598]: [INFO] connector:EvseM  ::                                     CAR ISO V2G CurrentDemandReq
2025-12-16T23:38:16.120141+0100 chargesom manager[934598]: [INFO] connector:EvseM  :: EVSE ISO V2G CurrentDemandRes
2025-12-16T23:38:16.167415+0100 chargesom manager[934598]: [INFO] connector:EvseM  :: EVSE IEC Isolation measurement Ok R_F 900000.
2025-12-16T23:38:16.253410+0100 chargesom manager[934598]: [INFO] connector:EvseM  ::                                     CAR ISO V2G CurrentDemandReq
2025-12-16T23:38:16.340219+0100 chargesom manager[934598]: [INFO] connector:EvseM  :: EVSE ISO V2G CurrentDemandRes
2025-12-16T23:38:16.465165+0100 chargesom manager[934598]: [INFO] connector:EvseM  ::                                     CAR ISO V2G CurrentDemandReq
2025-12-16T23:38:16.601861+0100 chargesom manager[934598]: [INFO] connector:EvseM  :: EVSE ISO V2G CurrentDemandRes
2025-12-16T23:38:16.681431+0100 chargesom manager[934598]: [INFO] connector:EvseM  ::                                     CAR ISO V2G CurrentDemandReq
2025-12-16T23:38:16.780094+0100 chargesom manager[934598]: [INFO] connector:EvseM  :: EVSE ISO V2G CurrentDemandRes
2025-12-16T23:38:16.902722+0100 chargesom manager[934598]: [INFO] connector:EvseM  ::                                     CAR ISO V2G CurrentDemandReq
2025-12-16T23:38:16.999272+0100 chargesom manager[934598]: [INFO] connector:EvseM  :: EVSE ISO V2G CurrentDemandRes
2025-12-16T23:38:17.121592+0100 chargesom manager[934598]: [INFO] connector:EvseM  ::                                     CAR ISO V2G CurrentDemandReq
2025-12-16T23:38:17.167607+0100 chargesom manager[934598]: [INFO] connector:EvseM  :: EVSE IEC Isolation measurement Ok R_F 900000.
2025-12-16T23:38:17.253321+0100 chargesom manager[934598]: [INFO] connector:EvseM  :: EVSE ISO V2G CurrentDemandRes
2025-12-16T23:38:17.341769+0100 chargesom manager[934598]: [INFO] connector:EvseM  ::                                     CAR ISO V2G CurrentDemandReq
2025-12-16T23:38:17.469192+0100 chargesom manager[934598]: [INFO] connector:EvseM  :: EVSE ISO V2G CurrentDemandRes
2025-12-16T23:38:17.561565+0100 chargesom manager[934598]: [INFO] connector:EvseM  ::                                     CAR ISO V2G CurrentDemandReq
2025-12-16T23:38:17.697716+0100 chargesom manager[934598]: [INFO] connector:EvseM  :: EVSE ISO V2G CurrentDemandRes
2025-12-16T23:38:17.785830+0100 chargesom manager[934598]: [INFO] connector:EvseM  ::                                     CAR ISO V2G CurrentDemandReq
2025-12-16T23:38:17.879689+0100 chargesom manager[934598]: [INFO] connector:EvseM  :: EVSE ISO V2G CurrentDemandRes
2025-12-16T23:38:18.001783+0100 chargesom manager[934598]: [INFO] connector:EvseM  ::                                     CAR ISO V2G CurrentDemandReq
2025-12-16T23:38:18.100183+0100 chargesom manager[934598]: [INFO] connector:EvseM  :: EVSE ISO V2G CurrentDemandRes
2025-12-16T23:38:18.167806+0100 chargesom manager[934598]: [INFO] connector:EvseM  :: EVSE IEC Isolation measurement Ok R_F 900000.
2025-12-16T23:38:18.257878+0100 chargesom manager[934598]: [INFO] connector:EvseM  ::                                     CAR ISO V2G CurrentDemandReq
2025-12-16T23:38:18.320292+0100 chargesom manager[934598]: [INFO] connector:EvseM  :: EVSE ISO V2G CurrentDemandRes
2025-12-16T23:38:18.469184+0100 chargesom manager[934598]: [INFO] connector:EvseM  ::                                     CAR ISO V2G CurrentDemandReq
2025-12-16T23:38:18.539897+0100 chargesom manager[934598]: [INFO] connector:EvseM  :: EVSE ISO V2G CurrentDemandRes
2025-12-16T23:38:18.661493+0100 chargesom manager[934598]: [INFO] connector:EvseM  ::                                     CAR ISO V2G CurrentDemandReq
2025-12-16T23:38:18.793608+0100 chargesom manager[934598]: [INFO] connector:EvseM  :: EVSE ISO V2G CurrentDemandRes
2025-12-16T23:38:18.889791+0100 chargesom manager[934598]: [INFO] connector:EvseM  ::                                     CAR ISO V2G CurrentDemandReq
2025-12-16T23:38:18.980077+0100 chargesom manager[934598]: [INFO] connector:EvseM  :: EVSE ISO V2G CurrentDemandRes
2025-12-16T23:38:19.101551+0100 chargesom manager[934598]: [INFO] connector:EvseM  ::                                     CAR ISO V2G CurrentDemandReq
2025-12-16T23:38:19.168054+0100 chargesom manager[934598]: [INFO] connector:EvseM  :: EVSE IEC Isolation measurement Ok R_F 900000.
2025-12-16T23:38:19.213932+0100 chargesom manager[934598]: [INFO] connector:EvseM  :: EVSE ISO V2G CurrentDemandRes
2025-12-16T23:38:19.321421+0100 chargesom manager[934598]: [INFO] connector:EvseM  ::                                     CAR ISO V2G CurrentDemandReq
2025-12-16T23:38:19.420174+0100 chargesom manager[934598]: [INFO] connector:EvseM  :: EVSE ISO V2G CurrentDemandRes
2025-12-16T23:38:19.541662+0100 chargesom manager[934598]: [INFO] connector:EvseM  ::                                     CAR ISO V2G CurrentDemandReq
2025-12-16T23:38:19.640164+0100 chargesom manager[934598]: [INFO] connector:EvseM  :: EVSE ISO V2G CurrentDemandRes
2025-12-16T23:38:19.761453+0100 chargesom manager[934598]: [INFO] connector:EvseM  ::                                     CAR ISO V2G CurrentDemandReq
2025-12-16T23:38:19.859999+0100 chargesom manager[934598]: [INFO] connector:EvseM  :: EVSE ISO V2G CurrentDemandRes
2025-12-16T23:38:19.985678+0100 chargesom manager[934598]: [INFO] connector:EvseM  ::                                     CAR ISO V2G CurrentDemandReq
2025-12-16T23:38:20.118321+0100 chargesom manager[934598]: [INFO] connector:EvseM  :: EVSE ISO V2G CurrentDemandRes
2025-12-16T23:38:20.168326+0100 chargesom manager[934598]: [INFO] connector:EvseM  :: EVSE IEC Isolation measurement Ok R_F 900000.
2025-12-16T23:38:20.213288+0100 chargesom manager[934598]: [INFO] connector:EvseM  ::                                     CAR ISO V2G CurrentDemandReq
2025-12-16T23:38:20.300170+0100 chargesom manager[934598]: [INFO] connector:EvseM  :: EVSE ISO V2G CurrentDemandRes
2025-12-16T23:38:20.421668+0100 chargesom manager[934598]: [INFO] connector:EvseM  ::                                     CAR ISO V2G CurrentDemandReq
2025-12-16T23:38:20.519955+0100 chargesom manager[934598]: [INFO] connector:EvseM  :: EVSE ISO V2G CurrentDemandRes
2025-12-16T23:38:20.641329+0100 chargesom manager[934598]: [INFO] connector:EvseM  ::                                     CAR ISO V2G CurrentDemandReq
2025-12-16T23:38:20.739973+0100 chargesom manager[934598]: [INFO] connector:EvseM  :: EVSE ISO V2G CurrentDemandRes
2025-12-16T23:38:20.862130+0100 chargesom manager[934598]: [INFO] connector:EvseM  ::                                     CAR ISO V2G CurrentDemandReq
2025-12-16T23:38:20.960009+0100 chargesom manager[934598]: [INFO] connector:EvseM  :: EVSE ISO V2G CurrentDemandRes
2025-12-16T23:38:21.086149+0100 chargesom manager[934598]: [INFO] connector:EvseM  ::                                     CAR ISO V2G CurrentDemandReq
2025-12-16T23:38:21.169794+0100 chargesom manager[934598]: [INFO] connector:EvseM  :: EVSE IEC Isolation measurement Ok R_F 900000.
2025-12-16T23:38:21.213510+0100 chargesom manager[934598]: [INFO] connector:EvseM  :: EVSE ISO V2G CurrentDemandRes
2025-12-16T23:38:21.301308+0100 chargesom manager[934598]: [INFO] connector:EvseM  ::                                     CAR ISO V2G CurrentDemandReq
2025-12-16T23:38:21.400004+0100 chargesom manager[934598]: [INFO] connector:EvseM  :: EVSE ISO V2G CurrentDemandRes
2025-12-16T23:38:21.521379+0100 chargesom manager[934598]: [INFO] connector:EvseM  ::                                     CAR ISO V2G CurrentDemandReq
2025-12-16T23:38:21.619870+0100 chargesom manager[934598]: [INFO] connector:EvseM  :: EVSE ISO V2G CurrentDemandRes
2025-12-16T23:38:21.741567+0100 chargesom manager[934598]: [INFO] connector:EvseM  ::                                     CAR ISO V2G CurrentDemandReq
2025-12-16T23:38:21.840079+0100 chargesom manager[934598]: [INFO] connector:EvseM  :: EVSE ISO V2G CurrentDemandRes
2025-12-16T23:38:21.963491+0100 chargesom manager[934598]: [INFO] connector:EvseM  ::                                     CAR ISO V2G CurrentDemandReq
2025-12-16T23:38:22.059602+0100 chargesom manager[934598]: [INFO] connector:EvseM  :: EVSE ISO V2G CurrentDemandRes
2025-12-16T23:38:22.169101+0100 chargesom manager[934598]: [INFO] connector:EvseM  :: EVSE IEC Isolation measurement Ok R_F 900000.
2025-12-16T23:38:22.213500+0100 chargesom manager[934598]: [INFO] connector:EvseM  ::                                     CAR ISO V2G CurrentDemandReq
2025-12-16T23:38:22.313895+0100 chargesom manager[934598]: [INFO] connector:EvseM  :: EVSE ISO V2G CurrentDemandRes
2025-12-16T23:38:22.401592+0100 chargesom manager[934598]: [INFO] connector:EvseM  ::                                     CAR ISO V2G CurrentDemandReq
2025-12-16T23:38:22.500020+0100 chargesom manager[934598]: [INFO] connector:EvseM  :: EVSE ISO V2G CurrentDemandRes
2025-12-16T23:38:22.621512+0100 chargesom manager[934598]: [INFO] connector:EvseM  ::                                     CAR ISO V2G CurrentDemandReq
2025-12-16T23:38:22.719608+0100 chargesom manager[934598]: [INFO] connector:EvseM  :: EVSE ISO V2G CurrentDemandRes
2025-12-16T23:38:22.885919+0100 chargesom manager[934598]: [INFO] connector:EvseM  ::                                     CAR ISO V2G CurrentDemandReq
2025-12-16T23:38:22.939555+0100 chargesom manager[934598]: [INFO] connector:EvseM  :: EVSE ISO V2G CurrentDemandRes
2025-12-16T23:38:23.093325+0100 chargesom manager[934598]: [INFO] connector:EvseM  ::                                     CAR ISO V2G CurrentDemandReq
2025-12-16T23:38:23.159922+0100 chargesom manager[934598]: [INFO] connector:EvseM  :: EVSE ISO V2G CurrentDemandRes
2025-12-16T23:38:23.169630+0100 chargesom manager[934598]: [INFO] connector:EvseM  :: EVSE IEC Isolation measurement Ok R_F 900000.
2025-12-16T23:38:23.281131+0100 chargesom manager[934598]: [INFO] connector:EvseM  ::                                     CAR ISO V2G CurrentDemandReq
2025-12-16T23:38:23.409356+0100 chargesom manager[934598]: [INFO] connector:EvseM  :: EVSE ISO V2G CurrentDemandRes
2025-12-16T23:38:23.513347+0100 chargesom manager[934598]: [INFO] connector:EvseM  ::                                     CAR ISO V2G CurrentDemandReq
2025-12-16T23:38:23.599622+0100 chargesom manager[934598]: [INFO] connector:EvseM  :: EVSE ISO V2G CurrentDemandRes
2025-12-16T23:38:23.721342+0100 chargesom manager[934598]: [INFO] connector:EvseM  ::                                     CAR ISO V2G CurrentDemandReq
2025-12-16T23:38:23.819931+0100 chargesom manager[934598]: [INFO] connector:EvseM  :: EVSE ISO V2G CurrentDemandRes
2025-12-16T23:38:23.941833+0100 chargesom manager[934598]: [INFO] connector:EvseM  ::                                     CAR ISO V2G CurrentDemandReq
2025-12-16T23:38:24.039846+0100 chargesom manager[934598]: [INFO] connector:EvseM  :: EVSE ISO V2G CurrentDemandRes
2025-12-16T23:38:24.161360+0100 chargesom manager[934598]: [INFO] connector:EvseM  ::                                     CAR ISO V2G CurrentDemandReq
2025-12-16T23:38:24.169571+0100 chargesom manager[934598]: [INFO] connector:EvseM  :: EVSE IEC Isolation measurement Ok R_F 900000.
2025-12-16T23:38:24.301193+0100 chargesom manager[934598]: [INFO] connector:EvseM  :: EVSE ISO V2G CurrentDemandRes
2025-12-16T23:38:24.381162+0100 chargesom manager[934598]: [INFO] connector:EvseM  ::                                     CAR ISO V2G CurrentDemandReq
2025-12-16T23:38:24.482598+0100 chargesom manager[934598]: [INFO] connector:EvseM  :: EVSE ISO V2G CurrentDemandRes
2025-12-16T23:38:24.613235+0100 chargesom manager[934598]: [INFO] connector:EvseM  ::                                     CAR ISO V2G CurrentDemandReq
2025-12-16T23:38:24.699773+0100 chargesom manager[934598]: [INFO] connector:EvseM  :: EVSE ISO V2G CurrentDemandRes
2025-12-16T23:38:24.823707+0100 chargesom manager[934598]: [INFO] connector:EvseM  ::                                     CAR ISO V2G CurrentDemandReq
2025-12-16T23:38:24.919693+0100 chargesom manager[934598]: [INFO] connector:EvseM  :: EVSE ISO V2G CurrentDemandRes
2025-12-16T23:38:25.053683+0100 chargesom manager[934598]: [INFO] connector:EvseM  ::                                     CAR ISO V2G CurrentDemandReq
2025-12-16T23:38:25.139703+0100 chargesom manager[934598]: [INFO] connector:EvseM  :: EVSE ISO V2G CurrentDemandRes
2025-12-16T23:38:25.169895+0100 chargesom manager[934598]: [INFO] connector:EvseM  :: EVSE IEC Isolation measurement Ok R_F 900000.
2025-12-16T23:38:25.301175+0100 chargesom manager[934598]: [INFO] connector:EvseM  ::                                     CAR ISO V2G CurrentDemandReq
2025-12-16T23:38:25.359664+0100 chargesom manager[934598]: [INFO] connector:EvseM  :: EVSE ISO V2G CurrentDemandRes
2025-12-16T23:38:25.482021+0100 chargesom manager[934598]: [INFO] connector:EvseM  ::                                     CAR ISO V2G CurrentDemandReq
2025-12-16T23:38:25.621570+0100 chargesom manager[934598]: [INFO] connector:EvseM  :: EVSE ISO V2G CurrentDemandRes
2025-12-16T23:38:25.713623+0100 chargesom manager[934598]: [INFO] connector:EvseM  ::                                     CAR ISO V2G CurrentDemandReq
2025-12-16T23:38:25.800399+0100 chargesom manager[934598]: [INFO] connector:EvseM  :: EVSE ISO V2G CurrentDemandRes
2025-12-16T23:38:25.921870+0100 chargesom manager[934598]: [INFO] connector:EvseM  ::                                     CAR ISO V2G CurrentDemandReq
2025-12-16T23:38:26.019020+0100 chargesom manager[934598]: [INFO] connector:EvseM  :: EVSE ISO V2G CurrentDemandRes
2025-12-16T23:38:26.141559+0100 chargesom manager[934598]: [INFO] connector:EvseM  ::                                     CAR ISO V2G CurrentDemandReq
2025-12-16T23:38:26.170059+0100 chargesom manager[934598]: [INFO] connector:EvseM  :: EVSE IEC Isolation measurement Ok R_F 900000.
2025-12-16T23:38:26.257933+0100 chargesom manager[934598]: [INFO] connector:EvseM  :: EVSE ISO V2G CurrentDemandRes
2025-12-16T23:38:26.361357+0100 chargesom manager[934598]: [INFO] connector:EvseM  ::                                     CAR ISO V2G CurrentDemandReq
2025-12-16T23:38:26.473211+0100 chargesom manager[934598]: [INFO] connector:EvseM  :: EVSE ISO V2G CurrentDemandRes
2025-12-16T23:38:26.581188+0100 chargesom manager[934598]: [INFO] connector:EvseM  ::                                     CAR ISO V2G CurrentDemandReq
2025-12-16T23:38:26.679610+0100 chargesom manager[934598]: [INFO] connector:EvseM  :: EVSE ISO V2G CurrentDemandRes
2025-12-16T23:38:26.853876+0100 chargesom manager[934598]: [INFO] connector:EvseM  ::                                     CAR ISO V2G CurrentDemandReq
2025-12-16T23:38:26.901968+0100 chargesom manager[934598]: [INFO] connector:EvseM  :: EVSE ISO V2G CurrentDemandRes
2025-12-16T23:38:27.021134+0100 chargesom manager[934598]: [INFO] connector:EvseM  ::                                     CAR ISO V2G CurrentDemandReq
2025-12-16T23:38:27.118829+0100 chargesom manager[934598]: [INFO] connector:EvseM  :: EVSE ISO V2G CurrentDemandRes
2025-12-16T23:38:27.170299+0100 chargesom manager[934598]: [INFO] connector:EvseM  :: EVSE IEC Isolation measurement Ok R_F 900000.
2025-12-16T23:38:27.257619+0100 chargesom manager[934598]: [INFO] connector:EvseM  ::                                     CAR ISO V2G CurrentDemandReq
2025-12-16T23:38:27.339719+0100 chargesom manager[934598]: [INFO] connector:EvseM  :: EVSE ISO V2G CurrentDemandRes
2025-12-16T23:38:27.473237+0100 chargesom manager[934598]: [INFO] connector:EvseM  ::                                     CAR ISO V2G CurrentDemandReq
2025-12-16T23:38:27.558567+0100 chargesom manager[934598]: [INFO] connector:EvseM  :: EVSE ISO V2G CurrentDemandRes
2025-12-16T23:38:27.681330+0100 chargesom manager[934598]: [INFO] connector:EvseM  ::                                     CAR ISO V2G CurrentDemandReq
2025-12-16T23:38:27.778657+0100 chargesom manager[934598]: [INFO] connector:EvseM  :: EVSE ISO V2G CurrentDemandRes
2025-12-16T23:38:27.902323+0100 chargesom manager[934598]: [INFO] connector:EvseM  ::                                     CAR ISO V2G CurrentDemandReq
2025-12-16T23:38:28.033632+0100 chargesom manager[934598]: [INFO] connector:EvseM  :: EVSE ISO V2G CurrentDemandRes
2025-12-16T23:38:28.121460+0100 chargesom manager[934598]: [INFO] connector:EvseM  ::                                     CAR ISO V2G CurrentDemandReq
2025-12-16T23:38:28.170628+0100 chargesom manager[934598]: [INFO] connector:EvseM  :: EVSE IEC Isolation measurement Ok R_F 900000.
2025-12-16T23:38:28.257442+0100 chargesom manager[934598]: [INFO] connector:EvseM  :: EVSE ISO V2G CurrentDemandRes
2025-12-16T23:38:28.341250+0100 chargesom manager[934598]: [INFO] connector:EvseM  ::                                     CAR ISO V2G CurrentDemandReq
2025-12-16T23:38:28.477215+0100 chargesom manager[934598]: [INFO] connector:EvseM  :: EVSE ISO V2G CurrentDemandRes
2025-12-16T23:38:28.561175+0100 chargesom manager[934598]: [INFO] connector:EvseM  ::                                     CAR ISO V2G CurrentDemandReq
2025-12-16T23:38:28.658708+0100 chargesom manager[934598]: [INFO] connector:EvseM  :: EVSE ISO V2G CurrentDemandRes
2025-12-16T23:38:28.782229+0100 chargesom manager[934598]: [INFO] connector:EvseM  ::                                     CAR ISO V2G CurrentDemandReq
2025-12-16T23:38:28.878912+0100 chargesom manager[934598]: [INFO] connector:EvseM  :: EVSE ISO V2G CurrentDemandRes
2025-12-16T23:38:29.001397+0100 chargesom manager[934598]: [INFO] connector:EvseM  ::                                     CAR ISO V2G CurrentDemandReq
2025-12-16T23:38:29.129386+0100 chargesom manager[934598]: [INFO] connector:EvseM  :: EVSE ISO V2G CurrentDemandRes
2025-12-16T23:38:29.185753+0100 chargesom manager[934598]: [INFO] connector:EvseM  :: EVSE IEC Isolation measurement Ok R_F 900000.
2025-12-16T23:38:29.229482+0100 chargesom manager[934598]: [INFO] connector:EvseM  ::                                     CAR ISO V2G CurrentDemandReq
2025-12-16T23:38:29.318613+0100 chargesom manager[934598]: [INFO] connector:EvseM  :: EVSE ISO V2G CurrentDemandRes
2025-12-16T23:38:29.477215+0100 chargesom manager[934598]: [INFO] connector:EvseM  ::                                     CAR ISO V2G CurrentDemandReq
2025-12-16T23:38:29.538436+0100 chargesom manager[934598]: [INFO] connector:EvseM  :: EVSE ISO V2G CurrentDemandRes
2025-12-16T23:38:29.661094+0100 chargesom manager[934598]: [INFO] connector:EvseM  ::                                     CAR ISO V2G CurrentDemandReq
2025-12-16T23:38:29.758516+0100 chargesom manager[934598]: [INFO] connector:EvseM  :: EVSE ISO V2G CurrentDemandRes
2025-12-16T23:38:29.882057+0100 chargesom manager[934598]: [INFO] connector:EvseM  ::                                     CAR ISO V2G CurrentDemandReq
2025-12-16T23:38:29.978571+0100 chargesom manager[934598]: [INFO] connector:EvseM  :: EVSE ISO V2G CurrentDemandRes
2025-12-16T23:38:30.100806+0100 chargesom manager[934598]: [INFO] connector:EvseM  ::                                     CAR ISO V2G CurrentDemandReq
2025-12-16T23:38:30.171209+0100 chargesom manager[934598]: [INFO] connector:EvseM  :: EVSE IEC Isolation measurement Ok R_F 900000.
2025-12-16T23:38:30.213806+0100 chargesom manager[934598]: [INFO] connector:EvseM  :: EVSE ISO V2G CurrentDemandRes
2025-12-16T23:38:30.345442+0100 chargesom manager[934598]: [INFO] connector:EvseM  ::                                     CAR ISO V2G CurrentDemandReq
2025-12-16T23:38:30.418306+0100 chargesom manager[934598]: [INFO] connector:EvseM  :: EVSE ISO V2G CurrentDemandRes
2025-12-16T23:38:30.541097+0100 chargesom manager[934598]: [INFO] connector:EvseM  ::                                     CAR ISO V2G CurrentDemandReq
2025-12-16T23:38:30.638829+0100 chargesom manager[934598]: [INFO] connector:EvseM  :: EVSE ISO V2G CurrentDemandRes
2025-12-16T23:38:30.760880+0100 chargesom manager[934598]: [INFO] connector:EvseM  ::                                     CAR ISO V2G CurrentDemandReq
2025-12-16T23:38:30.858369+0100 chargesom manager[934598]: [INFO] connector:EvseM  :: EVSE ISO V2G CurrentDemandRes
2025-12-16T23:38:30.982506+0100 chargesom manager[934598]: [INFO] connector:EvseM  ::                                     CAR ISO V2G CurrentDemandReq
2025-12-16T23:38:31.078539+0100 chargesom manager[934598]: [INFO] connector:EvseM  :: EVSE ISO V2G CurrentDemandRes
2025-12-16T23:38:31.171419+0100 chargesom manager[934598]: [INFO] connector:EvseM  :: EVSE IEC Isolation measurement Ok R_F 900000.
2025-12-16T23:38:31.213811+0100 chargesom manager[934598]: [INFO] connector:EvseM  ::                                     CAR ISO V2G CurrentDemandReq
2025-12-16T23:38:31.300414+0100 chargesom manager[934598]: [INFO] connector:EvseM  :: EVSE ISO V2G CurrentDemandRes
2025-12-16T23:38:31.453309+0100 chargesom manager[934598]: [INFO] connector:EvseM  ::                                     CAR ISO V2G CurrentDemandReq
2025-12-16T23:38:31.518427+0100 chargesom manager[934598]: [INFO] connector:EvseM  :: EVSE ISO V2G CurrentDemandRes
2025-12-16T23:38:31.640611+0100 chargesom manager[934598]: [INFO] connector:EvseM  ::                                     CAR ISO V2G CurrentDemandReq
2025-12-16T23:38:31.737873+0100 chargesom manager[934598]: [INFO] connector:EvseM  :: EVSE ISO V2G CurrentDemandRes
2025-12-16T23:38:31.861189+0100 chargesom manager[934598]: [INFO] connector:EvseM  ::                                     CAR ISO V2G CurrentDemandReq
2025-12-16T23:38:31.957881+0100 chargesom manager[934598]: [INFO] connector:EvseM  :: EVSE ISO V2G CurrentDemandRes
2025-12-16T23:38:32.080454+0100 chargesom manager[934598]: [INFO] connector:EvseM  ::                                     CAR ISO V2G CurrentDemandReq
2025-12-16T23:38:32.171784+0100 chargesom manager[934598]: [INFO] connector:EvseM  :: EVSE IEC Isolation measurement Ok R_F 900000.
2025-12-16T23:38:32.218189+0100 chargesom manager[934598]: [INFO] connector:EvseM  :: EVSE ISO V2G CurrentDemandRes
2025-12-16T23:38:32.300251+0100 chargesom manager[934598]: [INFO] connector:EvseM  ::                                     CAR ISO V2G CurrentDemandReq
2025-12-16T23:38:32.398739+0100 chargesom manager[934598]: [INFO] connector:EvseM  :: EVSE ISO V2G CurrentDemandRes
2025-12-16T23:38:32.533747+0100 chargesom manager[934598]: [INFO] connector:EvseM  ::                                     CAR ISO V2G CurrentDemandReq
2025-12-16T23:38:32.649244+0100 chargesom manager[934598]: [INFO] connector:EvseM  :: EVSE ISO V2G CurrentDemandRes
2025-12-16T23:38:32.740233+0100 chargesom manager[934598]: [INFO] connector:EvseM  ::                                     CAR ISO V2G CurrentDemandReq
2025-12-16T23:38:32.838843+0100 chargesom manager[934598]: [INFO] connector:EvseM  :: EVSE ISO V2G CurrentDemandRes
2025-12-16T23:38:32.960965+0100 chargesom manager[934598]: [INFO] connector:EvseM  ::                                     CAR ISO V2G CurrentDemandReq
2025-12-16T23:38:33.093498+0100 chargesom manager[934598]: [INFO] connector:EvseM  :: EVSE ISO V2G CurrentDemandRes
2025-12-16T23:38:33.172070+0100 chargesom manager[934598]: [INFO] connector:EvseM  :: EVSE IEC Isolation measurement Ok R_F 900000.
2025-12-16T23:38:33.217653+0100 chargesom manager[934598]: [INFO] connector:EvseM  ::                                     CAR ISO V2G CurrentDemandReq
2025-12-16T23:38:33.278770+0100 chargesom manager[934598]: [INFO] connector:EvseM  :: EVSE ISO V2G CurrentDemandRes
2025-12-16T23:38:33.400721+0100 chargesom manager[934598]: [INFO] connector:EvseM  ::                                     CAR ISO V2G CurrentDemandReq
2025-12-16T23:38:33.497966+0100 chargesom manager[934598]: [INFO] connector:EvseM  :: EVSE ISO V2G CurrentDemandRes
2025-12-16T23:38:33.657638+0100 chargesom manager[934598]: [INFO] connector:EvseM  ::                                     CAR ISO V2G CurrentDemandReq
2025-12-16T23:38:33.749326+0100 chargesom manager[934598]: [INFO] connector:EvseM  :: EVSE ISO V2G CurrentDemandRes
2025-12-16T23:38:33.841026+0100 chargesom manager[934598]: [INFO] connector:EvseM  ::                                     CAR ISO V2G CurrentDemandReq
2025-12-16T23:38:33.937903+0100 chargesom manager[934598]: [INFO] connector:EvseM  :: EVSE ISO V2G CurrentDemandRes
2025-12-16T23:38:34.060274+0100 chargesom manager[934598]: [INFO] connector:EvseM  ::                                     CAR ISO V2G CurrentDemandReq
2025-12-16T23:38:34.158752+0100 chargesom manager[934598]: [INFO] connector:EvseM  :: EVSE ISO V2G CurrentDemandRes
2025-12-16T23:38:34.172328+0100 chargesom manager[934598]: [INFO] connector:EvseM  :: EVSE IEC Isolation measurement Ok R_F 900000.
2025-12-16T23:38:34.309516+0100 chargesom manager[934598]: [INFO] connector:EvseM  ::                                     CAR ISO V2G CurrentDemandReq
2025-12-16T23:38:34.378790+0100 chargesom manager[934598]: [INFO] connector:EvseM  :: EVSE ISO V2G CurrentDemandRes
2025-12-16T23:38:34.500201+0100 chargesom manager[934598]: [INFO] connector:EvseM  ::                                     CAR ISO V2G CurrentDemandReq
2025-12-16T23:38:34.599301+0100 chargesom manager[934598]: [INFO] connector:EvseM  :: EVSE ISO V2G CurrentDemandRes
2025-12-16T23:38:34.761271+0100 chargesom manager[934598]: [INFO] connector:EvseM  ::                                     CAR ISO V2G CurrentDemandReq
2025-12-16T23:38:34.850259+0100 chargesom manager[934598]: [INFO] connector:EvseM  :: EVSE ISO V2G CurrentDemandRes
2025-12-16T23:38:34.941033+0100 chargesom manager[934598]: [INFO] connector:EvseM  ::                                     CAR ISO V2G CurrentDemandReq
2025-12-16T23:38:35.053348+0100 chargesom manager[934598]: [INFO] connector:EvseM  :: EVSE ISO V2G CurrentDemandRes
2025-12-16T23:38:35.160584+0100 chargesom manager[934598]: [INFO] connector:EvseM  ::                                     CAR ISO V2G CurrentDemandReq
2025-12-16T23:38:35.172628+0100 chargesom manager[934598]: [INFO] connector:EvseM  :: EVSE IEC Isolation measurement Ok R_F 900000.
2025-12-16T23:38:35.261143+0100 chargesom manager[934598]: [INFO] connector:EvseM  :: EVSE ISO V2G CurrentDemandRes
2025-12-16T23:38:35.380149+0100 chargesom manager[934598]: [INFO] connector:EvseM  ::                                     CAR ISO V2G CurrentDemandReq
2025-12-16T23:38:35.481302+0100 chargesom manager[934598]: [INFO] connector:EvseM  :: EVSE ISO V2G CurrentDemandRes
2025-12-16T23:38:35.600681+0100 chargesom manager[934598]: [INFO] connector:EvseM  ::                                     CAR ISO V2G CurrentDemandReq
2025-12-16T23:38:35.697880+0100 chargesom manager[934598]: [INFO] connector:EvseM  :: EVSE ISO V2G CurrentDemandRes
2025-12-16T23:38:35.821363+0100 chargesom manager[934598]: [INFO] connector:EvseM  ::                                     CAR ISO V2G CurrentDemandReq
2025-12-16T23:38:35.953605+0100 chargesom manager[934598]: [INFO] connector:EvseM  :: EVSE ISO V2G CurrentDemandRes
2025-12-16T23:38:36.041173+0100 chargesom manager[934598]: [INFO] connector:EvseM  ::                                     CAR ISO V2G CurrentDemandReq
2025-12-16T23:38:36.139442+0100 chargesom manager[934598]: [INFO] connector:EvseM  :: EVSE ISO V2G CurrentDemandRes
2025-12-16T23:38:36.172906+0100 chargesom manager[934598]: [INFO] connector:EvseM  :: EVSE IEC Isolation measurement Ok R_F 900000.
2025-12-16T23:38:36.261357+0100 chargesom manager[934598]: [INFO] connector:EvseM  ::                                     CAR ISO V2G CurrentDemandReq
2025-12-16T23:38:36.358827+0100 chargesom manager[934598]: [INFO] connector:EvseM  :: EVSE ISO V2G CurrentDemandRes
2025-12-16T23:38:36.481172+0100 chargesom manager[934598]: [INFO] connector:EvseM  ::                                     CAR ISO V2G CurrentDemandReq
2025-12-16T23:38:36.578725+0100 chargesom manager[934598]: [INFO] connector:EvseM  :: EVSE ISO V2G CurrentDemandRes
2025-12-16T23:38:36.700192+0100 chargesom manager[934598]: [INFO] connector:EvseM  ::                                     CAR ISO V2G CurrentDemandReq
2025-12-16T23:38:36.798921+0100 chargesom manager[934598]: [INFO] connector:EvseM  :: EVSE ISO V2G CurrentDemandRes
2025-12-16T23:38:36.921164+0100 chargesom manager[934598]: [INFO] connector:EvseM  ::                                     CAR ISO V2G CurrentDemandReq
2025-12-16T23:38:37.049967+0100 chargesom manager[934598]: [INFO] connector:EvseM  :: EVSE ISO V2G CurrentDemandRes
2025-12-16T23:38:37.149978+0100 chargesom manager[934598]: [INFO] connector:EvseM  ::                                     CAR ISO V2G CurrentDemandReq
2025-12-16T23:38:37.173216+0100 chargesom manager[934598]: [INFO] connector:EvseM  :: EVSE IEC Isolation measurement Ok R_F 900000.
2025-12-16T23:38:37.261390+0100 chargesom manager[934598]: [INFO] connector:EvseM  :: EVSE ISO V2G CurrentDemandRes
2025-12-16T23:38:37.360168+0100 chargesom manager[934598]: [INFO] connector:EvseM  ::                                     CAR ISO V2G CurrentDemandReq
2025-12-16T23:38:37.481186+0100 chargesom manager[934598]: [INFO] connector:EvseM  :: EVSE ISO V2G CurrentDemandRes
2025-12-16T23:38:37.580460+0100 chargesom manager[934598]: [INFO] connector:EvseM  ::                                     CAR ISO V2G CurrentDemandReq
2025-12-16T23:38:37.678473+0100 chargesom manager[934598]: [INFO] connector:EvseM  :: EVSE ISO V2G CurrentDemandRes
2025-12-16T23:38:37.801135+0100 chargesom manager[934598]: [INFO] connector:EvseM  ::                                     CAR ISO V2G CurrentDemandReq
2025-12-16T23:38:37.898849+0100 chargesom manager[934598]: [INFO] connector:EvseM  :: EVSE ISO V2G CurrentDemandRes
2025-12-16T23:38:38.045781+0100 chargesom manager[934598]: [INFO] connector:EvseM  ::                                     CAR ISO V2G CurrentDemandReq
2025-12-16T23:38:38.118546+0100 chargesom manager[934598]: [INFO] connector:EvseM  :: EVSE ISO V2G CurrentDemandRes
2025-12-16T23:38:38.173628+0100 chargesom manager[934598]: [INFO] connector:EvseM  :: EVSE IEC Isolation measurement Ok R_F 900000.
2025-12-16T23:38:38.261421+0100 chargesom manager[934598]: [INFO] connector:EvseM  ::                                     CAR ISO V2G CurrentDemandReq
2025-12-16T23:38:38.349483+0100 chargesom manager[934598]: [INFO] connector:EvseM  :: EVSE ISO V2G CurrentDemandRes
2025-12-16T23:38:38.485212+0100 chargesom manager[934598]: [INFO] connector:EvseM  ::                                     CAR ISO V2G CurrentDemandReq
2025-12-16T23:38:38.558563+0100 chargesom manager[934598]: [INFO] connector:EvseM  :: EVSE ISO V2G CurrentDemandRes
2025-12-16T23:38:38.679994+0100 chargesom manager[934598]: [INFO] connector:EvseM  ::                                     CAR ISO V2G CurrentDemandReq
2025-12-16T23:38:38.778510+0100 chargesom manager[934598]: [INFO] connector:EvseM  :: EVSE ISO V2G CurrentDemandRes
2025-12-16T23:38:38.900878+0100 chargesom manager[934598]: [INFO] connector:EvseM  ::                                     CAR ISO V2G CurrentDemandReq
2025-12-16T23:38:38.998777+0100 chargesom manager[934598]: [INFO] connector:EvseM  :: EVSE ISO V2G CurrentDemandRes
2025-12-16T23:38:39.120052+0100 chargesom manager[934598]: [INFO] connector:EvseM  ::                                     CAR ISO V2G CurrentDemandReq
2025-12-16T23:38:39.173842+0100 chargesom manager[934598]: [INFO] connector:EvseM  :: EVSE IEC Isolation measurement Ok R_F 900000.
2025-12-16T23:38:39.261875+0100 chargesom manager[934598]: [INFO] connector:EvseM  :: EVSE ISO V2G CurrentDemandRes
2025-12-16T23:38:39.340354+0100 chargesom manager[934598]: [INFO] connector:EvseM  ::                                     CAR ISO V2G CurrentDemandReq
2025-12-16T23:38:39.442647+0100 chargesom manager[934598]: [INFO] connector:EvseM  :: EVSE ISO V2G CurrentDemandRes
2025-12-16T23:38:39.577420+0100 chargesom manager[934598]: [INFO] connector:EvseM  ::                                     CAR ISO V2G CurrentDemandReq
2025-12-16T23:38:39.658396+0100 chargesom manager[934598]: [INFO] connector:EvseM  :: EVSE ISO V2G CurrentDemandRes
2025-12-16T23:38:39.781787+0100 chargesom manager[934598]: [INFO] connector:EvseM  ::                                     CAR ISO V2G CurrentDemandReq
2025-12-16T23:38:39.878739+0100 chargesom manager[934598]: [INFO] connector:EvseM  :: EVSE ISO V2G CurrentDemandRes
2025-12-16T23:38:40.000155+0100 chargesom manager[934598]: [INFO] connector:EvseM  ::                                     CAR ISO V2G CurrentDemandReq
2025-12-16T23:38:40.098725+0100 chargesom manager[934598]: [INFO] connector:EvseM  :: EVSE ISO V2G CurrentDemandRes
2025-12-16T23:38:40.174113+0100 chargesom manager[934598]: [INFO] connector:EvseM  :: EVSE IEC Isolation measurement Ok R_F 900000.
2025-12-16T23:38:40.261383+0100 chargesom manager[934598]: [INFO] connector:EvseM  ::                                     CAR ISO V2G CurrentDemandReq
2025-12-16T23:38:40.318497+0100 chargesom manager[934598]: [INFO] connector:EvseM  :: EVSE ISO V2G CurrentDemandRes
2025-12-16T23:38:40.440182+0100 chargesom manager[934598]: [INFO] connector:EvseM  ::                                     CAR ISO V2G CurrentDemandReq
2025-12-16T23:38:40.539737+0100 chargesom manager[934598]: [INFO] connector:EvseM  :: EVSE ISO V2G CurrentDemandRes
2025-12-16T23:38:40.677394+0100 chargesom manager[934598]: [INFO] connector:EvseM  ::                                     CAR ISO V2G CurrentDemandReq
2025-12-16T23:38:40.758655+0100 chargesom manager[934598]: [INFO] connector:EvseM  :: EVSE ISO V2G CurrentDemandRes
2025-12-16T23:38:40.881155+0100 chargesom manager[934598]: [INFO] connector:EvseM  ::                                     CAR ISO V2G CurrentDemandReq
2025-12-16T23:38:40.978479+0100 chargesom manager[934598]: [INFO] connector:EvseM  :: EVSE ISO V2G CurrentDemandRes
2025-12-16T23:38:41.100291+0100 chargesom manager[934598]: [INFO] connector:EvseM  ::                                     CAR ISO V2G CurrentDemandReq
2025-12-16T23:38:41.174518+0100 chargesom manager[934598]: [INFO] connector:EvseM  :: EVSE IEC Isolation measurement Ok R_F 900000.
2025-12-16T23:38:41.217710+0100 chargesom manager[934598]: [INFO] connector:EvseM  :: EVSE ISO V2G CurrentDemandRes
2025-12-16T23:38:41.321211+0100 chargesom manager[934598]: [INFO] connector:EvseM  ::                                     CAR ISO V2G CurrentDemandReq
2025-12-16T23:38:41.418681+0100 chargesom manager[934598]: [INFO] connector:EvseM  :: EVSE ISO V2G CurrentDemandRes
2025-12-16T23:38:41.539817+0100 chargesom manager[934598]: [INFO] connector:EvseM  ::                                     CAR ISO V2G CurrentDemandReq
2025-12-16T23:38:41.638630+0100 chargesom manager[934598]: [INFO] connector:EvseM  :: EVSE ISO V2G CurrentDemandRes
2025-12-16T23:38:41.773865+0100 chargesom manager[934598]: [INFO] connector:EvseM  ::                                     CAR ISO V2G CurrentDemandReq
2025-12-16T23:38:41.861396+0100 chargesom manager[934598]: [INFO] connector:EvseM  :: EVSE ISO V2G CurrentDemandRes
2025-12-16T23:38:41.980672+0100 chargesom manager[934598]: [INFO] connector:EvseM  ::                                     CAR ISO V2G CurrentDemandReq
2025-12-16T23:38:42.078510+0100 chargesom manager[934598]: [INFO] connector:EvseM  :: EVSE ISO V2G CurrentDemandRes
2025-12-16T23:38:42.174841+0100 chargesom manager[934598]: [INFO] connector:EvseM  :: EVSE IEC Isolation measurement Ok R_F 900000.
2025-12-16T23:38:42.222241+0100 chargesom manager[934598]: [INFO] connector:EvseM  ::                                     CAR ISO V2G CurrentDemandReq
2025-12-16T23:38:42.298568+0100 chargesom manager[934598]: [INFO] connector:EvseM  :: EVSE ISO V2G CurrentDemandRes
2025-12-16T23:38:42.419985+0100 chargesom manager[934598]: [INFO] connector:EvseM  ::                                     CAR ISO V2G CurrentDemandReq
2025-12-16T23:38:42.518860+0100 chargesom manager[934598]: [INFO] connector:EvseM  :: EVSE ISO V2G CurrentDemandRes
2025-12-16T23:38:42.639852+0100 chargesom manager[934598]: [INFO] connector:EvseM  ::                                     CAR ISO V2G CurrentDemandReq
2025-12-16T23:38:42.738290+0100 chargesom manager[934598]: [INFO] connector:EvseM  :: EVSE ISO V2G CurrentDemandRes
2025-12-16T23:38:42.870118+0100 chargesom manager[934598]: [INFO] connector:EvseM  ::                                     CAR ISO V2G CurrentDemandReq
2025-12-16T23:38:43.001498+0100 chargesom manager[934598]: [INFO] connector:EvseM  :: EVSE ISO V2G CurrentDemandRes
2025-12-16T23:38:43.090128+0100 chargesom manager[934598]: [INFO] connector:EvseM  ::                                     CAR ISO V2G CurrentDemandReq
2025-12-16T23:38:43.175021+0100 chargesom manager[934598]: [INFO] connector:EvseM  :: EVSE IEC Isolation measurement Ok R_F 900000.
2025-12-16T23:38:43.217614+0100 chargesom manager[934598]: [INFO] connector:EvseM  :: EVSE ISO V2G CurrentDemandRes
2025-12-16T23:38:43.300156+0100 chargesom manager[934598]: [INFO] connector:EvseM  ::                                     CAR ISO V2G CurrentDemandReq
2025-12-16T23:38:43.398369+0100 chargesom manager[934598]: [INFO] connector:EvseM  :: EVSE ISO V2G CurrentDemandRes
2025-12-16T23:38:43.519809+0100 chargesom manager[934598]: [INFO] connector:EvseM  ::                                     CAR ISO V2G CurrentDemandReq
2025-12-16T23:38:43.617416+0100 chargesom manager[934598]: [INFO] connector:EvseM  :: EVSE ISO V2G CurrentDemandRes
2025-12-16T23:38:43.740245+0100 chargesom manager[934598]: [INFO] connector:EvseM  ::                                     CAR ISO V2G CurrentDemandReq
2025-12-16T23:38:43.838651+0100 chargesom manager[934598]: [INFO] connector:EvseM  :: EVSE ISO V2G CurrentDemandRes
2025-12-16T23:38:43.961101+0100 chargesom manager[934598]: [INFO] connector:EvseM  ::                                     CAR ISO V2G CurrentDemandReq
2025-12-16T23:38:44.093597+0100 chargesom manager[934598]: [INFO] connector:EvseM  :: EVSE ISO V2G CurrentDemandRes
2025-12-16T23:38:44.185889+0100 chargesom manager[934598]: [INFO] connector:EvseM  :: EVSE IEC Isolation measurement Ok R_F 900000.
2025-12-16T23:38:44.186987+0100 chargesom manager[934598]: [INFO] connector:EvseM  ::                                     CAR ISO V2G CurrentDemandReq
2025-12-16T23:38:44.279014+0100 chargesom manager[934598]: [INFO] connector:EvseM  :: EVSE ISO V2G CurrentDemandRes
2025-12-16T23:38:44.399878+0100 chargesom manager[934598]: [INFO] connector:EvseM  ::                                     CAR ISO V2G CurrentDemandReq
2025-12-16T23:38:44.498427+0100 chargesom manager[934598]: [INFO] connector:EvseM  :: EVSE ISO V2G CurrentDemandRes
2025-12-16T23:38:44.619781+0100 chargesom manager[934598]: [INFO] connector:EvseM  ::                                     CAR ISO V2G CurrentDemandReq
2025-12-16T23:38:44.717152+0100 chargesom manager[934598]: [INFO] connector:EvseM  :: EVSE ISO V2G CurrentDemandRes
2025-12-16T23:38:44.841111+0100 chargesom manager[934598]: [INFO] connector:EvseM  ::                                     CAR ISO V2G CurrentDemandReq
2025-12-16T23:38:44.937309+0100 chargesom manager[934598]: [INFO] connector:EvseM  :: EVSE ISO V2G CurrentDemandRes
2025-12-16T23:38:45.097854+0100 chargesom manager[934598]: [INFO] connector:EvseM  ::                                     CAR ISO V2G CurrentDemandReq
2025-12-16T23:38:45.158407+0100 chargesom manager[934598]: [INFO] connector:EvseM  :: EVSE ISO V2G CurrentDemandRes
2025-12-16T23:38:45.175689+0100 chargesom manager[934598]: [INFO] connector:EvseM  :: EVSE IEC Isolation measurement Ok R_F 900000.
2025-12-16T23:38:45.310028+0100 chargesom manager[934598]: [INFO] connector:EvseM  ::                                     CAR ISO V2G CurrentDemandReq
2025-12-16T23:38:45.377296+0100 chargesom manager[934598]: [INFO] connector:EvseM  :: EVSE ISO V2G CurrentDemandRes
2025-12-16T23:38:45.499669+0100 chargesom manager[934598]: [INFO] connector:EvseM  ::                                     CAR ISO V2G CurrentDemandReq
2025-12-16T23:38:45.597364+0100 chargesom manager[934598]: [INFO] connector:EvseM  :: EVSE ISO V2G CurrentDemandRes
2025-12-16T23:38:45.719675+0100 chargesom manager[934598]: [INFO] connector:EvseM  ::                                     CAR ISO V2G CurrentDemandReq
2025-12-16T23:38:45.817267+0100 chargesom manager[934598]: [INFO] connector:EvseM  :: EVSE ISO V2G CurrentDemandRes
2025-12-16T23:38:45.940493+0100 chargesom manager[934598]: [INFO] connector:EvseM  ::                                     CAR ISO V2G CurrentDemandReq
2025-12-16T23:38:46.038408+0100 chargesom manager[934598]: [INFO] connector:EvseM  :: EVSE ISO V2G CurrentDemandRes
2025-12-16T23:38:46.159702+0100 chargesom manager[934598]: [INFO] connector:EvseM  ::                                     CAR ISO V2G CurrentDemandReq
2025-12-16T23:38:46.175792+0100 chargesom manager[934598]: [INFO] connector:EvseM  :: EVSE IEC Isolation measurement Ok R_F 900000.
2025-12-16T23:38:46.265938+0100 chargesom manager[934598]: [INFO] connector:EvseM  :: EVSE ISO V2G CurrentDemandRes
2025-12-16T23:38:46.401771+0100 chargesom manager[934598]: [INFO] connector:EvseM  ::                                     CAR ISO V2G CurrentDemandReq
2025-12-16T23:38:46.514022+0100 chargesom manager[934598]: [INFO] connector:EvseM  :: EVSE ISO V2G CurrentDemandRes
2025-12-16T23:38:46.600034+0100 chargesom manager[934598]: [INFO] connector:EvseM  ::                                     CAR ISO V2G CurrentDemandReq
2025-12-16T23:38:46.698243+0100 chargesom manager[934598]: [INFO] connector:EvseM  :: EVSE ISO V2G CurrentDemandRes
2025-12-16T23:38:46.820407+0100 chargesom manager[934598]: [INFO] connector:EvseM  ::                                     CAR ISO V2G CurrentDemandReq
2025-12-16T23:38:46.917441+0100 chargesom manager[934598]: [INFO] connector:EvseM  :: EVSE ISO V2G CurrentDemandRes
2025-12-16T23:38:47.039594+0100 chargesom manager[934598]: [INFO] connector:EvseM  ::                                     CAR ISO V2G CurrentDemandReq
2025-12-16T23:38:47.137101+0100 chargesom manager[934598]: [INFO] connector:EvseM  :: EVSE ISO V2G CurrentDemandRes
2025-12-16T23:38:47.176259+0100 chargesom manager[934598]: [INFO] connector:EvseM  :: EVSE IEC Isolation measurement Ok R_F 900000.
2025-12-16T23:38:47.265413+0100 chargesom manager[934598]: [INFO] connector:EvseM  ::                                     CAR ISO V2G CurrentDemandReq
2025-12-16T23:38:47.357203+0100 chargesom manager[934598]: [INFO] connector:EvseM  :: EVSE ISO V2G CurrentDemandRes
2025-12-16T23:38:47.489537+0100 chargesom manager[934598]: [INFO] connector:EvseM  ::                                     CAR ISO V2G CurrentDemandReq
2025-12-16T23:38:47.589300+0100 chargesom manager[934598]: [INFO] connector:EvseM  :: EVSE ISO V2G CurrentDemandRes
2025-12-16T23:38:47.721396+0100 chargesom manager[934598]: [INFO] connector:EvseM  ::                                     CAR ISO V2G CurrentDemandReq
2025-12-16T23:38:47.797816+0100 chargesom manager[934598]: [INFO] connector:EvseM  :: EVSE ISO V2G CurrentDemandRes
2025-12-16T23:38:47.920382+0100 chargesom manager[934598]: [INFO] connector:EvseM  ::                                     CAR ISO V2G CurrentDemandReq
2025-12-16T23:38:48.045401+0100 chargesom manager[934598]: [INFO] connector:EvseM  :: EVSE ISO V2G CurrentDemandRes
2025-12-16T23:38:48.140068+0100 chargesom manager[934598]: [INFO] connector:EvseM  ::                                     CAR ISO V2G CurrentDemandReq
2025-12-16T23:38:48.176572+0100 chargesom manager[934598]: [INFO] connector:EvseM  :: EVSE IEC Isolation measurement Ok R_F 900000.
2025-12-16T23:38:48.265546+0100 chargesom manager[934598]: [INFO] connector:EvseM  :: EVSE ISO V2G CurrentDemandRes
2025-12-16T23:38:48.359557+0100 chargesom manager[934598]: [INFO] connector:EvseM  ::                                     CAR ISO V2G CurrentDemandReq
2025-12-16T23:38:48.493246+0100 chargesom manager[934598]: [INFO] connector:EvseM  :: EVSE ISO V2G CurrentDemandRes
2025-12-16T23:38:48.579559+0100 chargesom manager[934598]: [INFO] connector:EvseM  ::                                     CAR ISO V2G CurrentDemandReq
2025-12-16T23:38:48.677120+0100 chargesom manager[934598]: [INFO] connector:EvseM  :: EVSE ISO V2G CurrentDemandRes
2025-12-16T23:38:48.819195+0100 chargesom manager[934598]: [INFO] connector:EvseM  ::                                     CAR ISO V2G CurrentDemandReq
2025-12-16T23:38:48.898387+0100 chargesom manager[934598]: [INFO] connector:EvseM  :: EVSE ISO V2G CurrentDemandRes
2025-12-16T23:38:49.019561+0100 chargesom manager[934598]: [INFO] connector:EvseM  ::                                     CAR ISO V2G CurrentDemandReq
2025-12-16T23:38:49.117284+0100 chargesom manager[934598]: [INFO] connector:EvseM  :: EVSE ISO V2G CurrentDemandRes
2025-12-16T23:38:49.177257+0100 chargesom manager[934598]: [INFO] connector:EvseM  :: EVSE IEC Isolation measurement Ok R_F 900000.
2025-12-16T23:38:49.265836+0100 chargesom manager[934598]: [INFO] connector:EvseM  ::                                     CAR ISO V2G CurrentDemandReq
2025-12-16T23:38:49.337992+0100 chargesom manager[934598]: [INFO] connector:EvseM  :: EVSE ISO V2G CurrentDemandRes
2025-12-16T23:38:49.493274+0100 chargesom manager[934598]: [INFO] connector:EvseM  ::                                     CAR ISO V2G CurrentDemandReq
2025-12-16T23:38:49.557075+0100 chargesom manager[934598]: [INFO] connector:EvseM  :: EVSE ISO V2G CurrentDemandRes
2025-12-16T23:38:49.679466+0100 chargesom manager[934598]: [INFO] connector:EvseM  ::                                     CAR ISO V2G CurrentDemandReq
2025-12-16T23:38:49.777182+0100 chargesom manager[934598]: [INFO] connector:EvseM  :: EVSE ISO V2G CurrentDemandRes
2025-12-16T23:38:49.920087+0100 chargesom manager[934598]: [INFO] connector:EvseM  ::                                     CAR ISO V2G CurrentDemandReq
2025-12-16T23:38:50.005698+0100 chargesom manager[934598]: [INFO] connector:EvseM  :: EVSE ISO V2G CurrentDemandRes
2025-12-16T23:38:50.120103+0100 chargesom manager[934598]: [INFO] connector:EvseM  ::                                     CAR ISO V2G CurrentDemandReq
2025-12-16T23:38:50.177163+0100 chargesom manager[934598]: [INFO] connector:EvseM  :: EVSE IEC Isolation measurement Ok R_F 900000.
2025-12-16T23:38:50.221733+0100 chargesom manager[934598]: [INFO] connector:EvseM  :: EVSE ISO V2G CurrentDemandRes
2025-12-16T23:38:50.339863+0100 chargesom manager[934598]: [INFO] connector:EvseM  ::                                     CAR ISO V2G CurrentDemandReq
2025-12-16T23:38:50.437179+0100 chargesom manager[934598]: [INFO] connector:EvseM  :: EVSE ISO V2G CurrentDemandRes
2025-12-16T23:38:50.559417+0100 chargesom manager[934598]: [INFO] connector:EvseM  ::                                     CAR ISO V2G CurrentDemandReq
2025-12-16T23:38:50.657866+0100 chargesom manager[934598]: [INFO] connector:EvseM  :: EVSE ISO V2G CurrentDemandRes
2025-12-16T23:38:50.780399+0100 chargesom manager[934598]: [INFO] connector:EvseM  ::                                     CAR ISO V2G CurrentDemandReq
2025-12-16T23:38:50.877254+0100 chargesom manager[934598]: [INFO] connector:EvseM  :: EVSE ISO V2G CurrentDemandRes
2025-12-16T23:38:51.017511+0100 chargesom manager[934598]: [INFO] connector:EvseM  ::                                     CAR ISO V2G CurrentDemandReq
2025-12-16T23:38:51.097515+0100 chargesom manager[934598]: [INFO] connector:EvseM  :: EVSE ISO V2G CurrentDemandRes
2025-12-16T23:38:51.177297+0100 chargesom manager[934598]: [INFO] connector:EvseM  :: EVSE IEC Isolation measurement Ok R_F 900000.
2025-12-16T23:38:51.221485+0100 chargesom manager[934598]: [INFO] connector:EvseM  ::                                     CAR ISO V2G CurrentDemandReq
2025-12-16T23:38:51.319345+0100 chargesom manager[934598]: [INFO] connector:EvseM  :: EVSE ISO V2G CurrentDemandRes
2025-12-16T23:38:51.439450+0100 chargesom manager[934598]: [INFO] connector:EvseM  ::                                     CAR ISO V2G CurrentDemandReq
2025-12-16T23:38:51.538060+0100 chargesom manager[934598]: [INFO] connector:EvseM  :: EVSE ISO V2G CurrentDemandRes
2025-12-16T23:38:51.659476+0100 chargesom manager[934598]: [INFO] connector:EvseM  ::                                     CAR ISO V2G CurrentDemandReq
2025-12-16T23:38:51.758086+0100 chargesom manager[934598]: [INFO] connector:EvseM  :: EVSE ISO V2G CurrentDemandRes
2025-12-16T23:38:51.880918+0100 chargesom manager[934598]: [INFO] connector:EvseM  ::                                     CAR ISO V2G CurrentDemandReq
2025-12-16T23:38:51.977198+0100 chargesom manager[934598]: [INFO] connector:EvseM  :: EVSE ISO V2G CurrentDemandRes
2025-12-16T23:38:52.102311+0100 chargesom manager[934598]: [INFO] connector:EvseM  ::                                     CAR ISO V2G CurrentDemandReq
2025-12-16T23:38:52.177699+0100 chargesom manager[934598]: [INFO] connector:EvseM  :: EVSE IEC Isolation measurement Ok R_F 900000.
2025-12-16T23:38:52.222034+0100 chargesom manager[934598]: [INFO] connector:EvseM  :: EVSE ISO V2G CurrentDemandRes
2025-12-16T23:38:52.319451+0100 chargesom manager[934598]: [INFO] connector:EvseM  ::                                     CAR ISO V2G CurrentDemandReq
2025-12-16T23:38:52.418018+0100 chargesom manager[934598]: [INFO] connector:EvseM  :: EVSE ISO V2G CurrentDemandRes
2025-12-16T23:38:52.539609+0100 chargesom manager[934598]: [INFO] connector:EvseM  ::                                     CAR ISO V2G CurrentDemandReq
2025-12-16T23:38:52.637147+0100 chargesom manager[934598]: [INFO] connector:EvseM  :: EVSE ISO V2G CurrentDemandRes
2025-12-16T23:38:52.759266+0100 chargesom manager[934598]: [INFO] connector:EvseM  ::                                     CAR ISO V2G CurrentDemandReq
2025-12-16T23:38:52.857914+0100 chargesom manager[934598]: [INFO] connector:EvseM  :: EVSE ISO V2G CurrentDemandRes
2025-12-16T23:38:52.980719+0100 chargesom manager[934598]: [INFO] connector:EvseM  ::                                     CAR ISO V2G CurrentDemandReq
2025-12-16T23:38:53.090530+0100 chargesom manager[934598]: [INFO] connector:EvseM  :: EVSE ISO V2G CurrentDemandRes
2025-12-16T23:38:53.201594+0100 chargesom manager[934598]: [INFO] connector:EvseM  :: EVSE IEC Isolation measurement Ok R_F 900000.
2025-12-16T23:38:53.202158+0100 chargesom manager[934598]: [INFO] connector:EvseM  ::                                     CAR ISO V2G CurrentDemandReq
2025-12-16T23:38:53.333700+0100 chargesom manager[934598]: [INFO] connector:EvseM  :: EVSE ISO V2G CurrentDemandRes
2025-12-16T23:38:53.419657+0100 chargesom manager[934598]: [INFO] connector:EvseM  ::                                     CAR ISO V2G CurrentDemandReq
2025-12-16T23:38:53.517991+0100 chargesom manager[934598]: [INFO] connector:EvseM  :: EVSE ISO V2G CurrentDemandRes
2025-12-16T23:38:53.639362+0100 chargesom manager[934598]: [INFO] connector:EvseM  ::                                     CAR ISO V2G CurrentDemandReq
2025-12-16T23:38:53.737832+0100 chargesom manager[934598]: [INFO] connector:EvseM  :: EVSE ISO V2G CurrentDemandRes
2025-12-16T23:38:53.860270+0100 chargesom manager[934598]: [INFO] connector:EvseM  ::                                     CAR ISO V2G CurrentDemandReq
2025-12-16T23:38:53.957927+0100 chargesom manager[934598]: [INFO] connector:EvseM  :: EVSE ISO V2G CurrentDemandRes
2025-12-16T23:38:54.079520+0100 chargesom manager[934598]: [INFO] connector:EvseM  ::                                     CAR ISO V2G CurrentDemandReq
2025-12-16T23:38:54.177870+0100 chargesom manager[934598]: [INFO] connector:EvseM  :: EVSE ISO V2G CurrentDemandRes
2025-12-16T23:38:54.179632+0100 chargesom manager[934598]: [INFO] connector:EvseM  :: EVSE IEC Isolation measurement Ok R_F 900000.
2025-12-16T23:38:54.313642+0100 chargesom manager[934598]: [INFO] connector:EvseM  ::                                     CAR ISO V2G CurrentDemandReq
2025-12-16T23:38:54.401536+0100 chargesom manager[934598]: [INFO] connector:EvseM  :: EVSE ISO V2G CurrentDemandRes
2025-12-16T23:38:54.519402+0100 chargesom manager[934598]: [INFO] connector:EvseM  ::                                     CAR ISO V2G CurrentDemandReq
2025-12-16T23:38:54.617897+0100 chargesom manager[934598]: [INFO] connector:EvseM  :: EVSE ISO V2G CurrentDemandRes
2025-12-16T23:38:54.739318+0100 chargesom manager[934598]: [INFO] connector:EvseM  ::                                     CAR ISO V2G CurrentDemandReq
2025-12-16T23:38:54.837797+0100 chargesom manager[934598]: [INFO] connector:EvseM  :: EVSE ISO V2G CurrentDemandRes
2025-12-16T23:38:54.960847+0100 chargesom manager[934598]: [INFO] connector:EvseM  ::                                     CAR ISO V2G CurrentDemandReq
2025-12-16T23:38:55.098134+0100 chargesom manager[934598]: [INFO] connector:EvseM  :: EVSE ISO V2G CurrentDemandRes
2025-12-16T23:38:55.180264+0100 chargesom manager[934598]: [INFO] connector:EvseM  ::                                     CAR ISO V2G CurrentDemandReq
2025-12-16T23:38:55.180264+0100 chargesom manager[934598]: [INFO] connector:EvseM  :: EVSE IEC Isolation measurement Ok R_F 900000.
2025-12-16T23:38:55.313395+0100 chargesom manager[934598]: [INFO] connector:EvseM  :: EVSE ISO V2G CurrentDemandRes
2025-12-16T23:38:55.399605+0100 chargesom manager[934598]: [INFO] connector:EvseM  ::                                     CAR ISO V2G CurrentDemandReq
2025-12-16T23:38:55.501978+0100 chargesom manager[934598]: [INFO] connector:EvseM  :: EVSE ISO V2G CurrentDemandRes
2025-12-16T23:38:55.619178+0100 chargesom manager[934598]: [INFO] connector:EvseM  ::                                     CAR ISO V2G CurrentDemandReq
2025-12-16T23:38:55.717695+0100 chargesom manager[934598]: [INFO] connector:EvseM  :: EVSE ISO V2G CurrentDemandRes
2025-12-16T23:38:55.840365+0100 chargesom manager[934598]: [INFO] connector:EvseM  ::                                     CAR ISO V2G CurrentDemandReq
2025-12-16T23:38:55.937778+0100 chargesom manager[934598]: [INFO] connector:EvseM  :: EVSE ISO V2G CurrentDemandRes
2025-12-16T23:38:56.059331+0100 chargesom manager[934598]: [INFO] connector:EvseM  ::                                     CAR ISO V2G CurrentDemandReq
2025-12-16T23:38:56.157746+0100 chargesom manager[934598]: [INFO] connector:EvseM  :: EVSE ISO V2G CurrentDemandRes
2025-12-16T23:38:56.180962+0100 chargesom manager[934598]: [INFO] connector:EvseM  :: EVSE IEC Isolation measurement Ok R_F 900000.
2025-12-16T23:38:56.315921+0100 chargesom manager[934598]: [INFO] connector:EvseM  ::                                     CAR ISO V2G CurrentDemandReq
2025-12-16T23:38:56.377861+0100 chargesom manager[934598]: [INFO] connector:EvseM  :: EVSE ISO V2G CurrentDemandRes
2025-12-16T23:38:56.499199+0100 chargesom manager[934598]: [INFO] connector:EvseM  ::                                     CAR ISO V2G CurrentDemandReq
2025-12-16T23:38:56.598167+0100 chargesom manager[934598]: [INFO] connector:EvseM  :: EVSE ISO V2G CurrentDemandRes
2025-12-16T23:38:56.729691+0100 chargesom manager[934598]: [INFO] connector:EvseM  ::                                     CAR ISO V2G CurrentDemandReq
2025-12-16T23:38:56.817788+0100 chargesom manager[934598]: [INFO] connector:EvseM  :: EVSE ISO V2G CurrentDemandRes
2025-12-16T23:38:56.940304+0100 chargesom manager[934598]: [INFO] connector:EvseM  ::                                     CAR ISO V2G CurrentDemandReq
2025-12-16T23:38:57.037980+0100 chargesom manager[934598]: [INFO] connector:EvseM  :: EVSE ISO V2G CurrentDemandRes
2025-12-16T23:38:57.159129+0100 chargesom manager[934598]: [INFO] connector:EvseM  ::                                     CAR ISO V2G CurrentDemandReq
2025-12-16T23:38:57.183464+0100 chargesom manager[934598]: [INFO] connector:EvseM  :: EVSE IEC Isolation measurement Ok R_F 900000.
2025-12-16T23:38:57.273421+0100 chargesom manager[934598]: [INFO] connector:EvseM  :: EVSE ISO V2G CurrentDemandRes
2025-12-16T23:38:57.379187+0100 chargesom manager[934598]: [INFO] connector:EvseM  ::                                     CAR ISO V2G CurrentDemandReq
2025-12-16T23:38:57.501336+0100 chargesom manager[934598]: [INFO] connector:EvseM  :: EVSE ISO V2G CurrentDemandRes
2025-12-16T23:38:57.599957+0100 chargesom manager[934598]: [INFO] connector:EvseM  ::                                     CAR ISO V2G CurrentDemandReq
2025-12-16T23:38:57.737702+0100 chargesom manager[934598]: [INFO] connector:EvseM  :: EVSE ISO V2G CurrentDemandRes
2025-12-16T23:38:57.830293+0100 chargesom manager[934598]: [INFO] connector:EvseM  ::                                     CAR ISO V2G CurrentDemandReq
2025-12-16T23:38:57.917933+0100 chargesom manager[934598]: [INFO] connector:EvseM  :: EVSE ISO V2G CurrentDemandRes
2025-12-16T23:38:58.053462+0100 chargesom manager[934598]: [INFO] connector:EvseM  ::                                     CAR ISO V2G CurrentDemandReq
2025-12-16T23:38:58.137832+0100 chargesom manager[934598]: [INFO] connector:EvseM  :: EVSE ISO V2G CurrentDemandRes
2025-12-16T23:38:58.183050+0100 chargesom manager[934598]: [INFO] connector:EvseM  :: EVSE IEC Isolation measurement Ok R_F 900000.
2025-12-16T23:38:58.273302+0100 chargesom manager[934598]: [INFO] connector:EvseM  ::                                     CAR ISO V2G CurrentDemandReq
2025-12-16T23:38:58.357743+0100 chargesom manager[934598]: [INFO] connector:EvseM  :: EVSE ISO V2G CurrentDemandRes
2025-12-16T23:38:58.501589+0100 chargesom manager[934598]: [INFO] connector:EvseM  ::                                     CAR ISO V2G CurrentDemandReq
2025-12-16T23:38:58.577605+0100 chargesom manager[934598]: [INFO] connector:EvseM  :: EVSE ISO V2G CurrentDemandRes
2025-12-16T23:38:58.699122+0100 chargesom manager[934598]: [INFO] connector:EvseM  ::                                     CAR ISO V2G CurrentDemandReq
2025-12-16T23:38:58.842055+0100 chargesom manager[934598]: [INFO] connector:EvseM  :: EVSE ISO V2G CurrentDemandRes
2025-12-16T23:38:58.941937+0100 chargesom manager[934598]: [INFO] connector:EvseM  ::                                     CAR ISO V2G CurrentDemandReq
2025-12-16T23:38:59.017853+0100 chargesom manager[934598]: [INFO] connector:EvseM  :: EVSE ISO V2G CurrentDemandRes
2025-12-16T23:38:59.139614+0100 chargesom manager[934598]: [INFO] connector:EvseM  ::                                     CAR ISO V2G CurrentDemandReq
2025-12-16T23:38:59.182719+0100 chargesom manager[934598]: [INFO] connector:EvseM  :: EVSE IEC Isolation measurement Ok R_F 900000.
2025-12-16T23:38:59.273351+0100 chargesom manager[934598]: [INFO] connector:EvseM  :: EVSE ISO V2G CurrentDemandRes
2025-12-16T23:38:59.359048+0100 chargesom manager[934598]: [INFO] connector:EvseM  ::                                     CAR ISO V2G CurrentDemandReq
2025-12-16T23:38:59.457566+0100 chargesom manager[934598]: [INFO] connector:EvseM  :: EVSE ISO V2G CurrentDemandRes
2025-12-16T23:38:59.579156+0100 chargesom manager[934598]: [INFO] connector:EvseM  ::                                     CAR ISO V2G CurrentDemandReq
2025-12-16T23:38:59.677802+0100 chargesom manager[934598]: [INFO] connector:EvseM  :: EVSE ISO V2G CurrentDemandRes
2025-12-16T23:38:59.800413+0100 chargesom manager[934598]: [INFO] connector:EvseM  ::                                     CAR ISO V2G CurrentDemandReq
2025-12-16T23:38:59.898752+0100 chargesom manager[934598]: [INFO] connector:EvseM  :: EVSE ISO V2G CurrentDemandRes
2025-12-16T23:39:00.037919+0100 chargesom manager[934598]: [INFO] connector:EvseM  ::                                     CAR ISO V2G CurrentDemandReq
2025-12-16T23:39:00.125481+0100 chargesom manager[934598]: [INFO] connector:EvseM  :: EVSE ISO V2G CurrentDemandRes
2025-12-16T23:39:00.183115+0100 chargesom manager[934598]: [INFO] connector:EvseM  :: EVSE IEC Isolation measurement Ok R_F 900000.
2025-12-16T23:39:00.269503+0100 chargesom manager[934598]: [INFO] connector:EvseM  ::                                     CAR ISO V2G CurrentDemandReq
2025-12-16T23:39:00.337511+0100 chargesom manager[934598]: [INFO] connector:EvseM  :: EVSE ISO V2G CurrentDemandRes
2025-12-16T23:39:00.459022+0100 chargesom manager[934598]: [INFO] connector:EvseM  ::                                     CAR ISO V2G CurrentDemandReq
2025-12-16T23:39:00.557530+0100 chargesom manager[934598]: [INFO] connector:EvseM  :: EVSE ISO V2G CurrentDemandRes
2025-12-16T23:39:00.678910+0100 chargesom manager[934598]: [INFO] connector:EvseM  ::                                     CAR ISO V2G CurrentDemandReq
2025-12-16T23:39:00.777681+0100 chargesom manager[934598]: [INFO] connector:EvseM  :: EVSE ISO V2G CurrentDemandRes
2025-12-16T23:39:00.900841+0100 chargesom manager[934598]: [INFO] connector:EvseM  ::                                     CAR ISO V2G CurrentDemandReq
2025-12-16T23:39:00.997746+0100 chargesom manager[934598]: [INFO] connector:EvseM  :: EVSE ISO V2G CurrentDemandRes
2025-12-16T23:39:01.145795+0100 chargesom manager[934598]: [INFO] connector:EvseM  ::                                     CAR ISO V2G CurrentDemandReq
2025-12-16T23:39:01.183082+0100 chargesom manager[934598]: [INFO] connector:EvseM  :: EVSE IEC Isolation measurement Ok R_F 900000.
2025-12-16T23:39:01.225678+0100 chargesom manager[934598]: [INFO] connector:EvseM  :: EVSE ISO V2G CurrentDemandRes
2025-12-16T23:39:01.340910+0100 chargesom manager[934598]: [INFO] connector:EvseM  ::                                     CAR ISO V2G CurrentDemandReq
2025-12-16T23:39:01.438073+0100 chargesom manager[934598]: [INFO] connector:EvseM  :: EVSE ISO V2G CurrentDemandRes
2025-12-16T23:39:01.559122+0100 chargesom manager[934598]: [INFO] connector:EvseM  ::                                     CAR ISO V2G CurrentDemandReq
2025-12-16T23:39:01.657641+0100 chargesom manager[934598]: [INFO] connector:EvseM  :: EVSE ISO V2G CurrentDemandRes
2025-12-16T23:39:01.780174+0100 chargesom manager[934598]: [INFO] connector:EvseM  ::                                     CAR ISO V2G CurrentDemandReq
2025-12-16T23:39:01.877614+0100 chargesom manager[934598]: [INFO] connector:EvseM  :: EVSE ISO V2G CurrentDemandRes
2025-12-16T23:39:01.999139+0100 chargesom manager[934598]: [INFO] connector:EvseM  ::                                     CAR ISO V2G CurrentDemandReq
2025-12-16T23:39:02.098137+0100 chargesom manager[934598]: [INFO] connector:EvseM  :: EVSE ISO V2G CurrentDemandRes
2025-12-16T23:39:02.201611+0100 chargesom manager[934598]: [INFO] connector:EvseM  :: EVSE IEC Isolation measurement Ok R_F 900000.
2025-12-16T23:39:02.245983+0100 chargesom manager[934598]: [INFO] connector:EvseM  ::                                     CAR ISO V2G CurrentDemandReq
2025-12-16T23:39:02.317388+0100 chargesom manager[934598]: [INFO] connector:EvseM  :: EVSE ISO V2G CurrentDemandRes
2025-12-16T23:39:02.438998+0100 chargesom manager[934598]: [INFO] connector:EvseM  ::                                     CAR ISO V2G CurrentDemandReq
2025-12-16T23:39:02.537485+0100 chargesom manager[934598]: [INFO] connector:EvseM  :: EVSE ISO V2G CurrentDemandRes
2025-12-16T23:39:02.658879+0100 chargesom manager[934598]: [INFO] connector:EvseM  ::                                     CAR ISO V2G CurrentDemandReq
2025-12-16T23:39:02.756903+0100 chargesom manager[934598]: [INFO] connector:EvseM  :: EVSE ISO V2G CurrentDemandRes
2025-12-16T23:39:02.879576+0100 chargesom manager[934598]: [INFO] connector:EvseM  ::                                     CAR ISO V2G CurrentDemandReq
2025-12-16T23:39:02.976348+0100 chargesom manager[934598]: [INFO] connector:EvseM  :: EVSE ISO V2G CurrentDemandRes
2025-12-16T23:39:03.099129+0100 chargesom manager[934598]: [INFO] connector:EvseM  ::                                     CAR ISO V2G CurrentDemandReq
2025-12-16T23:39:03.183532+0100 chargesom manager[934598]: [INFO] connector:EvseM  :: EVSE IEC Isolation measurement Ok R_F 900000.
2025-12-16T23:39:03.229470+0100 chargesom manager[934598]: [INFO] connector:EvseM  :: EVSE ISO V2G CurrentDemandRes
2025-12-16T23:39:03.349884+0100 chargesom manager[934598]: [INFO] connector:EvseM  ::                                     CAR ISO V2G CurrentDemandReq
2025-12-16T23:39:03.417499+0100 chargesom manager[934598]: [INFO] connector:EvseM  :: EVSE ISO V2G CurrentDemandRes
2025-12-16T23:39:03.538792+0100 chargesom manager[934598]: [INFO] connector:EvseM  ::                                     CAR ISO V2G CurrentDemandReq
2025-12-16T23:39:03.636511+0100 chargesom manager[934598]: [INFO] connector:EvseM  :: EVSE ISO V2G CurrentDemandRes
2025-12-16T23:39:03.758902+0100 chargesom manager[934598]: [INFO] connector:EvseM  ::                                     CAR ISO V2G CurrentDemandReq
2025-12-16T23:39:03.856486+0100 chargesom manager[934598]: [INFO] connector:EvseM  :: EVSE ISO V2G CurrentDemandRes
2025-12-16T23:39:03.980142+0100 chargesom manager[934598]: [INFO] connector:EvseM  ::                                     CAR ISO V2G CurrentDemandReq
2025-12-16T23:39:04.077611+0100 chargesom manager[934598]: [INFO] connector:EvseM  :: EVSE ISO V2G CurrentDemandRes
2025-12-16T23:39:04.183863+0100 chargesom manager[934598]: [INFO] connector:EvseM  :: EVSE IEC Isolation measurement Ok R_F 900000.
2025-12-16T23:39:04.229584+0100 chargesom manager[934598]: [INFO] connector:EvseM  ::                                     CAR ISO V2G CurrentDemandReq
2025-12-16T23:39:04.297663+0100 chargesom manager[934598]: [INFO] connector:EvseM  :: EVSE ISO V2G CurrentDemandRes
2025-12-16T23:39:04.449760+0100 chargesom manager[934598]: [INFO] connector:EvseM  ::                                     CAR ISO V2G CurrentDemandReq
2025-12-16T23:39:04.516364+0100 chargesom manager[934598]: [INFO] connector:EvseM  :: EVSE ISO V2G CurrentDemandRes
2025-12-16T23:39:04.638856+0100 chargesom manager[934598]: [INFO] connector:EvseM  ::                                     CAR ISO V2G CurrentDemandReq
2025-12-16T23:39:04.736371+0100 chargesom manager[934598]: [INFO] connector:EvseM  :: EVSE ISO V2G CurrentDemandRes
2025-12-16T23:39:04.860305+0100 chargesom manager[934598]: [INFO] connector:EvseM  ::                                     CAR ISO V2G CurrentDemandReq
2025-12-16T23:39:04.956369+0100 chargesom manager[934598]: [INFO] connector:EvseM  :: EVSE ISO V2G CurrentDemandRes
2025-12-16T23:39:05.097474+0100 chargesom manager[934598]: [INFO] connector:EvseM  ::                                     CAR ISO V2G CurrentDemandReq
2025-12-16T23:39:05.176289+0100 chargesom manager[934598]: [INFO] connector:EvseM  :: EVSE ISO V2G CurrentDemandRes
2025-12-16T23:39:05.184074+0100 chargesom manager[934598]: [INFO] connector:EvseM  :: EVSE IEC Isolation measurement Ok R_F 900000.
2025-12-16T23:39:05.298927+0100 chargesom manager[934598]: [INFO] connector:EvseM  ::                                     CAR ISO V2G CurrentDemandReq
2025-12-16T23:39:05.396357+0100 chargesom manager[934598]: [INFO] connector:EvseM  :: EVSE ISO V2G CurrentDemandRes
2025-12-16T23:39:05.546169+0100 chargesom manager[934598]: [INFO] connector:EvseM  ::                                     CAR ISO V2G CurrentDemandReq
2025-12-16T23:39:05.634460+0100 chargesom manager[934598]: [INFO] connector:EvseM  :: EVSE ISO V2G CurrentDemandRes
2025-12-16T23:39:05.739232+0100 chargesom manager[934598]: [INFO] connector:EvseM  ::                                     CAR ISO V2G CurrentDemandReq
2025-12-16T23:39:05.837727+0100 chargesom manager[934598]: [INFO] connector:EvseM  :: EVSE ISO V2G CurrentDemandRes
2025-12-16T23:39:05.961017+0100 chargesom manager[934598]: [INFO] connector:EvseM  ::                                     CAR ISO V2G CurrentDemandReq
2025-12-16T23:39:06.056443+0100 chargesom manager[934598]: [INFO] connector:EvseM  :: EVSE ISO V2G CurrentDemandRes
2025-12-16T23:39:06.179271+0100 chargesom manager[934598]: [INFO] connector:EvseM  ::                                     CAR ISO V2G CurrentDemandReq
2025-12-16T23:39:06.184184+0100 chargesom manager[934598]: [INFO] connector:EvseM  :: EVSE IEC Isolation measurement Ok R_F 900000.
2025-12-16T23:39:06.276319+0100 chargesom manager[934598]: [INFO] connector:EvseM  :: EVSE ISO V2G CurrentDemandRes
2025-12-16T23:39:06.399219+0100 chargesom manager[934598]: [INFO] connector:EvseM  ::                                     CAR ISO V2G CurrentDemandReq
2025-12-16T23:39:06.509308+0100 chargesom manager[934598]: [INFO] connector:EvseM  :: EVSE ISO V2G CurrentDemandRes
2025-12-16T23:39:06.642647+0100 chargesom manager[934598]: [INFO] connector:EvseM  ::                                     CAR ISO V2G CurrentDemandReq
2025-12-16T23:39:06.757361+0100 chargesom manager[934598]: [INFO] connector:EvseM  :: EVSE ISO V2G CurrentDemandRes
2025-12-16T23:39:06.840852+0100 chargesom manager[934598]: [INFO] connector:EvseM  ::                                     CAR ISO V2G CurrentDemandReq
2025-12-16T23:39:06.936322+0100 chargesom manager[934598]: [INFO] connector:EvseM  :: EVSE ISO V2G CurrentDemandRes
2025-12-16T23:39:07.058712+0100 chargesom manager[934598]: [INFO] connector:EvseM  ::                                     CAR ISO V2G CurrentDemandReq
2025-12-16T23:39:07.156297+0100 chargesom manager[934598]: [INFO] connector:EvseM  :: EVSE ISO V2G CurrentDemandRes
2025-12-16T23:39:07.184559+0100 chargesom manager[934598]: [INFO] connector:EvseM  :: EVSE IEC Isolation measurement Ok R_F 900000.
2025-12-16T23:39:07.281754+0100 chargesom manager[934598]: [INFO] connector:EvseM  ::                                     CAR ISO V2G CurrentDemandReq
2025-12-16T23:39:07.377787+0100 chargesom manager[934598]: [INFO] connector:EvseM  :: EVSE ISO V2G CurrentDemandRes
2025-12-16T23:39:07.509671+0100 chargesom manager[934598]: [INFO] connector:EvseM  ::                                     CAR ISO V2G CurrentDemandReq
2025-12-16T23:39:07.596337+0100 chargesom manager[934598]: [INFO] connector:EvseM  :: EVSE ISO V2G CurrentDemandRes
2025-12-16T23:39:07.719739+0100 chargesom manager[934598]: [INFO] connector:EvseM  ::                                     CAR ISO V2G CurrentDemandReq
2025-12-16T23:39:07.818765+0100 chargesom manager[934598]: [INFO] connector:EvseM  :: EVSE ISO V2G CurrentDemandRes
2025-12-16T23:39:07.941058+0100 chargesom manager[934598]: [INFO] connector:EvseM  ::                                     CAR ISO V2G CurrentDemandReq
2025-12-16T23:39:08.049781+0100 chargesom manager[934598]: [INFO] connector:EvseM  :: EVSE ISO V2G CurrentDemandRes
2025-12-16T23:39:08.158570+0100 chargesom manager[934598]: [INFO] connector:EvseM  ::                                     CAR ISO V2G CurrentDemandReq
2025-12-16T23:39:08.184895+0100 chargesom manager[934598]: [INFO] connector:EvseM  :: EVSE IEC Isolation measurement Ok R_F 900000.
2025-12-16T23:39:08.277995+0100 chargesom manager[934598]: [INFO] connector:EvseM  :: EVSE ISO V2G CurrentDemandRes
2025-12-16T23:39:08.378667+0100 chargesom manager[934598]: [INFO] connector:EvseM  ::                                     CAR ISO V2G CurrentDemandReq
2025-12-16T23:39:08.509414+0100 chargesom manager[934598]: [INFO] connector:EvseM  :: EVSE ISO V2G CurrentDemandRes
2025-12-16T23:39:08.599573+0100 chargesom manager[934598]: [INFO] connector:EvseM  ::                                     CAR ISO V2G CurrentDemandReq
2025-12-16T23:39:08.697400+0100 chargesom manager[934598]: [INFO] connector:EvseM  :: EVSE ISO V2G CurrentDemandRes
2025-12-16T23:39:08.819499+0100 chargesom manager[934598]: [INFO] connector:EvseM  ::                                     CAR ISO V2G CurrentDemandReq
2025-12-16T23:39:08.917715+0100 chargesom manager[934598]: [INFO] connector:EvseM  :: EVSE ISO V2G CurrentDemandRes
2025-12-16T23:39:09.038690+0100 chargesom manager[934598]: [INFO] connector:EvseM  ::                                     CAR ISO V2G CurrentDemandReq
2025-12-16T23:39:09.135946+0100 chargesom manager[934598]: [INFO] connector:EvseM  :: EVSE ISO V2G CurrentDemandRes
2025-12-16T23:39:09.185068+0100 chargesom manager[934598]: [INFO] connector:EvseM  :: EVSE IEC Isolation measurement Ok R_F 900000.
2025-12-16T23:39:09.273229+0100 chargesom manager[934598]: [INFO] connector:EvseM  ::                                     CAR ISO V2G CurrentDemandReq
2025-12-16T23:39:09.356919+0100 chargesom manager[934598]: [INFO] connector:EvseM  :: EVSE ISO V2G CurrentDemandRes
2025-12-16T23:39:09.509282+0100 chargesom manager[934598]: [INFO] connector:EvseM  ::                                     CAR ISO V2G CurrentDemandReq
2025-12-16T23:39:09.576108+0100 chargesom manager[934598]: [INFO] connector:EvseM  :: EVSE ISO V2G CurrentDemandRes
2025-12-16T23:39:09.698501+0100 chargesom manager[934598]: [INFO] connector:EvseM  ::                                     CAR ISO V2G CurrentDemandReq
2025-12-16T23:39:09.797192+0100 chargesom manager[934598]: [INFO] connector:EvseM  :: EVSE ISO V2G CurrentDemandRes
2025-12-16T23:39:09.919390+0100 chargesom manager[934598]: [INFO] connector:EvseM  ::                                     CAR ISO V2G CurrentDemandReq
2025-12-16T23:39:10.017787+0100 chargesom manager[934598]: [INFO] connector:EvseM  :: EVSE ISO V2G CurrentDemandRes
2025-12-16T23:39:10.145797+0100 chargesom manager[934598]: [INFO] connector:EvseM  ::                                     CAR ISO V2G CurrentDemandReq
2025-12-16T23:39:10.185388+0100 chargesom manager[934598]: [INFO] connector:EvseM  :: EVSE IEC Isolation measurement Ok R_F 900000.
2025-12-16T23:39:10.273392+0100 chargesom manager[934598]: [INFO] connector:EvseM  :: EVSE ISO V2G CurrentDemandRes
2025-12-16T23:39:10.358238+0100 chargesom manager[934598]: [INFO] connector:EvseM  ::                                     CAR ISO V2G CurrentDemandReq
2025-12-16T23:39:10.456936+0100 chargesom manager[934598]: [INFO] connector:EvseM  :: EVSE ISO V2G CurrentDemandRes
2025-12-16T23:39:10.578304+0100 chargesom manager[934598]: [INFO] connector:EvseM  ::                                     CAR ISO V2G CurrentDemandReq
2025-12-16T23:39:10.676764+0100 chargesom manager[934598]: [INFO] connector:EvseM  :: EVSE ISO V2G CurrentDemandRes
2025-12-16T23:39:10.799289+0100 chargesom manager[934598]: [INFO] connector:EvseM  ::                                     CAR ISO V2G CurrentDemandReq
2025-12-16T23:39:10.896216+0100 chargesom manager[934598]: [INFO] connector:EvseM  :: EVSE ISO V2G CurrentDemandRes
2025-12-16T23:39:11.018311+0100 chargesom manager[934598]: [INFO] connector:EvseM  ::                                     CAR ISO V2G CurrentDemandReq
2025-12-16T23:39:11.153490+0100 chargesom manager[934598]: [INFO] connector:EvseM  :: EVSE ISO V2G CurrentDemandRes
2025-12-16T23:39:11.201539+0100 chargesom manager[934598]: [INFO] connector:EvseM  :: EVSE IEC Isolation measurement Ok R_F 900000.
2025-12-16T23:39:11.245367+0100 chargesom manager[934598]: [INFO] connector:EvseM  ::                                     CAR ISO V2G CurrentDemandReq
2025-12-16T23:39:11.337670+0100 chargesom manager[934598]: [INFO] connector:EvseM  :: EVSE ISO V2G CurrentDemandRes
2025-12-16T23:39:11.458317+0100 chargesom manager[934598]: [INFO] connector:EvseM  ::                                     CAR ISO V2G CurrentDemandReq
2025-12-16T23:39:11.556817+0100 chargesom manager[934598]: [INFO] connector:EvseM  :: EVSE ISO V2G CurrentDemandRes
2025-12-16T23:39:11.678174+0100 chargesom manager[934598]: [INFO] connector:EvseM  ::                                     CAR ISO V2G CurrentDemandReq
2025-12-16T23:39:11.777297+0100 chargesom manager[934598]: [INFO] connector:EvseM  :: EVSE ISO V2G CurrentDemandRes
2025-12-16T23:39:11.898693+0100 chargesom manager[934598]: [INFO] connector:EvseM  ::                                     CAR ISO V2G CurrentDemandReq
2025-12-16T23:39:11.996974+0100 chargesom manager[934598]: [INFO] connector:EvseM  :: EVSE ISO V2G CurrentDemandRes
2025-12-16T23:39:12.118446+0100 chargesom manager[934598]: [INFO] connector:EvseM  ::                                     CAR ISO V2G CurrentDemandReq
2025-12-16T23:39:12.185978+0100 chargesom manager[934598]: [INFO] connector:EvseM  :: EVSE IEC Isolation measurement Ok R_F 900000.
2025-12-16T23:39:12.229647+0100 chargesom manager[934598]: [INFO] connector:EvseM  :: EVSE ISO V2G CurrentDemandRes
2025-12-16T23:39:12.345640+0100 chargesom manager[934598]: [INFO] connector:EvseM  ::                                     CAR ISO V2G CurrentDemandReq
2025-12-16T23:39:12.436792+0100 chargesom manager[934598]: [INFO] connector:EvseM  :: EVSE ISO V2G CurrentDemandRes
2025-12-16T23:39:12.558191+0100 chargesom manager[934598]: [INFO] connector:EvseM  ::                                     CAR ISO V2G CurrentDemandReq
2025-12-16T23:39:12.656715+0100 chargesom manager[934598]: [INFO] connector:EvseM  :: EVSE ISO V2G CurrentDemandRes
2025-12-16T23:39:12.779203+0100 chargesom manager[934598]: [INFO] connector:EvseM  ::                                     CAR ISO V2G CurrentDemandReq
2025-12-16T23:39:12.877075+0100 chargesom manager[934598]: [INFO] connector:EvseM  :: EVSE ISO V2G CurrentDemandRes
2025-12-16T23:39:12.998375+0100 chargesom manager[934598]: [INFO] connector:EvseM  ::                                     CAR ISO V2G CurrentDemandReq
2025-12-16T23:39:13.096978+0100 chargesom manager[934598]: [INFO] connector:EvseM  :: EVSE ISO V2G CurrentDemandRes
2025-12-16T23:39:13.186245+0100 chargesom manager[934598]: [INFO] connector:EvseM  :: EVSE IEC Isolation measurement Ok R_F 900000.
2025-12-16T23:39:13.229418+0100 chargesom manager[934598]: [INFO] connector:EvseM  ::                                     CAR ISO V2G CurrentDemandReq
2025-12-16T23:39:13.316803+0100 chargesom manager[934598]: [INFO] connector:EvseM  :: EVSE ISO V2G CurrentDemandRes
2025-12-16T23:39:13.473320+0100 chargesom manager[934598]: [INFO] connector:EvseM  ::                                     CAR ISO V2G CurrentDemandReq
2025-12-16T23:39:13.537601+0100 chargesom manager[934598]: [INFO] connector:EvseM  :: EVSE ISO V2G CurrentDemandRes
2025-12-16T23:39:13.658150+0100 chargesom manager[934598]: [INFO] connector:EvseM  ::                                     CAR ISO V2G CurrentDemandReq
2025-12-16T23:39:13.756835+0100 chargesom manager[934598]: [INFO] connector:EvseM  :: EVSE ISO V2G CurrentDemandRes
2025-12-16T23:39:13.879351+0100 chargesom manager[934598]: [INFO] connector:EvseM  ::                                     CAR ISO V2G CurrentDemandReq
2025-12-16T23:39:13.976742+0100 chargesom manager[934598]: [INFO] connector:EvseM  :: EVSE ISO V2G CurrentDemandRes
2025-12-16T23:39:14.098282+0100 chargesom manager[934598]: [INFO] connector:EvseM  ::                                     CAR ISO V2G CurrentDemandReq
2025-12-16T23:39:14.186545+0100 chargesom manager[934598]: [INFO] connector:EvseM  :: EVSE IEC Isolation measurement Ok R_F 900000.
2025-12-16T23:39:14.229633+0100 chargesom manager[934598]: [INFO] connector:EvseM  :: EVSE ISO V2G CurrentDemandRes
2025-12-16T23:39:14.318018+0100 chargesom manager[934598]: [INFO] connector:EvseM  ::                                     CAR ISO V2G CurrentDemandReq
2025-12-16T23:39:14.417093+0100 chargesom manager[934598]: [INFO] connector:EvseM  :: EVSE ISO V2G CurrentDemandRes
2025-12-16T23:39:14.565265+0100 chargesom manager[934598]: [INFO] connector:EvseM  ::                                     CAR ISO V2G CurrentDemandReq
2025-12-16T23:39:14.653274+0100 chargesom manager[934598]: [INFO] connector:EvseM  :: EVSE ISO V2G CurrentDemandRes
2025-12-16T23:39:14.758060+0100 chargesom manager[934598]: [INFO] connector:EvseM  ::                                     CAR ISO V2G CurrentDemandReq
2025-12-16T23:39:14.856619+0100 chargesom manager[934598]: [INFO] connector:EvseM  :: EVSE ISO V2G CurrentDemandRes
2025-12-16T23:39:14.979245+0100 chargesom manager[934598]: [INFO] connector:EvseM  ::                                     CAR ISO V2G CurrentDemandReq
2025-12-16T23:39:15.097418+0100 chargesom manager[934598]: [INFO] connector:EvseM  :: EVSE ISO V2G CurrentDemandRes
2025-12-16T23:39:15.186748+0100 chargesom manager[934598]: [INFO] connector:EvseM  :: EVSE IEC Isolation measurement Ok R_F 900000.
2025-12-16T23:39:15.229187+0100 chargesom manager[934598]: [INFO] connector:EvseM  ::                                     CAR ISO V2G CurrentDemandReq
2025-12-16T23:39:15.296842+0100 chargesom manager[934598]: [INFO] connector:EvseM  :: EVSE ISO V2G CurrentDemandRes
2025-12-16T23:39:15.418360+0100 chargesom manager[934598]: [INFO] connector:EvseM  ::                                     CAR ISO V2G CurrentDemandReq
2025-12-16T23:39:15.516697+0100 chargesom manager[934598]: [INFO] connector:EvseM  :: EVSE ISO V2G CurrentDemandRes
2025-12-16T23:39:15.665290+0100 chargesom manager[934598]: [INFO] connector:EvseM  ::                                     CAR ISO V2G CurrentDemandReq
2025-12-16T23:39:15.769280+0100 chargesom manager[934598]: [INFO] connector:EvseM  :: EVSE ISO V2G CurrentDemandRes
2025-12-16T23:39:15.858891+0100 chargesom manager[934598]: [INFO] connector:EvseM  ::                                     CAR ISO V2G CurrentDemandReq
2025-12-16T23:39:15.956839+0100 chargesom manager[934598]: [INFO] connector:EvseM  :: EVSE ISO V2G CurrentDemandRes
2025-12-16T23:39:16.078178+0100 chargesom manager[934598]: [INFO] connector:EvseM  ::                                     CAR ISO V2G CurrentDemandReq
2025-12-16T23:39:16.176501+0100 chargesom manager[934598]: [INFO] connector:EvseM  :: EVSE ISO V2G CurrentDemandRes
2025-12-16T23:39:16.187295+0100 chargesom manager[934598]: [INFO] connector:EvseM  :: EVSE IEC Isolation measurement Ok R_F 900000.
2025-12-16T23:39:16.318097+0100 chargesom manager[934598]: [INFO] connector:EvseM  ::                                     CAR ISO V2G CurrentDemandReq
2025-12-16T23:39:16.396687+0100 chargesom manager[934598]: [INFO] connector:EvseM  :: EVSE ISO V2G CurrentDemandRes
2025-12-16T23:39:16.518101+0100 chargesom manager[934598]: [INFO] connector:EvseM  ::                                     CAR ISO V2G CurrentDemandReq
2025-12-16T23:39:16.616449+0100 chargesom manager[934598]: [INFO] connector:EvseM  :: EVSE ISO V2G CurrentDemandRes
2025-12-16T23:39:16.777342+0100 chargesom manager[934598]: [INFO] connector:EvseM  ::                                     CAR ISO V2G CurrentDemandReq
2025-12-16T23:39:16.869293+0100 chargesom manager[934598]: [INFO] connector:EvseM  :: EVSE ISO V2G CurrentDemandRes
2025-12-16T23:39:16.959093+0100 chargesom manager[934598]: [INFO] connector:EvseM  ::                                     CAR ISO V2G CurrentDemandReq
2025-12-16T23:39:17.056876+0100 chargesom manager[934598]: [INFO] connector:EvseM  :: EVSE ISO V2G CurrentDemandRes
2025-12-16T23:39:17.178021+0100 chargesom manager[934598]: [INFO] connector:EvseM  ::                                     CAR ISO V2G CurrentDemandReq
2025-12-16T23:39:17.187399+0100 chargesom manager[934598]: [INFO] connector:EvseM  :: EVSE IEC Isolation measurement Ok R_F 900000.
2025-12-16T23:39:17.281478+0100 chargesom manager[934598]: [INFO] connector:EvseM  :: EVSE ISO V2G CurrentDemandRes
2025-12-16T23:39:17.401061+0100 chargesom manager[934598]: [INFO] connector:EvseM  ::                                     CAR ISO V2G CurrentDemandReq
2025-12-16T23:39:17.517236+0100 chargesom manager[934598]: [INFO] connector:EvseM  :: EVSE ISO V2G CurrentDemandRes
2025-12-16T23:39:17.617930+0100 chargesom manager[934598]: [INFO] connector:EvseM  ::                                     CAR ISO V2G CurrentDemandReq
2025-12-16T23:39:17.716467+0100 chargesom manager[934598]: [INFO] connector:EvseM  :: EVSE ISO V2G CurrentDemandRes
2025-12-16T23:39:17.878772+0100 chargesom manager[934598]: [INFO] connector:EvseM  ::                                     CAR ISO V2G CurrentDemandReq
2025-12-16T23:39:17.969389+0100 chargesom manager[934598]: [INFO] connector:EvseM  :: EVSE ISO V2G CurrentDemandRes
2025-12-16T23:39:18.057859+0100 chargesom manager[934598]: [INFO] connector:EvseM  ::                                     CAR ISO V2G CurrentDemandReq
2025-12-16T23:39:18.156365+0100 chargesom manager[934598]: [INFO] connector:EvseM  :: EVSE ISO V2G CurrentDemandRes
2025-12-16T23:39:18.187711+0100 chargesom manager[934598]: [INFO] connector:EvseM  :: EVSE IEC Isolation measurement Ok R_F 900000.
2025-12-16T23:39:18.317467+0100 chargesom manager[934598]: [INFO] connector:EvseM  ::                                     CAR ISO V2G CurrentDemandReq
2025-12-16T23:39:18.376430+0100 chargesom manager[934598]: [INFO] connector:EvseM  :: EVSE ISO V2G CurrentDemandRes
2025-12-16T23:39:18.517138+0100 chargesom manager[934598]: [INFO] connector:EvseM  ::                                     CAR ISO V2G CurrentDemandReq
2025-12-16T23:39:18.596578+0100 chargesom manager[934598]: [INFO] connector:EvseM  :: EVSE ISO V2G CurrentDemandRes
2025-12-16T23:39:18.717840+0100 chargesom manager[934598]: [INFO] connector:EvseM  ::                                     CAR ISO V2G CurrentDemandReq
2025-12-16T23:39:18.816324+0100 chargesom manager[934598]: [INFO] connector:EvseM  :: EVSE ISO V2G CurrentDemandRes
2025-12-16T23:39:18.978084+0100 chargesom manager[934598]: [INFO] connector:EvseM  ::                                     CAR ISO V2G CurrentDemandReq
2025-12-16T23:39:19.069206+0100 chargesom manager[934598]: [INFO] connector:EvseM  :: EVSE ISO V2G CurrentDemandRes
2025-12-16T23:39:19.157910+0100 chargesom manager[934598]: [INFO] connector:EvseM  ::                                     CAR ISO V2G CurrentDemandReq
2025-12-16T23:39:19.188089+0100 chargesom manager[934598]: [INFO] connector:EvseM  :: EVSE IEC Isolation measurement Ok R_F 900000.
2025-12-16T23:39:19.278307+0100 chargesom manager[934598]: [INFO] connector:EvseM  :: EVSE ISO V2G CurrentDemandRes
2025-12-16T23:39:19.377836+0100 chargesom manager[934598]: [INFO] connector:EvseM  ::                                     CAR ISO V2G CurrentDemandReq
2025-12-16T23:39:19.517199+0100 chargesom manager[934598]: [INFO] connector:EvseM  :: EVSE ISO V2G CurrentDemandRes
2025-12-16T23:39:19.598221+0100 chargesom manager[934598]: [INFO] connector:EvseM  ::                                     CAR ISO V2G CurrentDemandReq
2025-12-16T23:39:19.696573+0100 chargesom manager[934598]: [INFO] connector:EvseM  :: EVSE ISO V2G CurrentDemandRes
2025-12-16T23:39:19.818805+0100 chargesom manager[934598]: [INFO] connector:EvseM  ::                                     CAR ISO V2G CurrentDemandReq
2025-12-16T23:39:19.917154+0100 chargesom manager[934598]: [INFO] connector:EvseM  :: EVSE ISO V2G CurrentDemandRes
2025-12-16T23:39:20.054216+0100 chargesom manager[934598]: [INFO] connector:EvseM  ::                                     CAR ISO V2G CurrentDemandReq
2025-12-16T23:39:20.141542+0100 chargesom manager[934598]: [INFO] connector:EvseM  :: EVSE ISO V2G CurrentDemandRes
2025-12-16T23:39:20.233215+0100 chargesom manager[934598]: [INFO] connector:EvseM  :: EVSE IEC Isolation measurement Ok R_F 900000.
2025-12-16T23:39:20.277627+0100 chargesom manager[934598]: [INFO] connector:EvseM  ::                                     CAR ISO V2G CurrentDemandReq
2025-12-16T23:39:20.356410+0100 chargesom manager[934598]: [INFO] connector:EvseM  :: EVSE ISO V2G CurrentDemandRes
2025-12-16T23:39:20.517460+0100 chargesom manager[934598]: [INFO] connector:EvseM  ::                                     CAR ISO V2G CurrentDemandReq
2025-12-16T23:39:20.576305+0100 chargesom manager[934598]: [INFO] connector:EvseM  :: EVSE ISO V2G CurrentDemandRes
2025-12-16T23:39:20.697704+0100 chargesom manager[934598]: [INFO] connector:EvseM  ::                                     CAR ISO V2G CurrentDemandReq
2025-12-16T23:39:20.795408+0100 chargesom manager[934598]: [INFO] connector:EvseM  :: EVSE ISO V2G CurrentDemandRes
2025-12-16T23:39:20.918551+0100 chargesom manager[934598]: [INFO] connector:EvseM  ::                                     CAR ISO V2G CurrentDemandReq
2025-12-16T23:39:21.015481+0100 chargesom manager[934598]: [INFO] connector:EvseM  :: EVSE ISO V2G CurrentDemandRes
2025-12-16T23:39:21.138476+0100 chargesom manager[934598]: [INFO] connector:EvseM  ::                                     CAR ISO V2G CurrentDemandReq
2025-12-16T23:39:21.188672+0100 chargesom manager[934598]: [INFO] connector:EvseM  :: EVSE IEC Isolation measurement Ok R_F 900000.
2025-12-16T23:39:21.278991+0100 chargesom manager[934598]: [INFO] connector:EvseM  :: EVSE ISO V2G CurrentDemandRes
2025-12-16T23:39:21.373254+0100 chargesom manager[934598]: [INFO] connector:EvseM  ::                                     CAR ISO V2G CurrentDemandReq
2025-12-16T23:39:21.455276+0100 chargesom manager[934598]: [INFO] connector:EvseM  :: EVSE ISO V2G CurrentDemandRes
2025-12-16T23:39:21.577764+0100 chargesom manager[934598]: [INFO] connector:EvseM  ::                                     CAR ISO V2G CurrentDemandReq
2025-12-16T23:39:21.675265+0100 chargesom manager[934598]: [INFO] connector:EvseM  :: EVSE ISO V2G CurrentDemandRes
2025-12-16T23:39:21.799366+0100 chargesom manager[934598]: [INFO] connector:EvseM  ::                                     CAR ISO V2G CurrentDemandReq
2025-12-16T23:39:21.896713+0100 chargesom manager[934598]: [INFO] connector:EvseM  :: EVSE ISO V2G CurrentDemandRes
2025-12-16T23:39:22.017636+0100 chargesom manager[934598]: [INFO] connector:EvseM  ::                                     CAR ISO V2G CurrentDemandReq
2025-12-16T23:39:22.115289+0100 chargesom manager[934598]: [INFO] connector:EvseM  :: EVSE ISO V2G CurrentDemandRes
2025-12-16T23:39:22.188951+0100 chargesom manager[934598]: [INFO] connector:EvseM  :: EVSE IEC Isolation measurement Ok R_F 900000.
2025-12-16T23:39:22.277315+0100 chargesom manager[934598]: [INFO] connector:EvseM  ::                                     CAR ISO V2G CurrentDemandReq
2025-12-16T23:39:22.336291+0100 chargesom manager[934598]: [INFO] connector:EvseM  :: EVSE ISO V2G CurrentDemandRes
2025-12-16T23:39:22.478057+0100 chargesom manager[934598]: [INFO] connector:EvseM  ::                                     CAR ISO V2G CurrentDemandReq
2025-12-16T23:39:22.556490+0100 chargesom manager[934598]: [INFO] connector:EvseM  :: EVSE ISO V2G CurrentDemandRes
2025-12-16T23:39:22.677784+0100 chargesom manager[934598]: [INFO] connector:EvseM  ::                                     CAR ISO V2G CurrentDemandReq
2025-12-16T23:39:22.775568+0100 chargesom manager[934598]: [INFO] connector:EvseM  :: EVSE ISO V2G CurrentDemandRes
2025-12-16T23:39:22.899745+0100 chargesom manager[934598]: [INFO] connector:EvseM  ::                                     CAR ISO V2G CurrentDemandReq
2025-12-16T23:39:22.995881+0100 chargesom manager[934598]: [INFO] connector:EvseM  :: EVSE ISO V2G CurrentDemandRes
2025-12-16T23:39:23.133464+0100 chargesom manager[934598]: [INFO] connector:EvseM  ::                                     CAR ISO V2G CurrentDemandReq
2025-12-16T23:39:23.189263+0100 chargesom manager[934598]: [INFO] connector:EvseM  :: EVSE IEC Isolation measurement Ok R_F 900000.
2025-12-16T23:39:23.233508+0100 chargesom manager[934598]: [INFO] connector:EvseM  :: EVSE ISO V2G CurrentDemandRes
2025-12-16T23:39:23.338074+0100 chargesom manager[934598]: [INFO] connector:EvseM  ::                                     CAR ISO V2G CurrentDemandReq
2025-12-16T23:39:23.436627+0100 chargesom manager[934598]: [INFO] connector:EvseM  :: EVSE ISO V2G CurrentDemandRes
2025-12-16T23:39:23.557712+0100 chargesom manager[934598]: [INFO] connector:EvseM  ::                                     CAR ISO V2G CurrentDemandReq
2025-12-16T23:39:23.657320+0100 chargesom manager[934598]: [INFO] connector:EvseM  :: EVSE ISO V2G CurrentDemandRes
2025-12-16T23:39:23.779799+0100 chargesom manager[934598]: [INFO] connector:EvseM  ::                                     CAR ISO V2G CurrentDemandReq
2025-12-16T23:39:23.875292+0100 chargesom manager[934598]: [INFO] connector:EvseM  :: EVSE ISO V2G CurrentDemandRes
2025-12-16T23:39:23.997776+0100 chargesom manager[934598]: [INFO] connector:EvseM  ::                                     CAR ISO V2G CurrentDemandReq
2025-12-16T23:39:24.096593+0100 chargesom manager[934598]: [INFO] connector:EvseM  :: EVSE ISO V2G CurrentDemandRes
2025-12-16T23:39:24.189511+0100 chargesom manager[934598]: [INFO] connector:EvseM  :: EVSE IEC Isolation measurement Ok R_F 900000.
2025-12-16T23:39:24.233537+0100 chargesom manager[934598]: [INFO] connector:EvseM  ::                                     CAR ISO V2G CurrentDemandReq
2025-12-16T23:39:24.315533+0100 chargesom manager[934598]: [INFO] connector:EvseM  :: EVSE ISO V2G CurrentDemandRes
2025-12-16T23:39:24.437633+0100 chargesom manager[934598]: [INFO] connector:EvseM  ::                                     CAR ISO V2G CurrentDemandReq
2025-12-16T23:39:24.535187+0100 chargesom manager[934598]: [INFO] connector:EvseM  :: EVSE ISO V2G CurrentDemandRes
2025-12-16T23:39:24.657591+0100 chargesom manager[934598]: [INFO] connector:EvseM  ::                                     CAR ISO V2G CurrentDemandReq
2025-12-16T23:39:24.797859+0100 chargesom manager[934598]: [INFO] connector:EvseM  :: EVSE ISO V2G CurrentDemandRes
2025-12-16T23:39:24.885902+0100 chargesom manager[934598]: [INFO] connector:EvseM  ::                                     CAR ISO V2G CurrentDemandReq
2025-12-16T23:39:24.975173+0100 chargesom manager[934598]: [INFO] connector:EvseM  :: EVSE ISO V2G CurrentDemandRes
2025-12-16T23:39:25.098514+0100 chargesom manager[934598]: [INFO] connector:EvseM  ::                                     CAR ISO V2G CurrentDemandReq
2025-12-16T23:39:25.189835+0100 chargesom manager[934598]: [INFO] connector:EvseM  :: EVSE IEC Isolation measurement Ok R_F 900000.
2025-12-16T23:39:25.233545+0100 chargesom manager[934598]: [INFO] connector:EvseM  :: EVSE ISO V2G CurrentDemandRes
2025-12-16T23:39:25.317533+0100 chargesom manager[934598]: [INFO] connector:EvseM  ::                                     CAR ISO V2G CurrentDemandReq
2025-12-16T23:39:25.415402+0100 chargesom manager[934598]: [INFO] connector:EvseM  :: EVSE ISO V2G CurrentDemandRes
2025-12-16T23:39:25.537558+0100 chargesom manager[934598]: [INFO] connector:EvseM  ::                                     CAR ISO V2G CurrentDemandReq
2025-12-16T23:39:25.634995+0100 chargesom manager[934598]: [INFO] connector:EvseM  :: EVSE ISO V2G CurrentDemandRes
2025-12-16T23:39:25.757529+0100 chargesom manager[934598]: [INFO] connector:EvseM  ::                                     CAR ISO V2G CurrentDemandReq
2025-12-16T23:39:25.893323+0100 chargesom manager[934598]: [INFO] connector:EvseM  :: EVSE ISO V2G CurrentDemandRes
2025-12-16T23:39:25.985824+0100 chargesom manager[934598]: [INFO] connector:EvseM  ::                                     CAR ISO V2G CurrentDemandReq
2025-12-16T23:39:26.075300+0100 chargesom manager[934598]: [INFO] connector:EvseM  :: EVSE ISO V2G CurrentDemandRes
2025-12-16T23:39:26.190042+0100 chargesom manager[934598]: [INFO] connector:EvseM  :: EVSE IEC Isolation measurement Ok R_F 900000.
2025-12-16T23:39:26.233227+0100 chargesom manager[934598]: [INFO] connector:EvseM  ::                                     CAR ISO V2G CurrentDemandReq
2025-12-16T23:39:26.295355+0100 chargesom manager[934598]: [INFO] connector:EvseM  :: EVSE ISO V2G CurrentDemandRes
2025-12-16T23:39:26.418465+0100 chargesom manager[934598]: [INFO] connector:EvseM  ::                                     CAR ISO V2G CurrentDemandReq
2025-12-16T23:39:26.525184+0100 chargesom manager[934598]: [INFO] connector:EvseM  :: EVSE ISO V2G CurrentDemandRes
2025-12-16T23:39:26.637558+0100 chargesom manager[934598]: [INFO] connector:EvseM  ::                                     CAR ISO V2G CurrentDemandReq
2025-12-16T23:39:26.735014+0100 chargesom manager[934598]: [INFO] connector:EvseM  :: EVSE ISO V2G CurrentDemandRes
2025-12-16T23:39:26.859063+0100 chargesom manager[934598]: [INFO] connector:EvseM  ::                                     CAR ISO V2G CurrentDemandReq
2025-12-16T23:39:26.998091+0100 chargesom manager[934598]: [INFO] connector:EvseM  :: EVSE ISO V2G CurrentDemandRes
2025-12-16T23:39:27.085179+0100 chargesom manager[934598]: [INFO] connector:EvseM  ::                                     CAR ISO V2G CurrentDemandReq
2025-12-16T23:39:27.175001+0100 chargesom manager[934598]: [INFO] connector:EvseM  :: EVSE ISO V2G CurrentDemandRes
2025-12-16T23:39:27.190378+0100 chargesom manager[934598]: [INFO] connector:EvseM  :: EVSE IEC Isolation measurement Ok R_F 900000.
2025-12-16T23:39:27.321501+0100 chargesom manager[934598]: [INFO] connector:EvseM  ::                                     CAR ISO V2G CurrentDemandReq
2025-12-16T23:39:27.395948+0100 chargesom manager[934598]: [INFO] connector:EvseM  :: EVSE ISO V2G CurrentDemandRes
2025-12-16T23:39:27.525332+0100 chargesom manager[934598]: [INFO] connector:EvseM  ::                                     CAR ISO V2G CurrentDemandReq
2025-12-16T23:39:27.616142+0100 chargesom manager[934598]: [INFO] connector:EvseM  :: EVSE ISO V2G CurrentDemandRes
2025-12-16T23:39:27.737824+0100 chargesom manager[934598]: [INFO] connector:EvseM  ::                                     CAR ISO V2G CurrentDemandReq
2025-12-16T23:39:27.835353+0100 chargesom manager[934598]: [INFO] connector:EvseM  :: EVSE ISO V2G CurrentDemandRes
2025-12-16T23:39:27.958145+0100 chargesom manager[934598]: [INFO] connector:EvseM  ::                                     CAR ISO V2G CurrentDemandReq
2025-12-16T23:39:28.093207+0100 chargesom manager[934598]: [INFO] connector:EvseM  :: EVSE ISO V2G CurrentDemandRes
2025-12-16T23:39:28.182311+0100 chargesom manager[934598]: [INFO] connector:EvseM  ::                                     CAR ISO V2G CurrentDemandReq
2025-12-16T23:39:28.190577+0100 chargesom manager[934598]: [INFO] connector:EvseM  :: EVSE IEC Isolation measurement Ok R_F 900000.
2025-12-16T23:39:28.277797+0100 chargesom manager[934598]: [INFO] connector:EvseM  :: EVSE ISO V2G CurrentDemandRes
2025-12-16T23:39:28.397782+0100 chargesom manager[934598]: [INFO] connector:EvseM  ::                                     CAR ISO V2G CurrentDemandReq
2025-12-16T23:39:28.529395+0100 chargesom manager[934598]: [INFO] connector:EvseM  :: EVSE ISO V2G CurrentDemandRes
2025-12-16T23:39:28.617381+0100 chargesom manager[934598]: [INFO] connector:EvseM  ::                                     CAR ISO V2G CurrentDemandReq
2025-12-16T23:39:28.715860+0100 chargesom manager[934598]: [INFO] connector:EvseM  :: EVSE ISO V2G CurrentDemandRes
2025-12-16T23:39:28.838239+0100 chargesom manager[934598]: [INFO] connector:EvseM  ::                                     CAR ISO V2G CurrentDemandReq
2025-12-16T23:39:28.935982+0100 chargesom manager[934598]: [INFO] connector:EvseM  :: EVSE ISO V2G CurrentDemandRes
2025-12-16T23:39:29.057452+0100 chargesom manager[934598]: [INFO] connector:EvseM  ::                                     CAR ISO V2G CurrentDemandReq
2025-12-16T23:39:29.193380+0100 chargesom manager[934598]: [INFO] connector:EvseM  :: EVSE ISO V2G CurrentDemandRes
2025-12-16T23:39:29.193837+0100 chargesom manager[934598]: [INFO] connector:EvseM  :: EVSE IEC Isolation measurement Ok R_F 900000.
2025-12-16T23:39:29.282733+0100 chargesom manager[934598]: [INFO] connector:EvseM  ::                                     CAR ISO V2G CurrentDemandReq
2025-12-16T23:39:29.376056+0100 chargesom manager[934598]: [INFO] connector:EvseM  :: EVSE ISO V2G CurrentDemandRes
2025-12-16T23:39:29.525478+0100 chargesom manager[934598]: [INFO] connector:EvseM  ::                                     CAR ISO V2G CurrentDemandReq
2025-12-16T23:39:29.595896+0100 chargesom manager[934598]: [INFO] connector:EvseM  :: EVSE ISO V2G CurrentDemandRes
2025-12-16T23:39:29.717280+0100 chargesom manager[934598]: [INFO] connector:EvseM  ::                                     CAR ISO V2G CurrentDemandReq
2025-12-16T23:39:29.815976+0100 chargesom manager[934598]: [INFO] connector:EvseM  :: EVSE ISO V2G CurrentDemandRes
2025-12-16T23:39:29.938031+0100 chargesom manager[934598]: [INFO] connector:EvseM  ::                                     CAR ISO V2G CurrentDemandReq
2025-12-16T23:39:30.053192+0100 chargesom manager[934598]: [INFO] connector:EvseM  :: EVSE ISO V2G CurrentDemandRes
2025-12-16T23:39:30.157562+0100 chargesom manager[934598]: [INFO] connector:EvseM  ::                                     CAR ISO V2G CurrentDemandReq
2025-12-16T23:39:30.191202+0100 chargesom manager[934598]: [INFO] connector:EvseM  :: EVSE IEC Isolation measurement Ok R_F 900000.
2025-12-16T23:39:30.277404+0100 chargesom manager[934598]: [INFO] connector:EvseM  :: EVSE ISO V2G CurrentDemandRes
2025-12-16T23:39:30.409629+0100 chargesom manager[934598]: [INFO] connector:EvseM  ::                                     CAR ISO V2G CurrentDemandReq
2025-12-16T23:39:30.484344+0100 chargesom manager[934598]: [INFO] connector:EvseM  :: EVSE ISO V2G CurrentDemandRes
2025-12-16T23:39:30.597794+0100 chargesom manager[934598]: [INFO] connector:EvseM  ::                                     CAR ISO V2G CurrentDemandReq
2025-12-16T23:39:30.695220+0100 chargesom manager[934598]: [INFO] connector:EvseM  :: EVSE ISO V2G CurrentDemandRes
2025-12-16T23:39:30.817991+0100 chargesom manager[934598]: [INFO] connector:EvseM  ::                                     CAR ISO V2G CurrentDemandReq
2025-12-16T23:39:30.915922+0100 chargesom manager[934598]: [INFO] connector:EvseM  :: EVSE ISO V2G CurrentDemandRes
2025-12-16T23:39:31.037528+0100 chargesom manager[934598]: [INFO] connector:EvseM  ::                                     CAR ISO V2G CurrentDemandReq
2025-12-16T23:39:31.135856+0100 chargesom manager[934598]: [INFO] connector:EvseM  :: EVSE ISO V2G CurrentDemandRes
2025-12-16T23:39:31.191553+0100 chargesom manager[934598]: [INFO] connector:EvseM  :: EVSE IEC Isolation measurement Ok R_F 900000.
2025-12-16T23:39:31.277299+0100 chargesom manager[934598]: [INFO] connector:EvseM  ::                                     CAR ISO V2G CurrentDemandReq
2025-12-16T23:39:31.356746+0100 chargesom manager[934598]: [INFO] connector:EvseM  :: EVSE ISO V2G CurrentDemandRes
2025-12-16T23:39:31.505771+0100 chargesom manager[934598]: [INFO] connector:EvseM  ::                                     CAR ISO V2G CurrentDemandReq
2025-12-16T23:39:31.609414+0100 chargesom manager[934598]: [INFO] connector:EvseM  :: EVSE ISO V2G CurrentDemandRes
2025-12-16T23:39:31.697318+0100 chargesom manager[934598]: [INFO] connector:EvseM  ::                                     CAR ISO V2G CurrentDemandReq
2025-12-16T23:39:31.795860+0100 chargesom manager[934598]: [INFO] connector:EvseM  :: EVSE ISO V2G CurrentDemandRes
2025-12-16T23:39:31.918526+0100 chargesom manager[934598]: [INFO] connector:EvseM  ::                                     CAR ISO V2G CurrentDemandReq
2025-12-16T23:39:32.015911+0100 chargesom manager[934598]: [INFO] connector:EvseM  :: EVSE ISO V2G CurrentDemandRes
2025-12-16T23:39:32.137559+0100 chargesom manager[934598]: [INFO] connector:EvseM  ::                                     CAR ISO V2G CurrentDemandReq
2025-12-16T23:39:32.191812+0100 chargesom manager[934598]: [INFO] connector:EvseM  :: EVSE IEC Isolation measurement Ok R_F 900000.
2025-12-16T23:39:32.237358+0100 chargesom manager[934598]: [INFO] connector:EvseM  :: EVSE ISO V2G CurrentDemandRes
2025-12-16T23:39:32.357390+0100 chargesom manager[934598]: [INFO] connector:EvseM  ::                                     CAR ISO V2G CurrentDemandReq
2025-12-16T23:39:32.456147+0100 chargesom manager[934598]: [INFO] connector:EvseM  :: EVSE ISO V2G CurrentDemandRes
2025-12-16T23:39:32.617640+0100 chargesom manager[934598]: [INFO] connector:EvseM  ::                                     CAR ISO V2G CurrentDemandReq
2025-12-16T23:39:32.709844+0100 chargesom manager[934598]: [INFO] connector:EvseM  :: EVSE ISO V2G CurrentDemandRes
2025-12-16T23:39:32.798090+0100 chargesom manager[934598]: [INFO] connector:EvseM  ::                                     CAR ISO V2G CurrentDemandReq
2025-12-16T23:39:32.896040+0100 chargesom manager[934598]: [INFO] connector:EvseM  :: EVSE ISO V2G CurrentDemandRes
2025-12-16T23:39:33.046180+0100 chargesom manager[934598]: [INFO] connector:EvseM  ::                                     CAR ISO V2G CurrentDemandReq
2025-12-16T23:39:33.115672+0100 chargesom manager[934598]: [INFO] connector:EvseM  :: EVSE ISO V2G CurrentDemandRes
2025-12-16T23:39:33.192073+0100 chargesom manager[934598]: [INFO] connector:EvseM  :: EVSE IEC Isolation measurement Ok R_F 900000.
2025-12-16T23:39:33.237875+0100 chargesom manager[934598]: [INFO] connector:EvseM  ::                                     CAR ISO V2G CurrentDemandReq
2025-12-16T23:39:33.335933+0100 chargesom manager[934598]: [INFO] connector:EvseM  :: EVSE ISO V2G CurrentDemandRes
2025-12-16T23:39:33.457433+0100 chargesom manager[934598]: [INFO] connector:EvseM  ::                                     CAR ISO V2G CurrentDemandReq
2025-12-16T23:39:33.555798+0100 chargesom manager[934598]: [INFO] connector:EvseM  :: EVSE ISO V2G CurrentDemandRes
2025-12-16T23:39:33.717556+0100 chargesom manager[934598]: [INFO] connector:EvseM  ::                                     CAR ISO V2G CurrentDemandReq
2025-12-16T23:39:33.809363+0100 chargesom manager[934598]: [INFO] connector:EvseM  :: EVSE ISO V2G CurrentDemandRes
2025-12-16T23:39:33.898592+0100 chargesom manager[934598]: [INFO] connector:EvseM  ::                                     CAR ISO V2G CurrentDemandReq
2025-12-16T23:39:33.996032+0100 chargesom manager[934598]: [INFO] connector:EvseM  :: EVSE ISO V2G CurrentDemandRes
2025-12-16T23:39:34.117187+0100 chargesom manager[934598]: [INFO] connector:EvseM  ::                                     CAR ISO V2G CurrentDemandReq
2025-12-16T23:39:34.192384+0100 chargesom manager[934598]: [INFO] connector:EvseM  :: EVSE IEC Isolation measurement Ok R_F 900000.
2025-12-16T23:39:34.237305+0100 chargesom manager[934598]: [INFO] connector:EvseM  :: EVSE ISO V2G CurrentDemandRes
2025-12-16T23:39:34.337455+0100 chargesom manager[934598]: [INFO] connector:EvseM  ::                                     CAR ISO V2G CurrentDemandReq
2025-12-16T23:39:34.435772+0100 chargesom manager[934598]: [INFO] connector:EvseM  :: EVSE ISO V2G CurrentDemandRes
2025-12-16T23:39:34.557197+0100 chargesom manager[934598]: [INFO] connector:EvseM  ::                                     CAR ISO V2G CurrentDemandReq
2025-12-16T23:39:34.656370+0100 chargesom manager[934598]: [INFO] connector:EvseM  :: EVSE ISO V2G CurrentDemandRes
2025-12-16T23:39:34.818179+0100 chargesom manager[934598]: [INFO] connector:EvseM  ::                                     CAR ISO V2G CurrentDemandReq
2025-12-16T23:39:34.905714+0100 chargesom manager[934598]: [INFO] connector:EvseM  :: EVSE ISO V2G CurrentDemandRes
2025-12-16T23:39:34.997516+0100 chargesom manager[934598]: [INFO] connector:EvseM  ::                                     CAR ISO V2G CurrentDemandReq
2025-12-16T23:39:35.101322+0100 chargesom manager[934598]: [INFO] connector:EvseM  :: EVSE ISO V2G CurrentDemandRes
2025-12-16T23:39:35.192751+0100 chargesom manager[934598]: [INFO] connector:EvseM  :: EVSE IEC Isolation measurement Ok R_F 900000.
2025-12-16T23:39:35.237377+0100 chargesom manager[934598]: [INFO] connector:EvseM  ::                                     CAR ISO V2G CurrentDemandReq
2025-12-16T23:39:35.315894+0100 chargesom manager[934598]: [INFO] connector:EvseM  :: EVSE ISO V2G CurrentDemandRes
2025-12-16T23:39:35.437204+0100 chargesom manager[934598]: [INFO] connector:EvseM  ::                                     CAR ISO V2G CurrentDemandReq
2025-12-16T23:39:35.535672+0100 chargesom manager[934598]: [INFO] connector:EvseM  :: EVSE ISO V2G CurrentDemandRes
2025-12-16T23:39:35.657387+0100 chargesom manager[934598]: [INFO] connector:EvseM  ::                                     CAR ISO V2G CurrentDemandReq
2025-12-16T23:39:35.755578+0100 chargesom manager[934598]: [INFO] connector:EvseM  :: EVSE ISO V2G CurrentDemandRes
2025-12-16T23:39:35.877880+0100 chargesom manager[934598]: [INFO] connector:EvseM  ::                                     CAR ISO V2G CurrentDemandReq
2025-12-16T23:39:36.009673+0100 chargesom manager[934598]: [INFO] connector:EvseM  :: EVSE ISO V2G CurrentDemandRes
2025-12-16T23:39:36.097359+0100 chargesom manager[934598]: [INFO] connector:EvseM  ::                                     CAR ISO V2G CurrentDemandReq
2025-12-16T23:39:36.193035+0100 chargesom manager[934598]: [INFO] connector:EvseM  :: EVSE IEC Isolation measurement Ok R_F 900000.
2025-12-16T23:39:36.238142+0100 chargesom manager[934598]: [INFO] connector:EvseM  :: EVSE ISO V2G CurrentDemandRes
2025-12-16T23:39:36.318452+0100 chargesom manager[934598]: [INFO] connector:EvseM  ::                                     CAR ISO V2G CurrentDemandReq
2025-12-16T23:39:36.415928+0100 chargesom manager[934598]: [INFO] connector:EvseM  :: EVSE ISO V2G CurrentDemandRes
2025-12-16T23:39:36.537521+0100 chargesom manager[934598]: [INFO] connector:EvseM  ::                                     CAR ISO V2G CurrentDemandReq
2025-12-16T23:39:36.636160+0100 chargesom manager[934598]: [INFO] connector:EvseM  :: EVSE ISO V2G CurrentDemandRes
2025-12-16T23:39:36.757166+0100 chargesom manager[934598]: [INFO] connector:EvseM  ::                                     CAR ISO V2G CurrentDemandReq
2025-12-16T23:39:36.855689+0100 chargesom manager[934598]: [INFO] connector:EvseM  :: EVSE ISO V2G CurrentDemandRes
2025-12-16T23:39:36.978711+0100 chargesom manager[934598]: [INFO] connector:EvseM  ::                                     CAR ISO V2G CurrentDemandReq
2025-12-16T23:39:37.105416+0100 chargesom manager[934598]: [INFO] connector:EvseM  :: EVSE ISO V2G CurrentDemandRes
2025-12-16T23:39:37.205685+0100 chargesom manager[934598]: [INFO] connector:EvseM  :: EVSE IEC Isolation measurement Ok R_F 900000.
2025-12-16T23:39:37.205685+0100 chargesom manager[934598]: [INFO] connector:EvseM  ::                                     CAR ISO V2G CurrentDemandReq
2025-12-16T23:39:37.295896+0100 chargesom manager[934598]: [INFO] connector:EvseM  :: EVSE ISO V2G CurrentDemandRes
2025-12-16T23:39:37.417120+0100 chargesom manager[934598]: [INFO] connector:EvseM  ::                                     CAR ISO V2G CurrentDemandReq
2025-12-16T23:39:37.533221+0100 chargesom manager[934598]: [INFO] connector:EvseM  :: EVSE ISO V2G CurrentDemandRes
2025-12-16T23:39:37.637098+0100 chargesom manager[934598]: [INFO] connector:EvseM  ::                                     CAR ISO V2G CurrentDemandReq
2025-12-16T23:39:37.734438+0100 chargesom manager[934598]: [INFO] connector:EvseM  :: EVSE ISO V2G CurrentDemandRes
2025-12-16T23:39:37.857984+0100 chargesom manager[934598]: [INFO] connector:EvseM  ::                                     CAR ISO V2G CurrentDemandReq
2025-12-16T23:39:37.955662+0100 chargesom manager[934598]: [INFO] connector:EvseM  :: EVSE ISO V2G CurrentDemandRes
2025-12-16T23:39:38.089442+0100 chargesom manager[934598]: [INFO] connector:EvseM  ::                                     CAR ISO V2G CurrentDemandReq
2025-12-16T23:39:38.213812+0100 chargesom manager[934598]: [INFO] connector:EvseM  :: EVSE IEC Isolation measurement Ok R_F 900000.
2025-12-16T23:39:38.213812+0100 chargesom manager[934598]: [INFO] connector:EvseM  :: EVSE ISO V2G CurrentDemandRes
2025-12-16T23:39:38.302543+0100 chargesom manager[934598]: [INFO] connector:EvseM  ::                                     CAR ISO V2G CurrentDemandReq
2025-12-16T23:39:38.395495+0100 chargesom manager[934598]: [INFO] connector:EvseM  :: EVSE ISO V2G CurrentDemandRes
2025-12-16T23:39:38.533407+0100 chargesom manager[934598]: [INFO] connector:EvseM  ::                                     CAR ISO V2G CurrentDemandReq
2025-12-16T23:39:38.615513+0100 chargesom manager[934598]: [INFO] connector:EvseM  :: EVSE ISO V2G CurrentDemandRes
2025-12-16T23:39:38.737097+0100 chargesom manager[934598]: [INFO] connector:EvseM  ::                                     CAR ISO V2G CurrentDemandReq
2025-12-16T23:39:38.835667+0100 chargesom manager[934598]: [INFO] connector:EvseM  :: EVSE ISO V2G CurrentDemandRes
2025-12-16T23:39:38.958462+0100 chargesom manager[934598]: [INFO] connector:EvseM  ::                                     CAR ISO V2G CurrentDemandReq
2025-12-16T23:39:39.054494+0100 chargesom manager[934598]: [INFO] connector:EvseM  :: EVSE ISO V2G CurrentDemandRes
2025-12-16T23:39:39.177159+0100 chargesom manager[934598]: [INFO] connector:EvseM  ::                                     CAR ISO V2G CurrentDemandReq
2025-12-16T23:39:39.193888+0100 chargesom manager[934598]: [INFO] connector:EvseM  :: EVSE IEC Isolation measurement Ok R_F 900000.
2025-12-16T23:39:39.281661+0100 chargesom manager[934598]: [INFO] connector:EvseM  :: EVSE ISO V2G CurrentDemandRes
2025-12-16T23:39:39.401776+0100 chargesom manager[934598]: [INFO] connector:EvseM  ::                                     CAR ISO V2G CurrentDemandReq
2025-12-16T23:39:39.533377+0100 chargesom manager[934598]: [INFO] connector:EvseM  :: EVSE ISO V2G CurrentDemandRes
2025-12-16T23:39:39.617085+0100 chargesom manager[934598]: [INFO] connector:EvseM  ::                                     CAR ISO V2G CurrentDemandReq
2025-12-16T23:39:39.715510+0100 chargesom manager[934598]: [INFO] connector:EvseM  :: EVSE ISO V2G CurrentDemandRes
2025-12-16T23:39:39.838081+0100 chargesom manager[934598]: [INFO] connector:EvseM  ::                                     CAR ISO V2G CurrentDemandReq
2025-12-16T23:39:39.934552+0100 chargesom manager[934598]: [INFO] connector:EvseM  :: EVSE ISO V2G CurrentDemandRes
2025-12-16T23:39:40.057035+0100 chargesom manager[934598]: [INFO] connector:EvseM  ::                                     CAR ISO V2G CurrentDemandReq
2025-12-16T23:39:40.155065+0100 chargesom manager[934598]: [INFO] connector:EvseM  :: EVSE ISO V2G CurrentDemandRes
2025-12-16T23:39:40.194207+0100 chargesom manager[934598]: [INFO] connector:EvseM  :: EVSE IEC Isolation measurement Ok R_F 900000.
2025-12-16T23:39:40.281547+0100 chargesom manager[934598]: [INFO] connector:EvseM  ::                                     CAR ISO V2G CurrentDemandReq
2025-12-16T23:39:40.375427+0100 chargesom manager[934598]: [INFO] connector:EvseM  :: EVSE ISO V2G CurrentDemandRes
2025-12-16T23:39:40.537687+0100 chargesom manager[934598]: [INFO] connector:EvseM  ::                                     CAR ISO V2G CurrentDemandReq
2025-12-16T23:39:40.596757+0100 chargesom manager[934598]: [INFO] connector:EvseM  :: EVSE ISO V2G CurrentDemandRes
2025-12-16T23:39:40.716893+0100 chargesom manager[934598]: [INFO] connector:EvseM  ::                                     CAR ISO V2G CurrentDemandReq
2025-12-16T23:39:40.814523+0100 chargesom manager[934598]: [INFO] connector:EvseM  :: EVSE ISO V2G CurrentDemandRes
2025-12-16T23:39:40.939116+0100 chargesom manager[934598]: [INFO] connector:EvseM  ::                                     CAR ISO V2G CurrentDemandReq
2025-12-16T23:39:41.050034+0100 chargesom manager[934598]: [INFO] connector:EvseM  :: EVSE ISO V2G CurrentDemandRes
2025-12-16T23:39:41.157127+0100 chargesom manager[934598]: [INFO] connector:EvseM  ::                                     CAR ISO V2G CurrentDemandReq
2025-12-16T23:39:41.194441+0100 chargesom manager[934598]: [INFO] connector:EvseM  :: EVSE IEC Isolation measurement Ok R_F 900000.
2025-12-16T23:39:41.281414+0100 chargesom manager[934598]: [INFO] connector:EvseM  :: EVSE ISO V2G CurrentDemandRes
2025-12-16T23:39:41.376867+0100 chargesom manager[934598]: [INFO] connector:EvseM  ::                                     CAR ISO V2G CurrentDemandReq
2025-12-16T23:39:41.474335+0100 chargesom manager[934598]: [INFO] connector:EvseM  :: EVSE ISO V2G CurrentDemandRes
2025-12-16T23:39:41.633712+0100 chargesom manager[934598]: [INFO] connector:EvseM  ::                                     CAR ISO V2G CurrentDemandReq
2025-12-16T23:39:41.721261+0100 chargesom manager[934598]: [INFO] connector:EvseM  :: EVSE ISO V2G CurrentDemandRes
2025-12-16T23:39:41.818365+0100 chargesom manager[934598]: [INFO] connector:EvseM  ::                                     CAR ISO V2G CurrentDemandReq
2025-12-16T23:39:41.914443+0100 chargesom manager[934598]: [INFO] connector:EvseM  :: EVSE ISO V2G CurrentDemandRes
2025-12-16T23:39:42.037113+0100 chargesom manager[934598]: [INFO] connector:EvseM  ::                                     CAR ISO V2G CurrentDemandReq
2025-12-16T23:39:42.134453+0100 chargesom manager[934598]: [INFO] connector:EvseM  :: EVSE ISO V2G CurrentDemandRes
2025-12-16T23:39:42.194751+0100 chargesom manager[934598]: [INFO] connector:EvseM  :: EVSE IEC Isolation measurement Ok R_F 900000.
2025-12-16T23:39:42.281908+0100 chargesom manager[934598]: [INFO] connector:EvseM  ::                                     CAR ISO V2G CurrentDemandReq
2025-12-16T23:39:42.354416+0100 chargesom manager[934598]: [INFO] connector:EvseM  :: EVSE ISO V2G CurrentDemandRes
2025-12-16T23:39:42.476881+0100 chargesom manager[934598]: [INFO] connector:EvseM  ::                                     CAR ISO V2G CurrentDemandReq
2025-12-16T23:39:42.574286+0100 chargesom manager[934598]: [INFO] connector:EvseM  :: EVSE ISO V2G CurrentDemandRes
2025-12-16T23:39:42.729391+0100 chargesom manager[934598]: [INFO] connector:EvseM  ::                                     CAR ISO V2G CurrentDemandReq
2025-12-16T23:39:42.825427+0100 chargesom manager[934598]: [INFO] connector:EvseM  :: EVSE ISO V2G CurrentDemandRes
2025-12-16T23:39:42.918032+0100 chargesom manager[934598]: [INFO] connector:EvseM  ::                                     CAR ISO V2G CurrentDemandReq
2025-12-16T23:39:43.053843+0100 chargesom manager[934598]: [INFO] connector:EvseM  :: EVSE ISO V2G CurrentDemandRes
2025-12-16T23:39:43.136851+0100 chargesom manager[934598]: [INFO] connector:EvseM  ::                                     CAR ISO V2G CurrentDemandReq
2025-12-16T23:39:43.195080+0100 chargesom manager[934598]: [INFO] connector:EvseM  :: EVSE IEC Isolation measurement Ok R_F 900000.
2025-12-16T23:39:43.241663+0100 chargesom manager[934598]: [INFO] connector:EvseM  :: EVSE ISO V2G CurrentDemandRes
2025-12-16T23:39:43.356946+0100 chargesom manager[934598]: [INFO] connector:EvseM  ::                                     CAR ISO V2G CurrentDemandReq
2025-12-16T23:39:43.454309+0100 chargesom manager[934598]: [INFO] connector:EvseM  :: EVSE ISO V2G CurrentDemandRes
2025-12-16T23:39:43.576975+0100 chargesom manager[934598]: [INFO] connector:EvseM  ::                                     CAR ISO V2G CurrentDemandReq
2025-12-16T23:39:43.674357+0100 chargesom manager[934598]: [INFO] connector:EvseM  :: EVSE ISO V2G CurrentDemandRes
2025-12-16T23:39:43.838543+0100 chargesom manager[934598]: [INFO] connector:EvseM  ::                                     CAR ISO V2G CurrentDemandReq
2025-12-16T23:39:43.925573+0100 chargesom manager[934598]: [INFO] connector:EvseM  :: EVSE ISO V2G CurrentDemandRes
2025-12-16T23:39:44.016834+0100 chargesom manager[934598]: [INFO] connector:EvseM  ::                                     CAR ISO V2G CurrentDemandReq
2025-12-16T23:39:44.114142+0100 chargesom manager[934598]: [INFO] connector:EvseM  :: EVSE ISO V2G CurrentDemandRes
2025-12-16T23:39:44.195828+0100 chargesom manager[934598]: [INFO] connector:EvseM  :: EVSE IEC Isolation measurement Ok R_F 900000.
2025-12-16T23:39:44.241209+0100 chargesom manager[934598]: [INFO] connector:EvseM  ::                                     CAR ISO V2G CurrentDemandReq
2025-12-16T23:39:44.334240+0100 chargesom manager[934598]: [INFO] connector:EvseM  :: EVSE ISO V2G CurrentDemandRes
2025-12-16T23:39:44.457046+0100 chargesom manager[934598]: [INFO] connector:EvseM  ::                                     CAR ISO V2G CurrentDemandReq
2025-12-16T23:39:44.554121+0100 chargesom manager[934598]: [INFO] connector:EvseM  :: EVSE ISO V2G CurrentDemandRes
2025-12-16T23:39:44.676829+0100 chargesom manager[934598]: [INFO] connector:EvseM  ::                                     CAR ISO V2G CurrentDemandReq
2025-12-16T23:39:44.775248+0100 chargesom manager[934598]: [INFO] connector:EvseM  :: EVSE ISO V2G CurrentDemandRes
2025-12-16T23:39:44.897771+0100 chargesom manager[934598]: [INFO] connector:EvseM  ::                                     CAR ISO V2G CurrentDemandReq
2025-12-16T23:39:45.034044+0100 chargesom manager[934598]: [INFO] connector:EvseM  :: EVSE ISO V2G CurrentDemandRes
2025-12-16T23:39:45.121660+0100 chargesom manager[934598]: [INFO] connector:EvseM  ::                                     CAR ISO V2G CurrentDemandReq
2025-12-16T23:39:45.195647+0100 chargesom manager[934598]: [INFO] connector:EvseM  :: EVSE IEC Isolation measurement Ok R_F 900000.
2025-12-16T23:39:45.241402+0100 chargesom manager[934598]: [INFO] connector:EvseM  :: EVSE ISO V2G CurrentDemandRes
2025-12-16T23:39:45.337063+0100 chargesom manager[934598]: [INFO] connector:EvseM  ::                                     CAR ISO V2G CurrentDemandReq
2025-12-16T23:39:45.434411+0100 chargesom manager[934598]: [INFO] connector:EvseM  :: EVSE ISO V2G CurrentDemandRes
2025-12-16T23:39:45.556717+0100 chargesom manager[934598]: [INFO] connector:EvseM  ::                                     CAR ISO V2G CurrentDemandReq
2025-12-16T23:39:45.654800+0100 chargesom manager[934598]: [INFO] connector:EvseM  :: EVSE ISO V2G CurrentDemandRes
2025-12-16T23:39:45.777644+0100 chargesom manager[934598]: [INFO] connector:EvseM  ::                                     CAR ISO V2G CurrentDemandReq
2025-12-16T23:39:45.874435+0100 chargesom manager[934598]: [INFO] connector:EvseM  :: EVSE ISO V2G CurrentDemandRes
2025-12-16T23:39:45.996984+0100 chargesom manager[934598]: [INFO] connector:EvseM  ::                                     CAR ISO V2G CurrentDemandReq
2025-12-16T23:39:46.138002+0100 chargesom manager[934598]: [INFO] connector:EvseM  :: EVSE ISO V2G CurrentDemandRes
2025-12-16T23:39:46.233631+0100 chargesom manager[934598]: [INFO] connector:EvseM  :: EVSE IEC Isolation measurement Ok R_F 900000.
2025-12-16T23:39:46.235117+0100 chargesom manager[934598]: [INFO] connector:EvseM  ::                                     CAR ISO V2G CurrentDemandReq
2025-12-16T23:39:46.323306+0100 chargesom manager[934598]: [INFO] connector:EvseM  :: EVSE ISO V2G CurrentDemandRes
2025-12-16T23:39:46.436665+0100 chargesom manager[934598]: [INFO] connector:EvseM  ::                                     CAR ISO V2G CurrentDemandReq
2025-12-16T23:39:46.541243+0100 chargesom manager[934598]: [INFO] connector:EvseM  :: EVSE ISO V2G CurrentDemandRes
2025-12-16T23:39:46.656798+0100 chargesom manager[934598]: [INFO] connector:EvseM  ::                                     CAR ISO V2G CurrentDemandReq
2025-12-16T23:39:46.755026+0100 chargesom manager[934598]: [INFO] connector:EvseM  :: EVSE ISO V2G CurrentDemandRes
2025-12-16T23:39:46.877415+0100 chargesom manager[934598]: [INFO] connector:EvseM  ::                                     CAR ISO V2G CurrentDemandReq
2025-12-16T23:39:46.974247+0100 chargesom manager[934598]: [INFO] connector:EvseM  :: EVSE ISO V2G CurrentDemandRes
2025-12-16T23:39:47.096437+0100 chargesom manager[934598]: [INFO] connector:EvseM  ::                                     CAR ISO V2G CurrentDemandReq
2025-12-16T23:39:47.195015+0100 chargesom manager[934598]: [INFO] connector:EvseM  :: EVSE ISO V2G CurrentDemandRes
2025-12-16T23:39:47.196698+0100 chargesom manager[934598]: [INFO] connector:EvseM  :: EVSE IEC Isolation measurement Ok R_F 900000.
2025-12-16T23:39:47.333753+0100 chargesom manager[934598]: [INFO] connector:EvseM  ::                                     CAR ISO V2G CurrentDemandReq
2025-12-16T23:39:47.449361+0100 chargesom manager[934598]: [INFO] connector:EvseM  :: EVSE ISO V2G CurrentDemandRes
2025-12-16T23:39:47.541225+0100 chargesom manager[934598]: [INFO] connector:EvseM  ::                                     CAR ISO V2G CurrentDemandReq
2025-12-16T23:39:47.634234+0100 chargesom manager[934598]: [INFO] connector:EvseM  :: EVSE ISO V2G CurrentDemandRes
2025-12-16T23:39:47.756658+0100 chargesom manager[934598]: [INFO] connector:EvseM  ::                                     CAR ISO V2G CurrentDemandReq
2025-12-16T23:39:47.855179+0100 chargesom manager[934598]: [INFO] connector:EvseM  :: EVSE ISO V2G CurrentDemandRes
2025-12-16T23:39:47.977549+0100 chargesom manager[934598]: [INFO] connector:EvseM  ::                                     CAR ISO V2G CurrentDemandReq
2025-12-16T23:39:48.109232+0100 chargesom manager[934598]: [INFO] connector:EvseM  :: EVSE ISO V2G CurrentDemandRes
2025-12-16T23:39:48.197175+0100 chargesom manager[934598]: [INFO] connector:EvseM  ::                                     CAR ISO V2G CurrentDemandReq
2025-12-16T23:39:48.198255+0100 chargesom manager[934598]: [INFO] connector:EvseM  :: EVSE IEC Isolation measurement Ok R_F 900000.
2025-12-16T23:39:48.294327+0100 chargesom manager[934598]: [INFO] connector:EvseM  :: EVSE ISO V2G CurrentDemandRes
2025-12-16T23:39:48.457770+0100 chargesom manager[934598]: [INFO] connector:EvseM  ::                                     CAR ISO V2G CurrentDemandReq
2025-12-16T23:39:48.549834+0100 chargesom manager[934598]: [INFO] connector:EvseM  :: EVSE ISO V2G CurrentDemandRes
2025-12-16T23:39:48.636640+0100 chargesom manager[934598]: [INFO] connector:EvseM  ::                                     CAR ISO V2G CurrentDemandReq
2025-12-16T23:39:48.735093+0100 chargesom manager[934598]: [INFO] connector:EvseM  :: EVSE ISO V2G CurrentDemandRes
2025-12-16T23:39:48.857696+0100 chargesom manager[934598]: [INFO] connector:EvseM  ::                                     CAR ISO V2G CurrentDemandReq
2025-12-16T23:39:48.954206+0100 chargesom manager[934598]: [INFO] connector:EvseM  :: EVSE ISO V2G CurrentDemandRes
2025-12-16T23:39:49.076487+0100 chargesom manager[934598]: [INFO] connector:EvseM  ::                                     CAR ISO V2G CurrentDemandReq
2025-12-16T23:39:49.174968+0100 chargesom manager[934598]: [INFO] connector:EvseM  :: EVSE ISO V2G CurrentDemandRes
2025-12-16T23:39:49.197317+0100 chargesom manager[934598]: [INFO] connector:EvseM  :: EVSE IEC Isolation measurement Ok R_F 900000.
2025-12-16T23:39:49.329224+0100 chargesom manager[934598]: [INFO] connector:EvseM  ::                                     CAR ISO V2G CurrentDemandReq
2025-12-16T23:39:49.394787+0100 chargesom manager[934598]: [INFO] connector:EvseM  :: EVSE ISO V2G CurrentDemandRes
2025-12-16T23:39:49.541687+0100 chargesom manager[934598]: [INFO] connector:EvseM  ::                                     CAR ISO V2G CurrentDemandReq
2025-12-16T23:39:49.638073+0100 chargesom manager[934598]: [INFO] connector:EvseM  :: EVSE ISO V2G CurrentDemandRes
2025-12-16T23:39:49.736774+0100 chargesom manager[934598]: [INFO] connector:EvseM  ::                                     CAR ISO V2G CurrentDemandReq
2025-12-16T23:39:49.834484+0100 chargesom manager[934598]: [INFO] connector:EvseM  :: EVSE ISO V2G CurrentDemandRes
2025-12-16T23:39:49.957328+0100 chargesom manager[934598]: [INFO] connector:EvseM  ::                                     CAR ISO V2G CurrentDemandReq
2025-12-16T23:39:50.055036+0100 chargesom manager[934598]: [INFO] connector:EvseM  :: EVSE ISO V2G CurrentDemandRes
2025-12-16T23:39:50.176373+0100 chargesom manager[934598]: [INFO] connector:EvseM  ::                                     CAR ISO V2G CurrentDemandReq
2025-12-16T23:39:50.197583+0100 chargesom manager[934598]: [INFO] connector:EvseM  :: EVSE IEC Isolation measurement Ok R_F 900000.
2025-12-16T23:39:50.289358+0100 chargesom manager[934598]: [INFO] connector:EvseM  :: EVSE ISO V2G CurrentDemandRes
2025-12-16T23:39:50.396797+0100 chargesom manager[934598]: [INFO] connector:EvseM  ::                                     CAR ISO V2G CurrentDemandReq
2025-12-16T23:39:50.494493+0100 chargesom manager[934598]: [INFO] connector:EvseM  :: EVSE ISO V2G CurrentDemandRes
2025-12-16T23:39:50.616411+0100 chargesom manager[934598]: [INFO] connector:EvseM  ::                                     CAR ISO V2G CurrentDemandReq
2025-12-16T23:39:50.741348+0100 chargesom manager[934598]: [INFO] connector:EvseM  :: EVSE ISO V2G CurrentDemandRes
2025-12-16T23:39:50.837595+0100 chargesom manager[934598]: [INFO] connector:EvseM  ::                                     CAR ISO V2G CurrentDemandReq
2025-12-16T23:39:50.934954+0100 chargesom manager[934598]: [INFO] connector:EvseM  :: EVSE ISO V2G CurrentDemandRes
2025-12-16T23:39:51.093383+0100 chargesom manager[934598]: [INFO] connector:EvseM  ::                                     CAR ISO V2G CurrentDemandReq
2025-12-16T23:39:51.154904+0100 chargesom manager[934598]: [INFO] connector:EvseM  :: EVSE ISO V2G CurrentDemandRes
2025-12-16T23:39:51.197960+0100 chargesom manager[934598]: [INFO] connector:EvseM  :: EVSE IEC Isolation measurement Ok R_F 900000.
2025-12-16T23:39:51.285438+0100 chargesom manager[934598]: [INFO] connector:EvseM  ::                                     CAR ISO V2G CurrentDemandReq
2025-12-16T23:39:51.375223+0100 chargesom manager[934598]: [INFO] connector:EvseM  :: EVSE ISO V2G CurrentDemandRes
2025-12-16T23:39:51.496477+0100 chargesom manager[934598]: [INFO] connector:EvseM  ::                                     CAR ISO V2G CurrentDemandReq
2025-12-16T23:39:51.594917+0100 chargesom manager[934598]: [INFO] connector:EvseM  :: EVSE ISO V2G CurrentDemandRes
2025-12-16T23:39:51.716466+0100 chargesom manager[934598]: [INFO] connector:EvseM  ::                                     CAR ISO V2G CurrentDemandReq
2025-12-16T23:39:51.845674+0100 chargesom manager[934598]: [INFO] connector:EvseM  :: EVSE ISO V2G CurrentDemandRes
2025-12-16T23:39:51.950248+0100 chargesom manager[934598]: [INFO] connector:EvseM  ::                                     CAR ISO V2G CurrentDemandReq
2025-12-16T23:39:52.035209+0100 chargesom manager[934598]: [INFO] connector:EvseM  :: EVSE ISO V2G CurrentDemandRes
2025-12-16T23:39:52.156251+0100 chargesom manager[934598]: [INFO] connector:EvseM  ::                                     CAR ISO V2G CurrentDemandReq
2025-12-16T23:39:52.198319+0100 chargesom manager[934598]: [INFO] connector:EvseM  :: EVSE IEC Isolation measurement Ok R_F 900000.
2025-12-16T23:39:52.285619+0100 chargesom manager[934598]: [INFO] connector:EvseM  :: EVSE ISO V2G CurrentDemandRes
2025-12-16T23:39:52.376306+0100 chargesom manager[934598]: [INFO] connector:EvseM  ::                                     CAR ISO V2G CurrentDemandReq
2025-12-16T23:39:52.474862+0100 chargesom manager[934598]: [INFO] connector:EvseM  :: EVSE ISO V2G CurrentDemandRes
2025-12-16T23:39:52.596743+0100 chargesom manager[934598]: [INFO] connector:EvseM  ::                                     CAR ISO V2G CurrentDemandReq
2025-12-16T23:39:52.695153+0100 chargesom manager[934598]: [INFO] connector:EvseM  :: EVSE ISO V2G CurrentDemandRes
2025-12-16T23:39:52.817311+0100 chargesom manager[934598]: [INFO] connector:EvseM  ::                                     CAR ISO V2G CurrentDemandReq
2025-12-16T23:39:52.917935+0100 chargesom manager[934598]: [INFO] connector:EvseM  :: EVSE ISO V2G CurrentDemandRes
2025-12-16T23:39:53.045696+0100 chargesom manager[934598]: [INFO] connector:EvseM  ::                                     CAR ISO V2G CurrentDemandReq
2025-12-16T23:39:53.177232+0100 chargesom manager[934598]: [INFO] connector:EvseM  :: EVSE ISO V2G CurrentDemandRes
2025-12-16T23:39:53.198982+0100 chargesom manager[934598]: [INFO] connector:EvseM  :: EVSE IEC Isolation measurement Ok R_F 900000.
2025-12-16T23:39:53.289458+0100 chargesom manager[934598]: [INFO] connector:EvseM  ::                                     CAR ISO V2G CurrentDemandReq
2025-12-16T23:39:53.355112+0100 chargesom manager[934598]: [INFO] connector:EvseM  :: EVSE ISO V2G CurrentDemandRes
2025-12-16T23:39:53.476516+0100 chargesom manager[934598]: [INFO] connector:EvseM  ::                                     CAR ISO V2G CurrentDemandReq
2025-12-16T23:39:53.574822+0100 chargesom manager[934598]: [INFO] connector:EvseM  :: EVSE ISO V2G CurrentDemandRes
2025-12-16T23:39:53.696259+0100 chargesom manager[934598]: [INFO] connector:EvseM  ::                                     CAR ISO V2G CurrentDemandReq
2025-12-16T23:39:53.794856+0100 chargesom manager[934598]: [INFO] connector:EvseM  :: EVSE ISO V2G CurrentDemandRes
2025-12-16T23:39:53.917076+0100 chargesom manager[934598]: [INFO] connector:EvseM  ::                                     CAR ISO V2G CurrentDemandReq
2025-12-16T23:39:54.053641+0100 chargesom manager[934598]: [INFO] connector:EvseM  :: EVSE ISO V2G CurrentDemandRes
2025-12-16T23:39:54.145712+0100 chargesom manager[934598]: [INFO] connector:EvseM  ::                                     CAR ISO V2G CurrentDemandReq
2025-12-16T23:39:54.199140+0100 chargesom manager[934598]: [INFO] connector:EvseM  :: EVSE IEC Isolation measurement Ok R_F 900000.
2025-12-16T23:39:54.241459+0100 chargesom manager[934598]: [INFO] connector:EvseM  :: EVSE ISO V2G CurrentDemandRes
2025-12-16T23:39:54.356994+0100 chargesom manager[934598]: [INFO] connector:EvseM  ::                                     CAR ISO V2G CurrentDemandReq
2025-12-16T23:39:54.454856+0100 chargesom manager[934598]: [INFO] connector:EvseM  :: EVSE ISO V2G CurrentDemandRes
2025-12-16T23:39:54.576239+0100 chargesom manager[934598]: [INFO] connector:EvseM  ::                                     CAR ISO V2G CurrentDemandReq
2025-12-16T23:39:54.674728+0100 chargesom manager[934598]: [INFO] connector:EvseM  :: EVSE ISO V2G CurrentDemandRes
2025-12-16T23:39:54.797425+0100 chargesom manager[934598]: [INFO] connector:EvseM  ::                                     CAR ISO V2G CurrentDemandReq
2025-12-16T23:39:54.894916+0100 chargesom manager[934598]: [INFO] connector:EvseM  :: EVSE ISO V2G CurrentDemandRes
2025-12-16T23:39:55.016345+0100 chargesom manager[934598]: [INFO] connector:EvseM  ::                                     CAR ISO V2G CurrentDemandReq
2025-12-16T23:39:55.157719+0100 chargesom manager[934598]: [INFO] connector:EvseM  :: EVSE ISO V2G CurrentDemandRes
2025-12-16T23:39:55.201516+0100 chargesom manager[934598]: [INFO] connector:EvseM  :: EVSE IEC Isolation measurement Ok R_F 900000.
2025-12-16T23:39:55.245691+0100 chargesom manager[934598]: [INFO] connector:EvseM  ::                                     CAR ISO V2G CurrentDemandReq
2025-12-16T23:39:55.334805+0100 chargesom manager[934598]: [INFO] connector:EvseM  :: EVSE ISO V2G CurrentDemandRes
2025-12-16T23:39:55.456090+0100 chargesom manager[934598]: [INFO] connector:EvseM  ::                                     CAR ISO V2G CurrentDemandReq
2025-12-16T23:39:55.554590+0100 chargesom manager[934598]: [INFO] connector:EvseM  :: EVSE ISO V2G CurrentDemandRes
2025-12-16T23:39:55.676131+0100 chargesom manager[934598]: [INFO] connector:EvseM  ::                                     CAR ISO V2G CurrentDemandReq
2025-12-16T23:39:55.774652+0100 chargesom manager[934598]: [INFO] connector:EvseM  :: EVSE ISO V2G CurrentDemandRes
2025-12-16T23:39:55.897472+0100 chargesom manager[934598]: [INFO] connector:EvseM  ::                                     CAR ISO V2G CurrentDemandReq
2025-12-16T23:39:55.994964+0100 chargesom manager[934598]: [INFO] connector:EvseM  :: EVSE ISO V2G CurrentDemandRes
2025-12-16T23:39:56.137355+0100 chargesom manager[934598]: [INFO] connector:EvseM  ::                                     CAR ISO V2G CurrentDemandReq
2025-12-16T23:39:56.199710+0100 chargesom manager[934598]: [INFO] connector:EvseM  :: EVSE IEC Isolation measurement Ok R_F 900000.
2025-12-16T23:39:56.246283+0100 chargesom manager[934598]: [INFO] connector:EvseM  :: EVSE ISO V2G CurrentDemandRes
2025-12-16T23:39:56.340176+0100 chargesom manager[934598]: [INFO] connector:EvseM  ::                                     CAR ISO V2G CurrentDemandReq
2025-12-16T23:39:56.434622+0100 chargesom manager[934598]: [INFO] connector:EvseM  :: EVSE ISO V2G CurrentDemandRes
2025-12-16T23:39:56.556796+0100 chargesom manager[934598]: [INFO] connector:EvseM  ::                                     CAR ISO V2G CurrentDemandReq
2025-12-16T23:39:56.654744+0100 chargesom manager[934598]: [INFO] connector:EvseM  :: EVSE ISO V2G CurrentDemandRes
2025-12-16T23:39:56.777398+0100 chargesom manager[934598]: [INFO] connector:EvseM  ::                                     CAR ISO V2G CurrentDemandReq
2025-12-16T23:39:56.875022+0100 chargesom manager[934598]: [INFO] connector:EvseM  :: EVSE ISO V2G CurrentDemandRes
2025-12-16T23:39:56.996432+0100 chargesom manager[934598]: [INFO] connector:EvseM  ::                                     CAR ISO V2G CurrentDemandReq
2025-12-16T23:39:57.094928+0100 chargesom manager[934598]: [INFO] connector:EvseM  :: EVSE ISO V2G CurrentDemandRes
2025-12-16T23:39:57.200366+0100 chargesom manager[934598]: [INFO] connector:EvseM  :: EVSE IEC Isolation measurement Ok R_F 900000.
2025-12-16T23:39:57.245693+0100 chargesom manager[934598]: [INFO] connector:EvseM  ::                                     CAR ISO V2G CurrentDemandReq
2025-12-16T23:39:57.313756+0100 chargesom manager[934598]: [INFO] connector:EvseM  :: EVSE ISO V2G CurrentDemandRes
2025-12-16T23:39:57.437551+0100 chargesom manager[934598]: [INFO] connector:EvseM  ::                                     CAR ISO V2G CurrentDemandReq
2025-12-16T23:39:57.565681+0100 chargesom manager[934598]: [INFO] connector:EvseM  :: EVSE ISO V2G CurrentDemandRes
2025-12-16T23:39:57.656086+0100 chargesom manager[934598]: [INFO] connector:EvseM  ::                                     CAR ISO V2G CurrentDemandReq
2025-12-16T23:39:57.753643+0100 chargesom manager[934598]: [INFO] connector:EvseM  :: EVSE ISO V2G CurrentDemandRes
2025-12-16T23:39:57.877217+0100 chargesom manager[934598]: [INFO] connector:EvseM  ::                                     CAR ISO V2G CurrentDemandReq
2025-12-16T23:39:57.973727+0100 chargesom manager[934598]: [INFO] connector:EvseM  :: EVSE ISO V2G CurrentDemandRes
2025-12-16T23:39:58.097506+0100 chargesom manager[934598]: [INFO] connector:EvseM  ::                                     CAR ISO V2G CurrentDemandReq
2025-12-16T23:39:58.193809+0100 chargesom manager[934598]: [INFO] connector:EvseM  :: EVSE ISO V2G CurrentDemandRes
2025-12-16T23:39:58.200308+0100 chargesom manager[934598]: [INFO] connector:EvseM  :: EVSE IEC Isolation measurement Ok R_F 900000.
2025-12-16T23:39:58.316067+0100 chargesom manager[934598]: [INFO] connector:EvseM  ::                                     CAR ISO V2G CurrentDemandReq
2025-12-16T23:39:58.413592+0100 chargesom manager[934598]: [INFO] connector:EvseM  :: EVSE ISO V2G CurrentDemandRes
2025-12-16T23:39:58.550095+0100 chargesom manager[934598]: [INFO] connector:EvseM  ::                                     CAR ISO V2G CurrentDemandReq
2025-12-16T23:39:58.637675+0100 chargesom manager[934598]: [INFO] connector:EvseM  :: EVSE ISO V2G CurrentDemandRes
2025-12-16T23:39:58.769395+0100 chargesom manager[934598]: [INFO] connector:EvseM  ::                                     CAR ISO V2G CurrentDemandReq
2025-12-16T23:39:58.855128+0100 chargesom manager[934598]: [INFO] connector:EvseM  :: EVSE ISO V2G CurrentDemandRes
2025-12-16T23:39:58.976886+0100 chargesom manager[934598]: [INFO] connector:EvseM  ::                                     CAR ISO V2G CurrentDemandReq
2025-12-16T23:39:59.073728+0100 chargesom manager[934598]: [INFO] connector:EvseM  :: EVSE ISO V2G CurrentDemandRes
2025-12-16T23:39:59.196309+0100 chargesom manager[934598]: [INFO] connector:EvseM  ::                                     CAR ISO V2G CurrentDemandReq
2025-12-16T23:39:59.200777+0100 chargesom manager[934598]: [INFO] connector:EvseM  :: EVSE IEC Isolation measurement Ok R_F 900000.
2025-12-16T23:39:59.333335+0100 chargesom manager[934598]: [INFO] connector:EvseM  :: EVSE ISO V2G CurrentDemandRes
2025-12-16T23:39:59.416101+0100 chargesom manager[934598]: [INFO] connector:EvseM  ::                                     CAR ISO V2G CurrentDemandReq
2025-12-16T23:39:59.549834+0100 chargesom manager[934598]: [INFO] connector:EvseM  :: EVSE ISO V2G CurrentDemandRes
2025-12-16T23:39:59.635927+0100 chargesom manager[934598]: [INFO] connector:EvseM  ::                                     CAR ISO V2G CurrentDemandReq
2025-12-16T23:39:59.733785+0100 chargesom manager[934598]: [INFO] connector:EvseM  :: EVSE ISO V2G CurrentDemandRes
2025-12-16T23:39:59.867207+0100 chargesom manager[934598]: [INFO] connector:EvseM  ::                                     CAR ISO V2G CurrentDemandReq
2025-12-16T23:39:59.957421+0100 chargesom manager[934598]: [INFO] connector:EvseM  :: EVSE ISO V2G CurrentDemandRes
2025-12-16T23:40:00.075880+0100 chargesom manager[934598]: [INFO] connector:EvseM  ::                                     CAR ISO V2G CurrentDemandReq
2025-12-16T23:40:00.173289+0100 chargesom manager[934598]: [INFO] connector:EvseM  :: EVSE ISO V2G CurrentDemandRes
2025-12-16T23:40:00.201108+0100 chargesom manager[934598]: [INFO] connector:EvseM  :: EVSE IEC Isolation measurement Ok R_F 900000.
2025-12-16T23:40:00.295981+0100 chargesom manager[934598]: [INFO] connector:EvseM  ::                                     CAR ISO V2G CurrentDemandReq
2025-12-16T23:40:00.393473+0100 chargesom manager[934598]: [INFO] connector:EvseM  :: EVSE ISO V2G CurrentDemandRes
2025-12-16T23:40:00.549504+0100 chargesom manager[934598]: [INFO] connector:EvseM  ::                                     CAR ISO V2G CurrentDemandReq
2025-12-16T23:40:00.613654+0100 chargesom manager[934598]: [INFO] connector:EvseM  :: EVSE ISO V2G CurrentDemandRes
2025-12-16T23:40:00.735935+0100 chargesom manager[934598]: [INFO] connector:EvseM  ::                                     CAR ISO V2G CurrentDemandReq
2025-12-16T23:40:00.834722+0100 chargesom manager[934598]: [INFO] connector:EvseM  :: EVSE ISO V2G CurrentDemandRes
2025-12-16T23:40:00.971186+0100 chargesom manager[934598]: [INFO] connector:EvseM  ::                                     CAR ISO V2G CurrentDemandReq
2025-12-16T23:40:01.093570+0100 chargesom manager[934598]: [INFO] connector:EvseM  :: EVSE ISO V2G CurrentDemandRes
2025-12-16T23:40:01.175860+0100 chargesom manager[934598]: [INFO] connector:EvseM  ::                                     CAR ISO V2G CurrentDemandReq
2025-12-16T23:40:01.201386+0100 chargesom manager[934598]: [INFO] connector:EvseM  :: EVSE IEC Isolation measurement Ok R_F 900000.
2025-12-16T23:40:01.289404+0100 chargesom manager[934598]: [INFO] connector:EvseM  :: EVSE ISO V2G CurrentDemandRes
2025-12-16T23:40:01.396624+0100 chargesom manager[934598]: [INFO] connector:EvseM  ::                                     CAR ISO V2G CurrentDemandReq
2025-12-16T23:40:01.493644+0100 chargesom manager[934598]: [INFO] connector:EvseM  :: EVSE ISO V2G CurrentDemandRes
2025-12-16T23:40:01.615870+0100 chargesom manager[934598]: [INFO] connector:EvseM  ::                                     CAR ISO V2G CurrentDemandReq
2025-12-16T23:40:01.713383+0100 chargesom manager[934598]: [INFO] connector:EvseM  :: EVSE ISO V2G CurrentDemandRes
2025-12-16T23:40:01.837149+0100 chargesom manager[934598]: [INFO] connector:EvseM  ::                                     CAR ISO V2G CurrentDemandReq
2025-12-16T23:40:01.933643+0100 chargesom manager[934598]: [INFO] connector:EvseM  :: EVSE ISO V2G CurrentDemandRes
2025-12-16T23:40:02.057533+0100 chargesom manager[934598]: [INFO] connector:EvseM  ::                                     CAR ISO V2G CurrentDemandReq
2025-12-16T23:40:02.157217+0100 chargesom manager[934598]: [INFO] connector:EvseM  :: EVSE ISO V2G CurrentDemandRes
2025-12-16T23:40:02.201856+0100 chargesom manager[934598]: [INFO] connector:EvseM  :: EVSE IEC Isolation measurement Ok R_F 900000.
2025-12-16T23:40:02.275788+0100 chargesom manager[934598]: [INFO] connector:EvseM  ::                                     CAR ISO V2G CurrentDemandReq
2025-12-16T23:40:02.374166+0100 chargesom manager[934598]: [INFO] connector:EvseM  :: EVSE ISO V2G CurrentDemandRes
2025-12-16T23:40:02.495794+0100 chargesom manager[934598]: [INFO] connector:EvseM  ::                                     CAR ISO V2G CurrentDemandReq
2025-12-16T23:40:02.594334+0100 chargesom manager[934598]: [INFO] connector:EvseM  :: EVSE ISO V2G CurrentDemandRes
2025-12-16T23:40:02.715827+0100 chargesom manager[934598]: [INFO] connector:EvseM  ::                                     CAR ISO V2G CurrentDemandReq
2025-12-16T23:40:02.814265+0100 chargesom manager[934598]: [INFO] connector:EvseM  :: EVSE ISO V2G CurrentDemandRes
2025-12-16T23:40:02.937254+0100 chargesom manager[934598]: [INFO] connector:EvseM  ::                                     CAR ISO V2G CurrentDemandReq
2025-12-16T23:40:03.054004+0100 chargesom manager[934598]: [INFO] connector:EvseM  :: EVSE ISO V2G CurrentDemandRes
2025-12-16T23:40:03.155873+0100 chargesom manager[934598]: [INFO] connector:EvseM  ::                                     CAR ISO V2G CurrentDemandReq
2025-12-16T23:40:03.213970+0100 chargesom manager[934598]: [INFO] connector:EvseM  :: EVSE IEC Isolation measurement Ok R_F 900000.
2025-12-16T23:40:03.265479+0100 chargesom manager[934598]: [INFO] connector:EvseM  :: EVSE ISO V2G CurrentDemandRes
2025-12-16T23:40:03.376499+0100 chargesom manager[934598]: [INFO] connector:EvseM  ::                                     CAR ISO V2G CurrentDemandReq
2025-12-16T23:40:03.473475+0100 chargesom manager[934598]: [INFO] connector:EvseM  :: EVSE ISO V2G CurrentDemandRes
2025-12-16T23:40:03.596178+0100 chargesom manager[934598]: [INFO] connector:EvseM  ::                                     CAR ISO V2G CurrentDemandReq
2025-12-16T23:40:03.693730+0100 chargesom manager[934598]: [INFO] connector:EvseM  :: EVSE ISO V2G CurrentDemandRes
2025-12-16T23:40:03.817045+0100 chargesom manager[934598]: [INFO] connector:EvseM  ::                                     CAR ISO V2G CurrentDemandReq
2025-12-16T23:40:03.913752+0100 chargesom manager[934598]: [INFO] connector:EvseM  :: EVSE ISO V2G CurrentDemandRes
2025-12-16T23:40:04.035963+0100 chargesom manager[934598]: [INFO] connector:EvseM  ::                                     CAR ISO V2G CurrentDemandReq
2025-12-16T23:40:04.134567+0100 chargesom manager[934598]: [INFO] connector:EvseM  :: EVSE ISO V2G CurrentDemandRes
2025-12-16T23:40:04.202649+0100 chargesom manager[934598]: [INFO] connector:EvseM  :: EVSE IEC Isolation measurement Ok R_F 900000.
2025-12-16T23:40:04.297982+0100 chargesom manager[934598]: [INFO] connector:EvseM  ::                                     CAR ISO V2G CurrentDemandReq
2025-12-16T23:40:04.393544+0100 chargesom manager[934598]: [INFO] connector:EvseM  :: EVSE ISO V2G CurrentDemandRes
2025-12-16T23:40:04.475841+0100 chargesom manager[934598]: [INFO] connector:EvseM  ::                                     CAR ISO V2G CurrentDemandReq
2025-12-16T23:40:04.573597+0100 chargesom manager[934598]: [INFO] connector:EvseM  :: EVSE ISO V2G CurrentDemandRes
2025-12-16T23:40:04.695716+0100 chargesom manager[934598]: [INFO] connector:EvseM  ::                                     CAR ISO V2G CurrentDemandReq
2025-12-16T23:40:04.794175+0100 chargesom manager[934598]: [INFO] connector:EvseM  :: EVSE ISO V2G CurrentDemandRes
2025-12-16T23:40:04.917654+0100 chargesom manager[934598]: [INFO] connector:EvseM  ::                                     CAR ISO V2G CurrentDemandReq
2025-12-16T23:40:05.013639+0100 chargesom manager[934598]: [INFO] connector:EvseM  :: EVSE ISO V2G CurrentDemandRes
2025-12-16T23:40:05.135864+0100 chargesom manager[934598]: [INFO] connector:EvseM  ::                                     CAR ISO V2G CurrentDemandReq
2025-12-16T23:40:05.203093+0100 chargesom manager[934598]: [INFO] connector:EvseM  :: EVSE IEC Isolation measurement Ok R_F 900000.
2025-12-16T23:40:05.245773+0100 chargesom manager[934598]: [INFO] connector:EvseM  :: EVSE ISO V2G CurrentDemandRes
2025-12-16T23:40:05.357583+0100 chargesom manager[934598]: [INFO] connector:EvseM  ::                                     CAR ISO V2G CurrentDemandReq
2025-12-16T23:40:05.489679+0100 chargesom manager[934598]: [INFO] connector:EvseM  :: EVSE ISO V2G CurrentDemandRes
2025-12-16T23:40:05.581919+0100 chargesom manager[934598]: [INFO] connector:EvseM  ::                                     CAR ISO V2G CurrentDemandReq
2025-12-16T23:40:05.674275+0100 chargesom manager[934598]: [INFO] connector:EvseM  :: EVSE ISO V2G CurrentDemandRes
2025-12-16T23:40:05.799730+0100 chargesom manager[934598]: [INFO] connector:EvseM  ::                                     CAR ISO V2G CurrentDemandReq
2025-12-16T23:40:05.893998+0100 chargesom manager[934598]: [INFO] connector:EvseM  :: EVSE ISO V2G CurrentDemandRes
2025-12-16T23:40:06.049516+0100 chargesom manager[934598]: [INFO] connector:EvseM  ::                                     CAR ISO V2G CurrentDemandReq
2025-12-16T23:40:06.114414+0100 chargesom manager[934598]: [INFO] connector:EvseM  :: EVSE ISO V2G CurrentDemandRes
2025-12-16T23:40:06.203893+0100 chargesom manager[934598]: [INFO] connector:EvseM  :: EVSE IEC Isolation measurement Ok R_F 900000.
2025-12-16T23:40:06.249696+0100 chargesom manager[934598]: [INFO] connector:EvseM  ::                                     CAR ISO V2G CurrentDemandReq
2025-12-16T23:40:06.336576+0100 chargesom manager[934598]: [INFO] connector:EvseM  :: EVSE ISO V2G CurrentDemandRes
2025-12-16T23:40:06.455804+0100 chargesom manager[934598]: [INFO] connector:EvseM  ::                                     CAR ISO V2G CurrentDemandReq
2025-12-16T23:40:06.557995+0100 chargesom manager[934598]: [INFO] connector:EvseM  :: EVSE ISO V2G CurrentDemandRes
2025-12-16T23:40:06.697590+0100 chargesom manager[934598]: [INFO] connector:EvseM  ::                                     CAR ISO V2G CurrentDemandReq
2025-12-16T23:40:06.774156+0100 chargesom manager[934598]: [INFO] connector:EvseM  :: EVSE ISO V2G CurrentDemandRes
2025-12-16T23:40:06.896578+0100 chargesom manager[934598]: [INFO] connector:EvseM  ::                                     CAR ISO V2G CurrentDemandReq
2025-12-16T23:40:06.993455+0100 chargesom manager[934598]: [INFO] connector:EvseM  :: EVSE ISO V2G CurrentDemandRes
2025-12-16T23:40:07.115694+0100 chargesom manager[934598]: [INFO] connector:EvseM  ::                                     CAR ISO V2G CurrentDemandReq
2025-12-16T23:40:07.203672+0100 chargesom manager[934598]: [INFO] connector:EvseM  :: EVSE IEC Isolation measurement Ok R_F 900000.
2025-12-16T23:40:07.245508+0100 chargesom manager[934598]: [INFO] connector:EvseM  :: EVSE ISO V2G CurrentDemandRes
2025-12-16T23:40:07.335921+0100 chargesom manager[934598]: [INFO] connector:EvseM  ::                                     CAR ISO V2G CurrentDemandReq
2025-12-16T23:40:07.433518+0100 chargesom manager[934598]: [INFO] connector:EvseM  :: EVSE ISO V2G CurrentDemandRes
2025-12-16T23:40:07.557736+0100 chargesom manager[934598]: [INFO] connector:EvseM  ::                                     CAR ISO V2G CurrentDemandReq
2025-12-16T23:40:07.654175+0100 chargesom manager[934598]: [INFO] connector:EvseM  :: EVSE ISO V2G CurrentDemandRes
2025-12-16T23:40:07.794943+0100 chargesom manager[934598]: [INFO] connector:EvseM  ::                                     CAR ISO V2G CurrentDemandReq
2025-12-16T23:40:07.882291+0100 chargesom manager[934598]: [INFO] connector:EvseM  :: EVSE ISO V2G CurrentDemandRes
2025-12-16T23:40:07.996135+0100 chargesom manager[934598]: [INFO] connector:EvseM  ::                                     CAR ISO V2G CurrentDemandReq
2025-12-16T23:40:08.097743+0100 chargesom manager[934598]: [INFO] connector:EvseM  :: EVSE ISO V2G CurrentDemandRes
2025-12-16T23:40:08.204083+0100 chargesom manager[934598]: [INFO] connector:EvseM  :: EVSE IEC Isolation measurement Ok R_F 900000.
2025-12-16T23:40:08.249629+0100 chargesom manager[934598]: [INFO] connector:EvseM  ::                                     CAR ISO V2G CurrentDemandReq
2025-12-16T23:40:08.314288+0100 chargesom manager[934598]: [INFO] connector:EvseM  :: EVSE ISO V2G CurrentDemandRes
2025-12-16T23:40:08.435550+0100 chargesom manager[934598]: [INFO] connector:EvseM  ::                                     CAR ISO V2G CurrentDemandReq
2025-12-16T23:40:08.557376+0100 chargesom manager[934598]: [INFO] connector:EvseM  :: EVSE ISO V2G CurrentDemandRes
2025-12-16T23:40:08.655500+0100 chargesom manager[934598]: [INFO] connector:EvseM  ::                                     CAR ISO V2G CurrentDemandReq
2025-12-16T23:40:08.754055+0100 chargesom manager[934598]: [INFO] connector:EvseM  :: EVSE ISO V2G CurrentDemandRes
2025-12-16T23:40:08.878387+0100 chargesom manager[934598]: [INFO] connector:EvseM  ::                                     CAR ISO V2G CurrentDemandReq
2025-12-16T23:40:08.977432+0100 chargesom manager[934598]: [INFO] connector:EvseM  :: EVSE ISO V2G CurrentDemandRes
2025-12-16T23:40:09.110061+0100 chargesom manager[934598]: [INFO] connector:EvseM  ::                                     CAR ISO V2G CurrentDemandReq
2025-12-16T23:40:09.194169+0100 chargesom manager[934598]: [INFO] connector:EvseM  :: EVSE ISO V2G CurrentDemandRes
2025-12-16T23:40:09.204634+0100 chargesom manager[934598]: [INFO] connector:EvseM  :: EVSE IEC Isolation measurement Ok R_F 900000.
2025-12-16T23:40:09.337392+0100 chargesom manager[934598]: [INFO] connector:EvseM  ::                                     CAR ISO V2G CurrentDemandReq
2025-12-16T23:40:09.414252+0100 chargesom manager[934598]: [INFO] connector:EvseM  :: EVSE ISO V2G CurrentDemandRes
2025-12-16T23:40:09.557390+0100 chargesom manager[934598]: [INFO] connector:EvseM  ::                                     CAR ISO V2G CurrentDemandReq
2025-12-16T23:40:09.634020+0100 chargesom manager[934598]: [INFO] connector:EvseM  :: EVSE ISO V2G CurrentDemandRes
2025-12-16T23:40:09.755456+0100 chargesom manager[934598]: [INFO] connector:EvseM  ::                                     CAR ISO V2G CurrentDemandReq
2025-12-16T23:40:09.853991+0100 chargesom manager[934598]: [INFO] connector:EvseM  :: EVSE ISO V2G CurrentDemandRes
2025-12-16T23:40:09.976613+0100 chargesom manager[934598]: [INFO] connector:EvseM  ::                                     CAR ISO V2G CurrentDemandReq
2025-12-16T23:40:10.075385+0100 chargesom manager[934598]: [INFO] connector:EvseM  :: EVSE ISO V2G CurrentDemandRes
2025-12-16T23:40:10.210196+0100 chargesom manager[934598]: [INFO] connector:EvseM  ::                                     CAR ISO V2G CurrentDemandReq
2025-12-16T23:40:10.210196+0100 chargesom manager[934598]: [INFO] connector:EvseM  :: EVSE IEC Isolation measurement Ok R_F 900000.
2025-12-16T23:40:10.305508+0100 chargesom manager[934598]: [INFO] connector:EvseM  :: EVSE ISO V2G CurrentDemandRes
2025-12-16T23:40:10.415963+0100 chargesom manager[934598]: [INFO] connector:EvseM  ::                                     CAR ISO V2G CurrentDemandReq
2025-12-16T23:40:10.513908+0100 chargesom manager[934598]: [INFO] connector:EvseM  :: EVSE ISO V2G CurrentDemandRes
2025-12-16T23:40:10.635497+0100 chargesom manager[934598]: [INFO] connector:EvseM  ::                                     CAR ISO V2G CurrentDemandReq
2025-12-16T23:40:10.733968+0100 chargesom manager[934598]: [INFO] connector:EvseM  :: EVSE ISO V2G CurrentDemandRes
2025-12-16T23:40:10.856495+0100 chargesom manager[934598]: [INFO] connector:EvseM  ::                                     CAR ISO V2G CurrentDemandReq
2025-12-16T23:40:10.954163+0100 chargesom manager[934598]: [INFO] connector:EvseM  :: EVSE ISO V2G CurrentDemandRes
2025-12-16T23:40:11.093591+0100 chargesom manager[934598]: [INFO] connector:EvseM  ::                                     CAR ISO V2G CurrentDemandReq
2025-12-16T23:40:11.174080+0100 chargesom manager[934598]: [INFO] connector:EvseM  :: EVSE ISO V2G CurrentDemandRes
2025-12-16T23:40:11.205330+0100 chargesom manager[934598]: [INFO] connector:EvseM  :: EVSE IEC Isolation measurement Ok R_F 900000.
2025-12-16T23:40:11.318643+0100 chargesom manager[934598]: [INFO] connector:EvseM  ::                                     CAR ISO V2G CurrentDemandReq
2025-12-16T23:40:11.394040+0100 chargesom manager[934598]: [INFO] connector:EvseM  :: EVSE ISO V2G CurrentDemandRes
2025-12-16T23:40:11.515201+0100 chargesom manager[934598]: [INFO] connector:EvseM  ::                                     CAR ISO V2G CurrentDemandReq
2025-12-16T23:40:11.613814+0100 chargesom manager[934598]: [INFO] connector:EvseM  :: EVSE ISO V2G CurrentDemandRes
2025-12-16T23:40:11.735618+0100 chargesom manager[934598]: [INFO] connector:EvseM  ::                                     CAR ISO V2G CurrentDemandReq
2025-12-16T23:40:11.834100+0100 chargesom manager[934598]: [INFO] connector:EvseM  :: EVSE ISO V2G CurrentDemandRes
2025-12-16T23:40:11.957260+0100 chargesom manager[934598]: [INFO] connector:EvseM  ::                                     CAR ISO V2G CurrentDemandReq
2025-12-16T23:40:12.053798+0100 chargesom manager[934598]: [INFO] connector:EvseM  :: EVSE ISO V2G CurrentDemandRes
2025-12-16T23:40:12.175216+0100 chargesom manager[934598]: [INFO] connector:EvseM  ::                                     CAR ISO V2G CurrentDemandReq
2025-12-16T23:40:12.205072+0100 chargesom manager[934598]: [INFO] connector:EvseM  :: EVSE IEC Isolation measurement Ok R_F 900000.
2025-12-16T23:40:12.293860+0100 chargesom manager[934598]: [INFO] connector:EvseM  :: EVSE ISO V2G CurrentDemandRes
2025-12-16T23:40:12.417921+0100 chargesom manager[934598]: [INFO] connector:EvseM  ::                                     CAR ISO V2G CurrentDemandReq
2025-12-16T23:40:12.505212+0100 chargesom manager[934598]: [INFO] connector:EvseM  :: EVSE ISO V2G CurrentDemandRes
2025-12-16T23:40:12.615168+0100 chargesom manager[934598]: [INFO] connector:EvseM  ::                                     CAR ISO V2G CurrentDemandReq
2025-12-16T23:40:12.713859+0100 chargesom manager[934598]: [INFO] connector:EvseM  :: EVSE ISO V2G CurrentDemandRes
2025-12-16T23:40:12.835971+0100 chargesom manager[934598]: [INFO] connector:EvseM  ::                                     CAR ISO V2G CurrentDemandReq
2025-12-16T23:40:12.934089+0100 chargesom manager[934598]: [INFO] connector:EvseM  :: EVSE ISO V2G CurrentDemandRes
2025-12-16T23:40:13.097500+0100 chargesom manager[934598]: [INFO] connector:EvseM  ::                                     CAR ISO V2G CurrentDemandReq
2025-12-16T23:40:13.153916+0100 chargesom manager[934598]: [INFO] connector:EvseM  :: EVSE ISO V2G CurrentDemandRes
2025-12-16T23:40:13.205258+0100 chargesom manager[934598]: [INFO] connector:EvseM  :: EVSE IEC Isolation measurement Ok R_F 900000.
2025-12-16T23:40:13.293455+0100 chargesom manager[934598]: [INFO] connector:EvseM  ::                                     CAR ISO V2G CurrentDemandReq
2025-12-16T23:40:13.373766+0100 chargesom manager[934598]: [INFO] connector:EvseM  :: EVSE ISO V2G CurrentDemandRes
2025-12-16T23:40:13.495201+0100 chargesom manager[934598]: [INFO] connector:EvseM  ::                                     CAR ISO V2G CurrentDemandReq
2025-12-16T23:40:13.601903+0100 chargesom manager[934598]: [INFO] connector:EvseM  :: EVSE ISO V2G CurrentDemandRes
2025-12-16T23:40:13.715079+0100 chargesom manager[934598]: [INFO] connector:EvseM  ::                                     CAR ISO V2G CurrentDemandReq
2025-12-16T23:40:13.813543+0100 chargesom manager[934598]: [INFO] connector:EvseM  :: EVSE ISO V2G CurrentDemandRes
2025-12-16T23:40:13.936376+0100 chargesom manager[934598]: [INFO] connector:EvseM  ::                                     CAR ISO V2G CurrentDemandReq
2025-12-16T23:40:14.034362+0100 chargesom manager[934598]: [INFO] connector:EvseM  :: EVSE ISO V2G CurrentDemandRes
2025-12-16T23:40:14.154975+0100 chargesom manager[934598]: [INFO] connector:EvseM  ::                                     CAR ISO V2G CurrentDemandReq
2025-12-16T23:40:14.205589+0100 chargesom manager[934598]: [INFO] connector:EvseM  :: EVSE IEC Isolation measurement Ok R_F 900000.
2025-12-16T23:40:14.253304+0100 chargesom manager[934598]: [INFO] connector:EvseM  :: EVSE ISO V2G CurrentDemandRes
2025-12-16T23:40:14.375172+0100 chargesom manager[934598]: [INFO] connector:EvseM  ::                                     CAR ISO V2G CurrentDemandReq
2025-12-16T23:40:14.473606+0100 chargesom manager[934598]: [INFO] connector:EvseM  :: EVSE ISO V2G CurrentDemandRes
2025-12-16T23:40:14.595174+0100 chargesom manager[934598]: [INFO] connector:EvseM  ::                                     CAR ISO V2G CurrentDemandReq
2025-12-16T23:40:14.697278+0100 chargesom manager[934598]: [INFO] connector:EvseM  :: EVSE ISO V2G CurrentDemandRes
2025-12-16T23:40:14.825558+0100 chargesom manager[934598]: [INFO] connector:EvseM  ::                                     CAR ISO V2G CurrentDemandReq
2025-12-16T23:40:14.913948+0100 chargesom manager[934598]: [INFO] connector:EvseM  :: EVSE ISO V2G CurrentDemandRes
2025-12-16T23:40:15.035198+0100 chargesom manager[934598]: [INFO] connector:EvseM  ::                                     CAR ISO V2G CurrentDemandReq
2025-12-16T23:40:15.133787+0100 chargesom manager[934598]: [INFO] connector:EvseM  :: EVSE ISO V2G CurrentDemandRes
2025-12-16T23:40:15.205989+0100 chargesom manager[934598]: [INFO] connector:EvseM  :: EVSE IEC Isolation measurement Ok R_F 900000.
2025-12-16T23:40:15.293454+0100 chargesom manager[934598]: [INFO] connector:EvseM  ::                                     CAR ISO V2G CurrentDemandReq
2025-12-16T23:40:15.353771+0100 chargesom manager[934598]: [INFO] connector:EvseM  :: EVSE ISO V2G CurrentDemandRes
2025-12-16T23:40:15.475376+0100 chargesom manager[934598]: [INFO] connector:EvseM  ::                                     CAR ISO V2G CurrentDemandReq
2025-12-16T23:40:15.574495+0100 chargesom manager[934598]: [INFO] connector:EvseM  :: EVSE ISO V2G CurrentDemandRes
2025-12-16T23:40:15.694924+0100 chargesom manager[934598]: [INFO] connector:EvseM  ::                                     CAR ISO V2G CurrentDemandReq
2025-12-16T23:40:15.834314+0100 chargesom manager[934598]: [INFO] connector:EvseM  :: EVSE ISO V2G CurrentDemandRes
2025-12-16T23:40:15.926088+0100 chargesom manager[934598]: [INFO] connector:EvseM  ::                                     CAR ISO V2G CurrentDemandReq
2025-12-16T23:40:16.045314+0100 chargesom manager[934598]: [INFO] connector:EvseM  :: EVSE ISO V2G CurrentDemandRes
2025-12-16T23:40:16.135538+0100 chargesom manager[934598]: [INFO] connector:EvseM  ::                                     CAR ISO V2G CurrentDemandReq
2025-12-16T23:40:16.206304+0100 chargesom manager[934598]: [INFO] connector:EvseM  :: EVSE IEC Isolation measurement Ok R_F 900000.
2025-12-16T23:40:16.249388+0100 chargesom manager[934598]: [INFO] connector:EvseM  :: EVSE ISO V2G CurrentDemandRes
2025-12-16T23:40:16.354986+0100 chargesom manager[934598]: [INFO] connector:EvseM  ::                                     CAR ISO V2G CurrentDemandReq
2025-12-16T23:40:16.452630+0100 chargesom manager[934598]: [INFO] connector:EvseM  :: EVSE ISO V2G CurrentDemandRes
2025-12-16T23:40:16.574944+0100 chargesom manager[934598]: [INFO] connector:EvseM  ::                                     CAR ISO V2G CurrentDemandReq
2025-12-16T23:40:16.672453+0100 chargesom manager[934598]: [INFO] connector:EvseM  :: EVSE ISO V2G CurrentDemandRes
2025-12-16T23:40:16.796149+0100 chargesom manager[934598]: [INFO] connector:EvseM  ::                                     CAR ISO V2G CurrentDemandReq
2025-12-16T23:40:16.893849+0100 chargesom manager[934598]: [INFO] connector:EvseM  :: EVSE ISO V2G CurrentDemandRes
2025-12-16T23:40:17.025658+0100 chargesom manager[934598]: [INFO] connector:EvseM  ::                                     CAR ISO V2G CurrentDemandReq
2025-12-16T23:40:17.113888+0100 chargesom manager[934598]: [INFO] connector:EvseM  :: EVSE ISO V2G CurrentDemandRes
2025-12-16T23:40:17.206512+0100 chargesom manager[934598]: [INFO] connector:EvseM  :: EVSE IEC Isolation measurement Ok R_F 900000.
2025-12-16T23:40:17.249371+0100 chargesom manager[934598]: [INFO] connector:EvseM  ::                                     CAR ISO V2G CurrentDemandReq
2025-12-16T23:40:17.333680+0100 chargesom manager[934598]: [INFO] connector:EvseM  :: EVSE ISO V2G CurrentDemandRes
2025-12-16T23:40:17.454993+0100 chargesom manager[934598]: [INFO] connector:EvseM  ::                                     CAR ISO V2G CurrentDemandReq
2025-12-16T23:40:17.565185+0100 chargesom manager[934598]: [INFO] connector:EvseM  :: EVSE ISO V2G CurrentDemandRes
2025-12-16T23:40:17.674882+0100 chargesom manager[934598]: [INFO] connector:EvseM  ::                                     CAR ISO V2G CurrentDemandReq
2025-12-16T23:40:17.773020+0100 chargesom manager[934598]: [INFO] connector:EvseM  :: EVSE ISO V2G CurrentDemandRes
2025-12-16T23:40:17.895746+0100 chargesom manager[934598]: [INFO] connector:EvseM  ::                                     CAR ISO V2G CurrentDemandReq
2025-12-16T23:40:17.992892+0100 chargesom manager[934598]: [INFO] connector:EvseM  :: EVSE ISO V2G CurrentDemandRes
2025-12-16T23:40:18.141562+0100 chargesom manager[934598]: [INFO] connector:EvseM  ::                                     CAR ISO V2G CurrentDemandReq
2025-12-16T23:40:18.245356+0100 chargesom manager[934598]: [INFO] connector:EvseM  :: EVSE IEC Isolation measurement Ok R_F 900000.
2025-12-16T23:40:18.245943+0100 chargesom manager[934598]: [INFO] connector:EvseM  :: EVSE ISO V2G CurrentDemandRes
2025-12-16T23:40:18.334942+0100 chargesom manager[934598]: [INFO] connector:EvseM  ::                                     CAR ISO V2G CurrentDemandReq
2025-12-16T23:40:18.432598+0100 chargesom manager[934598]: [INFO] connector:EvseM  :: EVSE ISO V2G CurrentDemandRes
2025-12-16T23:40:18.565196+0100 chargesom manager[934598]: [INFO] connector:EvseM  ::                                     CAR ISO V2G CurrentDemandReq
2025-12-16T23:40:18.652434+0100 chargesom manager[934598]: [INFO] connector:EvseM  :: EVSE ISO V2G CurrentDemandRes
2025-12-16T23:40:18.775691+0100 chargesom manager[934598]: [INFO] connector:EvseM  ::                                     CAR ISO V2G CurrentDemandReq
2025-12-16T23:40:18.872750+0100 chargesom manager[934598]: [INFO] connector:EvseM  :: EVSE ISO V2G CurrentDemandRes
2025-12-16T23:40:18.995189+0100 chargesom manager[934598]: [INFO] connector:EvseM  ::                                     CAR ISO V2G CurrentDemandReq
2025-12-16T23:40:19.093966+0100 chargesom manager[934598]: [INFO] connector:EvseM  :: EVSE ISO V2G CurrentDemandRes
2025-12-16T23:40:19.207582+0100 chargesom manager[934598]: [INFO] connector:EvseM  :: EVSE IEC Isolation measurement Ok R_F 900000.
2025-12-16T23:40:19.249945+0100 chargesom manager[934598]: [INFO] connector:EvseM  ::                                     CAR ISO V2G CurrentDemandReq
2025-12-16T23:40:19.341724+0100 chargesom manager[934598]: [INFO] connector:EvseM  :: EVSE ISO V2G CurrentDemandRes
2025-12-16T23:40:19.434831+0100 chargesom manager[934598]: [INFO] connector:EvseM  ::                                     CAR ISO V2G CurrentDemandReq
2025-12-16T23:40:19.569190+0100 chargesom manager[934598]: [INFO] connector:EvseM  :: EVSE ISO V2G CurrentDemandRes
2025-12-16T23:40:19.654947+0100 chargesom manager[934598]: [INFO] connector:EvseM  ::                                     CAR ISO V2G CurrentDemandReq
2025-12-16T23:40:19.753184+0100 chargesom manager[934598]: [INFO] connector:EvseM  :: EVSE ISO V2G CurrentDemandRes
2025-12-16T23:40:19.876024+0100 chargesom manager[934598]: [INFO] connector:EvseM  ::                                     CAR ISO V2G CurrentDemandReq
2025-12-16T23:40:19.972851+0100 chargesom manager[934598]: [INFO] connector:EvseM  :: EVSE ISO V2G CurrentDemandRes
2025-12-16T23:40:20.094937+0100 chargesom manager[934598]: [INFO] connector:EvseM  ::                                     CAR ISO V2G CurrentDemandReq
2025-12-16T23:40:20.192338+0100 chargesom manager[934598]: [INFO] connector:EvseM  :: EVSE ISO V2G CurrentDemandRes
2025-12-16T23:40:20.207405+0100 chargesom manager[934598]: [INFO] connector:EvseM  :: EVSE IEC Isolation measurement Ok R_F 900000.
2025-12-16T23:40:20.337124+0100 chargesom manager[934598]: [INFO] connector:EvseM  ::                                     CAR ISO V2G CurrentDemandReq
2025-12-16T23:40:20.437747+0100 chargesom manager[934598]: [INFO] connector:EvseM  :: EVSE ISO V2G CurrentDemandRes
2025-12-16T23:40:20.569216+0100 chargesom manager[934598]: [INFO] connector:EvseM  ::                                     CAR ISO V2G CurrentDemandReq
2025-12-16T23:40:20.633100+0100 chargesom manager[934598]: [INFO] connector:EvseM  :: EVSE ISO V2G CurrentDemandRes
2025-12-16T23:40:20.754877+0100 chargesom manager[934598]: [INFO] connector:EvseM  ::                                     CAR ISO V2G CurrentDemandReq
2025-12-16T23:40:20.852871+0100 chargesom manager[934598]: [INFO] connector:EvseM  :: EVSE ISO V2G CurrentDemandRes
2025-12-16T23:40:20.975102+0100 chargesom manager[934598]: [INFO] connector:EvseM  ::                                     CAR ISO V2G CurrentDemandReq
2025-12-16T23:40:21.105428+0100 chargesom manager[934598]: [INFO] connector:EvseM  :: EVSE ISO V2G CurrentDemandRes
2025-12-16T23:40:21.194686+0100 chargesom manager[934598]: [INFO] connector:EvseM  ::                                     CAR ISO V2G CurrentDemandReq
2025-12-16T23:40:21.207974+0100 chargesom manager[934598]: [INFO] connector:EvseM  :: EVSE IEC Isolation measurement Ok R_F 900000.
2025-12-16T23:40:21.297457+0100 chargesom manager[934598]: [INFO] connector:EvseM  :: EVSE ISO V2G CurrentDemandRes
2025-12-16T23:40:21.414538+0100 chargesom manager[934598]: [INFO] connector:EvseM  ::                                     CAR ISO V2G CurrentDemandReq
2025-12-16T23:40:21.512793+0100 chargesom manager[934598]: [INFO] connector:EvseM  :: EVSE ISO V2G CurrentDemandRes
2025-12-16T23:40:21.661509+0100 chargesom manager[934598]: [INFO] connector:EvseM  ::                                     CAR ISO V2G CurrentDemandReq
2025-12-16T23:40:21.749508+0100 chargesom manager[934598]: [INFO] connector:EvseM  :: EVSE ISO V2G CurrentDemandRes
2025-12-16T23:40:21.855840+0100 chargesom manager[934598]: [INFO] connector:EvseM  ::                                     CAR ISO V2G CurrentDemandReq
2025-12-16T23:40:21.953510+0100 chargesom manager[934598]: [INFO] connector:EvseM  :: EVSE ISO V2G CurrentDemandRes
2025-12-16T23:40:22.074849+0100 chargesom manager[934598]: [INFO] connector:EvseM  ::                                     CAR ISO V2G CurrentDemandReq
2025-12-16T23:40:22.172728+0100 chargesom manager[934598]: [INFO] connector:EvseM  :: EVSE ISO V2G CurrentDemandRes
2025-12-16T23:40:22.208075+0100 chargesom manager[934598]: [INFO] connector:EvseM  :: EVSE IEC Isolation measurement Ok R_F 900000.
2025-12-16T23:40:22.297406+0100 chargesom manager[934598]: [INFO] connector:EvseM  ::                                     CAR ISO V2G CurrentDemandReq
2025-12-16T23:40:22.392936+0100 chargesom manager[934598]: [INFO] connector:EvseM  :: EVSE ISO V2G CurrentDemandRes
2025-12-16T23:40:22.514333+0100 chargesom manager[934598]: [INFO] connector:EvseM  ::                                     CAR ISO V2G CurrentDemandReq
2025-12-16T23:40:22.612813+0100 chargesom manager[934598]: [INFO] connector:EvseM  :: EVSE ISO V2G CurrentDemandRes
2025-12-16T23:40:22.757699+0100 chargesom manager[934598]: [INFO] connector:EvseM  ::                                     CAR ISO V2G CurrentDemandReq
2025-12-16T23:40:22.845216+0100 chargesom manager[934598]: [INFO] connector:EvseM  :: EVSE ISO V2G CurrentDemandRes
2025-12-16T23:40:22.955213+0100 chargesom manager[934598]: [INFO] connector:EvseM  ::                                     CAR ISO V2G CurrentDemandReq
2025-12-16T23:40:23.054232+0100 chargesom manager[934598]: [INFO] connector:EvseM  :: EVSE ISO V2G CurrentDemandRes
2025-12-16T23:40:23.174168+0100 chargesom manager[934598]: [INFO] connector:EvseM  ::                                     CAR ISO V2G CurrentDemandReq
2025-12-16T23:40:23.208377+0100 chargesom manager[934598]: [INFO] connector:EvseM  :: EVSE IEC Isolation measurement Ok R_F 900000.
2025-12-16T23:40:23.297334+0100 chargesom manager[934598]: [INFO] connector:EvseM  :: EVSE ISO V2G CurrentDemandRes
2025-12-16T23:40:23.394743+0100 chargesom manager[934598]: [INFO] connector:EvseM  ::                                     CAR ISO V2G CurrentDemandReq
2025-12-16T23:40:23.491941+0100 chargesom manager[934598]: [INFO] connector:EvseM  :: EVSE ISO V2G CurrentDemandRes
2025-12-16T23:40:23.614229+0100 chargesom manager[934598]: [INFO] connector:EvseM  ::                                     CAR ISO V2G CurrentDemandReq
2025-12-16T23:40:23.712655+0100 chargesom manager[934598]: [INFO] connector:EvseM  :: EVSE ISO V2G CurrentDemandRes
2025-12-16T23:40:23.854316+0100 chargesom manager[934598]: [INFO] connector:EvseM  ::                                     CAR ISO V2G CurrentDemandReq
2025-12-16T23:40:23.965713+0100 chargesom manager[934598]: [INFO] connector:EvseM  :: EVSE ISO V2G CurrentDemandRes
2025-12-16T23:40:24.054247+0100 chargesom manager[934598]: [INFO] connector:EvseM  ::                                     CAR ISO V2G CurrentDemandReq
2025-12-16T23:40:24.152711+0100 chargesom manager[934598]: [INFO] connector:EvseM  :: EVSE ISO V2G CurrentDemandRes
2025-12-16T23:40:24.208716+0100 chargesom manager[934598]: [INFO] connector:EvseM  :: EVSE IEC Isolation measurement Ok R_F 900000.
2025-12-16T23:40:24.297477+0100 chargesom manager[934598]: [INFO] connector:EvseM  ::                                     CAR ISO V2G CurrentDemandReq
2025-12-16T23:40:24.372839+0100 chargesom manager[934598]: [INFO] connector:EvseM  :: EVSE ISO V2G CurrentDemandRes
2025-12-16T23:40:24.494223+0100 chargesom manager[934598]: [INFO] connector:EvseM  ::                                     CAR ISO V2G CurrentDemandReq
2025-12-16T23:40:24.592861+0100 chargesom manager[934598]: [INFO] connector:EvseM  :: EVSE ISO V2G CurrentDemandRes
2025-12-16T23:40:24.714093+0100 chargesom manager[934598]: [INFO] connector:EvseM  ::                                     CAR ISO V2G CurrentDemandReq
2025-12-16T23:40:24.812558+0100 chargesom manager[934598]: [INFO] connector:EvseM  :: EVSE ISO V2G CurrentDemandRes
2025-12-16T23:40:24.973928+0100 chargesom manager[934598]: [INFO] connector:EvseM  ::                                     CAR ISO V2G CurrentDemandReq
2025-12-16T23:40:25.065246+0100 chargesom manager[934598]: [INFO] connector:EvseM  :: EVSE ISO V2G CurrentDemandRes
2025-12-16T23:40:25.154229+0100 chargesom manager[934598]: [INFO] connector:EvseM  ::                                     CAR ISO V2G CurrentDemandReq
2025-12-16T23:40:25.208987+0100 chargesom manager[934598]: [INFO] connector:EvseM  :: EVSE IEC Isolation measurement Ok R_F 900000.
2025-12-16T23:40:25.253920+0100 chargesom manager[934598]: [INFO] connector:EvseM  :: EVSE ISO V2G CurrentDemandRes
2025-12-16T23:40:25.374170+0100 chargesom manager[934598]: [INFO] connector:EvseM  ::                                     CAR ISO V2G CurrentDemandReq
2025-12-16T23:40:25.472704+0100 chargesom manager[934598]: [INFO] connector:EvseM  :: EVSE ISO V2G CurrentDemandRes
2025-12-16T23:40:25.594695+0100 chargesom manager[934598]: [INFO] connector:EvseM  ::                                     CAR ISO V2G CurrentDemandReq
2025-12-16T23:40:25.692080+0100 chargesom manager[934598]: [INFO] connector:EvseM  :: EVSE ISO V2G CurrentDemandRes
2025-12-16T23:40:25.814759+0100 chargesom manager[934598]: [INFO] connector:EvseM  ::                                     CAR ISO V2G CurrentDemandReq
2025-12-16T23:40:25.913416+0100 chargesom manager[934598]: [INFO] connector:EvseM  :: EVSE ISO V2G CurrentDemandRes
2025-12-16T23:40:26.045484+0100 chargesom manager[934598]: [INFO] connector:EvseM  ::                                     CAR ISO V2G CurrentDemandReq
2025-12-16T23:40:26.133512+0100 chargesom manager[934598]: [INFO] connector:EvseM  :: EVSE ISO V2G CurrentDemandRes
2025-12-16T23:40:26.209387+0100 chargesom manager[934598]: [INFO] connector:EvseM  :: EVSE IEC Isolation measurement Ok R_F 900000.
2025-12-16T23:40:26.297261+0100 chargesom manager[934598]: [INFO] connector:EvseM  ::                                     CAR ISO V2G CurrentDemandReq
2025-12-16T23:40:26.352632+0100 chargesom manager[934598]: [INFO] connector:EvseM  :: EVSE ISO V2G CurrentDemandRes
2025-12-16T23:40:26.474219+0100 chargesom manager[934598]: [INFO] connector:EvseM  ::                                     CAR ISO V2G CurrentDemandReq
2025-12-16T23:40:26.572469+0100 chargesom manager[934598]: [INFO] connector:EvseM  :: EVSE ISO V2G CurrentDemandRes
2025-12-16T23:40:26.694035+0100 chargesom manager[934598]: [INFO] connector:EvseM  ::                                     CAR ISO V2G CurrentDemandReq
2025-12-16T23:40:26.792745+0100 chargesom manager[934598]: [INFO] connector:EvseM  :: EVSE ISO V2G CurrentDemandRes
2025-12-16T23:40:26.914556+0100 chargesom manager[934598]: [INFO] connector:EvseM  ::                                     CAR ISO V2G CurrentDemandReq
2025-12-16T23:40:27.012662+0100 chargesom manager[934598]: [INFO] connector:EvseM  :: EVSE ISO V2G CurrentDemandRes
2025-12-16T23:40:27.134329+0100 chargesom manager[934598]: [INFO] connector:EvseM  ::                                     CAR ISO V2G CurrentDemandReq
2025-12-16T23:40:27.229949+0100 chargesom manager[934598]: [INFO] connector:EvseM  :: EVSE IEC Isolation measurement Ok R_F 900000.
2025-12-16T23:40:27.277831+0100 chargesom manager[934598]: [INFO] connector:EvseM  :: EVSE ISO V2G CurrentDemandRes
2025-12-16T23:40:27.354146+0100 chargesom manager[934598]: [INFO] connector:EvseM  ::                                     CAR ISO V2G CurrentDemandReq
2025-12-16T23:40:27.452422+0100 chargesom manager[934598]: [INFO] connector:EvseM  :: EVSE ISO V2G CurrentDemandRes
2025-12-16T23:40:27.574280+0100 chargesom manager[934598]: [INFO] connector:EvseM  ::                                     CAR ISO V2G CurrentDemandReq
2025-12-16T23:40:27.672743+0100 chargesom manager[934598]: [INFO] connector:EvseM  :: EVSE ISO V2G CurrentDemandRes
2025-12-16T23:40:27.794855+0100 chargesom manager[934598]: [INFO] connector:EvseM  ::                                     CAR ISO V2G CurrentDemandReq
2025-12-16T23:40:27.892789+0100 chargesom manager[934598]: [INFO] connector:EvseM  :: EVSE ISO V2G CurrentDemandRes
2025-12-16T23:40:28.053700+0100 chargesom manager[934598]: [INFO] connector:EvseM  ::                                     CAR ISO V2G CurrentDemandReq
2025-12-16T23:40:28.112571+0100 chargesom manager[934598]: [INFO] connector:EvseM  :: EVSE ISO V2G CurrentDemandRes
2025-12-16T23:40:28.209977+0100 chargesom manager[934598]: [INFO] connector:EvseM  :: EVSE IEC Isolation measurement Ok R_F 900000.
2025-12-16T23:40:28.253308+0100 chargesom manager[934598]: [INFO] connector:EvseM  ::                                     CAR ISO V2G CurrentDemandReq
2025-12-16T23:40:28.365466+0100 chargesom manager[934598]: [INFO] connector:EvseM  :: EVSE ISO V2G CurrentDemandRes
2025-12-16T23:40:28.453958+0100 chargesom manager[934598]: [INFO] connector:EvseM  ::                                     CAR ISO V2G CurrentDemandReq
2025-12-16T23:40:28.573166+0100 chargesom manager[934598]: [INFO] connector:EvseM  :: EVSE ISO V2G CurrentDemandRes
2025-12-16T23:40:28.674156+0100 chargesom manager[934598]: [INFO] connector:EvseM  ::                                     CAR ISO V2G CurrentDemandReq
2025-12-16T23:40:28.772759+0100 chargesom manager[934598]: [INFO] connector:EvseM  :: EVSE ISO V2G CurrentDemandRes
2025-12-16T23:40:28.894871+0100 chargesom manager[934598]: [INFO] connector:EvseM  ::                                     CAR ISO V2G CurrentDemandReq
2025-12-16T23:40:28.992854+0100 chargesom manager[934598]: [INFO] connector:EvseM  :: EVSE ISO V2G CurrentDemandRes
2025-12-16T23:40:29.114157+0100 chargesom manager[934598]: [INFO] connector:EvseM  ::                                     CAR ISO V2G CurrentDemandReq
2025-12-16T23:40:29.210224+0100 chargesom manager[934598]: [INFO] connector:EvseM  :: EVSE IEC Isolation measurement Ok R_F 900000.
2025-12-16T23:40:29.254190+0100 chargesom manager[934598]: [INFO] connector:EvseM  :: EVSE ISO V2G CurrentDemandRes
2025-12-16T23:40:29.334272+0100 chargesom manager[934598]: [INFO] connector:EvseM  ::                                     CAR ISO V2G CurrentDemandReq
2025-12-16T23:40:29.433771+0100 chargesom manager[934598]: [INFO] connector:EvseM  :: EVSE ISO V2G CurrentDemandRes
2025-12-16T23:40:29.573443+0100 chargesom manager[934598]: [INFO] connector:EvseM  ::                                     CAR ISO V2G CurrentDemandReq
2025-12-16T23:40:29.652372+0100 chargesom manager[934598]: [INFO] connector:EvseM  :: EVSE ISO V2G CurrentDemandRes
2025-12-16T23:40:29.777480+0100 chargesom manager[934598]: [INFO] connector:EvseM  ::                                     CAR ISO V2G CurrentDemandReq
2025-12-16T23:40:29.874920+0100 chargesom manager[934598]: [INFO] connector:EvseM  :: EVSE ISO V2G CurrentDemandRes
2025-12-16T23:40:29.994136+0100 chargesom manager[934598]: [INFO] connector:EvseM  ::                                     CAR ISO V2G CurrentDemandReq
2025-12-16T23:40:30.092557+0100 chargesom manager[934598]: [INFO] connector:EvseM  :: EVSE ISO V2G CurrentDemandRes
2025-12-16T23:40:30.210434+0100 chargesom manager[934598]: [INFO] connector:EvseM  :: EVSE IEC Isolation measurement Ok R_F 900000.
2025-12-16T23:40:30.253378+0100 chargesom manager[934598]: [INFO] connector:EvseM  ::                                     CAR ISO V2G CurrentDemandReq
2025-12-16T23:40:30.312682+0100 chargesom manager[934598]: [INFO] connector:EvseM  :: EVSE ISO V2G CurrentDemandRes
2025-12-16T23:40:30.433823+0100 chargesom manager[934598]: [INFO] connector:EvseM  ::                                     CAR ISO V2G CurrentDemandReq
2025-12-16T23:40:30.533607+0100 chargesom manager[934598]: [INFO] connector:EvseM  :: EVSE ISO V2G CurrentDemandRes
2025-12-16T23:40:30.661239+0100 chargesom manager[934598]: [INFO] connector:EvseM  ::                                     CAR ISO V2G CurrentDemandReq
2025-12-16T23:40:30.752405+0100 chargesom manager[934598]: [INFO] connector:EvseM  :: EVSE ISO V2G CurrentDemandRes
2025-12-16T23:40:30.874971+0100 chargesom manager[934598]: [INFO] connector:EvseM  ::                                     CAR ISO V2G CurrentDemandReq
2025-12-16T23:40:30.972497+0100 chargesom manager[934598]: [INFO] connector:EvseM  :: EVSE ISO V2G CurrentDemandRes
2025-12-16T23:40:31.133469+0100 chargesom manager[934598]: [INFO] connector:EvseM  ::                                     CAR ISO V2G CurrentDemandReq
2025-12-16T23:40:31.192367+0100 chargesom manager[934598]: [INFO] connector:EvseM  :: EVSE ISO V2G CurrentDemandRes
2025-12-16T23:40:31.210750+0100 chargesom manager[934598]: [INFO] connector:EvseM  :: EVSE IEC Isolation measurement Ok R_F 900000.
2025-12-16T23:40:31.342368+0100 chargesom manager[934598]: [INFO] connector:EvseM  ::                                     CAR ISO V2G CurrentDemandReq
2025-12-16T23:40:31.412805+0100 chargesom manager[934598]: [INFO] connector:EvseM  :: EVSE ISO V2G CurrentDemandRes
2025-12-16T23:40:31.573207+0100 chargesom manager[934598]: [INFO] connector:EvseM  ::                                     CAR ISO V2G CurrentDemandReq
2025-12-16T23:40:31.673435+0100 chargesom manager[934598]: [INFO] connector:EvseM  :: EVSE ISO V2G CurrentDemandRes
2025-12-16T23:40:31.765197+0100 chargesom manager[934598]: [INFO] connector:EvseM  ::                                     CAR ISO V2G CurrentDemandReq
2025-12-16T23:40:31.852234+0100 chargesom manager[934598]: [INFO] connector:EvseM  :: EVSE ISO V2G CurrentDemandRes
2025-12-16T23:40:31.974553+0100 chargesom manager[934598]: [INFO] connector:EvseM  ::                                     CAR ISO V2G CurrentDemandReq
2025-12-16T23:40:32.072313+0100 chargesom manager[934598]: [INFO] connector:EvseM  :: EVSE ISO V2G CurrentDemandRes
2025-12-16T23:40:32.194119+0100 chargesom manager[934598]: [INFO] connector:EvseM  ::                                     CAR ISO V2G CurrentDemandReq
2025-12-16T23:40:32.210992+0100 chargesom manager[934598]: [INFO] connector:EvseM  :: EVSE IEC Isolation measurement Ok R_F 900000.
2025-12-16T23:40:32.297682+0100 chargesom manager[934598]: [INFO] connector:EvseM  :: EVSE ISO V2G CurrentDemandRes
2025-12-16T23:40:32.413781+0100 chargesom manager[934598]: [INFO] connector:EvseM  ::                                     CAR ISO V2G CurrentDemandReq
2025-12-16T23:40:32.512218+0100 chargesom manager[934598]: [INFO] connector:EvseM  :: EVSE ISO V2G CurrentDemandRes
2025-12-16T23:40:32.633904+0100 chargesom manager[934598]: [INFO] connector:EvseM  ::                                     CAR ISO V2G CurrentDemandReq
2025-12-16T23:40:32.773446+0100 chargesom manager[934598]: [INFO] connector:EvseM  :: EVSE ISO V2G CurrentDemandRes
2025-12-16T23:40:32.865835+0100 chargesom manager[934598]: [INFO] connector:EvseM  ::                                     CAR ISO V2G CurrentDemandReq
2025-12-16T23:40:32.952284+0100 chargesom manager[934598]: [INFO] connector:EvseM  :: EVSE ISO V2G CurrentDemandRes
2025-12-16T23:40:33.097329+0100 chargesom manager[934598]: [INFO] connector:EvseM  ::                                     CAR ISO V2G CurrentDemandReq
2025-12-16T23:40:33.172289+0100 chargesom manager[934598]: [INFO] connector:EvseM  :: EVSE ISO V2G CurrentDemandRes
2025-12-16T23:40:33.211545+0100 chargesom manager[934598]: [INFO] connector:EvseM  :: EVSE IEC Isolation measurement Ok R_F 900000.
2025-12-16T23:40:33.297342+0100 chargesom manager[934598]: [INFO] connector:EvseM  ::                                     CAR ISO V2G CurrentDemandReq
2025-12-16T23:40:33.391187+0100 chargesom manager[934598]: [INFO] connector:EvseM  :: EVSE ISO V2G CurrentDemandRes
2025-12-16T23:40:33.514571+0100 chargesom manager[934598]: [INFO] connector:EvseM  ::                                     CAR ISO V2G CurrentDemandReq
2025-12-16T23:40:33.612256+0100 chargesom manager[934598]: [INFO] connector:EvseM  :: EVSE ISO V2G CurrentDemandRes
2025-12-16T23:40:33.733911+0100 chargesom manager[934598]: [INFO] connector:EvseM  ::                                     CAR ISO V2G CurrentDemandReq
2025-12-16T23:40:33.874253+0100 chargesom manager[934598]: [INFO] connector:EvseM  :: EVSE ISO V2G CurrentDemandRes
2025-12-16T23:40:33.966067+0100 chargesom manager[934598]: [INFO] connector:EvseM  ::                                     CAR ISO V2G CurrentDemandReq
2025-12-16T23:40:34.052480+0100 chargesom manager[934598]: [INFO] connector:EvseM  :: EVSE ISO V2G CurrentDemandRes
2025-12-16T23:40:34.173794+0100 chargesom manager[934598]: [INFO] connector:EvseM  ::                                     CAR ISO V2G CurrentDemandReq
2025-12-16T23:40:34.211659+0100 chargesom manager[934598]: [INFO] connector:EvseM  :: EVSE IEC Isolation measurement Ok R_F 900000.
2025-12-16T23:40:34.305528+0100 chargesom manager[934598]: [INFO] connector:EvseM  :: EVSE ISO V2G CurrentDemandRes
2025-12-16T23:40:34.393981+0100 chargesom manager[934598]: [INFO] connector:EvseM  ::                                     CAR ISO V2G CurrentDemandReq
2025-12-16T23:40:34.492761+0100 chargesom manager[934598]: [INFO] connector:EvseM  :: EVSE ISO V2G CurrentDemandRes
2025-12-16T23:40:34.613650+0100 chargesom manager[934598]: [INFO] connector:EvseM  ::                                     CAR ISO V2G CurrentDemandReq
2025-12-16T23:40:34.711229+0100 chargesom manager[934598]: [INFO] connector:EvseM  :: EVSE ISO V2G CurrentDemandRes
2025-12-16T23:40:34.834679+0100 chargesom manager[934598]: [INFO] connector:EvseM  ::                                     CAR ISO V2G CurrentDemandReq
2025-12-16T23:40:34.931248+0100 chargesom manager[934598]: [INFO] connector:EvseM  :: EVSE ISO V2G CurrentDemandRes
2025-12-16T23:40:35.062090+0100 chargesom manager[934598]: [INFO] connector:EvseM  ::                                     CAR ISO V2G CurrentDemandReq
2025-12-16T23:40:35.154189+0100 chargesom manager[934598]: [INFO] connector:EvseM  :: EVSE ISO V2G CurrentDemandRes
2025-12-16T23:40:35.211906+0100 chargesom manager[934598]: [INFO] connector:EvseM  :: EVSE IEC Isolation measurement Ok R_F 900000.
2025-12-16T23:40:35.302053+0100 chargesom manager[934598]: [INFO] connector:EvseM  ::                                     CAR ISO V2G CurrentDemandReq
2025-12-16T23:40:35.371058+0100 chargesom manager[934598]: [INFO] connector:EvseM  :: EVSE ISO V2G CurrentDemandRes
2025-12-16T23:40:35.493836+0100 chargesom manager[934598]: [INFO] connector:EvseM  ::                                     CAR ISO V2G CurrentDemandReq
2025-12-16T23:40:35.591140+0100 chargesom manager[934598]: [INFO] connector:EvseM  :: EVSE ISO V2G CurrentDemandRes
2025-12-16T23:40:35.713576+0100 chargesom manager[934598]: [INFO] connector:EvseM  ::                                     CAR ISO V2G CurrentDemandReq
2025-12-16T23:40:35.811213+0100 chargesom manager[934598]: [INFO] connector:EvseM  :: EVSE ISO V2G CurrentDemandRes
2025-12-16T23:40:35.934124+0100 chargesom manager[934598]: [INFO] connector:EvseM  ::                                     CAR ISO V2G CurrentDemandReq
2025-12-16T23:40:36.045354+0100 chargesom manager[934598]: [INFO] connector:EvseM  :: EVSE ISO V2G CurrentDemandRes
2025-12-16T23:40:36.161659+0100 chargesom manager[934598]: [INFO] connector:EvseM  ::                                     CAR ISO V2G CurrentDemandReq
2025-12-16T23:40:36.242001+0100 chargesom manager[934598]: [INFO] connector:EvseM  :: EVSE IEC Isolation measurement Ok R_F 900000.
2025-12-16T23:40:36.285174+0100 chargesom manager[934598]: [INFO] connector:EvseM  :: EVSE ISO V2G CurrentDemandRes
2025-12-16T23:40:36.373617+0100 chargesom manager[934598]: [INFO] connector:EvseM  ::                                     CAR ISO V2G CurrentDemandReq
2025-12-16T23:40:36.471305+0100 chargesom manager[934598]: [INFO] connector:EvseM  :: EVSE ISO V2G CurrentDemandRes
2025-12-16T23:40:36.593940+0100 chargesom manager[934598]: [INFO] connector:EvseM  ::                                     CAR ISO V2G CurrentDemandReq
2025-12-16T23:40:36.692265+0100 chargesom manager[934598]: [INFO] connector:EvseM  :: EVSE ISO V2G CurrentDemandRes
2025-12-16T23:40:36.814284+0100 chargesom manager[934598]: [INFO] connector:EvseM  ::                                     CAR ISO V2G CurrentDemandReq
2025-12-16T23:40:36.911123+0100 chargesom manager[934598]: [INFO] connector:EvseM  :: EVSE ISO V2G CurrentDemandRes
2025-12-16T23:40:37.033447+0100 chargesom manager[934598]: [INFO] connector:EvseM  ::                                     CAR ISO V2G CurrentDemandReq
2025-12-16T23:40:37.131135+0100 chargesom manager[934598]: [INFO] connector:EvseM  :: EVSE ISO V2G CurrentDemandRes
2025-12-16T23:40:37.212450+0100 chargesom manager[934598]: [INFO] connector:EvseM  :: EVSE IEC Isolation measurement Ok R_F 900000.
2025-12-16T23:40:37.258550+0100 chargesom manager[934598]: [INFO] connector:EvseM  ::                                     CAR ISO V2G CurrentDemandReq
2025-12-16T23:40:37.389999+0100 chargesom manager[934598]: [INFO] connector:EvseM  :: EVSE ISO V2G CurrentDemandRes
2025-12-16T23:40:37.473528+0100 chargesom manager[934598]: [INFO] connector:EvseM  ::                                     CAR ISO V2G CurrentDemandReq
2025-12-16T23:40:37.581210+0100 chargesom manager[934598]: [INFO] connector:EvseM  :: EVSE ISO V2G CurrentDemandRes
2025-12-16T23:40:37.693636+0100 chargesom manager[934598]: [INFO] connector:EvseM  ::                                     CAR ISO V2G CurrentDemandReq
2025-12-16T23:40:37.791009+0100 chargesom manager[934598]: [INFO] connector:EvseM  :: EVSE ISO V2G CurrentDemandRes
2025-12-16T23:40:37.914072+0100 chargesom manager[934598]: [INFO] connector:EvseM  ::                                     CAR ISO V2G CurrentDemandReq
2025-12-16T23:40:38.053933+0100 chargesom manager[934598]: [INFO] connector:EvseM  :: EVSE ISO V2G CurrentDemandRes
2025-12-16T23:40:38.133732+0100 chargesom manager[934598]: [INFO] connector:EvseM  ::                                     CAR ISO V2G CurrentDemandReq
2025-12-16T23:40:38.212832+0100 chargesom manager[934598]: [INFO] connector:EvseM  :: EVSE IEC Isolation measurement Ok R_F 900000.
2025-12-16T23:40:38.257281+0100 chargesom manager[934598]: [INFO] connector:EvseM  :: EVSE ISO V2G CurrentDemandRes
2025-12-16T23:40:38.354260+0100 chargesom manager[934598]: [INFO] connector:EvseM  ::                                     CAR ISO V2G CurrentDemandReq
2025-12-16T23:40:38.489464+0100 chargesom manager[934598]: [INFO] connector:EvseM  :: EVSE ISO V2G CurrentDemandRes
2025-12-16T23:40:38.581176+0100 chargesom manager[934598]: [INFO] connector:EvseM  ::                                     CAR ISO V2G CurrentDemandReq
2025-12-16T23:40:38.671449+0100 chargesom manager[934598]: [INFO] connector:EvseM  :: EVSE ISO V2G CurrentDemandRes
2025-12-16T23:40:38.795325+0100 chargesom manager[934598]: [INFO] connector:EvseM  ::                                     CAR ISO V2G CurrentDemandReq
2025-12-16T23:40:38.892362+0100 chargesom manager[934598]: [INFO] connector:EvseM  :: EVSE ISO V2G CurrentDemandRes
2025-12-16T23:40:39.013590+0100 chargesom manager[934598]: [INFO] connector:EvseM  ::                                     CAR ISO V2G CurrentDemandReq
2025-12-16T23:40:39.111056+0100 chargesom manager[934598]: [INFO] connector:EvseM  :: EVSE ISO V2G CurrentDemandRes
2025-12-16T23:40:39.213104+0100 chargesom manager[934598]: [INFO] connector:EvseM  :: EVSE IEC Isolation measurement Ok R_F 900000.
2025-12-16T23:40:39.257439+0100 chargesom manager[934598]: [INFO] connector:EvseM  ::                                     CAR ISO V2G CurrentDemandReq
2025-12-16T23:40:39.331433+0100 chargesom manager[934598]: [INFO] connector:EvseM  :: EVSE ISO V2G CurrentDemandRes
2025-12-16T23:40:39.453406+0100 chargesom manager[934598]: [INFO] connector:EvseM  ::                                     CAR ISO V2G CurrentDemandReq
2025-12-16T23:40:39.582600+0100 chargesom manager[934598]: [INFO] connector:EvseM  :: EVSE ISO V2G CurrentDemandRes
2025-12-16T23:40:39.674475+0100 chargesom manager[934598]: [INFO] connector:EvseM  ::                                     CAR ISO V2G CurrentDemandReq
2025-12-16T23:40:39.771021+0100 chargesom manager[934598]: [INFO] connector:EvseM  :: EVSE ISO V2G CurrentDemandRes
2025-12-16T23:40:39.894529+0100 chargesom manager[934598]: [INFO] connector:EvseM  ::                                     CAR ISO V2G CurrentDemandReq
2025-12-16T23:40:39.990998+0100 chargesom manager[934598]: [INFO] connector:EvseM  :: EVSE ISO V2G CurrentDemandRes
2025-12-16T23:40:40.113450+0100 chargesom manager[934598]: [INFO] connector:EvseM  ::                                     CAR ISO V2G CurrentDemandReq
2025-12-16T23:40:40.211921+0100 chargesom manager[934598]: [INFO] connector:EvseM  :: EVSE ISO V2G CurrentDemandRes
2025-12-16T23:40:40.213411+0100 chargesom manager[934598]: [INFO] connector:EvseM  :: EVSE IEC Isolation measurement Ok R_F 900000.
2025-12-16T23:40:40.345156+0100 chargesom manager[934598]: [INFO] connector:EvseM  ::                                     CAR ISO V2G CurrentDemandReq
2025-12-16T23:40:40.431846+0100 chargesom manager[934598]: [INFO] connector:EvseM  :: EVSE ISO V2G CurrentDemandRes
2025-12-16T23:40:40.581477+0100 chargesom manager[934598]: [INFO] connector:EvseM  ::                                     CAR ISO V2G CurrentDemandReq
2025-12-16T23:40:40.651750+0100 chargesom manager[934598]: [INFO] connector:EvseM  :: EVSE ISO V2G CurrentDemandRes
2025-12-16T23:40:40.813776+0100 chargesom manager[934598]: [INFO] connector:EvseM  ::                                     CAR ISO V2G CurrentDemandReq
2025-12-16T23:40:40.873756+0100 chargesom manager[934598]: [INFO] connector:EvseM  :: EVSE ISO V2G CurrentDemandRes
2025-12-16T23:40:40.993721+0100 chargesom manager[934598]: [INFO] connector:EvseM  ::                                     CAR ISO V2G CurrentDemandReq
2025-12-16T23:40:41.093159+0100 chargesom manager[934598]: [INFO] connector:EvseM  :: EVSE ISO V2G CurrentDemandRes
2025-12-16T23:40:41.213561+0100 chargesom manager[934598]: [INFO] connector:EvseM  ::                                     CAR ISO V2G CurrentDemandReq
2025-12-16T23:40:41.215194+0100 chargesom manager[934598]: [INFO] connector:EvseM  :: EVSE IEC Isolation measurement Ok R_F 900000.
2025-12-16T23:40:41.346106+0100 chargesom manager[934598]: [INFO] connector:EvseM  :: EVSE ISO V2G CurrentDemandRes
2025-12-16T23:40:41.433465+0100 chargesom manager[934598]: [INFO] connector:EvseM  ::                                     CAR ISO V2G CurrentDemandReq
2025-12-16T23:40:41.532733+0100 chargesom manager[934598]: [INFO] connector:EvseM  :: EVSE ISO V2G CurrentDemandRes
2025-12-16T23:40:41.653248+0100 chargesom manager[934598]: [INFO] connector:EvseM  ::                                     CAR ISO V2G CurrentDemandReq
2025-12-16T23:40:41.751662+0100 chargesom manager[934598]: [INFO] connector:EvseM  :: EVSE ISO V2G CurrentDemandRes
2025-12-16T23:40:41.906619+0100 chargesom manager[934598]: [INFO] connector:EvseM  ::                                     CAR ISO V2G CurrentDemandReq
2025-12-16T23:40:41.997625+0100 chargesom manager[934598]: [INFO] connector:EvseM  :: EVSE ISO V2G CurrentDemandRes
2025-12-16T23:40:42.093324+0100 chargesom manager[934598]: [INFO] connector:EvseM  ::                                     CAR ISO V2G CurrentDemandReq
2025-12-16T23:40:42.192082+0100 chargesom manager[934598]: [INFO] connector:EvseM  :: EVSE ISO V2G CurrentDemandRes
2025-12-16T23:40:42.214490+0100 chargesom manager[934598]: [INFO] connector:EvseM  :: EVSE IEC Isolation measurement Ok R_F 900000.
2025-12-16T23:40:42.313289+0100 chargesom manager[934598]: [INFO] connector:EvseM  ::                                     CAR ISO V2G CurrentDemandReq
2025-12-16T23:40:42.411735+0100 chargesom manager[934598]: [INFO] connector:EvseM  :: EVSE ISO V2G CurrentDemandRes
2025-12-16T23:40:42.533913+0100 chargesom manager[934598]: [INFO] connector:EvseM  ::                                     CAR ISO V2G CurrentDemandReq
2025-12-16T23:40:42.631151+0100 chargesom manager[934598]: [INFO] connector:EvseM  :: EVSE ISO V2G CurrentDemandRes
2025-12-16T23:40:42.753440+0100 chargesom manager[934598]: [INFO] connector:EvseM  ::                                     CAR ISO V2G CurrentDemandReq
2025-12-16T23:40:42.851960+0100 chargesom manager[934598]: [INFO] connector:EvseM  :: EVSE ISO V2G CurrentDemandRes
2025-12-16T23:40:42.974114+0100 chargesom manager[934598]: [INFO] connector:EvseM  ::                                     CAR ISO V2G CurrentDemandReq
2025-12-16T23:40:43.109878+0100 chargesom manager[934598]: [INFO] connector:EvseM  :: EVSE ISO V2G CurrentDemandRes
2025-12-16T23:40:43.201344+0100 chargesom manager[934598]: [INFO] connector:EvseM  ::                                     CAR ISO V2G CurrentDemandReq
2025-12-16T23:40:43.214437+0100 chargesom manager[934598]: [INFO] connector:EvseM  :: EVSE IEC Isolation measurement Ok R_F 900000.
2025-12-16T23:40:43.301539+0100 chargesom manager[934598]: [INFO] connector:EvseM  :: EVSE ISO V2G CurrentDemandRes
2025-12-16T23:40:43.413673+0100 chargesom manager[934598]: [INFO] connector:EvseM  ::                                     CAR ISO V2G CurrentDemandReq
2025-12-16T23:40:43.511625+0100 chargesom manager[934598]: [INFO] connector:EvseM  :: EVSE ISO V2G CurrentDemandRes
2025-12-16T23:40:43.633464+0100 chargesom manager[934598]: [INFO] connector:EvseM  ::                                     CAR ISO V2G CurrentDemandReq
2025-12-16T23:40:43.731748+0100 chargesom manager[934598]: [INFO] connector:EvseM  :: EVSE ISO V2G CurrentDemandRes
2025-12-16T23:40:43.853971+0100 chargesom manager[934598]: [INFO] connector:EvseM  ::                                     CAR ISO V2G CurrentDemandReq
2025-12-16T23:40:43.951782+0100 chargesom manager[934598]: [INFO] connector:EvseM  :: EVSE ISO V2G CurrentDemandRes
2025-12-16T23:40:44.073646+0100 chargesom manager[934598]: [INFO] connector:EvseM  ::                                     CAR ISO V2G CurrentDemandReq
2025-12-16T23:40:44.209674+0100 chargesom manager[934598]: [INFO] connector:EvseM  :: EVSE ISO V2G CurrentDemandRes
2025-12-16T23:40:44.216275+0100 chargesom manager[934598]: [INFO] connector:EvseM  :: EVSE IEC Isolation measurement Ok R_F 900000.
2025-12-16T23:40:44.305334+0100 chargesom manager[934598]: [INFO] connector:EvseM  ::                                     CAR ISO V2G CurrentDemandReq
2025-12-16T23:40:44.392494+0100 chargesom manager[934598]: [INFO] connector:EvseM  :: EVSE ISO V2G CurrentDemandRes
2025-12-16T23:40:44.513349+0100 chargesom manager[934598]: [INFO] connector:EvseM  ::                                     CAR ISO V2G CurrentDemandReq
2025-12-16T23:40:44.611681+0100 chargesom manager[934598]: [INFO] connector:EvseM  :: EVSE ISO V2G CurrentDemandRes
2025-12-16T23:40:44.733310+0100 chargesom manager[934598]: [INFO] connector:EvseM  ::                                     CAR ISO V2G CurrentDemandReq
2025-12-16T23:40:44.831718+0100 chargesom manager[934598]: [INFO] connector:EvseM  :: EVSE ISO V2G CurrentDemandRes
2025-12-16T23:40:44.954423+0100 chargesom manager[934598]: [INFO] connector:EvseM  ::                                     CAR ISO V2G CurrentDemandReq
2025-12-16T23:40:45.052080+0100 chargesom manager[934598]: [INFO] connector:EvseM  :: EVSE ISO V2G CurrentDemandRes
2025-12-16T23:40:45.173260+0100 chargesom manager[934598]: [INFO] connector:EvseM  ::                                     CAR ISO V2G CurrentDemandReq
2025-12-16T23:40:45.215110+0100 chargesom manager[934598]: [INFO] connector:EvseM  :: EVSE IEC Isolation measurement Ok R_F 900000.
2025-12-16T23:40:45.306377+0100 chargesom manager[934598]: [INFO] connector:EvseM  :: EVSE ISO V2G CurrentDemandRes
2025-12-16T23:40:45.401207+0100 chargesom manager[934598]: [INFO] connector:EvseM  ::                                     CAR ISO V2G CurrentDemandReq
2025-12-16T23:40:45.492047+0100 chargesom manager[934598]: [INFO] connector:EvseM  :: EVSE ISO V2G CurrentDemandRes
2025-12-16T23:40:45.613965+0100 chargesom manager[934598]: [INFO] connector:EvseM  ::                                     CAR ISO V2G CurrentDemandReq
2025-12-16T23:40:45.711925+0100 chargesom manager[934598]: [INFO] connector:EvseM  :: EVSE ISO V2G CurrentDemandRes
2025-12-16T23:40:45.834507+0100 chargesom manager[934598]: [INFO] connector:EvseM  ::                                     CAR ISO V2G CurrentDemandReq
2025-12-16T23:40:45.931850+0100 chargesom manager[934598]: [INFO] connector:EvseM  :: EVSE ISO V2G CurrentDemandRes
2025-12-16T23:40:46.093204+0100 chargesom manager[934598]: [INFO] connector:EvseM  ::                                     CAR ISO V2G CurrentDemandReq
2025-12-16T23:40:46.151524+0100 chargesom manager[934598]: [INFO] connector:EvseM  :: EVSE ISO V2G CurrentDemandRes
2025-12-16T23:40:46.216500+0100 chargesom manager[934598]: [INFO] connector:EvseM  :: EVSE IEC Isolation measurement Ok R_F 900000.
2025-12-16T23:40:46.305482+0100 chargesom manager[934598]: [INFO] connector:EvseM  ::                                     CAR ISO V2G CurrentDemandReq
2025-12-16T23:40:46.371551+0100 chargesom manager[934598]: [INFO] connector:EvseM  :: EVSE ISO V2G CurrentDemandRes
2025-12-16T23:40:46.493637+0100 chargesom manager[934598]: [INFO] connector:EvseM  ::                                     CAR ISO V2G CurrentDemandReq
2025-12-16T23:40:46.591620+0100 chargesom manager[934598]: [INFO] connector:EvseM  :: EVSE ISO V2G CurrentDemandRes
2025-12-16T23:40:46.713088+0100 chargesom manager[934598]: [INFO] connector:EvseM  ::                                     CAR ISO V2G CurrentDemandReq
2025-12-16T23:40:46.811701+0100 chargesom manager[934598]: [INFO] connector:EvseM  :: EVSE ISO V2G CurrentDemandRes
2025-12-16T23:40:46.934699+0100 chargesom manager[934598]: [INFO] connector:EvseM  ::                                     CAR ISO V2G CurrentDemandReq
2025-12-16T23:40:47.031091+0100 chargesom manager[934598]: [INFO] connector:EvseM  :: EVSE ISO V2G CurrentDemandRes
2025-12-16T23:40:47.153203+0100 chargesom manager[934598]: [INFO] connector:EvseM  ::                                     CAR ISO V2G CurrentDemandReq
2025-12-16T23:40:47.215672+0100 chargesom manager[934598]: [INFO] connector:EvseM  :: EVSE IEC Isolation measurement Ok R_F 900000.
2025-12-16T23:40:47.261886+0100 chargesom manager[934598]: [INFO] connector:EvseM  :: EVSE ISO V2G CurrentDemandRes
2025-12-16T23:40:47.373096+0100 chargesom manager[934598]: [INFO] connector:EvseM  ::                                     CAR ISO V2G CurrentDemandReq
2025-12-16T23:40:47.471575+0100 chargesom manager[934598]: [INFO] connector:EvseM  :: EVSE ISO V2G CurrentDemandRes
2025-12-16T23:40:47.596474+0100 chargesom manager[934598]: [INFO] connector:EvseM  ::                                     CAR ISO V2G CurrentDemandReq
2025-12-16T23:40:47.730107+0100 chargesom manager[934598]: [INFO] connector:EvseM  :: EVSE ISO V2G CurrentDemandRes
2025-12-16T23:40:47.813997+0100 chargesom manager[934598]: [INFO] connector:EvseM  ::                                     CAR ISO V2G CurrentDemandReq
2025-12-16T23:40:47.912099+0100 chargesom manager[934598]: [INFO] connector:EvseM  :: EVSE ISO V2G CurrentDemandRes
2025-12-16T23:40:48.053678+0100 chargesom manager[934598]: [INFO] connector:EvseM  ::                                     CAR ISO V2G CurrentDemandReq
2025-12-16T23:40:48.131536+0100 chargesom manager[934598]: [INFO] connector:EvseM  :: EVSE ISO V2G CurrentDemandRes
2025-12-16T23:40:48.216063+0100 chargesom manager[934598]: [INFO] connector:EvseM  :: EVSE IEC Isolation measurement Ok R_F 900000.
2025-12-16T23:40:48.265420+0100 chargesom manager[934598]: [INFO] connector:EvseM  ::                                     CAR ISO V2G CurrentDemandReq
2025-12-16T23:40:48.351994+0100 chargesom manager[934598]: [INFO] connector:EvseM  :: EVSE ISO V2G CurrentDemandRes
2025-12-16T23:40:48.473069+0100 chargesom manager[934598]: [INFO] connector:EvseM  ::                                     CAR ISO V2G CurrentDemandReq
2025-12-16T23:40:48.589343+0100 chargesom manager[934598]: [INFO] connector:EvseM  :: EVSE ISO V2G CurrentDemandRes
2025-12-16T23:40:48.694195+0100 chargesom manager[934598]: [INFO] connector:EvseM  ::                                     CAR ISO V2G CurrentDemandReq
2025-12-16T23:40:48.829700+0100 chargesom manager[934598]: [INFO] connector:EvseM  :: EVSE ISO V2G CurrentDemandRes
2025-12-16T23:40:48.913983+0100 chargesom manager[934598]: [INFO] connector:EvseM  ::                                     CAR ISO V2G CurrentDemandReq
2025-12-16T23:40:49.012312+0100 chargesom manager[934598]: [INFO] connector:EvseM  :: EVSE ISO V2G CurrentDemandRes
2025-12-16T23:40:49.133010+0100 chargesom manager[934598]: [INFO] connector:EvseM  ::                                     CAR ISO V2G CurrentDemandReq
2025-12-16T23:40:49.216303+0100 chargesom manager[934598]: [INFO] connector:EvseM  :: EVSE IEC Isolation measurement Ok R_F 900000.
2025-12-16T23:40:49.261412+0100 chargesom manager[934598]: [INFO] connector:EvseM  :: EVSE ISO V2G CurrentDemandRes
2025-12-16T23:40:49.353222+0100 chargesom manager[934598]: [INFO] connector:EvseM  ::                                     CAR ISO V2G CurrentDemandReq
2025-12-16T23:40:49.451466+0100 chargesom manager[934598]: [INFO] connector:EvseM  :: EVSE ISO V2G CurrentDemandRes
2025-12-16T23:40:49.593199+0100 chargesom manager[934598]: [INFO] connector:EvseM  ::                                     CAR ISO V2G CurrentDemandReq
2025-12-16T23:40:49.671728+0100 chargesom manager[934598]: [INFO] connector:EvseM  :: EVSE ISO V2G CurrentDemandRes
2025-12-16T23:40:49.793952+0100 chargesom manager[934598]: [INFO] connector:EvseM  ::                                     CAR ISO V2G CurrentDemandReq
2025-12-16T23:40:49.930220+0100 chargesom manager[934598]: [INFO] connector:EvseM  :: EVSE ISO V2G CurrentDemandRes
2025-12-16T23:40:50.017226+0100 chargesom manager[934598]: [INFO] connector:EvseM  ::                                     CAR ISO V2G CurrentDemandReq
2025-12-16T23:40:50.111346+0100 chargesom manager[934598]: [INFO] connector:EvseM  :: EVSE ISO V2G CurrentDemandRes
2025-12-16T23:40:50.216727+0100 chargesom manager[934598]: [INFO] connector:EvseM  :: EVSE IEC Isolation measurement Ok R_F 900000.
2025-12-16T23:40:50.261672+0100 chargesom manager[934598]: [INFO] connector:EvseM  ::                                     CAR ISO V2G CurrentDemandReq
2025-12-16T23:40:50.331337+0100 chargesom manager[934598]: [INFO] connector:EvseM  :: EVSE ISO V2G CurrentDemandRes
2025-12-16T23:40:50.452839+0100 chargesom manager[934598]: [INFO] connector:EvseM  ::                                     CAR ISO V2G CurrentDemandReq
2025-12-16T23:40:50.589444+0100 chargesom manager[934598]: [INFO] connector:EvseM  :: EVSE ISO V2G CurrentDemandRes
2025-12-16T23:40:50.672848+0100 chargesom manager[934598]: [INFO] connector:EvseM  ::                                     CAR ISO V2G CurrentDemandReq
2025-12-16T23:40:50.771265+0100 chargesom manager[934598]: [INFO] connector:EvseM  :: EVSE ISO V2G CurrentDemandRes
2025-12-16T23:40:50.893701+0100 chargesom manager[934598]: [INFO] connector:EvseM  ::                                     CAR ISO V2G CurrentDemandReq
2025-12-16T23:40:51.026097+0100 chargesom manager[934598]: [INFO] connector:EvseM  :: EVSE ISO V2G CurrentDemandRes
2025-12-16T23:40:51.113339+0100 chargesom manager[934598]: [INFO] connector:EvseM  ::                                     CAR ISO V2G CurrentDemandReq
2025-12-16T23:40:51.211393+0100 chargesom manager[934598]: [INFO] connector:EvseM  :: EVSE ISO V2G CurrentDemandRes
2025-12-16T23:40:51.216765+0100 chargesom manager[934598]: [INFO] connector:EvseM  :: EVSE IEC Isolation measurement Ok R_F 900000.
2025-12-16T23:40:51.357944+0100 chargesom manager[934598]: [INFO] connector:EvseM  ::                                     CAR ISO V2G CurrentDemandReq
2025-12-16T23:40:51.431066+0100 chargesom manager[934598]: [INFO] connector:EvseM  :: EVSE ISO V2G CurrentDemandRes
2025-12-16T23:40:51.593443+0100 chargesom manager[934598]: [INFO] connector:EvseM  ::                                     CAR ISO V2G CurrentDemandReq
2025-12-16T23:40:51.651563+0100 chargesom manager[934598]: [INFO] connector:EvseM  :: EVSE ISO V2G CurrentDemandRes
2025-12-16T23:40:51.773717+0100 chargesom manager[934598]: [INFO] connector:EvseM  ::                                     CAR ISO V2G CurrentDemandReq
2025-12-16T23:40:51.871717+0100 chargesom manager[934598]: [INFO] connector:EvseM  :: EVSE ISO V2G CurrentDemandRes
2025-12-16T23:40:51.993009+0100 chargesom manager[934598]: [INFO] connector:EvseM  ::                                     CAR ISO V2G CurrentDemandReq
2025-12-16T23:40:52.121927+0100 chargesom manager[934598]: [INFO] connector:EvseM  :: EVSE ISO V2G CurrentDemandRes
2025-12-16T23:40:52.225837+0100 chargesom manager[934598]: [INFO] connector:EvseM  :: EVSE IEC Isolation measurement Ok R_F 900000.
2025-12-16T23:40:52.226910+0100 chargesom manager[934598]: [INFO] connector:EvseM  ::                                     CAR ISO V2G CurrentDemandReq
2025-12-16T23:40:52.313687+0100 chargesom manager[934598]: [INFO] connector:EvseM  :: EVSE ISO V2G CurrentDemandRes
2025-12-16T23:40:52.432834+0100 chargesom manager[934598]: [INFO] connector:EvseM  ::                                     CAR ISO V2G CurrentDemandReq
2025-12-16T23:40:52.530316+0100 chargesom manager[934598]: [INFO] connector:EvseM  :: EVSE ISO V2G CurrentDemandRes
2025-12-16T23:40:52.652792+0100 chargesom manager[934598]: [INFO] connector:EvseM  ::                                     CAR ISO V2G CurrentDemandReq
2025-12-16T23:40:52.750296+0100 chargesom manager[934598]: [INFO] connector:EvseM  :: EVSE ISO V2G CurrentDemandRes
2025-12-16T23:40:52.873612+0100 chargesom manager[934598]: [INFO] connector:EvseM  ::                                     CAR ISO V2G CurrentDemandReq
2025-12-16T23:40:52.970346+0100 chargesom manager[934598]: [INFO] connector:EvseM  :: EVSE ISO V2G CurrentDemandRes
2025-12-16T23:40:53.101389+0100 chargesom manager[934598]: [INFO] connector:EvseM  ::                                     CAR ISO V2G CurrentDemandReq
2025-12-16T23:40:53.193213+0100 chargesom manager[934598]: [INFO] connector:EvseM  :: EVSE ISO V2G CurrentDemandRes
2025-12-16T23:40:53.237435+0100 chargesom manager[934598]: [INFO] connector:EvseM  :: EVSE IEC Isolation measurement Ok R_F 900000.
2025-12-16T23:40:53.325201+0100 chargesom manager[934598]: [INFO] connector:EvseM  ::                                     CAR ISO V2G CurrentDemandReq
2025-12-16T23:40:53.410723+0100 chargesom manager[934598]: [INFO] connector:EvseM  :: EVSE ISO V2G CurrentDemandRes
2025-12-16T23:40:53.533253+0100 chargesom manager[934598]: [INFO] connector:EvseM  ::                                     CAR ISO V2G CurrentDemandReq
2025-12-16T23:40:53.631409+0100 chargesom manager[934598]: [INFO] connector:EvseM  :: EVSE ISO V2G CurrentDemandRes
2025-12-16T23:40:53.752853+0100 chargesom manager[934598]: [INFO] connector:EvseM  ::                                     CAR ISO V2G CurrentDemandReq
2025-12-16T23:40:53.850600+0100 chargesom manager[934598]: [INFO] connector:EvseM  :: EVSE ISO V2G CurrentDemandRes
2025-12-16T23:40:53.974016+0100 chargesom manager[934598]: [INFO] connector:EvseM  ::                                     CAR ISO V2G CurrentDemandReq
2025-12-16T23:40:54.070527+0100 chargesom manager[934598]: [INFO] connector:EvseM  :: EVSE ISO V2G CurrentDemandRes
2025-12-16T23:40:54.193433+0100 chargesom manager[934598]: [INFO] connector:EvseM  ::                                     CAR ISO V2G CurrentDemandReq
2025-12-16T23:40:54.217763+0100 chargesom manager[934598]: [INFO] connector:EvseM  :: EVSE IEC Isolation measurement Ok R_F 900000.
2025-12-16T23:40:54.306333+0100 chargesom manager[934598]: [INFO] connector:EvseM  :: EVSE ISO V2G CurrentDemandRes
2025-12-16T23:40:54.413521+0100 chargesom manager[934598]: [INFO] connector:EvseM  ::                                     CAR ISO V2G CurrentDemandReq
2025-12-16T23:40:54.510324+0100 chargesom manager[934598]: [INFO] connector:EvseM  :: EVSE ISO V2G CurrentDemandRes
2025-12-16T23:40:54.632882+0100 chargesom manager[934598]: [INFO] connector:EvseM  ::                                     CAR ISO V2G CurrentDemandReq
2025-12-16T23:40:54.730330+0100 chargesom manager[934598]: [INFO] connector:EvseM  :: EVSE ISO V2G CurrentDemandRes
2025-12-16T23:40:54.853726+0100 chargesom manager[934598]: [INFO] connector:EvseM  ::                                     CAR ISO V2G CurrentDemandReq
2025-12-16T23:40:54.950333+0100 chargesom manager[934598]: [INFO] connector:EvseM  :: EVSE ISO V2G CurrentDemandRes
2025-12-16T23:40:55.073072+0100 chargesom manager[934598]: [INFO] connector:EvseM  ::                                     CAR ISO V2G CurrentDemandReq
2025-12-16T23:40:55.170154+0100 chargesom manager[934598]: [INFO] connector:EvseM  :: EVSE ISO V2G CurrentDemandRes
2025-12-16T23:40:55.218219+0100 chargesom manager[934598]: [INFO] connector:EvseM  :: EVSE IEC Isolation measurement Ok R_F 900000.
2025-12-16T23:40:55.305775+0100 chargesom manager[934598]: [INFO] connector:EvseM  ::                                     CAR ISO V2G CurrentDemandReq
2025-12-16T23:40:55.406072+0100 chargesom manager[934598]: [INFO] connector:EvseM  :: EVSE ISO V2G CurrentDemandRes
2025-12-16T23:40:55.521429+0100 chargesom manager[934598]: [INFO] connector:EvseM  ::                                     CAR ISO V2G CurrentDemandReq
2025-12-16T23:40:55.610234+0100 chargesom manager[934598]: [INFO] connector:EvseM  :: EVSE ISO V2G CurrentDemandRes
2025-12-16T23:40:55.733178+0100 chargesom manager[934598]: [INFO] connector:EvseM  ::                                     CAR ISO V2G CurrentDemandReq
2025-12-16T23:40:55.831621+0100 chargesom manager[934598]: [INFO] connector:EvseM  :: EVSE ISO V2G CurrentDemandRes
2025-12-16T23:40:55.953673+0100 chargesom manager[934598]: [INFO] connector:EvseM  ::                                     CAR ISO V2G CurrentDemandReq
2025-12-16T23:40:56.051708+0100 chargesom manager[934598]: [INFO] connector:EvseM  :: EVSE ISO V2G CurrentDemandRes
2025-12-16T23:40:56.172653+0100 chargesom manager[934598]: [INFO] connector:EvseM  ::                                     CAR ISO V2G CurrentDemandReq
2025-12-16T23:40:56.218405+0100 chargesom manager[934598]: [INFO] connector:EvseM  :: EVSE IEC Isolation measurement Ok R_F 900000.
2025-12-16T23:40:56.306029+0100 chargesom manager[934598]: [INFO] connector:EvseM  :: EVSE ISO V2G CurrentDemandRes
2025-12-16T23:40:56.393105+0100 chargesom manager[934598]: [INFO] connector:EvseM  ::                                     CAR ISO V2G CurrentDemandReq
2025-12-16T23:40:56.529565+0100 chargesom manager[934598]: [INFO] connector:EvseM  :: EVSE ISO V2G CurrentDemandRes
2025-12-16T23:40:56.622083+0100 chargesom manager[934598]: [INFO] connector:EvseM  ::                                     CAR ISO V2G CurrentDemandReq
2025-12-16T23:40:56.710369+0100 chargesom manager[934598]: [INFO] connector:EvseM  :: EVSE ISO V2G CurrentDemandRes
2025-12-16T23:40:56.833640+0100 chargesom manager[934598]: [INFO] connector:EvseM  ::                                     CAR ISO V2G CurrentDemandReq
2025-12-16T23:40:56.930145+0100 chargesom manager[934598]: [INFO] connector:EvseM  :: EVSE ISO V2G CurrentDemandRes
2025-12-16T23:40:57.053054+0100 chargesom manager[934598]: [INFO] connector:EvseM  ::                                     CAR ISO V2G CurrentDemandReq
2025-12-16T23:40:57.150029+0100 chargesom manager[934598]: [INFO] connector:EvseM  :: EVSE ISO V2G CurrentDemandRes
2025-12-16T23:40:57.218932+0100 chargesom manager[934598]: [INFO] connector:EvseM  :: EVSE IEC Isolation measurement Ok R_F 900000.
2025-12-16T23:40:57.306059+0100 chargesom manager[934598]: [INFO] connector:EvseM  ::                                     CAR ISO V2G CurrentDemandReq
2025-12-16T23:40:57.371194+0100 chargesom manager[934598]: [INFO] connector:EvseM  :: EVSE ISO V2G CurrentDemandRes
2025-12-16T23:40:57.493609+0100 chargesom manager[934598]: [INFO] connector:EvseM  ::                                     CAR ISO V2G CurrentDemandReq
2025-12-16T23:40:57.597275+0100 chargesom manager[934598]: [INFO] connector:EvseM  :: EVSE ISO V2G CurrentDemandRes
2025-12-16T23:40:57.717764+0100 chargesom manager[934598]: [INFO] connector:EvseM  ::                                     CAR ISO V2G CurrentDemandReq
2025-12-16T23:40:57.811218+0100 chargesom manager[934598]: [INFO] connector:EvseM  :: EVSE ISO V2G CurrentDemandRes
2025-12-16T23:40:57.934868+0100 chargesom manager[934598]: [INFO] connector:EvseM  ::                                     CAR ISO V2G CurrentDemandReq
2025-12-16T23:40:58.053493+0100 chargesom manager[934598]: [INFO] connector:EvseM  :: EVSE ISO V2G CurrentDemandRes
2025-12-16T23:40:58.152735+0100 chargesom manager[934598]: [INFO] connector:EvseM  ::                                     CAR ISO V2G CurrentDemandReq
2025-12-16T23:40:58.219070+0100 chargesom manager[934598]: [INFO] connector:EvseM  :: EVSE IEC Isolation measurement Ok R_F 900000.
2025-12-16T23:40:58.265640+0100 chargesom manager[934598]: [INFO] connector:EvseM  :: EVSE ISO V2G CurrentDemandRes
2025-12-16T23:40:58.372679+0100 chargesom manager[934598]: [INFO] connector:EvseM  ::                                     CAR ISO V2G CurrentDemandReq
2025-12-16T23:40:58.470118+0100 chargesom manager[934598]: [INFO] connector:EvseM  :: EVSE ISO V2G CurrentDemandRes
2025-12-16T23:40:58.597251+0100 chargesom manager[934598]: [INFO] connector:EvseM  ::                                     CAR ISO V2G CurrentDemandReq
2025-12-16T23:40:58.690271+0100 chargesom manager[934598]: [INFO] connector:EvseM  :: EVSE ISO V2G CurrentDemandRes
2025-12-16T23:40:58.815419+0100 chargesom manager[934598]: [INFO] connector:EvseM  ::                                     CAR ISO V2G CurrentDemandReq
2025-12-16T23:40:58.910212+0100 chargesom manager[934598]: [INFO] connector:EvseM  :: EVSE ISO V2G CurrentDemandRes
2025-12-16T23:40:59.032898+0100 chargesom manager[934598]: [INFO] connector:EvseM  ::                                     CAR ISO V2G CurrentDemandReq
2025-12-16T23:40:59.131477+0100 chargesom manager[934598]: [INFO] connector:EvseM  :: EVSE ISO V2G CurrentDemandRes
2025-12-16T23:40:59.219708+0100 chargesom manager[934598]: [INFO] connector:EvseM  :: EVSE IEC Isolation measurement Ok R_F 900000.
2025-12-16T23:40:59.265649+0100 chargesom manager[934598]: [INFO] connector:EvseM  ::                                     CAR ISO V2G CurrentDemandReq
2025-12-16T23:40:59.350989+0100 chargesom manager[934598]: [INFO] connector:EvseM  :: EVSE ISO V2G CurrentDemandRes
2025-12-16T23:40:59.472595+0100 chargesom manager[934598]: [INFO] connector:EvseM  ::                                     CAR ISO V2G CurrentDemandReq
2025-12-16T23:40:59.597380+0100 chargesom manager[934598]: [INFO] connector:EvseM  :: EVSE ISO V2G CurrentDemandRes
2025-12-16T23:40:59.692477+0100 chargesom manager[934598]: [INFO] connector:EvseM  ::                                     CAR ISO V2G CurrentDemandReq
2025-12-16T23:40:59.791169+0100 chargesom manager[934598]: [INFO] connector:EvseM  :: EVSE ISO V2G CurrentDemandRes
2025-12-16T23:40:59.919174+0100 chargesom manager[934598]: [INFO] connector:EvseM  ::                                     CAR ISO V2G CurrentDemandReq
2025-12-16T23:41:00.053508+0100 chargesom manager[934598]: [INFO] connector:EvseM  :: EVSE ISO V2G CurrentDemandRes
2025-12-16T23:41:00.132765+0100 chargesom manager[934598]: [INFO] connector:EvseM  ::                                     CAR ISO V2G CurrentDemandReq
2025-12-16T23:41:00.219612+0100 chargesom manager[934598]: [INFO] connector:EvseM  :: EVSE IEC Isolation measurement Ok R_F 900000.
2025-12-16T23:41:00.261680+0100 chargesom manager[934598]: [INFO] connector:EvseM  :: EVSE ISO V2G CurrentDemandRes
2025-12-16T23:41:00.352756+0100 chargesom manager[934598]: [INFO] connector:EvseM  ::                                     CAR ISO V2G CurrentDemandReq
2025-12-16T23:41:00.451018+0100 chargesom manager[934598]: [INFO] connector:EvseM  :: EVSE ISO V2G CurrentDemandRes
2025-12-16T23:41:00.597292+0100 chargesom manager[934598]: [INFO] connector:EvseM  ::                                     CAR ISO V2G CurrentDemandReq
2025-12-16T23:41:00.671587+0100 chargesom manager[934598]: [INFO] connector:EvseM  :: EVSE ISO V2G CurrentDemandRes
2025-12-16T23:41:00.793814+0100 chargesom manager[934598]: [INFO] connector:EvseM  ::                                     CAR ISO V2G CurrentDemandReq
2025-12-16T23:41:00.890705+0100 chargesom manager[934598]: [INFO] connector:EvseM  :: EVSE ISO V2G CurrentDemandRes
2025-12-16T23:41:01.049673+0100 chargesom manager[934598]: [INFO] connector:EvseM  ::                                     CAR ISO V2G CurrentDemandReq
2025-12-16T23:41:01.141314+0100 chargesom manager[934598]: [INFO] connector:EvseM  :: EVSE ISO V2G CurrentDemandRes
2025-12-16T23:41:01.241482+0100 chargesom manager[934598]: [INFO] connector:EvseM  :: EVSE IEC Isolation measurement Ok R_F 900000.
2025-12-16T23:41:01.242525+0100 chargesom manager[934598]: [INFO] connector:EvseM  ::                                     CAR ISO V2G CurrentDemandReq
2025-12-16T23:41:01.373473+0100 chargesom manager[934598]: [INFO] connector:EvseM  :: EVSE ISO V2G CurrentDemandRes
2025-12-16T23:41:01.452601+0100 chargesom manager[934598]: [INFO] connector:EvseM  ::                                     CAR ISO V2G CurrentDemandReq
2025-12-16T23:41:01.551002+0100 chargesom manager[934598]: [INFO] connector:EvseM  :: EVSE ISO V2G CurrentDemandRes
2025-12-16T23:41:01.673094+0100 chargesom manager[934598]: [INFO] connector:EvseM  ::                                     CAR ISO V2G CurrentDemandReq
2025-12-16T23:41:01.771070+0100 chargesom manager[934598]: [INFO] connector:EvseM  :: EVSE ISO V2G CurrentDemandRes
2025-12-16T23:41:01.893492+0100 chargesom manager[934598]: [INFO] connector:EvseM  ::                                     CAR ISO V2G CurrentDemandReq
2025-12-16T23:41:01.990580+0100 chargesom manager[934598]: [INFO] connector:EvseM  :: EVSE ISO V2G CurrentDemandRes
2025-12-16T23:41:02.112520+0100 chargesom manager[934598]: [INFO] connector:EvseM  ::                                     CAR ISO V2G CurrentDemandReq
2025-12-16T23:41:02.254094+0100 chargesom manager[934598]: [INFO] connector:EvseM  :: EVSE ISO V2G CurrentDemandRes
2025-12-16T23:41:02.254094+0100 chargesom manager[934598]: [INFO] connector:EvseM  :: EVSE IEC Isolation measurement Ok R_F 900000.
2025-12-16T23:41:02.341410+0100 chargesom manager[934598]: [INFO] connector:EvseM  ::                                     CAR ISO V2G CurrentDemandReq
2025-12-16T23:41:02.430873+0100 chargesom manager[934598]: [INFO] connector:EvseM  :: EVSE ISO V2G CurrentDemandRes
2025-12-16T23:41:02.552941+0100 chargesom manager[934598]: [INFO] connector:EvseM  ::                                     CAR ISO V2G CurrentDemandReq
2025-12-16T23:41:02.650693+0100 chargesom manager[934598]: [INFO] connector:EvseM  :: EVSE ISO V2G CurrentDemandRes
2025-12-16T23:41:02.773252+0100 chargesom manager[934598]: [INFO] connector:EvseM  ::                                     CAR ISO V2G CurrentDemandReq
2025-12-16T23:41:02.871125+0100 chargesom manager[934598]: [INFO] connector:EvseM  :: EVSE ISO V2G CurrentDemandRes
2025-12-16T23:41:02.992674+0100 chargesom manager[934598]: [INFO] connector:EvseM  ::                                     CAR ISO V2G CurrentDemandReq
2025-12-16T23:41:03.097328+0100 chargesom manager[934598]: [INFO] connector:EvseM  :: EVSE ISO V2G CurrentDemandRes
2025-12-16T23:41:03.212255+0100 chargesom manager[934598]: [INFO] connector:EvseM  ::                                     CAR ISO V2G CurrentDemandReq
2025-12-16T23:41:03.220300+0100 chargesom manager[934598]: [INFO] connector:EvseM  :: EVSE IEC Isolation measurement Ok R_F 900000.
2025-12-16T23:41:03.353527+0100 chargesom manager[934598]: [INFO] connector:EvseM  :: EVSE ISO V2G CurrentDemandRes
2025-12-16T23:41:03.441378+0100 chargesom manager[934598]: [INFO] connector:EvseM  ::                                     CAR ISO V2G CurrentDemandReq
2025-12-16T23:41:03.530905+0100 chargesom manager[934598]: [INFO] connector:EvseM  :: EVSE ISO V2G CurrentDemandRes
2025-12-16T23:41:03.652271+0100 chargesom manager[934598]: [INFO] connector:EvseM  ::                                     CAR ISO V2G CurrentDemandReq
2025-12-16T23:41:03.750756+0100 chargesom manager[934598]: [INFO] connector:EvseM  :: EVSE ISO V2G CurrentDemandRes
2025-12-16T23:41:03.873996+0100 chargesom manager[934598]: [INFO] connector:EvseM  ::                                     CAR ISO V2G CurrentDemandReq
2025-12-16T23:41:03.971326+0100 chargesom manager[934598]: [INFO] connector:EvseM  :: EVSE ISO V2G CurrentDemandRes
2025-12-16T23:41:04.092251+0100 chargesom manager[934598]: [INFO] connector:EvseM  ::                                     CAR ISO V2G CurrentDemandReq
2025-12-16T23:41:04.190747+0100 chargesom manager[934598]: [INFO] connector:EvseM  :: EVSE ISO V2G CurrentDemandRes
2025-12-16T23:41:04.220962+0100 chargesom manager[934598]: [INFO] connector:EvseM  :: EVSE IEC Isolation measurement Ok R_F 900000.
2025-12-16T23:41:04.312175+0100 chargesom manager[934598]: [INFO] connector:EvseM  ::                                     CAR ISO V2G CurrentDemandReq
2025-12-16T23:41:04.450669+0100 chargesom manager[934598]: [INFO] connector:EvseM  :: EVSE ISO V2G CurrentDemandRes
2025-12-16T23:41:04.542654+0100 chargesom manager[934598]: [INFO] connector:EvseM  ::                                     CAR ISO V2G CurrentDemandReq
2025-12-16T23:41:04.630122+0100 chargesom manager[934598]: [INFO] connector:EvseM  :: EVSE ISO V2G CurrentDemandRes
2025-12-16T23:41:04.752744+0100 chargesom manager[934598]: [INFO] connector:EvseM  ::                                     CAR ISO V2G CurrentDemandReq
2025-12-16T23:41:04.850821+0100 chargesom manager[934598]: [INFO] connector:EvseM  :: EVSE ISO V2G CurrentDemandRes
2025-12-16T23:41:04.973103+0100 chargesom manager[934598]: [INFO] connector:EvseM  ::                                     CAR ISO V2G CurrentDemandReq
2025-12-16T23:41:05.071131+0100 chargesom manager[934598]: [INFO] connector:EvseM  :: EVSE ISO V2G CurrentDemandRes
2025-12-16T23:41:05.192660+0100 chargesom manager[934598]: [INFO] connector:EvseM  ::                                     CAR ISO V2G CurrentDemandReq
2025-12-16T23:41:05.221131+0100 chargesom manager[934598]: [INFO] connector:EvseM  :: EVSE IEC Isolation measurement Ok R_F 900000.
2025-12-16T23:41:05.310752+0100 chargesom manager[934598]: [INFO] connector:EvseM  :: EVSE ISO V2G CurrentDemandRes
2025-12-16T23:41:05.413044+0100 chargesom manager[934598]: [INFO] connector:EvseM  ::                                     CAR ISO V2G CurrentDemandReq
2025-12-16T23:41:05.510867+0100 chargesom manager[934598]: [INFO] connector:EvseM  :: EVSE ISO V2G CurrentDemandRes
2025-12-16T23:41:05.637790+0100 chargesom manager[934598]: [INFO] connector:EvseM  ::                                     CAR ISO V2G CurrentDemandReq
2025-12-16T23:41:05.730643+0100 chargesom manager[934598]: [INFO] connector:EvseM  :: EVSE ISO V2G CurrentDemandRes
2025-12-16T23:41:05.853944+0100 chargesom manager[934598]: [INFO] connector:EvseM  ::                                     CAR ISO V2G CurrentDemandReq
2025-12-16T23:41:05.950856+0100 chargesom manager[934598]: [INFO] connector:EvseM  :: EVSE ISO V2G CurrentDemandRes
2025-12-16T23:41:06.090300+0100 chargesom manager[934598]: [INFO] connector:EvseM  ::                                     CAR ISO V2G CurrentDemandReq
2025-12-16T23:41:06.170682+0100 chargesom manager[934598]: [INFO] connector:EvseM  :: EVSE ISO V2G CurrentDemandRes
2025-12-16T23:41:06.221275+0100 chargesom manager[934598]: [INFO] connector:EvseM  :: EVSE IEC Isolation measurement Ok R_F 900000.
2025-12-16T23:41:06.316306+0100 chargesom manager[934598]: [INFO] connector:EvseM  ::                                     CAR ISO V2G CurrentDemandReq
2025-12-16T23:41:06.391399+0100 chargesom manager[934598]: [INFO] connector:EvseM  :: EVSE ISO V2G CurrentDemandRes
2025-12-16T23:41:06.512200+0100 chargesom manager[934598]: [INFO] connector:EvseM  ::                                     CAR ISO V2G CurrentDemandReq
2025-12-16T23:41:06.610624+0100 chargesom manager[934598]: [INFO] connector:EvseM  :: EVSE ISO V2G CurrentDemandRes
2025-12-16T23:41:06.732280+0100 chargesom manager[934598]: [INFO] connector:EvseM  ::                                     CAR ISO V2G CurrentDemandReq
2025-12-16T23:41:06.869836+0100 chargesom manager[934598]: [INFO] connector:EvseM  :: EVSE ISO V2G CurrentDemandRes
2025-12-16T23:41:06.953301+0100 chargesom manager[934598]: [INFO] connector:EvseM  ::                                     CAR ISO V2G CurrentDemandReq
2025-12-16T23:41:07.050947+0100 chargesom manager[934598]: [INFO] connector:EvseM  :: EVSE ISO V2G CurrentDemandRes
2025-12-16T23:41:07.172155+0100 chargesom manager[934598]: [INFO] connector:EvseM  ::                                     CAR ISO V2G CurrentDemandReq
2025-12-16T23:41:07.221620+0100 chargesom manager[934598]: [INFO] connector:EvseM  :: EVSE IEC Isolation measurement Ok R_F 900000.
2025-12-16T23:41:07.309557+0100 chargesom manager[934598]: [INFO] connector:EvseM  :: EVSE ISO V2G CurrentDemandRes
2025-12-16T23:41:07.392378+0100 chargesom manager[934598]: [INFO] connector:EvseM  ::                                     CAR ISO V2G CurrentDemandReq
2025-12-16T23:41:07.490919+0100 chargesom manager[934598]: [INFO] connector:EvseM  :: EVSE ISO V2G CurrentDemandRes
2025-12-16T23:41:07.613086+0100 chargesom manager[934598]: [INFO] connector:EvseM  ::                                     CAR ISO V2G CurrentDemandReq
2025-12-16T23:41:07.710623+0100 chargesom manager[934598]: [INFO] connector:EvseM  :: EVSE ISO V2G CurrentDemandRes
2025-12-16T23:41:07.833001+0100 chargesom manager[934598]: [INFO] connector:EvseM  ::                                     CAR ISO V2G CurrentDemandReq
2025-12-16T23:41:07.969822+0100 chargesom manager[934598]: [INFO] connector:EvseM  :: EVSE ISO V2G CurrentDemandRes
2025-12-16T23:41:08.062078+0100 chargesom manager[934598]: [INFO] connector:EvseM  ::                                     CAR ISO V2G CurrentDemandReq
2025-12-16T23:41:08.150396+0100 chargesom manager[934598]: [INFO] connector:EvseM  :: EVSE ISO V2G CurrentDemandRes
2025-12-16T23:41:08.222688+0100 chargesom manager[934598]: [INFO] connector:EvseM  :: EVSE IEC Isolation measurement Ok R_F 900000.
2025-12-16T23:41:08.309519+0100 chargesom manager[934598]: [INFO] connector:EvseM  ::                                     CAR ISO V2G CurrentDemandReq
2025-12-16T23:41:08.370638+0100 chargesom manager[934598]: [INFO] connector:EvseM  :: EVSE ISO V2G CurrentDemandRes
2025-12-16T23:41:08.492506+0100 chargesom manager[934598]: [INFO] connector:EvseM  ::                                     CAR ISO V2G CurrentDemandReq
2025-12-16T23:41:08.605342+0100 chargesom manager[934598]: [INFO] connector:EvseM  :: EVSE ISO V2G CurrentDemandRes
2025-12-16T23:41:08.711924+0100 chargesom manager[934598]: [INFO] connector:EvseM  ::                                     CAR ISO V2G CurrentDemandReq
2025-12-16T23:41:08.809597+0100 chargesom manager[934598]: [INFO] connector:EvseM  :: EVSE ISO V2G CurrentDemandRes
2025-12-16T23:41:08.933316+0100 chargesom manager[934598]: [INFO] connector:EvseM  ::                                     CAR ISO V2G CurrentDemandReq
2025-12-16T23:41:09.030781+0100 chargesom manager[934598]: [INFO] connector:EvseM  :: EVSE ISO V2G CurrentDemandRes
2025-12-16T23:41:09.158366+0100 chargesom manager[934598]: [INFO] connector:EvseM  ::                                     CAR ISO V2G CurrentDemandReq
2025-12-16T23:41:09.245406+0100 chargesom manager[934598]: [INFO] connector:EvseM  :: EVSE IEC Isolation measurement Ok R_F 900000.
2025-12-16T23:41:09.289884+0100 chargesom manager[934598]: [INFO] connector:EvseM  :: EVSE ISO V2G CurrentDemandRes
2025-12-16T23:41:09.372014+0100 chargesom manager[934598]: [INFO] connector:EvseM  ::                                     CAR ISO V2G CurrentDemandReq
2025-12-16T23:41:09.469578+0100 chargesom manager[934598]: [INFO] connector:EvseM  :: EVSE ISO V2G CurrentDemandRes
2025-12-16T23:41:09.605587+0100 chargesom manager[934598]: [INFO] connector:EvseM  ::                                     CAR ISO V2G CurrentDemandReq
2025-12-16T23:41:09.690793+0100 chargesom manager[934598]: [INFO] connector:EvseM  :: EVSE ISO V2G CurrentDemandRes
2025-12-16T23:41:09.813409+0100 chargesom manager[934598]: [INFO] connector:EvseM  ::                                     CAR ISO V2G CurrentDemandReq
2025-12-16T23:41:09.910990+0100 chargesom manager[934598]: [INFO] connector:EvseM  :: EVSE ISO V2G CurrentDemandRes
2025-12-16T23:41:10.031974+0100 chargesom manager[934598]: [INFO] connector:EvseM  ::                                     CAR ISO V2G CurrentDemandReq
2025-12-16T23:41:10.130372+0100 chargesom manager[934598]: [INFO] connector:EvseM  :: EVSE ISO V2G CurrentDemandRes
2025-12-16T23:41:10.253929+0100 chargesom manager[934598]: [INFO] connector:EvseM  :: EVSE IEC Isolation measurement Ok R_F 900000.
2025-12-16T23:41:10.254354+0100 chargesom manager[934598]: [INFO] connector:EvseM  ::                                     CAR ISO V2G CurrentDemandReq
2025-12-16T23:41:10.385493+0100 chargesom manager[934598]: [INFO] connector:EvseM  :: EVSE ISO V2G CurrentDemandRes
2025-12-16T23:41:10.472642+0100 chargesom manager[934598]: [INFO] connector:EvseM  ::                                     CAR ISO V2G CurrentDemandReq
2025-12-16T23:41:10.613595+0100 chargesom manager[934598]: [INFO] connector:EvseM  :: EVSE ISO V2G CurrentDemandRes
2025-12-16T23:41:10.691963+0100 chargesom manager[934598]: [INFO] connector:EvseM  ::                                     CAR ISO V2G CurrentDemandReq
2025-12-16T23:41:10.789812+0100 chargesom manager[934598]: [INFO] connector:EvseM  :: EVSE ISO V2G CurrentDemandRes
2025-12-16T23:41:10.912942+0100 chargesom manager[934598]: [INFO] connector:EvseM  ::                                     CAR ISO V2G CurrentDemandReq
2025-12-16T23:41:11.049590+0100 chargesom manager[934598]: [INFO] connector:EvseM  :: EVSE ISO V2G CurrentDemandRes
2025-12-16T23:41:11.131986+0100 chargesom manager[934598]: [INFO] connector:EvseM  ::                                     CAR ISO V2G CurrentDemandReq
2025-12-16T23:41:11.222934+0100 chargesom manager[934598]: [INFO] connector:EvseM  :: EVSE IEC Isolation measurement Ok R_F 900000.
2025-12-16T23:41:11.265629+0100 chargesom manager[934598]: [INFO] connector:EvseM  :: EVSE ISO V2G CurrentDemandRes
2025-12-16T23:41:11.353494+0100 chargesom manager[934598]: [INFO] connector:EvseM  ::                                     CAR ISO V2G CurrentDemandReq
2025-12-16T23:41:11.451241+0100 chargesom manager[934598]: [INFO] connector:EvseM  :: EVSE ISO V2G CurrentDemandRes
2025-12-16T23:41:11.610405+0100 chargesom manager[934598]: [INFO] connector:EvseM  ::                                     CAR ISO V2G CurrentDemandReq
2025-12-16T23:41:11.669825+0100 chargesom manager[934598]: [INFO] connector:EvseM  :: EVSE ISO V2G CurrentDemandRes
2025-12-16T23:41:11.793236+0100 chargesom manager[934598]: [INFO] connector:EvseM  ::                                     CAR ISO V2G CurrentDemandReq
2025-12-16T23:41:11.891133+0100 chargesom manager[934598]: [INFO] connector:EvseM  :: EVSE ISO V2G CurrentDemandRes
2025-12-16T23:41:12.012408+0100 chargesom manager[934598]: [INFO] connector:EvseM  ::                                     CAR ISO V2G CurrentDemandReq
2025-12-16T23:41:12.110533+0100 chargesom manager[934598]: [INFO] connector:EvseM  :: EVSE ISO V2G CurrentDemandRes
2025-12-16T23:41:12.223245+0100 chargesom manager[934598]: [INFO] connector:EvseM  :: EVSE IEC Isolation measurement Ok R_F 900000.
2025-12-16T23:41:12.265691+0100 chargesom manager[934598]: [INFO] connector:EvseM  ::                                     CAR ISO V2G CurrentDemandReq
2025-12-16T23:41:12.329235+0100 chargesom manager[934598]: [INFO] connector:EvseM  :: EVSE ISO V2G CurrentDemandRes
2025-12-16T23:41:12.452711+0100 chargesom manager[934598]: [INFO] connector:EvseM  ::                                     CAR ISO V2G CurrentDemandReq
2025-12-16T23:41:12.567342+0100 chargesom manager[934598]: [INFO] connector:EvseM  :: EVSE ISO V2G CurrentDemandRes
2025-12-16T23:41:12.701448+0100 chargesom manager[934598]: [INFO] connector:EvseM  ::                                     CAR ISO V2G CurrentDemandReq
2025-12-16T23:41:12.770550+0100 chargesom manager[934598]: [INFO] connector:EvseM  :: EVSE ISO V2G CurrentDemandRes
2025-12-16T23:41:12.893653+0100 chargesom manager[934598]: [INFO] connector:EvseM  ::                                     CAR ISO V2G CurrentDemandReq
2025-12-16T23:41:12.989496+0100 chargesom manager[934598]: [INFO] connector:EvseM  :: EVSE ISO V2G CurrentDemandRes
2025-12-16T23:41:13.141417+0100 chargesom manager[934598]: [INFO] connector:EvseM  ::                                     CAR ISO V2G CurrentDemandReq
2025-12-16T23:41:13.209385+0100 chargesom manager[934598]: [INFO] connector:EvseM  :: EVSE ISO V2G CurrentDemandRes
2025-12-16T23:41:13.223902+0100 chargesom manager[934598]: [INFO] connector:EvseM  :: EVSE IEC Isolation measurement Ok R_F 900000.
2025-12-16T23:41:13.357617+0100 chargesom manager[934598]: [INFO] connector:EvseM  ::                                     CAR ISO V2G CurrentDemandReq
2025-12-16T23:41:13.430701+0100 chargesom manager[934598]: [INFO] connector:EvseM  :: EVSE ISO V2G CurrentDemandRes
2025-12-16T23:41:13.552093+0100 chargesom manager[934598]: [INFO] connector:EvseM  ::                                     CAR ISO V2G CurrentDemandReq
2025-12-16T23:41:13.649547+0100 chargesom manager[934598]: [INFO] connector:EvseM  :: EVSE ISO V2G CurrentDemandRes
2025-12-16T23:41:13.798356+0100 chargesom manager[934598]: [INFO] connector:EvseM  ::                                     CAR ISO V2G CurrentDemandReq
2025-12-16T23:41:13.869986+0100 chargesom manager[934598]: [INFO] connector:EvseM  :: EVSE ISO V2G CurrentDemandRes
2025-12-16T23:41:13.991958+0100 chargesom manager[934598]: [INFO] connector:EvseM  ::                                     CAR ISO V2G CurrentDemandReq
2025-12-16T23:41:14.090728+0100 chargesom manager[934598]: [INFO] connector:EvseM  :: EVSE ISO V2G CurrentDemandRes
2025-12-16T23:41:14.211567+0100 chargesom manager[934598]: [INFO] connector:EvseM  ::                                     CAR ISO V2G CurrentDemandReq
2025-12-16T23:41:14.223488+0100 chargesom manager[934598]: [INFO] connector:EvseM  :: EVSE IEC Isolation measurement Ok R_F 900000.
2025-12-16T23:41:14.309760+0100 chargesom manager[934598]: [INFO] connector:EvseM  :: EVSE ISO V2G CurrentDemandRes
2025-12-16T23:41:14.431753+0100 chargesom manager[934598]: [INFO] connector:EvseM  ::                                     CAR ISO V2G CurrentDemandReq
2025-12-16T23:41:14.529589+0100 chargesom manager[934598]: [INFO] connector:EvseM  :: EVSE ISO V2G CurrentDemandRes
2025-12-16T23:41:14.651537+0100 chargesom manager[934598]: [INFO] connector:EvseM  ::                                     CAR ISO V2G CurrentDemandReq
2025-12-16T23:41:14.749161+0100 chargesom manager[934598]: [INFO] connector:EvseM  :: EVSE ISO V2G CurrentDemandRes
2025-12-16T23:41:14.894577+0100 chargesom manager[934598]: [INFO] connector:EvseM  ::                                     CAR ISO V2G CurrentDemandReq
2025-12-16T23:41:14.969125+0100 chargesom manager[934598]: [INFO] connector:EvseM  :: EVSE ISO V2G CurrentDemandRes
2025-12-16T23:41:15.091472+0100 chargesom manager[934598]: [INFO] connector:EvseM  ::                                     CAR ISO V2G CurrentDemandReq
2025-12-16T23:41:15.189148+0100 chargesom manager[934598]: [INFO] connector:EvseM  :: EVSE ISO V2G CurrentDemandRes
2025-12-16T23:41:15.223870+0100 chargesom manager[934598]: [INFO] connector:EvseM  :: EVSE IEC Isolation measurement Ok R_F 900000.
2025-12-16T23:41:15.313115+0100 chargesom manager[934598]: [INFO] connector:EvseM  ::                                     CAR ISO V2G CurrentDemandReq
2025-12-16T23:41:15.409155+0100 chargesom manager[934598]: [INFO] connector:EvseM  :: EVSE ISO V2G CurrentDemandRes
2025-12-16T23:41:15.532158+0100 chargesom manager[934598]: [INFO] connector:EvseM  ::                                     CAR ISO V2G CurrentDemandReq
2025-12-16T23:41:15.629065+0100 chargesom manager[934598]: [INFO] connector:EvseM  :: EVSE ISO V2G CurrentDemandRes
2025-12-16T23:41:15.751532+0100 chargesom manager[934598]: [INFO] connector:EvseM  ::                                     CAR ISO V2G CurrentDemandReq
2025-12-16T23:41:15.850117+0100 chargesom manager[934598]: [INFO] connector:EvseM  :: EVSE ISO V2G CurrentDemandRes
2025-12-16T23:41:15.994322+0100 chargesom manager[934598]: [INFO] connector:EvseM  ::                                     CAR ISO V2G CurrentDemandReq
2025-12-16T23:41:16.081151+0100 chargesom manager[934598]: [INFO] connector:EvseM  :: EVSE ISO V2G CurrentDemandRes
2025-12-16T23:41:16.191820+0100 chargesom manager[934598]: [INFO] connector:EvseM  ::                                     CAR ISO V2G CurrentDemandReq
2025-12-16T23:41:16.224120+0100 chargesom manager[934598]: [INFO] connector:EvseM  :: EVSE IEC Isolation measurement Ok R_F 900000.
2025-12-16T23:41:16.315474+0100 chargesom manager[934598]: [INFO] connector:EvseM  :: EVSE ISO V2G CurrentDemandRes
2025-12-16T23:41:16.411641+0100 chargesom manager[934598]: [INFO] connector:EvseM  ::                                     CAR ISO V2G CurrentDemandReq
2025-12-16T23:41:16.509305+0100 chargesom manager[934598]: [INFO] connector:EvseM  :: EVSE ISO V2G CurrentDemandRes
2025-12-16T23:41:16.631494+0100 chargesom manager[934598]: [INFO] connector:EvseM  ::                                     CAR ISO V2G CurrentDemandReq
2025-12-16T23:41:16.729022+0100 chargesom manager[934598]: [INFO] connector:EvseM  :: EVSE ISO V2G CurrentDemandRes
2025-12-16T23:41:16.852490+0100 chargesom manager[934598]: [INFO] connector:EvseM  ::                                     CAR ISO V2G CurrentDemandReq
2025-12-16T23:41:16.949213+0100 chargesom manager[934598]: [INFO] connector:EvseM  :: EVSE ISO V2G CurrentDemandRes
2025-12-16T23:41:17.093371+0100 chargesom manager[934598]: [INFO] connector:EvseM  ::                                     CAR ISO V2G CurrentDemandReq
2025-12-16T23:41:17.182124+0100 chargesom manager[934598]: [INFO] connector:EvseM  :: EVSE ISO V2G CurrentDemandRes
2025-12-16T23:41:17.224368+0100 chargesom manager[934598]: [INFO] connector:EvseM  :: EVSE IEC Isolation measurement Ok R_F 900000.
2025-12-16T23:41:17.313632+0100 chargesom manager[934598]: [INFO] connector:EvseM  ::                                     CAR ISO V2G CurrentDemandReq
2025-12-16T23:41:17.389924+0100 chargesom manager[934598]: [INFO] connector:EvseM  :: EVSE ISO V2G CurrentDemandRes
2025-12-16T23:41:17.512115+0100 chargesom manager[934598]: [INFO] connector:EvseM  ::                                     CAR ISO V2G CurrentDemandReq
2025-12-16T23:41:17.613159+0100 chargesom manager[934598]: [INFO] connector:EvseM  :: EVSE ISO V2G CurrentDemandRes
2025-12-16T23:41:17.731820+0100 chargesom manager[934598]: [INFO] connector:EvseM  ::                                     CAR ISO V2G CurrentDemandReq
2025-12-16T23:41:17.831274+0100 chargesom manager[934598]: [INFO] connector:EvseM  :: EVSE ISO V2G CurrentDemandRes
2025-12-16T23:41:17.951830+0100 chargesom manager[934598]: [INFO] connector:EvseM  ::                                     CAR ISO V2G CurrentDemandReq
2025-12-16T23:41:18.053262+0100 chargesom manager[934598]: [INFO] connector:EvseM  :: EVSE ISO V2G CurrentDemandRes
2025-12-16T23:41:18.189311+0100 chargesom manager[934598]: [INFO] connector:EvseM  ::                                     CAR ISO V2G CurrentDemandReq
2025-12-16T23:41:18.258849+0100 chargesom manager[934598]: [INFO] connector:EvseM  :: EVSE IEC Isolation measurement Ok R_F 900000.
2025-12-16T23:41:18.305230+0100 chargesom manager[934598]: [INFO] connector:EvseM  :: EVSE ISO V2G CurrentDemandRes
2025-12-16T23:41:18.391545+0100 chargesom manager[934598]: [INFO] connector:EvseM  ::                                     CAR ISO V2G CurrentDemandReq
2025-12-16T23:41:18.489369+0100 chargesom manager[934598]: [INFO] connector:EvseM  :: EVSE ISO V2G CurrentDemandRes
2025-12-16T23:41:18.613150+0100 chargesom manager[934598]: [INFO] connector:EvseM  ::                                     CAR ISO V2G CurrentDemandReq
2025-12-16T23:41:18.709988+0100 chargesom manager[934598]: [INFO] connector:EvseM  :: EVSE ISO V2G CurrentDemandRes
2025-12-16T23:41:18.832001+0100 chargesom manager[934598]: [INFO] connector:EvseM  ::                                     CAR ISO V2G CurrentDemandReq
2025-12-16T23:41:18.930003+0100 chargesom manager[934598]: [INFO] connector:EvseM  :: EVSE ISO V2G CurrentDemandRes
2025-12-16T23:41:19.051335+0100 chargesom manager[934598]: [INFO] connector:EvseM  ::                                     CAR ISO V2G CurrentDemandReq
2025-12-16T23:41:19.150030+0100 chargesom manager[934598]: [INFO] connector:EvseM  :: EVSE ISO V2G CurrentDemandRes
2025-12-16T23:41:19.225361+0100 chargesom manager[934598]: [INFO] connector:EvseM  :: EVSE IEC Isolation measurement Ok R_F 900000.
2025-12-16T23:41:19.273000+0100 chargesom manager[934598]: [INFO] connector:EvseM  ::                                     CAR ISO V2G CurrentDemandReq
2025-12-16T23:41:19.405380+0100 chargesom manager[934598]: [INFO] connector:EvseM  :: EVSE ISO V2G CurrentDemandRes
2025-12-16T23:41:19.491536+0100 chargesom manager[934598]: [INFO] connector:EvseM  ::                                     CAR ISO V2G CurrentDemandReq
2025-12-16T23:41:19.613166+0100 chargesom manager[934598]: [INFO] connector:EvseM  :: EVSE ISO V2G CurrentDemandRes
2025-12-16T23:41:19.711296+0100 chargesom manager[934598]: [INFO] connector:EvseM  ::                                     CAR ISO V2G CurrentDemandReq
2025-12-16T23:41:19.809770+0100 chargesom manager[934598]: [INFO] connector:EvseM  :: EVSE ISO V2G CurrentDemandRes
2025-12-16T23:41:19.932094+0100 chargesom manager[934598]: [INFO] connector:EvseM  ::                                     CAR ISO V2G CurrentDemandReq
2025-12-16T23:41:20.029837+0100 chargesom manager[934598]: [INFO] connector:EvseM  :: EVSE ISO V2G CurrentDemandRes
2025-12-16T23:41:20.151239+0100 chargesom manager[934598]: [INFO] connector:EvseM  ::                                     CAR ISO V2G CurrentDemandReq
2025-12-16T23:41:20.226376+0100 chargesom manager[934598]: [INFO] connector:EvseM  :: EVSE IEC Isolation measurement Ok R_F 900000.
2025-12-16T23:41:20.269442+0100 chargesom manager[934598]: [INFO] connector:EvseM  :: EVSE ISO V2G CurrentDemandRes
2025-12-16T23:41:20.371515+0100 chargesom manager[934598]: [INFO] connector:EvseM  ::                                     CAR ISO V2G CurrentDemandReq
2025-12-16T23:41:20.501763+0100 chargesom manager[934598]: [INFO] connector:EvseM  :: EVSE ISO V2G CurrentDemandRes
2025-12-16T23:41:20.613172+0100 chargesom manager[934598]: [INFO] connector:EvseM  ::                                     CAR ISO V2G CurrentDemandReq
2025-12-16T23:41:20.691046+0100 chargesom manager[934598]: [INFO] connector:EvseM  :: EVSE ISO V2G CurrentDemandRes
2025-12-16T23:41:20.812305+0100 chargesom manager[934598]: [INFO] connector:EvseM  ::                                     CAR ISO V2G CurrentDemandReq
2025-12-16T23:41:20.909937+0100 chargesom manager[934598]: [INFO] connector:EvseM  :: EVSE ISO V2G CurrentDemandRes
2025-12-16T23:41:21.045512+0100 chargesom manager[934598]: [INFO] connector:EvseM  ::                                     CAR ISO V2G CurrentDemandReq
2025-12-16T23:41:21.129900+0100 chargesom manager[934598]: [INFO] connector:EvseM  :: EVSE ISO V2G CurrentDemandRes
2025-12-16T23:41:21.226447+0100 chargesom manager[934598]: [INFO] connector:EvseM  :: EVSE IEC Isolation measurement Ok R_F 900000.
2025-12-16T23:41:21.269445+0100 chargesom manager[934598]: [INFO] connector:EvseM  ::                                     CAR ISO V2G CurrentDemandReq
2025-12-16T23:41:21.351565+0100 chargesom manager[934598]: [INFO] connector:EvseM  :: EVSE ISO V2G CurrentDemandRes
2025-12-16T23:41:21.471343+0100 chargesom manager[934598]: [INFO] connector:EvseM  ::                                     CAR ISO V2G CurrentDemandReq
2025-12-16T23:41:21.597657+0100 chargesom manager[934598]: [INFO] connector:EvseM  :: EVSE ISO V2G CurrentDemandRes
2025-12-16T23:41:21.701273+0100 chargesom manager[934598]: [INFO] connector:EvseM  ::                                     CAR ISO V2G CurrentDemandReq
2025-12-16T23:41:21.789804+0100 chargesom manager[934598]: [INFO] connector:EvseM  :: EVSE ISO V2G CurrentDemandRes
2025-12-16T23:41:21.912529+0100 chargesom manager[934598]: [INFO] connector:EvseM  ::                                     CAR ISO V2G CurrentDemandReq
2025-12-16T23:41:22.009984+0100 chargesom manager[934598]: [INFO] connector:EvseM  :: EVSE ISO V2G CurrentDemandRes
2025-12-16T23:41:22.131378+0100 chargesom manager[934598]: [INFO] connector:EvseM  ::                                     CAR ISO V2G CurrentDemandReq
2025-12-16T23:41:22.226048+0100 chargesom manager[934598]: [INFO] connector:EvseM  :: EVSE IEC Isolation measurement Ok R_F 900000.
2025-12-16T23:41:22.269823+0100 chargesom manager[934598]: [INFO] connector:EvseM  :: EVSE ISO V2G CurrentDemandRes
2025-12-16T23:41:22.351138+0100 chargesom manager[934598]: [INFO] connector:EvseM  ::                                     CAR ISO V2G CurrentDemandReq
2025-12-16T23:41:22.449618+0100 chargesom manager[934598]: [INFO] connector:EvseM  :: EVSE ISO V2G CurrentDemandRes
2025-12-16T23:41:22.571264+0100 chargesom manager[934598]: [INFO] connector:EvseM  ::                                     CAR ISO V2G CurrentDemandReq
2025-12-16T23:41:22.709650+0100 chargesom manager[934598]: [INFO] connector:EvseM  :: EVSE ISO V2G CurrentDemandRes
2025-12-16T23:41:22.833521+0100 chargesom manager[934598]: [INFO] connector:EvseM  ::                                     CAR ISO V2G CurrentDemandReq
2025-12-16T23:41:22.889670+0100 chargesom manager[934598]: [INFO] connector:EvseM  :: EVSE ISO V2G CurrentDemandRes
2025-12-16T23:41:23.053699+0100 chargesom manager[934598]: [INFO] connector:EvseM  ::                                     CAR ISO V2G CurrentDemandReq
2025-12-16T23:41:23.110055+0100 chargesom manager[934598]: [INFO] connector:EvseM  :: EVSE ISO V2G CurrentDemandRes
2025-12-16T23:41:23.227154+0100 chargesom manager[934598]: [INFO] connector:EvseM  :: EVSE IEC Isolation measurement Ok R_F 900000.
2025-12-16T23:41:23.269755+0100 chargesom manager[934598]: [INFO] connector:EvseM  ::                                     CAR ISO V2G CurrentDemandReq
2025-12-16T23:41:23.329582+0100 chargesom manager[934598]: [INFO] connector:EvseM  :: EVSE ISO V2G CurrentDemandRes
2025-12-16T23:41:23.451181+0100 chargesom manager[934598]: [INFO] connector:EvseM  ::                                     CAR ISO V2G CurrentDemandReq
2025-12-16T23:41:23.549707+0100 chargesom manager[934598]: [INFO] connector:EvseM  :: EVSE ISO V2G CurrentDemandRes
2025-12-16T23:41:23.671100+0100 chargesom manager[934598]: [INFO] connector:EvseM  ::                                     CAR ISO V2G CurrentDemandReq
2025-12-16T23:41:23.773342+0100 chargesom manager[934598]: [INFO] connector:EvseM  :: EVSE ISO V2G CurrentDemandRes
2025-12-16T23:41:23.902281+0100 chargesom manager[934598]: [INFO] connector:EvseM  ::                                     CAR ISO V2G CurrentDemandReq
2025-12-16T23:41:23.989335+0100 chargesom manager[934598]: [INFO] connector:EvseM  :: EVSE ISO V2G CurrentDemandRes
2025-12-16T23:41:24.111661+0100 chargesom manager[934598]: [INFO] connector:EvseM  ::                                     CAR ISO V2G CurrentDemandReq
2025-12-16T23:41:24.209723+0100 chargesom manager[934598]: [INFO] connector:EvseM  :: EVSE ISO V2G CurrentDemandRes
2025-12-16T23:41:24.226696+0100 chargesom manager[934598]: [INFO] connector:EvseM  :: EVSE IEC Isolation measurement Ok R_F 900000.
2025-12-16T23:41:24.357135+0100 chargesom manager[934598]: [INFO] connector:EvseM  ::                                     CAR ISO V2G CurrentDemandReq
2025-12-16T23:41:24.429690+0100 chargesom manager[934598]: [INFO] connector:EvseM  :: EVSE ISO V2G CurrentDemandRes
2025-12-16T23:41:24.551084+0100 chargesom manager[934598]: [INFO] connector:EvseM  ::                                     CAR ISO V2G CurrentDemandReq
2025-12-16T23:41:24.649623+0100 chargesom manager[934598]: [INFO] connector:EvseM  :: EVSE ISO V2G CurrentDemandRes
2025-12-16T23:41:24.772191+0100 chargesom manager[934598]: [INFO] connector:EvseM  ::                                     CAR ISO V2G CurrentDemandReq
2025-12-16T23:41:24.909620+0100 chargesom manager[934598]: [INFO] connector:EvseM  :: EVSE ISO V2G CurrentDemandRes
2025-12-16T23:41:24.997176+0100 chargesom manager[934598]: [INFO] connector:EvseM  ::                                     CAR ISO V2G CurrentDemandReq
2025-12-16T23:41:25.090563+0100 chargesom manager[934598]: [INFO] connector:EvseM  :: EVSE ISO V2G CurrentDemandRes
2025-12-16T23:41:25.211795+0100 chargesom manager[934598]: [INFO] connector:EvseM  ::                                     CAR ISO V2G CurrentDemandReq
2025-12-16T23:41:25.226944+0100 chargesom manager[934598]: [INFO] connector:EvseM  :: EVSE IEC Isolation measurement Ok R_F 900000.
2025-12-16T23:41:25.313363+0100 chargesom manager[934598]: [INFO] connector:EvseM  :: EVSE ISO V2G CurrentDemandRes
2025-12-16T23:41:25.431119+0100 chargesom manager[934598]: [INFO] connector:EvseM  ::                                     CAR ISO V2G CurrentDemandReq
2025-12-16T23:41:25.529692+0100 chargesom manager[934598]: [INFO] connector:EvseM  :: EVSE ISO V2G CurrentDemandRes
2025-12-16T23:41:25.651006+0100 chargesom manager[934598]: [INFO] connector:EvseM  ::                                     CAR ISO V2G CurrentDemandReq
2025-12-16T23:41:25.749716+0100 chargesom manager[934598]: [INFO] connector:EvseM  :: EVSE ISO V2G CurrentDemandRes
2025-12-16T23:41:25.872363+0100 chargesom manager[934598]: [INFO] connector:EvseM  ::                                     CAR ISO V2G CurrentDemandReq
2025-12-16T23:41:26.005391+0100 chargesom manager[934598]: [INFO] connector:EvseM  :: EVSE ISO V2G CurrentDemandRes
2025-12-16T23:41:26.091066+0100 chargesom manager[934598]: [INFO] connector:EvseM  ::                                     CAR ISO V2G CurrentDemandReq
2025-12-16T23:41:26.189701+0100 chargesom manager[934598]: [INFO] connector:EvseM  :: EVSE ISO V2G CurrentDemandRes
2025-12-16T23:41:26.227299+0100 chargesom manager[934598]: [INFO] connector:EvseM  :: EVSE IEC Isolation measurement Ok R_F 900000.
2025-12-16T23:41:26.316158+0100 chargesom manager[934598]: [INFO] connector:EvseM  ::                                     CAR ISO V2G CurrentDemandReq
2025-12-16T23:41:26.412912+0100 chargesom manager[934598]: [INFO] connector:EvseM  :: EVSE ISO V2G CurrentDemandRes
2025-12-16T23:41:26.531252+0100 chargesom manager[934598]: [INFO] connector:EvseM  ::                                     CAR ISO V2G CurrentDemandReq
2025-12-16T23:41:26.629896+0100 chargesom manager[934598]: [INFO] connector:EvseM  :: EVSE ISO V2G CurrentDemandRes
2025-12-16T23:41:26.750869+0100 chargesom manager[934598]: [INFO] connector:EvseM  ::                                     CAR ISO V2G CurrentDemandReq
2025-12-16T23:41:26.850041+0100 chargesom manager[934598]: [INFO] connector:EvseM  :: EVSE ISO V2G CurrentDemandRes
2025-12-16T23:41:26.971900+0100 chargesom manager[934598]: [INFO] connector:EvseM  ::                                     CAR ISO V2G CurrentDemandReq
2025-12-16T23:41:27.101514+0100 chargesom manager[934598]: [INFO] connector:EvseM  :: EVSE ISO V2G CurrentDemandRes
2025-12-16T23:41:27.201243+0100 chargesom manager[934598]: [INFO] connector:EvseM  ::                                     CAR ISO V2G CurrentDemandReq
2025-12-16T23:41:27.227791+0100 chargesom manager[934598]: [INFO] connector:EvseM  :: EVSE IEC Isolation measurement Ok R_F 900000.
2025-12-16T23:41:27.317249+0100 chargesom manager[934598]: [INFO] connector:EvseM  :: EVSE ISO V2G CurrentDemandRes
2025-12-16T23:41:27.410914+0100 chargesom manager[934598]: [INFO] connector:EvseM  ::                                     CAR ISO V2G CurrentDemandReq
2025-12-16T23:41:27.509754+0100 chargesom manager[934598]: [INFO] connector:EvseM  :: EVSE ISO V2G CurrentDemandRes
2025-12-16T23:41:27.631010+0100 chargesom manager[934598]: [INFO] connector:EvseM  ::                                     CAR ISO V2G CurrentDemandReq
2025-12-16T23:41:27.729543+0100 chargesom manager[934598]: [INFO] connector:EvseM  :: EVSE ISO V2G CurrentDemandRes
2025-12-16T23:41:27.852151+0100 chargesom manager[934598]: [INFO] connector:EvseM  ::                                     CAR ISO V2G CurrentDemandReq
2025-12-16T23:41:27.950009+0100 chargesom manager[934598]: [INFO] connector:EvseM  :: EVSE ISO V2G CurrentDemandRes
2025-12-16T23:41:28.097321+0100 chargesom manager[934598]: [INFO] connector:EvseM  ::                                     CAR ISO V2G CurrentDemandReq
2025-12-16T23:41:28.209378+0100 chargesom manager[934598]: [INFO] connector:EvseM  :: EVSE ISO V2G CurrentDemandRes
2025-12-16T23:41:28.257664+0100 chargesom manager[934598]: [INFO] connector:EvseM  :: EVSE IEC Isolation measurement Ok R_F 900000.
2025-12-16T23:41:28.305216+0100 chargesom manager[934598]: [INFO] connector:EvseM  ::                                     CAR ISO V2G CurrentDemandReq
2025-12-16T23:41:28.389547+0100 chargesom manager[934598]: [INFO] connector:EvseM  :: EVSE ISO V2G CurrentDemandRes
2025-12-16T23:41:28.511525+0100 chargesom manager[934598]: [INFO] connector:EvseM  ::                                     CAR ISO V2G CurrentDemandReq
2025-12-16T23:41:28.621176+0100 chargesom manager[934598]: [INFO] connector:EvseM  :: EVSE ISO V2G CurrentDemandRes
2025-12-16T23:41:28.730810+0100 chargesom manager[934598]: [INFO] connector:EvseM  ::                                     CAR ISO V2G CurrentDemandReq
2025-12-16T23:41:28.828602+0100 chargesom manager[934598]: [INFO] connector:EvseM  :: EVSE ISO V2G CurrentDemandRes
2025-12-16T23:41:28.952083+0100 chargesom manager[934598]: [INFO] connector:EvseM  ::                                     CAR ISO V2G CurrentDemandReq
2025-12-16T23:41:29.049564+0100 chargesom manager[934598]: [INFO] connector:EvseM  :: EVSE ISO V2G CurrentDemandRes
2025-12-16T23:41:29.171167+0100 chargesom manager[934598]: [INFO] connector:EvseM  ::                                     CAR ISO V2G CurrentDemandReq
2025-12-16T23:41:29.228228+0100 chargesom manager[934598]: [INFO] connector:EvseM  :: EVSE IEC Isolation measurement Ok R_F 900000.
2025-12-16T23:41:29.274016+0100 chargesom manager[934598]: [INFO] connector:EvseM  :: EVSE ISO V2G CurrentDemandRes
2025-12-16T23:41:29.405340+0100 chargesom manager[934598]: [INFO] connector:EvseM  ::                                     CAR ISO V2G CurrentDemandReq
2025-12-16T23:41:29.489758+0100 chargesom manager[934598]: [INFO] connector:EvseM  :: EVSE ISO V2G CurrentDemandRes
2025-12-16T23:41:29.621177+0100 chargesom manager[934598]: [INFO] connector:EvseM  ::                                     CAR ISO V2G CurrentDemandReq
2025-12-16T23:41:29.709446+0100 chargesom manager[934598]: [INFO] connector:EvseM  :: EVSE ISO V2G CurrentDemandRes
2025-12-16T23:41:29.831720+0100 chargesom manager[934598]: [INFO] connector:EvseM  ::                                     CAR ISO V2G CurrentDemandReq
2025-12-16T23:41:29.928581+0100 chargesom manager[934598]: [INFO] connector:EvseM  :: EVSE ISO V2G CurrentDemandRes
2025-12-16T23:41:30.050747+0100 chargesom manager[934598]: [INFO] connector:EvseM  ::                                     CAR ISO V2G CurrentDemandReq
2025-12-16T23:41:30.148431+0100 chargesom manager[934598]: [INFO] connector:EvseM  :: EVSE ISO V2G CurrentDemandRes
2025-12-16T23:41:30.228487+0100 chargesom manager[934598]: [INFO] connector:EvseM  :: EVSE IEC Isolation measurement Ok R_F 900000.
2025-12-16T23:41:30.273538+0100 chargesom manager[934598]: [INFO] connector:EvseM  ::                                     CAR ISO V2G CurrentDemandReq
2025-12-16T23:41:30.369262+0100 chargesom manager[934598]: [INFO] connector:EvseM  :: EVSE ISO V2G CurrentDemandRes
2025-12-16T23:41:30.501309+0100 chargesom manager[934598]: [INFO] connector:EvseM  ::                                     CAR ISO V2G CurrentDemandReq
2025-12-16T23:41:30.621182+0100 chargesom manager[934598]: [INFO] connector:EvseM  :: EVSE ISO V2G CurrentDemandRes
2025-12-16T23:41:30.710660+0100 chargesom manager[934598]: [INFO] connector:EvseM  ::                                     CAR ISO V2G CurrentDemandReq
2025-12-16T23:41:30.808402+0100 chargesom manager[934598]: [INFO] connector:EvseM  :: EVSE ISO V2G CurrentDemandRes
2025-12-16T23:41:30.931718+0100 chargesom manager[934598]: [INFO] connector:EvseM  ::                                     CAR ISO V2G CurrentDemandReq
2025-12-16T23:41:31.045321+0100 chargesom manager[934598]: [INFO] connector:EvseM  :: EVSE ISO V2G CurrentDemandRes
2025-12-16T23:41:31.150894+0100 chargesom manager[934598]: [INFO] connector:EvseM  ::                                     CAR ISO V2G CurrentDemandReq
2025-12-16T23:41:31.229337+0100 chargesom manager[934598]: [INFO] connector:EvseM  :: EVSE IEC Isolation measurement Ok R_F 900000.
2025-12-16T23:41:31.273419+0100 chargesom manager[934598]: [INFO] connector:EvseM  :: EVSE ISO V2G CurrentDemandRes
2025-12-16T23:41:31.370901+0100 chargesom manager[934598]: [INFO] connector:EvseM  ::                                     CAR ISO V2G CurrentDemandReq
2025-12-16T23:41:31.468356+0100 chargesom manager[934598]: [INFO] connector:EvseM  :: EVSE ISO V2G CurrentDemandRes
2025-12-16T23:41:31.629522+0100 chargesom manager[934598]: [INFO] connector:EvseM  ::                                     CAR ISO V2G CurrentDemandReq
2025-12-16T23:41:31.689796+0100 chargesom manager[934598]: [INFO] connector:EvseM  :: EVSE ISO V2G CurrentDemandRes
2025-12-16T23:41:31.812700+0100 chargesom manager[934598]: [INFO] connector:EvseM  ::                                     CAR ISO V2G CurrentDemandReq
2025-12-16T23:41:31.908904+0100 chargesom manager[934598]: [INFO] connector:EvseM  :: EVSE ISO V2G CurrentDemandRes
2025-12-16T23:41:32.030681+0100 chargesom manager[934598]: [INFO] connector:EvseM  ::                                     CAR ISO V2G CurrentDemandReq
2025-12-16T23:41:32.128498+0100 chargesom manager[934598]: [INFO] connector:EvseM  :: EVSE ISO V2G CurrentDemandRes
2025-12-16T23:41:32.229209+0100 chargesom manager[934598]: [INFO] connector:EvseM  :: EVSE IEC Isolation measurement Ok R_F 900000.
2025-12-16T23:41:32.273539+0100 chargesom manager[934598]: [INFO] connector:EvseM  ::                                     CAR ISO V2G CurrentDemandReq
2025-12-16T23:41:32.348357+0100 chargesom manager[934598]: [INFO] connector:EvseM  :: EVSE ISO V2G CurrentDemandRes
2025-12-16T23:41:32.470877+0100 chargesom manager[934598]: [INFO] connector:EvseM  ::                                     CAR ISO V2G CurrentDemandReq
2025-12-16T23:41:32.568248+0100 chargesom manager[934598]: [INFO] connector:EvseM  :: EVSE ISO V2G CurrentDemandRes
2025-12-16T23:41:32.729416+0100 chargesom manager[934598]: [INFO] connector:EvseM  ::                                     CAR ISO V2G CurrentDemandReq
2025-12-16T23:41:32.821331+0100 chargesom manager[934598]: [INFO] connector:EvseM  :: EVSE ISO V2G CurrentDemandRes
2025-12-16T23:41:32.911539+0100 chargesom manager[934598]: [INFO] connector:EvseM  ::                                     CAR ISO V2G CurrentDemandReq
2025-12-16T23:41:33.009271+0100 chargesom manager[934598]: [INFO] connector:EvseM  :: EVSE ISO V2G CurrentDemandRes
2025-12-16T23:41:33.141170+0100 chargesom manager[934598]: [INFO] connector:EvseM  ::                                     CAR ISO V2G CurrentDemandReq
2025-12-16T23:41:33.228233+0100 chargesom manager[934598]: [INFO] connector:EvseM  :: EVSE ISO V2G CurrentDemandRes
2025-12-16T23:41:33.229688+0100 chargesom manager[934598]: [INFO] connector:EvseM  :: EVSE IEC Isolation measurement Ok R_F 900000.
2025-12-16T23:41:33.361472+0100 chargesom manager[934598]: [INFO] connector:EvseM  ::                                     CAR ISO V2G CurrentDemandReq
2025-12-16T23:41:33.448212+0100 chargesom manager[934598]: [INFO] connector:EvseM  :: EVSE ISO V2G CurrentDemandRes
2025-12-16T23:41:33.570617+0100 chargesom manager[934598]: [INFO] connector:EvseM  ::                                     CAR ISO V2G CurrentDemandReq
2025-12-16T23:41:33.668369+0100 chargesom manager[934598]: [INFO] connector:EvseM  :: EVSE ISO V2G CurrentDemandRes
2025-12-16T23:41:33.829940+0100 chargesom manager[934598]: [INFO] connector:EvseM  ::                                     CAR ISO V2G CurrentDemandReq
2025-12-16T23:41:33.918280+0100 chargesom manager[934598]: [INFO] connector:EvseM  :: EVSE ISO V2G CurrentDemandRes
2025-12-16T23:41:34.010556+0100 chargesom manager[934598]: [INFO] connector:EvseM  ::                                     CAR ISO V2G CurrentDemandReq
2025-12-16T23:41:34.108114+0100 chargesom manager[934598]: [INFO] connector:EvseM  :: EVSE ISO V2G CurrentDemandRes
2025-12-16T23:41:34.231074+0100 chargesom manager[934598]: [INFO] connector:EvseM  :: EVSE IEC Isolation measurement Ok R_F 900000.
2025-12-16T23:41:34.232401+0100 chargesom manager[934598]: [INFO] connector:EvseM  ::                                     CAR ISO V2G CurrentDemandReq
2025-12-16T23:41:34.328592+0100 chargesom manager[934598]: [INFO] connector:EvseM  :: EVSE ISO V2G CurrentDemandRes
2025-12-16T23:41:34.450549+0100 chargesom manager[934598]: [INFO] connector:EvseM  ::                                     CAR ISO V2G CurrentDemandReq
2025-12-16T23:41:34.549125+0100 chargesom manager[934598]: [INFO] connector:EvseM  :: EVSE ISO V2G CurrentDemandRes
2025-12-16T23:41:34.671207+0100 chargesom manager[934598]: [INFO] connector:EvseM  ::                                     CAR ISO V2G CurrentDemandReq
2025-12-16T23:41:34.769125+0100 chargesom manager[934598]: [INFO] connector:EvseM  :: EVSE ISO V2G CurrentDemandRes
2025-12-16T23:41:34.891490+0100 chargesom manager[934598]: [INFO] connector:EvseM  ::                                     CAR ISO V2G CurrentDemandReq
2025-12-16T23:41:35.025802+0100 chargesom manager[934598]: [INFO] connector:EvseM  :: EVSE ISO V2G CurrentDemandRes
2025-12-16T23:41:35.114044+0100 chargesom manager[934598]: [INFO] connector:EvseM  ::                                     CAR ISO V2G CurrentDemandReq
2025-12-16T23:41:35.208290+0100 chargesom manager[934598]: [INFO] connector:EvseM  :: EVSE ISO V2G CurrentDemandRes
2025-12-16T23:41:35.231082+0100 chargesom manager[934598]: [INFO] connector:EvseM  :: EVSE IEC Isolation measurement Ok R_F 900000.
2025-12-16T23:41:35.361549+0100 chargesom manager[934598]: [INFO] connector:EvseM  ::                                     CAR ISO V2G CurrentDemandReq
2025-12-16T23:41:35.428402+0100 chargesom manager[934598]: [INFO] connector:EvseM  :: EVSE ISO V2G CurrentDemandRes
2025-12-16T23:41:35.550441+0100 chargesom manager[934598]: [INFO] connector:EvseM  ::                                     CAR ISO V2G CurrentDemandReq
2025-12-16T23:41:35.649181+0100 chargesom manager[934598]: [INFO] connector:EvseM  :: EVSE ISO V2G CurrentDemandRes
2025-12-16T23:41:35.771198+0100 chargesom manager[934598]: [INFO] connector:EvseM  ::                                     CAR ISO V2G CurrentDemandReq
2025-12-16T23:41:35.868095+0100 chargesom manager[934598]: [INFO] connector:EvseM  :: EVSE ISO V2G CurrentDemandRes
2025-12-16T23:41:35.990741+0100 chargesom manager[934598]: [INFO] connector:EvseM  ::                                     CAR ISO V2G CurrentDemandReq
2025-12-16T23:41:36.089396+0100 chargesom manager[934598]: [INFO] connector:EvseM  :: EVSE ISO V2G CurrentDemandRes
2025-12-16T23:41:36.221877+0100 chargesom manager[934598]: [INFO] connector:EvseM  ::                                     CAR ISO V2G CurrentDemandReq
2025-12-16T23:41:36.265948+0100 chargesom manager[934598]: [INFO] connector:EvseM  :: EVSE IEC Isolation measurement Ok R_F 900000.
2025-12-16T23:41:36.311205+0100 chargesom manager[934598]: [INFO] connector:EvseM  :: EVSE ISO V2G CurrentDemandRes
2025-12-16T23:41:36.430540+0100 chargesom manager[934598]: [INFO] connector:EvseM  ::                                     CAR ISO V2G CurrentDemandReq
2025-12-16T23:41:36.529653+0100 chargesom manager[934598]: [INFO] connector:EvseM  :: EVSE ISO V2G CurrentDemandRes
2025-12-16T23:41:36.650541+0100 chargesom manager[934598]: [INFO] connector:EvseM  ::                                     CAR ISO V2G CurrentDemandReq
2025-12-16T23:41:36.749105+0100 chargesom manager[934598]: [INFO] connector:EvseM  :: EVSE ISO V2G CurrentDemandRes
2025-12-16T23:41:36.871984+0100 chargesom manager[934598]: [INFO] connector:EvseM  ::                                     CAR ISO V2G CurrentDemandReq
2025-12-16T23:41:36.968348+0100 chargesom manager[934598]: [INFO] connector:EvseM  :: EVSE ISO V2G CurrentDemandRes
2025-12-16T23:41:37.090672+0100 chargesom manager[934598]: [INFO] connector:EvseM  ::                                     CAR ISO V2G CurrentDemandReq
2025-12-16T23:41:37.189120+0100 chargesom manager[934598]: [INFO] connector:EvseM  :: EVSE ISO V2G CurrentDemandRes
2025-12-16T23:41:37.231257+0100 chargesom manager[934598]: [INFO] connector:EvseM  :: EVSE IEC Isolation measurement Ok R_F 900000.
2025-12-16T23:41:37.318093+0100 chargesom manager[934598]: [INFO] connector:EvseM  ::                                     CAR ISO V2G CurrentDemandReq
2025-12-16T23:41:37.449445+0100 chargesom manager[934598]: [INFO] connector:EvseM  :: EVSE ISO V2G CurrentDemandRes
2025-12-16T23:41:37.530476+0100 chargesom manager[934598]: [INFO] connector:EvseM  ::                                     CAR ISO V2G CurrentDemandReq
2025-12-16T23:41:37.629174+0100 chargesom manager[934598]: [INFO] connector:EvseM  :: EVSE ISO V2G CurrentDemandRes
2025-12-16T23:41:37.750889+0100 chargesom manager[934598]: [INFO] connector:EvseM  ::                                     CAR ISO V2G CurrentDemandReq
2025-12-16T23:41:37.850506+0100 chargesom manager[934598]: [INFO] connector:EvseM  :: EVSE ISO V2G CurrentDemandRes
2025-12-16T23:41:37.971193+0100 chargesom manager[934598]: [INFO] connector:EvseM  ::                                     CAR ISO V2G CurrentDemandReq
2025-12-16T23:41:38.101333+0100 chargesom manager[934598]: [INFO] connector:EvseM  :: EVSE ISO V2G CurrentDemandRes
2025-12-16T23:41:38.190870+0100 chargesom manager[934598]: [INFO] connector:EvseM  ::                                     CAR ISO V2G CurrentDemandReq
2025-12-16T23:41:38.231553+0100 chargesom manager[934598]: [INFO] connector:EvseM  :: EVSE IEC Isolation measurement Ok R_F 900000.
2025-12-16T23:41:38.317788+0100 chargesom manager[934598]: [INFO] connector:EvseM  :: EVSE ISO V2G CurrentDemandRes
2025-12-16T23:41:38.412783+0100 chargesom manager[934598]: [INFO] connector:EvseM  ::                                     CAR ISO V2G CurrentDemandReq
2025-12-16T23:41:38.549605+0100 chargesom manager[934598]: [INFO] connector:EvseM  :: EVSE ISO V2G CurrentDemandRes
2025-12-16T23:41:38.630460+0100 chargesom manager[934598]: [INFO] connector:EvseM  ::                                     CAR ISO V2G CurrentDemandReq
2025-12-16T23:41:38.729047+0100 chargesom manager[934598]: [INFO] connector:EvseM  :: EVSE ISO V2G CurrentDemandRes
2025-12-16T23:41:38.851832+0100 chargesom manager[934598]: [INFO] connector:EvseM  ::                                     CAR ISO V2G CurrentDemandReq
2025-12-16T23:41:38.949641+0100 chargesom manager[934598]: [INFO] connector:EvseM  :: EVSE ISO V2G CurrentDemandRes
2025-12-16T23:41:39.070491+0100 chargesom manager[934598]: [INFO] connector:EvseM  ::                                     CAR ISO V2G CurrentDemandReq
2025-12-16T23:41:39.169078+0100 chargesom manager[934598]: [INFO] connector:EvseM  :: EVSE ISO V2G CurrentDemandRes
2025-12-16T23:41:39.231727+0100 chargesom manager[934598]: [INFO] connector:EvseM  :: EVSE IEC Isolation measurement Ok R_F 900000.
2025-12-16T23:41:39.317773+0100 chargesom manager[934598]: [INFO] connector:EvseM  ::                                     CAR ISO V2G CurrentDemandReq
2025-12-16T23:41:39.389289+0100 chargesom manager[934598]: [INFO] connector:EvseM  :: EVSE ISO V2G CurrentDemandRes
2025-12-16T23:41:39.510321+0100 chargesom manager[934598]: [INFO] connector:EvseM  ::                                     CAR ISO V2G CurrentDemandReq
2025-12-16T23:41:39.646328+0100 chargesom manager[934598]: [INFO] connector:EvseM  :: EVSE ISO V2G CurrentDemandRes
2025-12-16T23:41:39.733314+0100 chargesom manager[934598]: [INFO] connector:EvseM  ::                                     CAR ISO V2G CurrentDemandReq
2025-12-16T23:41:39.828189+0100 chargesom manager[934598]: [INFO] connector:EvseM  :: EVSE ISO V2G CurrentDemandRes
2025-12-16T23:41:39.993207+0100 chargesom manager[934598]: [INFO] connector:EvseM  ::                                     CAR ISO V2G CurrentDemandReq
2025-12-16T23:41:40.048461+0100 chargesom manager[934598]: [INFO] connector:EvseM  :: EVSE ISO V2G CurrentDemandRes
2025-12-16T23:41:40.170497+0100 chargesom manager[934598]: [INFO] connector:EvseM  ::                                     CAR ISO V2G CurrentDemandReq
2025-12-16T23:41:40.232070+0100 chargesom manager[934598]: [INFO] connector:EvseM  :: EVSE IEC Isolation measurement Ok R_F 900000.
2025-12-16T23:41:40.277481+0100 chargesom manager[934598]: [INFO] connector:EvseM  :: EVSE ISO V2G CurrentDemandRes
2025-12-16T23:41:40.390604+0100 chargesom manager[934598]: [INFO] connector:EvseM  ::                                     CAR ISO V2G CurrentDemandReq
2025-12-16T23:41:40.489176+0100 chargesom manager[934598]: [INFO] connector:EvseM  :: EVSE ISO V2G CurrentDemandRes
2025-12-16T23:41:40.629373+0100 chargesom manager[934598]: [INFO] connector:EvseM  ::                                     CAR ISO V2G CurrentDemandReq
2025-12-16T23:41:40.741744+0100 chargesom manager[934598]: [INFO] connector:EvseM  :: EVSE ISO V2G CurrentDemandRes
2025-12-16T23:41:40.841942+0100 chargesom manager[934598]: [INFO] connector:EvseM  ::                                     CAR ISO V2G CurrentDemandReq
2025-12-16T23:41:40.929032+0100 chargesom manager[934598]: [INFO] connector:EvseM  :: EVSE ISO V2G CurrentDemandRes
2025-12-16T23:41:41.089871+0100 chargesom manager[934598]: [INFO] connector:EvseM  ::                                     CAR ISO V2G CurrentDemandReq
2025-12-16T23:41:41.148877+0100 chargesom manager[934598]: [INFO] connector:EvseM  :: EVSE ISO V2G CurrentDemandRes
2025-12-16T23:41:41.232485+0100 chargesom manager[934598]: [INFO] connector:EvseM  :: EVSE IEC Isolation measurement Ok R_F 900000.
2025-12-16T23:41:41.277727+0100 chargesom manager[934598]: [INFO] connector:EvseM  ::                                     CAR ISO V2G CurrentDemandReq
2025-12-16T23:41:41.369268+0100 chargesom manager[934598]: [INFO] connector:EvseM  :: EVSE ISO V2G CurrentDemandRes
2025-12-16T23:41:41.490758+0100 chargesom manager[934598]: [INFO] connector:EvseM  ::                                     CAR ISO V2G CurrentDemandReq
2025-12-16T23:41:41.591135+0100 chargesom manager[934598]: [INFO] connector:EvseM  :: EVSE ISO V2G CurrentDemandRes
2025-12-16T23:41:41.710411+0100 chargesom manager[934598]: [INFO] connector:EvseM  ::                                     CAR ISO V2G CurrentDemandReq
2025-12-16T23:41:41.850654+0100 chargesom manager[934598]: [INFO] connector:EvseM  :: EVSE ISO V2G CurrentDemandRes
2025-12-16T23:41:41.942122+0100 chargesom manager[934598]: [INFO] connector:EvseM  ::                                     CAR ISO V2G CurrentDemandReq
2025-12-16T23:41:42.028342+0100 chargesom manager[934598]: [INFO] connector:EvseM  :: EVSE ISO V2G CurrentDemandRes
2025-12-16T23:41:42.150571+0100 chargesom manager[934598]: [INFO] connector:EvseM  ::                                     CAR ISO V2G CurrentDemandReq
2025-12-16T23:41:42.232722+0100 chargesom manager[934598]: [INFO] connector:EvseM  :: EVSE IEC Isolation measurement Ok R_F 900000.
2025-12-16T23:41:42.277318+0100 chargesom manager[934598]: [INFO] connector:EvseM  :: EVSE ISO V2G CurrentDemandRes
2025-12-16T23:41:42.370401+0100 chargesom manager[934598]: [INFO] connector:EvseM  ::                                     CAR ISO V2G CurrentDemandReq
2025-12-16T23:41:42.468888+0100 chargesom manager[934598]: [INFO] connector:EvseM  :: EVSE ISO V2G CurrentDemandRes
2025-12-16T23:41:42.633200+0100 chargesom manager[934598]: [INFO] connector:EvseM  ::                                     CAR ISO V2G CurrentDemandReq
2025-12-16T23:41:42.689790+0100 chargesom manager[934598]: [INFO] connector:EvseM  :: EVSE ISO V2G CurrentDemandRes
2025-12-16T23:41:42.811791+0100 chargesom manager[934598]: [INFO] connector:EvseM  ::                                     CAR ISO V2G CurrentDemandReq
2025-12-16T23:41:42.949215+0100 chargesom manager[934598]: [INFO] connector:EvseM  :: EVSE ISO V2G CurrentDemandRes
2025-12-16T23:41:43.041643+0100 chargesom manager[934598]: [INFO] connector:EvseM  ::                                     CAR ISO V2G CurrentDemandReq
2025-12-16T23:41:43.129802+0100 chargesom manager[934598]: [INFO] connector:EvseM  :: EVSE ISO V2G CurrentDemandRes
2025-12-16T23:41:43.233174+0100 chargesom manager[934598]: [INFO] connector:EvseM  :: EVSE IEC Isolation measurement Ok R_F 900000.
2025-12-16T23:41:43.277433+0100 chargesom manager[934598]: [INFO] connector:EvseM  ::                                     CAR ISO V2G CurrentDemandReq
2025-12-16T23:41:43.348746+0100 chargesom manager[934598]: [INFO] connector:EvseM  :: EVSE ISO V2G CurrentDemandRes
2025-12-16T23:41:43.470340+0100 chargesom manager[934598]: [INFO] connector:EvseM  ::                                     CAR ISO V2G CurrentDemandReq
2025-12-16T23:41:43.568846+0100 chargesom manager[934598]: [INFO] connector:EvseM  :: EVSE ISO V2G CurrentDemandRes
2025-12-16T23:41:43.690235+0100 chargesom manager[934598]: [INFO] connector:EvseM  ::                                     CAR ISO V2G CurrentDemandReq
2025-12-16T23:41:43.788950+0100 chargesom manager[934598]: [INFO] connector:EvseM  :: EVSE ISO V2G CurrentDemandRes
2025-12-16T23:41:43.911106+0100 chargesom manager[934598]: [INFO] connector:EvseM  ::                                     CAR ISO V2G CurrentDemandReq
2025-12-16T23:41:44.049640+0100 chargesom manager[934598]: [INFO] connector:EvseM  :: EVSE ISO V2G CurrentDemandRes
2025-12-16T23:41:44.141237+0100 chargesom manager[934598]: [INFO] connector:EvseM  ::                                     CAR ISO V2G CurrentDemandReq
2025-12-16T23:41:44.229012+0100 chargesom manager[934598]: [INFO] connector:EvseM  :: EVSE ISO V2G CurrentDemandRes
2025-12-16T23:41:44.233499+0100 chargesom manager[934598]: [INFO] connector:EvseM  :: EVSE IEC Isolation measurement Ok R_F 900000.
2025-12-16T23:41:44.365559+0100 chargesom manager[934598]: [INFO] connector:EvseM  ::                                     CAR ISO V2G CurrentDemandReq
2025-12-16T23:41:44.448771+0100 chargesom manager[934598]: [INFO] connector:EvseM  :: EVSE ISO V2G CurrentDemandRes
2025-12-16T23:41:44.570109+0100 chargesom manager[934598]: [INFO] connector:EvseM  ::                                     CAR ISO V2G CurrentDemandReq
2025-12-16T23:41:44.669079+0100 chargesom manager[934598]: [INFO] connector:EvseM  :: EVSE ISO V2G CurrentDemandRes
2025-12-16T23:41:44.791426+0100 chargesom manager[934598]: [INFO] connector:EvseM  ::                                     CAR ISO V2G CurrentDemandReq
2025-12-16T23:41:44.889187+0100 chargesom manager[934598]: [INFO] connector:EvseM  :: EVSE ISO V2G CurrentDemandRes
2025-12-16T23:41:45.010247+0100 chargesom manager[934598]: [INFO] connector:EvseM  ::                                     CAR ISO V2G CurrentDemandReq
2025-12-16T23:41:45.149403+0100 chargesom manager[934598]: [INFO] connector:EvseM  :: EVSE ISO V2G CurrentDemandRes
2025-12-16T23:41:45.241798+0100 chargesom manager[934598]: [INFO] connector:EvseM  ::                                     CAR ISO V2G CurrentDemandReq
2025-12-16T23:41:45.241798+0100 chargesom manager[934598]: [INFO] connector:EvseM  :: EVSE IEC Isolation measurement Ok R_F 900000.
2025-12-16T23:41:45.330225+0100 chargesom manager[934598]: [INFO] connector:EvseM  :: EVSE ISO V2G CurrentDemandRes
2025-12-16T23:41:45.450053+0100 chargesom manager[934598]: [INFO] connector:EvseM  ::                                     CAR ISO V2G CurrentDemandReq
2025-12-16T23:41:45.548624+0100 chargesom manager[934598]: [INFO] connector:EvseM  :: EVSE ISO V2G CurrentDemandRes
2025-12-16T23:41:45.670640+0100 chargesom manager[934598]: [INFO] connector:EvseM  ::                                     CAR ISO V2G CurrentDemandReq
2025-12-16T23:41:45.769187+0100 chargesom manager[934598]: [INFO] connector:EvseM  :: EVSE ISO V2G CurrentDemandRes
2025-12-16T23:41:45.890943+0100 chargesom manager[934598]: [INFO] connector:EvseM  ::                                     CAR ISO V2G CurrentDemandReq
2025-12-16T23:41:45.988771+0100 chargesom manager[934598]: [INFO] connector:EvseM  :: EVSE ISO V2G CurrentDemandRes
2025-12-16T23:41:46.137251+0100 chargesom manager[934598]: [INFO] connector:EvseM  ::                                     CAR ISO V2G CurrentDemandReq
2025-12-16T23:41:46.249894+0100 chargesom manager[934598]: [INFO] connector:EvseM  :: EVSE IEC Isolation measurement Ok R_F 900000.
2025-12-16T23:41:46.251647+0100 chargesom manager[934598]: [INFO] connector:EvseM  :: EVSE ISO V2G CurrentDemandRes
2025-12-16T23:41:46.346557+0100 chargesom manager[934598]: [INFO] connector:EvseM  ::                                     CAR ISO V2G CurrentDemandReq
2025-12-16T23:41:46.428958+0100 chargesom manager[934598]: [INFO] connector:EvseM  :: EVSE ISO V2G CurrentDemandRes
2025-12-16T23:41:46.550159+0100 chargesom manager[934598]: [INFO] connector:EvseM  ::                                     CAR ISO V2G CurrentDemandReq
2025-12-16T23:41:46.647499+0100 chargesom manager[934598]: [INFO] connector:EvseM  :: EVSE ISO V2G CurrentDemandRes
2025-12-16T23:41:46.771539+0100 chargesom manager[934598]: [INFO] connector:EvseM  ::                                     CAR ISO V2G CurrentDemandReq
2025-12-16T23:41:46.869492+0100 chargesom manager[934598]: [INFO] connector:EvseM  :: EVSE ISO V2G CurrentDemandRes
2025-12-16T23:41:46.990584+0100 chargesom manager[934598]: [INFO] connector:EvseM  ::                                     CAR ISO V2G CurrentDemandReq
2025-12-16T23:41:47.088852+0100 chargesom manager[934598]: [INFO] connector:EvseM  :: EVSE ISO V2G CurrentDemandRes
2025-12-16T23:41:47.210093+0100 chargesom manager[934598]: [INFO] connector:EvseM  ::                                     CAR ISO V2G CurrentDemandReq
2025-12-16T23:41:47.234263+0100 chargesom manager[934598]: [INFO] connector:EvseM  :: EVSE IEC Isolation measurement Ok R_F 900000.
2025-12-16T23:41:47.321656+0100 chargesom manager[934598]: [INFO] connector:EvseM  :: EVSE ISO V2G CurrentDemandRes
2025-12-16T23:41:47.438076+0100 chargesom manager[934598]: [INFO] connector:EvseM  ::                                     CAR ISO V2G CurrentDemandReq
2025-12-16T23:41:47.569524+0100 chargesom manager[934598]: [INFO] connector:EvseM  :: EVSE ISO V2G CurrentDemandRes
2025-12-16T23:41:47.650077+0100 chargesom manager[934598]: [INFO] connector:EvseM  ::                                     CAR ISO V2G CurrentDemandReq
2025-12-16T23:41:47.748617+0100 chargesom manager[934598]: [INFO] connector:EvseM  :: EVSE ISO V2G CurrentDemandRes
2025-12-16T23:41:47.871447+0100 chargesom manager[934598]: [INFO] connector:EvseM  ::                                     CAR ISO V2G CurrentDemandReq
2025-12-16T23:41:47.967589+0100 chargesom manager[934598]: [INFO] connector:EvseM  :: EVSE ISO V2G CurrentDemandRes
2025-12-16T23:41:48.089994+0100 chargesom manager[934598]: [INFO] connector:EvseM  ::                                     CAR ISO V2G CurrentDemandReq
2025-12-16T23:41:48.187518+0100 chargesom manager[934598]: [INFO] connector:EvseM  :: EVSE ISO V2G CurrentDemandRes
2025-12-16T23:41:48.234520+0100 chargesom manager[934598]: [INFO] connector:EvseM  :: EVSE IEC Isolation measurement Ok R_F 900000.
2025-12-16T23:41:48.321433+0100 chargesom manager[934598]: [INFO] connector:EvseM  ::                                     CAR ISO V2G CurrentDemandReq
2025-12-16T23:41:48.408655+0100 chargesom manager[934598]: [INFO] connector:EvseM  :: EVSE ISO V2G CurrentDemandRes
2025-12-16T23:41:48.533506+0100 chargesom manager[934598]: [INFO] connector:EvseM  ::                                     CAR ISO V2G CurrentDemandReq
2025-12-16T23:41:48.665724+0100 chargesom manager[934598]: [INFO] connector:EvseM  :: EVSE ISO V2G CurrentDemandRes
2025-12-16T23:41:48.753840+0100 chargesom manager[934598]: [INFO] connector:EvseM  ::                                     CAR ISO V2G CurrentDemandReq
2025-12-16T23:41:48.848335+0100 chargesom manager[934598]: [INFO] connector:EvseM  :: EVSE ISO V2G CurrentDemandRes
2025-12-16T23:41:48.973317+0100 chargesom manager[934598]: [INFO] connector:EvseM  ::                                     CAR ISO V2G CurrentDemandReq
2025-12-16T23:41:49.093227+0100 chargesom manager[934598]: [INFO] connector:EvseM  :: EVSE ISO V2G CurrentDemandRes
2025-12-16T23:41:49.190351+0100 chargesom manager[934598]: [INFO] connector:EvseM  ::                                     CAR ISO V2G CurrentDemandReq
2025-12-16T23:41:49.235284+0100 chargesom manager[934598]: [INFO] connector:EvseM  :: EVSE IEC Isolation measurement Ok R_F 900000.
2025-12-16T23:41:49.325221+0100 chargesom manager[934598]: [INFO] connector:EvseM  :: EVSE ISO V2G CurrentDemandRes
2025-12-16T23:41:49.409963+0100 chargesom manager[934598]: [INFO] connector:EvseM  ::                                     CAR ISO V2G CurrentDemandReq
2025-12-16T23:41:49.507631+0100 chargesom manager[934598]: [INFO] connector:EvseM  :: EVSE ISO V2G CurrentDemandRes
2025-12-16T23:41:49.637239+0100 chargesom manager[934598]: [INFO] connector:EvseM  ::                                     CAR ISO V2G CurrentDemandReq
2025-12-16T23:41:49.727466+0100 chargesom manager[934598]: [INFO] connector:EvseM  :: EVSE ISO V2G CurrentDemandRes
2025-12-16T23:41:49.854938+0100 chargesom manager[934598]: [INFO] connector:EvseM  ::                                     CAR ISO V2G CurrentDemandReq
2025-12-16T23:41:49.949241+0100 chargesom manager[934598]: [INFO] connector:EvseM  :: EVSE ISO V2G CurrentDemandRes
2025-12-16T23:41:50.069919+0100 chargesom manager[934598]: [INFO] connector:EvseM  ::                                     CAR ISO V2G CurrentDemandReq
2025-12-16T23:41:50.168041+0100 chargesom manager[934598]: [INFO] connector:EvseM  :: EVSE ISO V2G CurrentDemandRes
2025-12-16T23:41:50.235248+0100 chargesom manager[934598]: [INFO] connector:EvseM  :: EVSE IEC Isolation measurement Ok R_F 900000.
2025-12-16T23:41:50.321644+0100 chargesom manager[934598]: [INFO] connector:EvseM  ::                                     CAR ISO V2G CurrentDemandReq
2025-12-16T23:41:50.387410+0100 chargesom manager[934598]: [INFO] connector:EvseM  :: EVSE ISO V2G CurrentDemandRes
2025-12-16T23:41:50.510058+0100 chargesom manager[934598]: [INFO] connector:EvseM  ::                                     CAR ISO V2G CurrentDemandReq
2025-12-16T23:41:50.637236+0100 chargesom manager[934598]: [INFO] connector:EvseM  :: EVSE ISO V2G CurrentDemandRes
2025-12-16T23:41:50.729982+0100 chargesom manager[934598]: [INFO] connector:EvseM  ::                                     CAR ISO V2G CurrentDemandReq
2025-12-16T23:41:50.828342+0100 chargesom manager[934598]: [INFO] connector:EvseM  :: EVSE ISO V2G CurrentDemandRes
2025-12-16T23:41:50.958784+0100 chargesom manager[934598]: [INFO] connector:EvseM  ::                                     CAR ISO V2G CurrentDemandReq
2025-12-16T23:41:51.090155+0100 chargesom manager[934598]: [INFO] connector:EvseM  :: EVSE ISO V2G CurrentDemandRes
2025-12-16T23:41:51.169953+0100 chargesom manager[934598]: [INFO] connector:EvseM  ::                                     CAR ISO V2G CurrentDemandReq
2025-12-16T23:41:51.235464+0100 chargesom manager[934598]: [INFO] connector:EvseM  :: EVSE IEC Isolation measurement Ok R_F 900000.
2025-12-16T23:41:51.277378+0100 chargesom manager[934598]: [INFO] connector:EvseM  :: EVSE ISO V2G CurrentDemandRes
2025-12-16T23:41:51.390329+0100 chargesom manager[934598]: [INFO] connector:EvseM  ::                                     CAR ISO V2G CurrentDemandReq
2025-12-16T23:41:51.488767+0100 chargesom manager[934598]: [INFO] connector:EvseM  :: EVSE ISO V2G CurrentDemandRes
2025-12-16T23:41:51.641970+0100 chargesom manager[934598]: [INFO] connector:EvseM  ::                                     CAR ISO V2G CurrentDemandReq
2025-12-16T23:41:51.707472+0100 chargesom manager[934598]: [INFO] connector:EvseM  :: EVSE ISO V2G CurrentDemandRes
2025-12-16T23:41:51.830936+0100 chargesom manager[934598]: [INFO] connector:EvseM  ::                                     CAR ISO V2G CurrentDemandReq
2025-12-16T23:41:51.927834+0100 chargesom manager[934598]: [INFO] connector:EvseM  :: EVSE ISO V2G CurrentDemandRes
2025-12-16T23:41:52.051754+0100 chargesom manager[934598]: [INFO] connector:EvseM  ::                                     CAR ISO V2G CurrentDemandReq
2025-12-16T23:41:52.186010+0100 chargesom manager[934598]: [INFO] connector:EvseM  :: EVSE ISO V2G CurrentDemandRes
2025-12-16T23:41:52.235720+0100 chargesom manager[934598]: [INFO] connector:EvseM  :: EVSE IEC Isolation measurement Ok R_F 900000.
2025-12-16T23:41:52.281732+0100 chargesom manager[934598]: [INFO] connector:EvseM  ::                                     CAR ISO V2G CurrentDemandReq
2025-12-16T23:41:52.367375+0100 chargesom manager[934598]: [INFO] connector:EvseM  :: EVSE ISO V2G CurrentDemandRes
2025-12-16T23:41:52.490103+0100 chargesom manager[934598]: [INFO] connector:EvseM  ::                                     CAR ISO V2G CurrentDemandReq
2025-12-16T23:41:52.587517+0100 chargesom manager[934598]: [INFO] connector:EvseM  :: EVSE ISO V2G CurrentDemandRes
2025-12-16T23:41:52.709796+0100 chargesom manager[934598]: [INFO] connector:EvseM  ::                                     CAR ISO V2G CurrentDemandReq
2025-12-16T23:41:52.808420+0100 chargesom manager[934598]: [INFO] connector:EvseM  :: EVSE ISO V2G CurrentDemandRes
2025-12-16T23:41:52.931337+0100 chargesom manager[934598]: [INFO] connector:EvseM  ::                                     CAR ISO V2G CurrentDemandReq
2025-12-16T23:41:53.027327+0100 chargesom manager[934598]: [INFO] connector:EvseM  :: EVSE ISO V2G CurrentDemandRes
2025-12-16T23:41:53.150408+0100 chargesom manager[934598]: [INFO] connector:EvseM  ::                                     CAR ISO V2G CurrentDemandReq
2025-12-16T23:41:53.241638+0100 chargesom manager[934598]: [INFO] connector:EvseM  :: EVSE IEC Isolation measurement Ok R_F 900000.
2025-12-16T23:41:53.285505+0100 chargesom manager[934598]: [INFO] connector:EvseM  :: EVSE ISO V2G CurrentDemandRes
2025-12-16T23:41:53.373337+0100 chargesom manager[934598]: [INFO] connector:EvseM  ::                                     CAR ISO V2G CurrentDemandReq
2025-12-16T23:41:53.467495+0100 chargesom manager[934598]: [INFO] connector:EvseM  :: EVSE ISO V2G CurrentDemandRes
2025-12-16T23:41:53.589977+0100 chargesom manager[934598]: [INFO] connector:EvseM  ::                                     CAR ISO V2G CurrentDemandReq
2025-12-16T23:41:53.687463+0100 chargesom manager[934598]: [INFO] connector:EvseM  :: EVSE ISO V2G CurrentDemandRes
2025-12-16T23:41:53.810906+0100 chargesom manager[934598]: [INFO] connector:EvseM  ::                                     CAR ISO V2G CurrentDemandReq
2025-12-16T23:41:53.907426+0100 chargesom manager[934598]: [INFO] connector:EvseM  :: EVSE ISO V2G CurrentDemandRes
2025-12-16T23:41:54.049663+0100 chargesom manager[934598]: [INFO] connector:EvseM  ::                                     CAR ISO V2G CurrentDemandReq
2025-12-16T23:41:54.128479+0100 chargesom manager[934598]: [INFO] connector:EvseM  :: EVSE ISO V2G CurrentDemandRes
2025-12-16T23:41:54.236527+0100 chargesom manager[934598]: [INFO] connector:EvseM  :: EVSE IEC Isolation measurement Ok R_F 900000.
2025-12-16T23:41:54.281358+0100 chargesom manager[934598]: [INFO] connector:EvseM  ::                                     CAR ISO V2G CurrentDemandReq
2025-12-16T23:41:54.381602+0100 chargesom manager[934598]: [INFO] connector:EvseM  :: EVSE ISO V2G CurrentDemandRes
2025-12-16T23:41:54.469706+0100 chargesom manager[934598]: [INFO] connector:EvseM  ::                                     CAR ISO V2G CurrentDemandReq
2025-12-16T23:41:54.568194+0100 chargesom manager[934598]: [INFO] connector:EvseM  :: EVSE ISO V2G CurrentDemandRes
2025-12-16T23:41:54.689782+0100 chargesom manager[934598]: [INFO] connector:EvseM  ::                                     CAR ISO V2G CurrentDemandReq
2025-12-16T23:41:54.788158+0100 chargesom manager[934598]: [INFO] connector:EvseM  :: EVSE ISO V2G CurrentDemandRes
2025-12-16T23:41:54.910551+0100 chargesom manager[934598]: [INFO] connector:EvseM  ::                                     CAR ISO V2G CurrentDemandReq
2025-12-16T23:41:55.007774+0100 chargesom manager[934598]: [INFO] connector:EvseM  :: EVSE ISO V2G CurrentDemandRes
2025-12-16T23:41:55.129846+0100 chargesom manager[934598]: [INFO] connector:EvseM  ::                                     CAR ISO V2G CurrentDemandReq
2025-12-16T23:41:55.227388+0100 chargesom manager[934598]: [INFO] connector:EvseM  :: EVSE ISO V2G CurrentDemandRes
2025-12-16T23:41:55.236829+0100 chargesom manager[934598]: [INFO] connector:EvseM  :: EVSE IEC Isolation measurement Ok R_F 900000.
2025-12-16T23:41:55.369592+0100 chargesom manager[934598]: [INFO] connector:EvseM  ::                                     CAR ISO V2G CurrentDemandReq
2025-12-16T23:41:55.451293+0100 chargesom manager[934598]: [INFO] connector:EvseM  :: EVSE ISO V2G CurrentDemandRes
2025-12-16T23:41:55.569741+0100 chargesom manager[934598]: [INFO] connector:EvseM  ::                                     CAR ISO V2G CurrentDemandReq
2025-12-16T23:41:55.668229+0100 chargesom manager[934598]: [INFO] connector:EvseM  :: EVSE ISO V2G CurrentDemandRes
2025-12-16T23:41:55.791855+0100 chargesom manager[934598]: [INFO] connector:EvseM  ::                                     CAR ISO V2G CurrentDemandReq
2025-12-16T23:41:55.887556+0100 chargesom manager[934598]: [INFO] connector:EvseM  :: EVSE ISO V2G CurrentDemandRes
2025-12-16T23:41:56.053526+0100 chargesom manager[934598]: [INFO] connector:EvseM  ::                                     CAR ISO V2G CurrentDemandReq
2025-12-16T23:41:56.107740+0100 chargesom manager[934598]: [INFO] connector:EvseM  :: EVSE ISO V2G CurrentDemandRes
2025-12-16T23:41:56.229734+0100 chargesom manager[934598]: [INFO] connector:EvseM  ::                                     CAR ISO V2G CurrentDemandReq
2025-12-16T23:41:56.237207+0100 chargesom manager[934598]: [INFO] connector:EvseM  :: EVSE IEC Isolation measurement Ok R_F 900000.
2025-12-16T23:41:56.369664+0100 chargesom manager[934598]: [INFO] connector:EvseM  :: EVSE ISO V2G CurrentDemandRes
2025-12-16T23:41:56.449810+0100 chargesom manager[934598]: [INFO] connector:EvseM  ::                                     CAR ISO V2G CurrentDemandReq
2025-12-16T23:41:56.549343+0100 chargesom manager[934598]: [INFO] connector:EvseM  :: EVSE ISO V2G CurrentDemandRes
2025-12-16T23:41:56.682063+0100 chargesom manager[934598]: [INFO] connector:EvseM  ::                                     CAR ISO V2G CurrentDemandReq
2025-12-16T23:41:56.769814+0100 chargesom manager[934598]: [INFO] connector:EvseM  :: EVSE ISO V2G CurrentDemandRes
2025-12-16T23:41:56.890435+0100 chargesom manager[934598]: [INFO] connector:EvseM  ::                                     CAR ISO V2G CurrentDemandReq
2025-12-16T23:41:56.988936+0100 chargesom manager[934598]: [INFO] connector:EvseM  :: EVSE ISO V2G CurrentDemandRes
2025-12-16T23:41:57.109706+0100 chargesom manager[934598]: [INFO] connector:EvseM  ::                                     CAR ISO V2G CurrentDemandReq
2025-12-16T23:41:57.208229+0100 chargesom manager[934598]: [INFO] connector:EvseM  :: EVSE ISO V2G CurrentDemandRes
2025-12-16T23:41:57.237494+0100 chargesom manager[934598]: [INFO] connector:EvseM  :: EVSE IEC Isolation measurement Ok R_F 900000.
2025-12-16T23:41:57.369666+0100 chargesom manager[934598]: [INFO] connector:EvseM  ::                                     CAR ISO V2G CurrentDemandReq
2025-12-16T23:41:57.427386+0100 chargesom manager[934598]: [INFO] connector:EvseM  :: EVSE ISO V2G CurrentDemandRes
2025-12-16T23:41:57.549507+0100 chargesom manager[934598]: [INFO] connector:EvseM  ::                                     CAR ISO V2G CurrentDemandReq
2025-12-16T23:41:57.648774+0100 chargesom manager[934598]: [INFO] connector:EvseM  :: EVSE ISO V2G CurrentDemandRes
2025-12-16T23:41:57.777719+0100 chargesom manager[934598]: [INFO] connector:EvseM  ::                                     CAR ISO V2G CurrentDemandReq
2025-12-16T23:41:57.869697+0100 chargesom manager[934598]: [INFO] connector:EvseM  :: EVSE ISO V2G CurrentDemandRes
2025-12-16T23:41:57.989751+0100 chargesom manager[934598]: [INFO] connector:EvseM  ::                                     CAR ISO V2G CurrentDemandReq
2025-12-16T23:41:58.088258+0100 chargesom manager[934598]: [INFO] connector:EvseM  :: EVSE ISO V2G CurrentDemandRes
2025-12-16T23:41:58.209563+0100 chargesom manager[934598]: [INFO] connector:EvseM  ::                                     CAR ISO V2G CurrentDemandReq
2025-12-16T23:41:58.237741+0100 chargesom manager[934598]: [INFO] connector:EvseM  :: EVSE IEC Isolation measurement Ok R_F 900000.
2025-12-16T23:41:58.325690+0100 chargesom manager[934598]: [INFO] connector:EvseM  :: EVSE ISO V2G CurrentDemandRes
2025-12-16T23:41:58.429458+0100 chargesom manager[934598]: [INFO] connector:EvseM  ::                                     CAR ISO V2G CurrentDemandReq
2025-12-16T23:41:58.527929+0100 chargesom manager[934598]: [INFO] connector:EvseM  :: EVSE ISO V2G CurrentDemandRes
2025-12-16T23:41:58.649785+0100 chargesom manager[934598]: [INFO] connector:EvseM  ::                                     CAR ISO V2G CurrentDemandReq
2025-12-16T23:41:58.748026+0100 chargesom manager[934598]: [INFO] connector:EvseM  :: EVSE ISO V2G CurrentDemandRes
2025-12-16T23:41:58.870687+0100 chargesom manager[934598]: [INFO] connector:EvseM  ::                                     CAR ISO V2G CurrentDemandReq
2025-12-16T23:41:59.009601+0100 chargesom manager[934598]: [INFO] connector:EvseM  :: EVSE ISO V2G CurrentDemandRes
2025-12-16T23:41:59.089480+0100 chargesom manager[934598]: [INFO] connector:EvseM  ::                                     CAR ISO V2G CurrentDemandReq
2025-12-16T23:41:59.188015+0100 chargesom manager[934598]: [INFO] connector:EvseM  :: EVSE ISO V2G CurrentDemandRes
2025-12-16T23:41:59.238313+0100 chargesom manager[934598]: [INFO] connector:EvseM  :: EVSE IEC Isolation measurement Ok R_F 900000.
2025-12-16T23:41:59.325953+0100 chargesom manager[934598]: [INFO] connector:EvseM  ::                                     CAR ISO V2G CurrentDemandReq
2025-12-16T23:41:59.408134+0100 chargesom manager[934598]: [INFO] connector:EvseM  :: EVSE ISO V2G CurrentDemandRes
2025-12-16T23:41:59.529605+0100 chargesom manager[934598]: [INFO] connector:EvseM  ::                                     CAR ISO V2G CurrentDemandReq
2025-12-16T23:41:59.645466+0100 chargesom manager[934598]: [INFO] connector:EvseM  :: EVSE ISO V2G CurrentDemandRes
2025-12-16T23:41:59.749428+0100 chargesom manager[934598]: [INFO] connector:EvseM  ::                                     CAR ISO V2G CurrentDemandReq
2025-12-16T23:41:59.848202+0100 chargesom manager[934598]: [INFO] connector:EvseM  :: EVSE ISO V2G CurrentDemandRes
2025-12-16T23:41:59.970574+0100 chargesom manager[934598]: [INFO] connector:EvseM  ::                                     CAR ISO V2G CurrentDemandReq
2025-12-16T23:42:00.073508+0100 chargesom manager[934598]: [INFO] connector:EvseM  :: EVSE ISO V2G CurrentDemandRes
2025-12-16T23:42:00.201352+0100 chargesom manager[934598]: [INFO] connector:EvseM  ::                                     CAR ISO V2G CurrentDemandReq
2025-12-16T23:42:00.238592+0100 chargesom manager[934598]: [INFO] connector:EvseM  :: EVSE IEC Isolation measurement Ok R_F 900000.
2025-12-16T23:42:00.325467+0100 chargesom manager[934598]: [INFO] connector:EvseM  :: EVSE ISO V2G CurrentDemandRes
2025-12-16T23:42:00.409594+0100 chargesom manager[934598]: [INFO] connector:EvseM  ::                                     CAR ISO V2G CurrentDemandReq
2025-12-16T23:42:00.508198+0100 chargesom manager[934598]: [INFO] connector:EvseM  :: EVSE ISO V2G CurrentDemandRes
2025-12-16T23:42:00.649229+0100 chargesom manager[934598]: [INFO] connector:EvseM  ::                                     CAR ISO V2G CurrentDemandReq
2025-12-16T23:42:00.727834+0100 chargesom manager[934598]: [INFO] connector:EvseM  :: EVSE ISO V2G CurrentDemandRes
2025-12-16T23:42:00.851437+0100 chargesom manager[934598]: [INFO] connector:EvseM  ::                                     CAR ISO V2G CurrentDemandReq
2025-12-16T23:42:00.947785+0100 chargesom manager[934598]: [INFO] connector:EvseM  :: EVSE ISO V2G CurrentDemandRes
2025-12-16T23:42:01.097519+0100 chargesom manager[934598]: [INFO] connector:EvseM  ::                                     CAR ISO V2G CurrentDemandReq
2025-12-16T23:42:01.205530+0100 chargesom manager[934598]: [INFO] connector:EvseM  :: EVSE ISO V2G CurrentDemandRes
2025-12-16T23:42:01.257575+0100 chargesom manager[934598]: [INFO] connector:EvseM  :: EVSE IEC Isolation measurement Ok R_F 900000.
2025-12-16T23:42:01.306771+0100 chargesom manager[934598]: [INFO] connector:EvseM  ::                                     CAR ISO V2G CurrentDemandReq
2025-12-16T23:42:01.388058+0100 chargesom manager[934598]: [INFO] connector:EvseM  :: EVSE ISO V2G CurrentDemandRes
2025-12-16T23:42:01.510530+0100 chargesom manager[934598]: [INFO] connector:EvseM  ::                                     CAR ISO V2G CurrentDemandReq
2025-12-16T23:42:01.649366+0100 chargesom manager[934598]: [INFO] connector:EvseM  :: EVSE ISO V2G CurrentDemandRes
2025-12-16T23:42:01.729680+0100 chargesom manager[934598]: [INFO] connector:EvseM  ::                                     CAR ISO V2G CurrentDemandReq
2025-12-16T23:42:01.828244+0100 chargesom manager[934598]: [INFO] connector:EvseM  :: EVSE ISO V2G CurrentDemandRes
2025-12-16T23:42:01.950325+0100 chargesom manager[934598]: [INFO] connector:EvseM  ::                                     CAR ISO V2G CurrentDemandReq
2025-12-16T23:42:02.047949+0100 chargesom manager[934598]: [INFO] connector:EvseM  :: EVSE ISO V2G CurrentDemandRes
2025-12-16T23:42:02.169520+0100 chargesom manager[934598]: [INFO] connector:EvseM  ::                                     CAR ISO V2G CurrentDemandReq
2025-12-16T23:42:02.239628+0100 chargesom manager[934598]: [INFO] connector:EvseM  :: EVSE IEC Isolation measurement Ok R_F 900000.
2025-12-16T23:42:02.282072+0100 chargesom manager[934598]: [INFO] connector:EvseM  :: EVSE ISO V2G CurrentDemandRes
2025-12-16T23:42:02.413475+0100 chargesom manager[934598]: [INFO] connector:EvseM  ::                                     CAR ISO V2G CurrentDemandReq
2025-12-16T23:42:02.488334+0100 chargesom manager[934598]: [INFO] connector:EvseM  :: EVSE ISO V2G CurrentDemandRes
2025-12-16T23:42:02.649516+0100 chargesom manager[934598]: [INFO] connector:EvseM  ::                                     CAR ISO V2G CurrentDemandReq
2025-12-16T23:42:02.709274+0100 chargesom manager[934598]: [INFO] connector:EvseM  :: EVSE ISO V2G CurrentDemandRes
2025-12-16T23:42:02.831974+0100 chargesom manager[934598]: [INFO] connector:EvseM  ::                                     CAR ISO V2G CurrentDemandReq
2025-12-16T23:42:02.927597+0100 chargesom manager[934598]: [INFO] connector:EvseM  :: EVSE ISO V2G CurrentDemandRes
2025-12-16T23:42:03.049471+0100 chargesom manager[934598]: [INFO] connector:EvseM  ::                                     CAR ISO V2G CurrentDemandReq
2025-12-16T23:42:03.148177+0100 chargesom manager[934598]: [INFO] connector:EvseM  :: EVSE ISO V2G CurrentDemandRes
2025-12-16T23:42:03.239386+0100 chargesom manager[934598]: [INFO] connector:EvseM  :: EVSE IEC Isolation measurement Ok R_F 900000.
2025-12-16T23:42:03.281298+0100 chargesom manager[934598]: [INFO] connector:EvseM  ::                                     CAR ISO V2G CurrentDemandReq
2025-12-16T23:42:03.367818+0100 chargesom manager[934598]: [INFO] connector:EvseM  :: EVSE ISO V2G CurrentDemandRes
2025-12-16T23:42:03.509711+0100 chargesom manager[934598]: [INFO] connector:EvseM  ::                                     CAR ISO V2G CurrentDemandReq
2025-12-16T23:42:03.597572+0100 chargesom manager[934598]: [INFO] connector:EvseM  :: EVSE ISO V2G CurrentDemandRes
2025-12-16T23:42:03.709283+0100 chargesom manager[934598]: [INFO] connector:EvseM  ::                                     CAR ISO V2G CurrentDemandReq
2025-12-16T23:42:03.807947+0100 chargesom manager[934598]: [INFO] connector:EvseM  :: EVSE ISO V2G CurrentDemandRes
2025-12-16T23:42:03.930506+0100 chargesom manager[934598]: [INFO] connector:EvseM  ::                                     CAR ISO V2G CurrentDemandReq
2025-12-16T23:42:04.049600+0100 chargesom manager[934598]: [INFO] connector:EvseM  :: EVSE ISO V2G CurrentDemandRes
2025-12-16T23:42:04.149478+0100 chargesom manager[934598]: [INFO] connector:EvseM  ::                                     CAR ISO V2G CurrentDemandReq
2025-12-16T23:42:04.239867+0100 chargesom manager[934598]: [INFO] connector:EvseM  :: EVSE IEC Isolation measurement Ok R_F 900000.
2025-12-16T23:42:04.285497+0100 chargesom manager[934598]: [INFO] connector:EvseM  :: EVSE ISO V2G CurrentDemandRes
2025-12-16T23:42:04.369262+0100 chargesom manager[934598]: [INFO] connector:EvseM  ::                                     CAR ISO V2G CurrentDemandReq
2025-12-16T23:42:04.467773+0100 chargesom manager[934598]: [INFO] connector:EvseM  :: EVSE ISO V2G CurrentDemandRes
2025-12-16T23:42:04.605605+0100 chargesom manager[934598]: [INFO] connector:EvseM  ::                                     CAR ISO V2G CurrentDemandReq
2025-12-16T23:42:04.698026+0100 chargesom manager[934598]: [INFO] connector:EvseM  :: EVSE ISO V2G CurrentDemandRes
2025-12-16T23:42:04.810540+0100 chargesom manager[934598]: [INFO] connector:EvseM  ::                                     CAR ISO V2G CurrentDemandReq
2025-12-16T23:42:04.906920+0100 chargesom manager[934598]: [INFO] connector:EvseM  :: EVSE ISO V2G CurrentDemandRes
2025-12-16T23:42:05.029198+0100 chargesom manager[934598]: [INFO] connector:EvseM  ::                                     CAR ISO V2G CurrentDemandReq
2025-12-16T23:42:05.126872+0100 chargesom manager[934598]: [INFO] connector:EvseM  :: EVSE ISO V2G CurrentDemandRes
2025-12-16T23:42:05.240409+0100 chargesom manager[934598]: [INFO] connector:EvseM  :: EVSE IEC Isolation measurement Ok R_F 900000.
2025-12-16T23:42:05.286070+0100 chargesom manager[934598]: [INFO] connector:EvseM  ::                                     CAR ISO V2G CurrentDemandReq
2025-12-16T23:42:05.346740+0100 chargesom manager[934598]: [INFO] connector:EvseM  :: EVSE ISO V2G CurrentDemandRes
2025-12-16T23:42:05.469225+0100 chargesom manager[934598]: [INFO] connector:EvseM  ::                                     CAR ISO V2G CurrentDemandReq
2025-12-16T23:42:05.566649+0100 chargesom manager[934598]: [INFO] connector:EvseM  :: EVSE ISO V2G CurrentDemandRes
2025-12-16T23:42:05.709587+0100 chargesom manager[934598]: [INFO] connector:EvseM  ::                                     CAR ISO V2G CurrentDemandReq
2025-12-16T23:42:05.821894+0100 chargesom manager[934598]: [INFO] connector:EvseM  :: EVSE ISO V2G CurrentDemandRes
2025-12-16T23:42:05.910759+0100 chargesom manager[934598]: [INFO] connector:EvseM  ::                                     CAR ISO V2G CurrentDemandReq
2025-12-16T23:42:06.008363+0100 chargesom manager[934598]: [INFO] connector:EvseM  :: EVSE ISO V2G CurrentDemandRes
2025-12-16T23:42:06.129582+0100 chargesom manager[934598]: [INFO] connector:EvseM  ::                                     CAR ISO V2G CurrentDemandReq
2025-12-16T23:42:06.227859+0100 chargesom manager[934598]: [INFO] connector:EvseM  :: EVSE ISO V2G CurrentDemandRes
2025-12-16T23:42:06.240285+0100 chargesom manager[934598]: [INFO] connector:EvseM  :: EVSE IEC Isolation measurement Ok R_F 900000.
2025-12-16T23:42:06.350719+0100 chargesom manager[934598]: [INFO] connector:EvseM  ::                                     CAR ISO V2G CurrentDemandReq
2025-12-16T23:42:06.447843+0100 chargesom manager[934598]: [INFO] connector:EvseM  :: EVSE ISO V2G CurrentDemandRes
2025-12-16T23:42:06.569292+0100 chargesom manager[934598]: [INFO] connector:EvseM  ::                                     CAR ISO V2G CurrentDemandReq
2025-12-16T23:42:06.666568+0100 chargesom manager[934598]: [INFO] connector:EvseM  :: EVSE ISO V2G CurrentDemandRes
2025-12-16T23:42:06.837408+0100 chargesom manager[934598]: [INFO] connector:EvseM  ::                                     CAR ISO V2G CurrentDemandReq
2025-12-16T23:42:06.929626+0100 chargesom manager[934598]: [INFO] connector:EvseM  :: EVSE ISO V2G CurrentDemandRes
2025-12-16T23:42:07.009112+0100 chargesom manager[934598]: [INFO] connector:EvseM  ::                                     CAR ISO V2G CurrentDemandReq
2025-12-16T23:42:07.106780+0100 chargesom manager[934598]: [INFO] connector:EvseM  :: EVSE ISO V2G CurrentDemandRes
2025-12-16T23:42:07.229395+0100 chargesom manager[934598]: [INFO] connector:EvseM  ::                                     CAR ISO V2G CurrentDemandReq
2025-12-16T23:42:07.240408+0100 chargesom manager[934598]: [INFO] connector:EvseM  :: EVSE IEC Isolation measurement Ok R_F 900000.
2025-12-16T23:42:07.329698+0100 chargesom manager[934598]: [INFO] connector:EvseM  :: EVSE ISO V2G CurrentDemandRes
2025-12-16T23:42:07.449287+0100 chargesom manager[934598]: [INFO] connector:EvseM  ::                                     CAR ISO V2G CurrentDemandReq
2025-12-16T23:42:07.547817+0100 chargesom manager[934598]: [INFO] connector:EvseM  :: EVSE ISO V2G CurrentDemandRes
2025-12-16T23:42:07.669116+0100 chargesom manager[934598]: [INFO] connector:EvseM  ::                                     CAR ISO V2G CurrentDemandReq
2025-12-16T23:42:07.766752+0100 chargesom manager[934598]: [INFO] connector:EvseM  :: EVSE ISO V2G CurrentDemandRes
2025-12-16T23:42:07.891073+0100 chargesom manager[934598]: [INFO] connector:EvseM  ::                                     CAR ISO V2G CurrentDemandReq
2025-12-16T23:42:08.026359+0100 chargesom manager[934598]: [INFO] connector:EvseM  :: EVSE ISO V2G CurrentDemandRes
2025-12-16T23:42:08.113772+0100 chargesom manager[934598]: [INFO] connector:EvseM  ::                                     CAR ISO V2G CurrentDemandReq
2025-12-16T23:42:08.206755+0100 chargesom manager[934598]: [INFO] connector:EvseM  :: EVSE ISO V2G CurrentDemandRes
2025-12-16T23:42:08.240794+0100 chargesom manager[934598]: [INFO] connector:EvseM  :: EVSE IEC Isolation measurement Ok R_F 900000.
2025-12-16T23:42:08.329888+0100 chargesom manager[934598]: [INFO] connector:EvseM  ::                                     CAR ISO V2G CurrentDemandReq
2025-12-16T23:42:08.426595+0100 chargesom manager[934598]: [INFO] connector:EvseM  :: EVSE ISO V2G CurrentDemandRes
2025-12-16T23:42:08.549052+0100 chargesom manager[934598]: [INFO] connector:EvseM  ::                                     CAR ISO V2G CurrentDemandReq
2025-12-16T23:42:08.653855+0100 chargesom manager[934598]: [INFO] connector:EvseM  :: EVSE ISO V2G CurrentDemandRes
2025-12-16T23:42:08.769890+0100 chargesom manager[934598]: [INFO] connector:EvseM  ::                                     CAR ISO V2G CurrentDemandReq
2025-12-16T23:42:08.866334+0100 chargesom manager[934598]: [INFO] connector:EvseM  :: EVSE ISO V2G CurrentDemandRes
2025-12-16T23:42:08.989010+0100 chargesom manager[934598]: [INFO] connector:EvseM  ::                                     CAR ISO V2G CurrentDemandReq
2025-12-16T23:42:09.093303+0100 chargesom manager[934598]: [INFO] connector:EvseM  :: EVSE ISO V2G CurrentDemandRes
2025-12-16T23:42:09.213738+0100 chargesom manager[934598]: [INFO] connector:EvseM  ::                                     CAR ISO V2G CurrentDemandReq
2025-12-16T23:42:09.241455+0100 chargesom manager[934598]: [INFO] connector:EvseM  :: EVSE IEC Isolation measurement Ok R_F 900000.
2025-12-16T23:42:09.329712+0100 chargesom manager[934598]: [INFO] connector:EvseM  :: EVSE ISO V2G CurrentDemandRes
2025-12-16T23:42:09.428835+0100 chargesom manager[934598]: [INFO] connector:EvseM  ::                                     CAR ISO V2G CurrentDemandReq
2025-12-16T23:42:09.526351+0100 chargesom manager[934598]: [INFO] connector:EvseM  :: EVSE ISO V2G CurrentDemandRes
2025-12-16T23:42:09.657663+0100 chargesom manager[934598]: [INFO] connector:EvseM  ::                                     CAR ISO V2G CurrentDemandReq
2025-12-16T23:42:09.746028+0100 chargesom manager[934598]: [INFO] connector:EvseM  :: EVSE ISO V2G CurrentDemandRes
2025-12-16T23:42:09.870224+0100 chargesom manager[934598]: [INFO] connector:EvseM  ::                                     CAR ISO V2G CurrentDemandReq
2025-12-16T23:42:09.965947+0100 chargesom manager[934598]: [INFO] connector:EvseM  :: EVSE ISO V2G CurrentDemandRes
2025-12-16T23:42:10.089022+0100 chargesom manager[934598]: [INFO] connector:EvseM  ::                                     CAR ISO V2G CurrentDemandReq
2025-12-16T23:42:10.186037+0100 chargesom manager[934598]: [INFO] connector:EvseM  :: EVSE ISO V2G CurrentDemandRes
2025-12-16T23:42:10.265629+0100 chargesom manager[934598]: [INFO] connector:EvseM  :: EVSE IEC Isolation measurement Ok R_F 900000.
2025-12-16T23:42:10.314138+0100 chargesom manager[934598]: [INFO] connector:EvseM  ::                                     CAR ISO V2G CurrentDemandReq
2025-12-16T23:42:10.405964+0100 chargesom manager[934598]: [INFO] connector:EvseM  :: EVSE ISO V2G CurrentDemandRes
2025-12-16T23:42:10.528968+0100 chargesom manager[934598]: [INFO] connector:EvseM  ::                                     CAR ISO V2G CurrentDemandReq
2025-12-16T23:42:10.657679+0100 chargesom manager[934598]: [INFO] connector:EvseM  :: EVSE ISO V2G CurrentDemandRes
2025-12-16T23:42:10.748516+0100 chargesom manager[934598]: [INFO] connector:EvseM  ::                                     CAR ISO V2G CurrentDemandReq
2025-12-16T23:42:10.847496+0100 chargesom manager[934598]: [INFO] connector:EvseM  :: EVSE ISO V2G CurrentDemandRes
2025-12-16T23:42:10.969352+0100 chargesom manager[934598]: [INFO] connector:EvseM  ::                                     CAR ISO V2G CurrentDemandReq
2025-12-16T23:42:11.101508+0100 chargesom manager[934598]: [INFO] connector:EvseM  :: EVSE ISO V2G CurrentDemandRes
2025-12-16T23:42:11.188868+0100 chargesom manager[934598]: [INFO] connector:EvseM  ::                                     CAR ISO V2G CurrentDemandReq
2025-12-16T23:42:11.241638+0100 chargesom manager[934598]: [INFO] connector:EvseM  :: EVSE IEC Isolation measurement Ok R_F 900000.
2025-12-16T23:42:11.330308+0100 chargesom manager[934598]: [INFO] connector:EvseM  :: EVSE ISO V2G CurrentDemandRes
2025-12-16T23:42:11.417849+0100 chargesom manager[934598]: [INFO] connector:EvseM  ::                                     CAR ISO V2G CurrentDemandReq
2025-12-16T23:42:11.506038+0100 chargesom manager[934598]: [INFO] connector:EvseM  :: EVSE ISO V2G CurrentDemandRes
2025-12-16T23:42:11.657375+0100 chargesom manager[934598]: [INFO] connector:EvseM  ::                                     CAR ISO V2G CurrentDemandReq
2025-12-16T23:42:11.727041+0100 chargesom manager[934598]: [INFO] connector:EvseM  :: EVSE ISO V2G CurrentDemandRes
2025-12-16T23:42:11.851046+0100 chargesom manager[934598]: [INFO] connector:EvseM  ::                                     CAR ISO V2G CurrentDemandReq
2025-12-16T23:42:11.946999+0100 chargesom manager[934598]: [INFO] connector:EvseM  :: EVSE ISO V2G CurrentDemandRes
2025-12-16T23:42:12.069013+0100 chargesom manager[934598]: [INFO] connector:EvseM  ::                                     CAR ISO V2G CurrentDemandReq
2025-12-16T23:42:12.166934+0100 chargesom manager[934598]: [INFO] connector:EvseM  :: EVSE ISO V2G CurrentDemandRes
2025-12-16T23:42:12.242158+0100 chargesom manager[934598]: [INFO] connector:EvseM  :: EVSE IEC Isolation measurement Ok R_F 900000.
2025-12-16T23:42:12.329797+0100 chargesom manager[934598]: [INFO] connector:EvseM  ::                                     CAR ISO V2G CurrentDemandReq
2025-12-16T23:42:12.385968+0100 chargesom manager[934598]: [INFO] connector:EvseM  :: EVSE ISO V2G CurrentDemandRes
2025-12-16T23:42:12.526399+0100 chargesom manager[934598]: [INFO] connector:EvseM  ::                                     CAR ISO V2G CurrentDemandReq
2025-12-16T23:42:12.607024+0100 chargesom manager[934598]: [INFO] connector:EvseM  :: EVSE ISO V2G CurrentDemandRes
2025-12-16T23:42:12.728580+0100 chargesom manager[934598]: [INFO] connector:EvseM  ::                                     CAR ISO V2G CurrentDemandReq
2025-12-16T23:42:12.826917+0100 chargesom manager[934598]: [INFO] connector:EvseM  :: EVSE ISO V2G CurrentDemandRes
2025-12-16T23:42:12.949274+0100 chargesom manager[934598]: [INFO] connector:EvseM  ::                                     CAR ISO V2G CurrentDemandReq
2025-12-16T23:42:13.047253+0100 chargesom manager[934598]: [INFO] connector:EvseM  :: EVSE ISO V2G CurrentDemandRes
2025-12-16T23:42:13.169128+0100 chargesom manager[934598]: [INFO] connector:EvseM  ::                                     CAR ISO V2G CurrentDemandReq
2025-12-16T23:42:13.242795+0100 chargesom manager[934598]: [INFO] connector:EvseM  :: EVSE IEC Isolation measurement Ok R_F 900000.
2025-12-16T23:42:13.285328+0100 chargesom manager[934598]: [INFO] connector:EvseM  :: EVSE ISO V2G CurrentDemandRes
2025-12-16T23:42:13.388826+0100 chargesom manager[934598]: [INFO] connector:EvseM  ::                                     CAR ISO V2G CurrentDemandReq
2025-12-16T23:42:13.486087+0100 chargesom manager[934598]: [INFO] connector:EvseM  :: EVSE ISO V2G CurrentDemandRes
2025-12-16T23:42:13.633498+0100 chargesom manager[934598]: [INFO] connector:EvseM  ::                                     CAR ISO V2G CurrentDemandReq
2025-12-16T23:42:13.725493+0100 chargesom manager[934598]: [INFO] connector:EvseM  :: EVSE ISO V2G CurrentDemandRes
2025-12-16T23:42:13.829518+0100 chargesom manager[934598]: [INFO] connector:EvseM  ::                                     CAR ISO V2G CurrentDemandReq
2025-12-16T23:42:13.927134+0100 chargesom manager[934598]: [INFO] connector:EvseM  :: EVSE ISO V2G CurrentDemandRes
2025-12-16T23:42:14.049703+0100 chargesom manager[934598]: [INFO] connector:EvseM  ::                                     CAR ISO V2G CurrentDemandReq
2025-12-16T23:42:14.147257+0100 chargesom manager[934598]: [INFO] connector:EvseM  :: EVSE ISO V2G CurrentDemandRes
2025-12-16T23:42:14.243190+0100 chargesom manager[934598]: [INFO] connector:EvseM  :: EVSE IEC Isolation measurement Ok R_F 900000.
2025-12-16T23:42:14.285314+0100 chargesom manager[934598]: [INFO] connector:EvseM  ::                                     CAR ISO V2G CurrentDemandReq
2025-12-16T23:42:14.366842+0100 chargesom manager[934598]: [INFO] connector:EvseM  :: EVSE ISO V2G CurrentDemandRes
2025-12-16T23:42:14.488377+0100 chargesom manager[934598]: [INFO] connector:EvseM  ::                                     CAR ISO V2G CurrentDemandReq
2025-12-16T23:42:14.586947+0100 chargesom manager[934598]: [INFO] connector:EvseM  :: EVSE ISO V2G CurrentDemandRes
2025-12-16T23:42:14.737964+0100 chargesom manager[934598]: [INFO] connector:EvseM  ::                                     CAR ISO V2G CurrentDemandReq
2025-12-16T23:42:14.841669+0100 chargesom manager[934598]: [INFO] connector:EvseM  :: EVSE ISO V2G CurrentDemandRes
2025-12-16T23:42:14.929716+0100 chargesom manager[934598]: [INFO] connector:EvseM  ::                                     CAR ISO V2G CurrentDemandReq
2025-12-16T23:42:15.026323+0100 chargesom manager[934598]: [INFO] connector:EvseM  :: EVSE ISO V2G CurrentDemandRes
2025-12-16T23:42:15.148851+0100 chargesom manager[934598]: [INFO] connector:EvseM  ::                                     CAR ISO V2G CurrentDemandReq
2025-12-16T23:42:15.243542+0100 chargesom manager[934598]: [INFO] connector:EvseM  :: EVSE IEC Isolation measurement Ok R_F 900000.
2025-12-16T23:42:15.248046+0100 chargesom manager[934598]: [INFO] connector:EvseM  :: EVSE ISO V2G CurrentDemandRes
2025-12-16T23:42:15.368386+0100 chargesom manager[934598]: [INFO] connector:EvseM  ::                                     CAR ISO V2G CurrentDemandReq
2025-12-16T23:42:15.467063+0100 chargesom manager[934598]: [INFO] connector:EvseM  :: EVSE ISO V2G CurrentDemandRes
2025-12-16T23:42:15.589084+0100 chargesom manager[934598]: [INFO] connector:EvseM  ::                                     CAR ISO V2G CurrentDemandReq
2025-12-16T23:42:15.687038+0100 chargesom manager[934598]: [INFO] connector:EvseM  :: EVSE ISO V2G CurrentDemandRes
2025-12-16T23:42:15.812130+0100 chargesom manager[934598]: [INFO] connector:EvseM  ::                                     CAR ISO V2G CurrentDemandReq
2025-12-16T23:42:15.949240+0100 chargesom manager[934598]: [INFO] connector:EvseM  :: EVSE ISO V2G CurrentDemandRes
2025-12-16T23:42:16.053446+0100 chargesom manager[934598]: [INFO] connector:EvseM  ::                                     CAR ISO V2G CurrentDemandReq
2025-12-16T23:42:16.126824+0100 chargesom manager[934598]: [INFO] connector:EvseM  :: EVSE ISO V2G CurrentDemandRes
2025-12-16T23:42:16.243298+0100 chargesom manager[934598]: [INFO] connector:EvseM  :: EVSE IEC Isolation measurement Ok R_F 900000.
2025-12-16T23:42:16.285386+0100 chargesom manager[934598]: [INFO] connector:EvseM  ::                                     CAR ISO V2G CurrentDemandReq
2025-12-16T23:42:16.347001+0100 chargesom manager[934598]: [INFO] connector:EvseM  :: EVSE ISO V2G CurrentDemandRes
2025-12-16T23:42:16.468192+0100 chargesom manager[934598]: [INFO] connector:EvseM  ::                                     CAR ISO V2G CurrentDemandReq
2025-12-16T23:42:16.566794+0100 chargesom manager[934598]: [INFO] connector:EvseM  :: EVSE ISO V2G CurrentDemandRes
2025-12-16T23:42:16.688092+0100 chargesom manager[934598]: [INFO] connector:EvseM  ::                                     CAR ISO V2G CurrentDemandReq
2025-12-16T23:42:16.786832+0100 chargesom manager[934598]: [INFO] connector:EvseM  :: EVSE ISO V2G CurrentDemandRes
2025-12-16T23:42:16.909948+0100 chargesom manager[934598]: [INFO] connector:EvseM  ::                                     CAR ISO V2G CurrentDemandReq
2025-12-16T23:42:17.045380+0100 chargesom manager[934598]: [INFO] connector:EvseM  :: EVSE ISO V2G CurrentDemandRes
2025-12-16T23:42:17.133214+0100 chargesom manager[934598]: [INFO] connector:EvseM  ::                                     CAR ISO V2G CurrentDemandReq
2025-12-16T23:42:17.226495+0100 chargesom manager[934598]: [INFO] connector:EvseM  :: EVSE ISO V2G CurrentDemandRes
2025-12-16T23:42:17.243614+0100 chargesom manager[934598]: [INFO] connector:EvseM  :: EVSE IEC Isolation measurement Ok R_F 900000.
2025-12-16T23:42:17.373417+0100 chargesom manager[934598]: [INFO] connector:EvseM  ::                                     CAR ISO V2G CurrentDemandReq
2025-12-16T23:42:17.446488+0100 chargesom manager[934598]: [INFO] connector:EvseM  :: EVSE ISO V2G CurrentDemandRes
2025-12-16T23:42:17.567907+0100 chargesom manager[934598]: [INFO] connector:EvseM  ::                                     CAR ISO V2G CurrentDemandReq
2025-12-16T23:42:17.666539+0100 chargesom manager[934598]: [INFO] connector:EvseM  :: EVSE ISO V2G CurrentDemandRes
2025-12-16T23:42:17.789036+0100 chargesom manager[934598]: [INFO] connector:EvseM  ::                                     CAR ISO V2G CurrentDemandReq
2025-12-16T23:42:17.886706+0100 chargesom manager[934598]: [INFO] connector:EvseM  :: EVSE ISO V2G CurrentDemandRes
2025-12-16T23:42:18.008030+0100 chargesom manager[934598]: [INFO] connector:EvseM  ::                                     CAR ISO V2G CurrentDemandReq
2025-12-16T23:42:18.141182+0100 chargesom manager[934598]: [INFO] connector:EvseM  :: EVSE ISO V2G CurrentDemandRes
2025-12-16T23:42:18.237206+0100 chargesom manager[934598]: [INFO] connector:EvseM  ::                                     CAR ISO V2G CurrentDemandReq
2025-12-16T23:42:18.243899+0100 chargesom manager[934598]: [INFO] connector:EvseM  :: EVSE IEC Isolation measurement Ok R_F 900000.
2025-12-16T23:42:18.333671+0100 chargesom manager[934598]: [INFO] connector:EvseM  :: EVSE ISO V2G CurrentDemandRes
2025-12-16T23:42:18.447904+0100 chargesom manager[934598]: [INFO] connector:EvseM  ::                                     CAR ISO V2G CurrentDemandReq
2025-12-16T23:42:18.546362+0100 chargesom manager[934598]: [INFO] connector:EvseM  :: EVSE ISO V2G CurrentDemandRes
2025-12-16T23:42:18.668117+0100 chargesom manager[934598]: [INFO] connector:EvseM  ::                                     CAR ISO V2G CurrentDemandReq
2025-12-16T23:42:18.766419+0100 chargesom manager[934598]: [INFO] connector:EvseM  :: EVSE ISO V2G CurrentDemandRes
2025-12-16T23:42:18.888411+0100 chargesom manager[934598]: [INFO] connector:EvseM  ::                                     CAR ISO V2G CurrentDemandReq
2025-12-16T23:42:18.986492+0100 chargesom manager[934598]: [INFO] connector:EvseM  :: EVSE ISO V2G CurrentDemandRes
2025-12-16T23:42:19.107964+0100 chargesom manager[934598]: [INFO] connector:EvseM  ::                                     CAR ISO V2G CurrentDemandReq
2025-12-16T23:42:19.245734+0100 chargesom manager[934598]: [INFO] connector:EvseM  :: EVSE IEC Isolation measurement Ok R_F 900000.
2025-12-16T23:42:19.246133+0100 chargesom manager[934598]: [INFO] connector:EvseM  :: EVSE ISO V2G CurrentDemandRes
2025-12-16T23:42:19.337621+0100 chargesom manager[934598]: [INFO] connector:EvseM  ::                                     CAR ISO V2G CurrentDemandReq
2025-12-16T23:42:19.425800+0100 chargesom manager[934598]: [INFO] connector:EvseM  :: EVSE ISO V2G CurrentDemandRes
2025-12-16T23:42:19.548082+0100 chargesom manager[934598]: [INFO] connector:EvseM  ::                                     CAR ISO V2G CurrentDemandReq
2025-12-16T23:42:19.665173+0100 chargesom manager[934598]: [INFO] connector:EvseM  :: EVSE ISO V2G CurrentDemandRes
2025-12-16T23:42:19.768307+0100 chargesom manager[934598]: [INFO] connector:EvseM  ::                                     CAR ISO V2G CurrentDemandReq
2025-12-16T23:42:19.866500+0100 chargesom manager[934598]: [INFO] connector:EvseM  :: EVSE ISO V2G CurrentDemandRes
2025-12-16T23:42:19.988114+0100 chargesom manager[934598]: [INFO] connector:EvseM  ::                                     CAR ISO V2G CurrentDemandReq
2025-12-16T23:42:20.086573+0100 chargesom manager[934598]: [INFO] connector:EvseM  :: EVSE ISO V2G CurrentDemandRes
2025-12-16T23:42:20.207879+0100 chargesom manager[934598]: [INFO] connector:EvseM  ::                                     CAR ISO V2G CurrentDemandReq
2025-12-16T23:42:20.244529+0100 chargesom manager[934598]: [INFO] connector:EvseM  :: EVSE IEC Isolation measurement Ok R_F 900000.
2025-12-16T23:42:20.333270+0100 chargesom manager[934598]: [INFO] connector:EvseM  :: EVSE ISO V2G CurrentDemandRes
2025-12-16T23:42:20.465453+0100 chargesom manager[934598]: [INFO] connector:EvseM  ::                                     CAR ISO V2G CurrentDemandReq
2025-12-16T23:42:20.553658+0100 chargesom manager[934598]: [INFO] connector:EvseM  :: EVSE ISO V2G CurrentDemandRes
2025-12-16T23:42:20.665133+0100 chargesom manager[934598]: [INFO] connector:EvseM  ::                                     CAR ISO V2G CurrentDemandReq
2025-12-16T23:42:20.746547+0100 chargesom manager[934598]: [INFO] connector:EvseM  :: EVSE ISO V2G CurrentDemandRes
2025-12-16T23:42:20.868309+0100 chargesom manager[934598]: [INFO] connector:EvseM  ::                                     CAR ISO V2G CurrentDemandReq
2025-12-16T23:42:20.966537+0100 chargesom manager[934598]: [INFO] connector:EvseM  :: EVSE ISO V2G CurrentDemandRes
2025-12-16T23:42:21.097404+0100 chargesom manager[934598]: [INFO] connector:EvseM  ::                                     CAR ISO V2G CurrentDemandReq
2025-12-16T23:42:21.186364+0100 chargesom manager[934598]: [INFO] connector:EvseM  :: EVSE ISO V2G CurrentDemandRes
2025-12-16T23:42:21.244814+0100 chargesom manager[934598]: [INFO] connector:EvseM  :: EVSE IEC Isolation measurement Ok R_F 900000.
2025-12-16T23:42:21.335255+0100 chargesom manager[934598]: [INFO] connector:EvseM  ::                                     CAR ISO V2G CurrentDemandReq
2025-12-16T23:42:21.412873+0100 chargesom manager[934598]: [INFO] connector:EvseM  :: EVSE ISO V2G CurrentDemandRes
2025-12-16T23:42:21.537740+0100 chargesom manager[934598]: [INFO] connector:EvseM  ::                                     CAR ISO V2G CurrentDemandReq
2025-12-16T23:42:21.665725+0100 chargesom manager[934598]: [INFO] connector:EvseM  :: EVSE ISO V2G CurrentDemandRes
2025-12-16T23:42:21.757739+0100 chargesom manager[934598]: [INFO] connector:EvseM  ::                                     CAR ISO V2G CurrentDemandReq
2025-12-16T23:42:21.856260+0100 chargesom manager[934598]: [INFO] connector:EvseM  :: EVSE ISO V2G CurrentDemandRes
2025-12-16T23:42:21.978243+0100 chargesom manager[934598]: [INFO] connector:EvseM  ::                                     CAR ISO V2G CurrentDemandReq
2025-12-16T23:42:22.076325+0100 chargesom manager[934598]: [INFO] connector:EvseM  :: EVSE ISO V2G CurrentDemandRes
2025-12-16T23:42:22.197762+0100 chargesom manager[934598]: [INFO] connector:EvseM  ::                                     CAR ISO V2G CurrentDemandReq
2025-12-16T23:42:22.245806+0100 chargesom manager[934598]: [INFO] connector:EvseM  :: EVSE IEC Isolation measurement Ok R_F 900000.
2025-12-16T23:42:22.333137+0100 chargesom manager[934598]: [INFO] connector:EvseM  :: EVSE ISO V2G CurrentDemandRes
2025-12-16T23:42:22.417740+0100 chargesom manager[934598]: [INFO] connector:EvseM  ::                                     CAR ISO V2G CurrentDemandReq
2025-12-16T23:42:22.516503+0100 chargesom manager[934598]: [INFO] connector:EvseM  :: EVSE ISO V2G CurrentDemandRes
2025-12-16T23:42:22.665138+0100 chargesom manager[934598]: [INFO] connector:EvseM  ::                                     CAR ISO V2G CurrentDemandReq
2025-12-16T23:42:22.769720+0100 chargesom manager[934598]: [INFO] connector:EvseM  :: EVSE ISO V2G CurrentDemandRes
2025-12-16T23:42:22.858211+0100 chargesom manager[934598]: [INFO] connector:EvseM  ::                                     CAR ISO V2G CurrentDemandReq
2025-12-16T23:42:22.956281+0100 chargesom manager[934598]: [INFO] connector:EvseM  :: EVSE ISO V2G CurrentDemandRes
2025-12-16T23:42:23.078079+0100 chargesom manager[934598]: [INFO] connector:EvseM  ::                                     CAR ISO V2G CurrentDemandReq
2025-12-16T23:42:23.176372+0100 chargesom manager[934598]: [INFO] connector:EvseM  :: EVSE ISO V2G CurrentDemandRes
2025-12-16T23:42:23.245428+0100 chargesom manager[934598]: [INFO] connector:EvseM  :: EVSE IEC Isolation measurement Ok R_F 900000.
2025-12-16T23:42:23.334073+0100 chargesom manager[934598]: [INFO] connector:EvseM  ::                                     CAR ISO V2G CurrentDemandReq
2025-12-16T23:42:23.396151+0100 chargesom manager[934598]: [INFO] connector:EvseM  :: EVSE ISO V2G CurrentDemandRes
2025-12-16T23:42:23.517829+0100 chargesom manager[934598]: [INFO] connector:EvseM  ::                                     CAR ISO V2G CurrentDemandReq
2025-12-16T23:42:23.616420+0100 chargesom manager[934598]: [INFO] connector:EvseM  :: EVSE ISO V2G CurrentDemandRes
2025-12-16T23:42:23.737745+0100 chargesom manager[934598]: [INFO] connector:EvseM  ::                                     CAR ISO V2G CurrentDemandReq
2025-12-16T23:42:23.877667+0100 chargesom manager[934598]: [INFO] connector:EvseM  :: EVSE ISO V2G CurrentDemandRes
2025-12-16T23:42:23.965618+0100 chargesom manager[934598]: [INFO] connector:EvseM  ::                                     CAR ISO V2G CurrentDemandReq
2025-12-16T23:42:24.097164+0100 chargesom manager[934598]: [INFO] connector:EvseM  :: EVSE ISO V2G CurrentDemandRes
2025-12-16T23:42:24.177689+0100 chargesom manager[934598]: [INFO] connector:EvseM  ::                                     CAR ISO V2G CurrentDemandReq
2025-12-16T23:42:24.245752+0100 chargesom manager[934598]: [INFO] connector:EvseM  :: EVSE IEC Isolation measurement Ok R_F 900000.
2025-12-16T23:42:24.289392+0100 chargesom manager[934598]: [INFO] connector:EvseM  :: EVSE ISO V2G CurrentDemandRes
2025-12-16T23:42:24.397600+0100 chargesom manager[934598]: [INFO] connector:EvseM  ::                                     CAR ISO V2G CurrentDemandReq
2025-12-16T23:42:24.495385+0100 chargesom manager[934598]: [INFO] connector:EvseM  :: EVSE ISO V2G CurrentDemandRes
2025-12-16T23:42:24.617590+0100 chargesom manager[934598]: [INFO] connector:EvseM  ::                                     CAR ISO V2G CurrentDemandReq
2025-12-16T23:42:24.715012+0100 chargesom manager[934598]: [INFO] connector:EvseM  :: EVSE ISO V2G CurrentDemandRes
2025-12-16T23:42:24.838710+0100 chargesom manager[934598]: [INFO] connector:EvseM  ::                                     CAR ISO V2G CurrentDemandReq
2025-12-16T23:42:24.977527+0100 chargesom manager[934598]: [INFO] connector:EvseM  :: EVSE ISO V2G CurrentDemandRes
2025-12-16T23:42:25.069221+0100 chargesom manager[934598]: [INFO] connector:EvseM  ::                                     CAR ISO V2G CurrentDemandReq
2025-12-16T23:42:25.155261+0100 chargesom manager[934598]: [INFO] connector:EvseM  :: EVSE ISO V2G CurrentDemandRes
2025-12-16T23:42:25.246076+0100 chargesom manager[934598]: [INFO] connector:EvseM  :: EVSE IEC Isolation measurement Ok R_F 900000.
2025-12-16T23:42:25.293352+0100 chargesom manager[934598]: [INFO] connector:EvseM  ::                                     CAR ISO V2G CurrentDemandReq
2025-12-16T23:42:25.376200+0100 chargesom manager[934598]: [INFO] connector:EvseM  :: EVSE ISO V2G CurrentDemandRes
2025-12-16T23:42:25.497667+0100 chargesom manager[934598]: [INFO] connector:EvseM  ::                                     CAR ISO V2G CurrentDemandReq
2025-12-16T23:42:25.595102+0100 chargesom manager[934598]: [INFO] connector:EvseM  :: EVSE ISO V2G CurrentDemandRes
2025-12-16T23:42:25.717613+0100 chargesom manager[934598]: [INFO] connector:EvseM  ::                                     CAR ISO V2G CurrentDemandReq
2025-12-16T23:42:25.815210+0100 chargesom manager[934598]: [INFO] connector:EvseM  :: EVSE ISO V2G CurrentDemandRes
2025-12-16T23:42:25.938183+0100 chargesom manager[934598]: [INFO] connector:EvseM  ::                                     CAR ISO V2G CurrentDemandReq
2025-12-16T23:42:26.054764+0100 chargesom manager[934598]: [INFO] connector:EvseM  :: EVSE ISO V2G CurrentDemandRes
2025-12-16T23:42:26.193162+0100 chargesom manager[934598]: [INFO] connector:EvseM  ::                                     CAR ISO V2G CurrentDemandReq
2025-12-16T23:42:26.246290+0100 chargesom manager[934598]: [INFO] connector:EvseM  :: EVSE IEC Isolation measurement Ok R_F 900000.
2025-12-16T23:42:26.289510+0100 chargesom manager[934598]: [INFO] connector:EvseM  :: EVSE ISO V2G CurrentDemandRes
2025-12-16T23:42:26.377824+0100 chargesom manager[934598]: [INFO] connector:EvseM  ::                                     CAR ISO V2G CurrentDemandReq
2025-12-16T23:42:26.477151+0100 chargesom manager[934598]: [INFO] connector:EvseM  :: EVSE ISO V2G CurrentDemandRes
2025-12-16T23:42:26.597510+0100 chargesom manager[934598]: [INFO] connector:EvseM  ::                                     CAR ISO V2G CurrentDemandReq
2025-12-16T23:42:26.694961+0100 chargesom manager[934598]: [INFO] connector:EvseM  :: EVSE ISO V2G CurrentDemandRes
2025-12-16T23:42:26.818199+0100 chargesom manager[934598]: [INFO] connector:EvseM  ::                                     CAR ISO V2G CurrentDemandReq
2025-12-16T23:42:26.915049+0100 chargesom manager[934598]: [INFO] connector:EvseM  :: EVSE ISO V2G CurrentDemandRes
2025-12-16T23:42:27.037488+0100 chargesom manager[934598]: [INFO] connector:EvseM  ::                                     CAR ISO V2G CurrentDemandReq
2025-12-16T23:42:27.135150+0100 chargesom manager[934598]: [INFO] connector:EvseM  :: EVSE ISO V2G CurrentDemandRes
2025-12-16T23:42:27.285528+0100 chargesom manager[934598]: [INFO] connector:EvseM  :: EVSE IEC Isolation measurement Ok R_F 900000.
2025-12-16T23:42:27.286629+0100 chargesom manager[934598]: [INFO] connector:EvseM  ::                                     CAR ISO V2G CurrentDemandReq
2025-12-16T23:42:27.373153+0100 chargesom manager[934598]: [INFO] connector:EvseM  :: EVSE ISO V2G CurrentDemandRes
2025-12-16T23:42:27.477842+0100 chargesom manager[934598]: [INFO] connector:EvseM  ::                                     CAR ISO V2G CurrentDemandReq
2025-12-16T23:42:27.575105+0100 chargesom manager[934598]: [INFO] connector:EvseM  :: EVSE ISO V2G CurrentDemandRes
2025-12-16T23:42:27.697498+0100 chargesom manager[934598]: [INFO] connector:EvseM  ::                                     CAR ISO V2G CurrentDemandReq
2025-12-16T23:42:27.795150+0100 chargesom manager[934598]: [INFO] connector:EvseM  :: EVSE ISO V2G CurrentDemandRes
2025-12-16T23:42:27.918198+0100 chargesom manager[934598]: [INFO] connector:EvseM  ::                                     CAR ISO V2G CurrentDemandReq
2025-12-16T23:42:28.015211+0100 chargesom manager[934598]: [INFO] connector:EvseM  :: EVSE ISO V2G CurrentDemandRes
2025-12-16T23:42:28.137748+0100 chargesom manager[934598]: [INFO] connector:EvseM  ::                                     CAR ISO V2G CurrentDemandReq
2025-12-16T23:42:28.235032+0100 chargesom manager[934598]: [INFO] connector:EvseM  :: EVSE ISO V2G CurrentDemandRes
2025-12-16T23:42:28.247101+0100 chargesom manager[934598]: [INFO] connector:EvseM  :: EVSE IEC Isolation measurement Ok R_F 900000.
2025-12-16T23:42:28.381189+0100 chargesom manager[934598]: [INFO] connector:EvseM  ::                                     CAR ISO V2G CurrentDemandReq
2025-12-16T23:42:28.489379+0100 chargesom manager[934598]: [INFO] connector:EvseM  :: EVSE ISO V2G CurrentDemandRes
2025-12-16T23:42:28.577356+0100 chargesom manager[934598]: [INFO] connector:EvseM  ::                                     CAR ISO V2G CurrentDemandReq
2025-12-16T23:42:28.675783+0100 chargesom manager[934598]: [INFO] connector:EvseM  :: EVSE ISO V2G CurrentDemandRes
2025-12-16T23:42:28.798342+0100 chargesom manager[934598]: [INFO] connector:EvseM  ::                                     CAR ISO V2G CurrentDemandReq
2025-12-16T23:42:28.895070+0100 chargesom manager[934598]: [INFO] connector:EvseM  :: EVSE ISO V2G CurrentDemandRes
2025-12-16T23:42:29.053569+0100 chargesom manager[934598]: [INFO] connector:EvseM  ::                                     CAR ISO V2G CurrentDemandReq
2025-12-16T23:42:29.114964+0100 chargesom manager[934598]: [INFO] connector:EvseM  :: EVSE ISO V2G CurrentDemandRes
2025-12-16T23:42:29.237478+0100 chargesom manager[934598]: [INFO] connector:EvseM  ::                                     CAR ISO V2G CurrentDemandReq
2025-12-16T23:42:29.247387+0100 chargesom manager[934598]: [INFO] connector:EvseM  :: EVSE IEC Isolation measurement Ok R_F 900000.
2025-12-16T23:42:29.377390+0100 chargesom manager[934598]: [INFO] connector:EvseM  :: EVSE ISO V2G CurrentDemandRes
2025-12-16T23:42:29.497558+0100 chargesom manager[934598]: [INFO] connector:EvseM  ::                                     CAR ISO V2G CurrentDemandReq
2025-12-16T23:42:29.589209+0100 chargesom manager[934598]: [INFO] connector:EvseM  :: EVSE ISO V2G CurrentDemandRes
2025-12-16T23:42:29.677655+0100 chargesom manager[934598]: [INFO] connector:EvseM  ::                                     CAR ISO V2G CurrentDemandReq
2025-12-16T23:42:29.775104+0100 chargesom manager[934598]: [INFO] connector:EvseM  :: EVSE ISO V2G CurrentDemandRes
2025-12-16T23:42:29.897961+0100 chargesom manager[934598]: [INFO] connector:EvseM  ::                                     CAR ISO V2G CurrentDemandReq
2025-12-16T23:42:29.995140+0100 chargesom manager[934598]: [INFO] connector:EvseM  :: EVSE ISO V2G CurrentDemandRes
2025-12-16T23:42:30.117441+0100 chargesom manager[934598]: [INFO] connector:EvseM  ::                                     CAR ISO V2G CurrentDemandReq
2025-12-16T23:42:30.214937+0100 chargesom manager[934598]: [INFO] connector:EvseM  :: EVSE ISO V2G CurrentDemandRes
2025-12-16T23:42:30.248340+0100 chargesom manager[934598]: [INFO] connector:EvseM  :: EVSE IEC Isolation measurement Ok R_F 900000.
2025-12-16T23:42:30.337439+0100 chargesom manager[934598]: [INFO] connector:EvseM  ::                                     CAR ISO V2G CurrentDemandReq
2025-12-16T23:42:30.434981+0100 chargesom manager[934598]: [INFO] connector:EvseM  :: EVSE ISO V2G CurrentDemandRes
2025-12-16T23:42:30.597977+0100 chargesom manager[934598]: [INFO] connector:EvseM  ::                                     CAR ISO V2G CurrentDemandReq
2025-12-16T23:42:30.689276+0100 chargesom manager[934598]: [INFO] connector:EvseM  :: EVSE ISO V2G CurrentDemandRes
2025-12-16T23:42:30.778113+0100 chargesom manager[934598]: [INFO] connector:EvseM  ::                                     CAR ISO V2G CurrentDemandReq
2025-12-16T23:42:30.875796+0100 chargesom manager[934598]: [INFO] connector:EvseM  :: EVSE ISO V2G CurrentDemandRes
2025-12-16T23:42:30.997579+0100 chargesom manager[934598]: [INFO] connector:EvseM  ::                                     CAR ISO V2G CurrentDemandReq
2025-12-16T23:42:31.097135+0100 chargesom manager[934598]: [INFO] connector:EvseM  :: EVSE ISO V2G CurrentDemandRes
2025-12-16T23:42:31.217364+0100 chargesom manager[934598]: [INFO] connector:EvseM  ::                                     CAR ISO V2G CurrentDemandReq
2025-12-16T23:42:31.248061+0100 chargesom manager[934598]: [INFO] connector:EvseM  :: EVSE IEC Isolation measurement Ok R_F 900000.
2025-12-16T23:42:31.337820+0100 chargesom manager[934598]: [INFO] connector:EvseM  :: EVSE ISO V2G CurrentDemandRes
2025-12-16T23:42:31.437615+0100 chargesom manager[934598]: [INFO] connector:EvseM  ::                                     CAR ISO V2G CurrentDemandReq
2025-12-16T23:42:31.535105+0100 chargesom manager[934598]: [INFO] connector:EvseM  :: EVSE ISO V2G CurrentDemandRes
2025-12-16T23:42:31.673180+0100 chargesom manager[934598]: [INFO] connector:EvseM  ::                                     CAR ISO V2G CurrentDemandReq
2025-12-16T23:42:31.785589+0100 chargesom manager[934598]: [INFO] connector:EvseM  :: EVSE ISO V2G CurrentDemandRes
2025-12-16T23:42:31.877985+0100 chargesom manager[934598]: [INFO] connector:EvseM  ::                                     CAR ISO V2G CurrentDemandReq
2025-12-16T23:42:31.975013+0100 chargesom manager[934598]: [INFO] connector:EvseM  :: EVSE ISO V2G CurrentDemandRes
2025-12-16T23:42:32.097532+0100 chargesom manager[934598]: [INFO] connector:EvseM  ::                                     CAR ISO V2G CurrentDemandReq
2025-12-16T23:42:32.195861+0100 chargesom manager[934598]: [INFO] connector:EvseM  :: EVSE ISO V2G CurrentDemandRes
2025-12-16T23:42:32.248320+0100 chargesom manager[934598]: [INFO] connector:EvseM  :: EVSE IEC Isolation measurement Ok R_F 900000.
2025-12-16T23:42:32.337244+0100 chargesom manager[934598]: [INFO] connector:EvseM  ::                                     CAR ISO V2G CurrentDemandReq
2025-12-16T23:42:32.415274+0100 chargesom manager[934598]: [INFO] connector:EvseM  :: EVSE ISO V2G CurrentDemandRes
2025-12-16T23:42:32.537327+0100 chargesom manager[934598]: [INFO] connector:EvseM  ::                                     CAR ISO V2G CurrentDemandReq
2025-12-16T23:42:32.673240+0100 chargesom manager[934598]: [INFO] connector:EvseM  :: EVSE ISO V2G CurrentDemandRes
2025-12-16T23:42:32.757417+0100 chargesom manager[934598]: [INFO] connector:EvseM  ::                                     CAR ISO V2G CurrentDemandReq
2025-12-16T23:42:32.881404+0100 chargesom manager[934598]: [INFO] connector:EvseM  :: EVSE ISO V2G CurrentDemandRes
2025-12-16T23:42:32.986289+0100 chargesom manager[934598]: [INFO] connector:EvseM  ::                                     CAR ISO V2G CurrentDemandReq
2025-12-16T23:42:33.075816+0100 chargesom manager[934598]: [INFO] connector:EvseM  :: EVSE ISO V2G CurrentDemandRes
2025-12-16T23:42:33.197451+0100 chargesom manager[934598]: [INFO] connector:EvseM  ::                                     CAR ISO V2G CurrentDemandReq
2025-12-16T23:42:33.248862+0100 chargesom manager[934598]: [INFO] connector:EvseM  :: EVSE IEC Isolation measurement Ok R_F 900000.
2025-12-16T23:42:33.337402+0100 chargesom manager[934598]: [INFO] connector:EvseM  :: EVSE ISO V2G CurrentDemandRes
2025-12-16T23:42:33.417350+0100 chargesom manager[934598]: [INFO] connector:EvseM  ::                                     CAR ISO V2G CurrentDemandReq
2025-12-16T23:42:33.515913+0100 chargesom manager[934598]: [INFO] connector:EvseM  :: EVSE ISO V2G CurrentDemandRes
2025-12-16T23:42:33.673146+0100 chargesom manager[934598]: [INFO] connector:EvseM  ::                                     CAR ISO V2G CurrentDemandReq
2025-12-16T23:42:33.735752+0100 chargesom manager[934598]: [INFO] connector:EvseM  :: EVSE ISO V2G CurrentDemandRes
2025-12-16T23:42:33.857980+0100 chargesom manager[934598]: [INFO] connector:EvseM  ::                                     CAR ISO V2G CurrentDemandReq
2025-12-16T23:42:33.993511+0100 chargesom manager[934598]: [INFO] connector:EvseM  :: EVSE ISO V2G CurrentDemandRes
2025-12-16T23:42:34.085896+0100 chargesom manager[934598]: [INFO] connector:EvseM  ::                                     CAR ISO V2G CurrentDemandReq
2025-12-16T23:42:34.175799+0100 chargesom manager[934598]: [INFO] connector:EvseM  :: EVSE ISO V2G CurrentDemandRes
2025-12-16T23:42:34.249028+0100 chargesom manager[934598]: [INFO] connector:EvseM  :: EVSE IEC Isolation measurement Ok R_F 900000.
2025-12-16T23:42:34.337542+0100 chargesom manager[934598]: [INFO] connector:EvseM  ::                                     CAR ISO V2G CurrentDemandReq
2025-12-16T23:42:34.395529+0100 chargesom manager[934598]: [INFO] connector:EvseM  :: EVSE ISO V2G CurrentDemandRes
2025-12-16T23:42:34.517805+0100 chargesom manager[934598]: [INFO] connector:EvseM  ::                                     CAR ISO V2G CurrentDemandReq
2025-12-16T23:42:34.615507+0100 chargesom manager[934598]: [INFO] connector:EvseM  :: EVSE ISO V2G CurrentDemandRes
2025-12-16T23:42:34.737399+0100 chargesom manager[934598]: [INFO] connector:EvseM  ::                                     CAR ISO V2G CurrentDemandReq
2025-12-16T23:42:34.835907+0100 chargesom manager[934598]: [INFO] connector:EvseM  :: EVSE ISO V2G CurrentDemandRes
2025-12-16T23:42:34.957667+0100 chargesom manager[934598]: [INFO] connector:EvseM  ::                                     CAR ISO V2G CurrentDemandReq
2025-12-16T23:42:35.093382+0100 chargesom manager[934598]: [INFO] connector:EvseM  :: EVSE ISO V2G CurrentDemandRes
2025-12-16T23:42:35.185292+0100 chargesom manager[934598]: [INFO] connector:EvseM  ::                                     CAR ISO V2G CurrentDemandReq
2025-12-16T23:42:35.249228+0100 chargesom manager[934598]: [INFO] connector:EvseM  :: EVSE IEC Isolation measurement Ok R_F 900000.
2025-12-16T23:42:35.293779+0100 chargesom manager[934598]: [INFO] connector:EvseM  :: EVSE ISO V2G CurrentDemandRes
2025-12-16T23:42:35.397518+0100 chargesom manager[934598]: [INFO] connector:EvseM  ::                                     CAR ISO V2G CurrentDemandReq
2025-12-16T23:42:35.495839+0100 chargesom manager[934598]: [INFO] connector:EvseM  :: EVSE ISO V2G CurrentDemandRes
2025-12-16T23:42:35.617173+0100 chargesom manager[934598]: [INFO] connector:EvseM  ::                                     CAR ISO V2G CurrentDemandReq
2025-12-16T23:42:35.715623+0100 chargesom manager[934598]: [INFO] connector:EvseM  :: EVSE ISO V2G CurrentDemandRes
2025-12-16T23:42:35.837693+0100 chargesom manager[934598]: [INFO] connector:EvseM  ::                                     CAR ISO V2G CurrentDemandReq
2025-12-16T23:42:35.935657+0100 chargesom manager[934598]: [INFO] connector:EvseM  :: EVSE ISO V2G CurrentDemandRes
2025-12-16T23:42:36.097538+0100 chargesom manager[934598]: [INFO] connector:EvseM  ::                                     CAR ISO V2G CurrentDemandReq
2025-12-16T23:42:36.193553+0100 chargesom manager[934598]: [INFO] connector:EvseM  :: EVSE ISO V2G CurrentDemandRes
2025-12-16T23:42:36.285897+0100 chargesom manager[934598]: [INFO] connector:EvseM  :: EVSE IEC Isolation measurement Ok R_F 900000.
2025-12-16T23:42:36.285897+0100 chargesom manager[934598]: [INFO] connector:EvseM  ::                                     CAR ISO V2G CurrentDemandReq
2025-12-16T23:42:36.376799+0100 chargesom manager[934598]: [INFO] connector:EvseM  :: EVSE ISO V2G CurrentDemandRes
2025-12-16T23:42:36.497008+0100 chargesom manager[934598]: [INFO] connector:EvseM  ::                                     CAR ISO V2G CurrentDemandReq
2025-12-16T23:42:36.595547+0100 chargesom manager[934598]: [INFO] connector:EvseM  :: EVSE ISO V2G CurrentDemandRes
2025-12-16T23:42:36.717084+0100 chargesom manager[934598]: [INFO] connector:EvseM  ::                                     CAR ISO V2G CurrentDemandReq
2025-12-16T23:42:36.815543+0100 chargesom manager[934598]: [INFO] connector:EvseM  :: EVSE ISO V2G CurrentDemandRes
2025-12-16T23:42:36.937813+0100 chargesom manager[934598]: [INFO] connector:EvseM  ::                                     CAR ISO V2G CurrentDemandReq
2025-12-16T23:42:37.035980+0100 chargesom manager[934598]: [INFO] connector:EvseM  :: EVSE ISO V2G CurrentDemandRes
2025-12-16T23:42:37.157350+0100 chargesom manager[934598]: [INFO] connector:EvseM  ::                                     CAR ISO V2G CurrentDemandReq
2025-12-16T23:42:37.251649+0100 chargesom manager[934598]: [INFO] connector:EvseM  :: EVSE IEC Isolation measurement Ok R_F 900000.
2025-12-16T23:42:37.298459+0100 chargesom manager[934598]: [INFO] connector:EvseM  :: EVSE ISO V2G CurrentDemandRes
2025-12-16T23:42:37.385192+0100 chargesom manager[934598]: [INFO] connector:EvseM  ::                                     CAR ISO V2G CurrentDemandReq
2025-12-16T23:42:37.475600+0100 chargesom manager[934598]: [INFO] connector:EvseM  :: EVSE ISO V2G CurrentDemandRes
2025-12-16T23:42:37.597215+0100 chargesom manager[934598]: [INFO] connector:EvseM  ::                                     CAR ISO V2G CurrentDemandReq
2025-12-16T23:42:37.695447+0100 chargesom manager[934598]: [INFO] connector:EvseM  :: EVSE ISO V2G CurrentDemandRes
2025-12-16T23:42:37.818215+0100 chargesom manager[934598]: [INFO] connector:EvseM  ::                                     CAR ISO V2G CurrentDemandReq
2025-12-16T23:42:37.915864+0100 chargesom manager[934598]: [INFO] connector:EvseM  :: EVSE ISO V2G CurrentDemandRes
2025-12-16T23:42:38.036927+0100 chargesom manager[934598]: [INFO] connector:EvseM  ::                                     CAR ISO V2G CurrentDemandReq
2025-12-16T23:42:38.135463+0100 chargesom manager[934598]: [INFO] connector:EvseM  :: EVSE ISO V2G CurrentDemandRes
2025-12-16T23:42:38.250189+0100 chargesom manager[934598]: [INFO] connector:EvseM  :: EVSE IEC Isolation measurement Ok R_F 900000.
2025-12-16T23:42:38.293746+0100 chargesom manager[934598]: [INFO] connector:EvseM  ::                                     CAR ISO V2G CurrentDemandReq
2025-12-16T23:42:38.393262+0100 chargesom manager[934598]: [INFO] connector:EvseM  :: EVSE ISO V2G CurrentDemandRes
2025-12-16T23:42:38.489234+0100 chargesom manager[934598]: [INFO] connector:EvseM  ::                                     CAR ISO V2G CurrentDemandReq
2025-12-16T23:42:38.575872+0100 chargesom manager[934598]: [INFO] connector:EvseM  :: EVSE ISO V2G CurrentDemandRes
2025-12-16T23:42:38.697019+0100 chargesom manager[934598]: [INFO] connector:EvseM  ::                                     CAR ISO V2G CurrentDemandReq
2025-12-16T23:42:38.795406+0100 chargesom manager[934598]: [INFO] connector:EvseM  :: EVSE ISO V2G CurrentDemandRes
2025-12-16T23:42:38.917944+0100 chargesom manager[934598]: [INFO] connector:EvseM  ::                                     CAR ISO V2G CurrentDemandReq
2025-12-16T23:42:39.045462+0100 chargesom manager[934598]: [INFO] connector:EvseM  :: EVSE ISO V2G CurrentDemandRes
2025-12-16T23:42:39.136935+0100 chargesom manager[934598]: [INFO] connector:EvseM  ::                                     CAR ISO V2G CurrentDemandReq
2025-12-16T23:42:39.235359+0100 chargesom manager[934598]: [INFO] connector:EvseM  :: EVSE ISO V2G CurrentDemandRes
2025-12-16T23:42:39.250473+0100 chargesom manager[934598]: [INFO] connector:EvseM  :: EVSE IEC Isolation measurement Ok R_F 900000.
2025-12-16T23:42:39.381163+0100 chargesom manager[934598]: [INFO] connector:EvseM  ::                                     CAR ISO V2G CurrentDemandReq
2025-12-16T23:42:39.493437+0100 chargesom manager[934598]: [INFO] connector:EvseM  :: EVSE ISO V2G CurrentDemandRes
2025-12-16T23:42:39.585260+0100 chargesom manager[934598]: [INFO] connector:EvseM  ::                                     CAR ISO V2G CurrentDemandReq
2025-12-16T23:42:39.677167+0100 chargesom manager[934598]: [INFO] connector:EvseM  :: EVSE ISO V2G CurrentDemandRes
2025-12-16T23:42:39.798290+0100 chargesom manager[934598]: [INFO] connector:EvseM  ::                                     CAR ISO V2G CurrentDemandReq
2025-12-16T23:42:39.895808+0100 chargesom manager[934598]: [INFO] connector:EvseM  :: EVSE ISO V2G CurrentDemandRes
2025-12-16T23:42:40.017017+0100 chargesom manager[934598]: [INFO] connector:EvseM  ::                                     CAR ISO V2G CurrentDemandReq
2025-12-16T23:42:40.115657+0100 chargesom manager[934598]: [INFO] connector:EvseM  :: EVSE ISO V2G CurrentDemandRes
2025-12-16T23:42:40.237248+0100 chargesom manager[934598]: [INFO] connector:EvseM  ::                                     CAR ISO V2G CurrentDemandReq
2025-12-16T23:42:40.250732+0100 chargesom manager[934598]: [INFO] connector:EvseM  :: EVSE IEC Isolation measurement Ok R_F 900000.
2025-12-16T23:42:40.337347+0100 chargesom manager[934598]: [INFO] connector:EvseM  :: EVSE ISO V2G CurrentDemandRes
2025-12-16T23:42:40.456990+0100 chargesom manager[934598]: [INFO] connector:EvseM  ::                                     CAR ISO V2G CurrentDemandReq
2025-12-16T23:42:40.593331+0100 chargesom manager[934598]: [INFO] connector:EvseM  :: EVSE ISO V2G CurrentDemandRes
2025-12-16T23:42:40.685500+0100 chargesom manager[934598]: [INFO] connector:EvseM  ::                                     CAR ISO V2G CurrentDemandReq
2025-12-16T23:42:40.775608+0100 chargesom manager[934598]: [INFO] connector:EvseM  :: EVSE ISO V2G CurrentDemandRes
2025-12-16T23:42:40.897487+0100 chargesom manager[934598]: [INFO] connector:EvseM  ::                                     CAR ISO V2G CurrentDemandReq
2025-12-16T23:42:40.995417+0100 chargesom manager[934598]: [INFO] connector:EvseM  :: EVSE ISO V2G CurrentDemandRes
2025-12-16T23:42:41.117114+0100 chargesom manager[934598]: [INFO] connector:EvseM  ::                                     CAR ISO V2G CurrentDemandReq
2025-12-16T23:42:41.215520+0100 chargesom manager[934598]: [INFO] connector:EvseM  :: EVSE ISO V2G CurrentDemandRes
2025-12-16T23:42:41.251100+0100 chargesom manager[934598]: [INFO] connector:EvseM  :: EVSE IEC Isolation measurement Ok R_F 900000.
2025-12-16T23:42:41.338472+0100 chargesom manager[934598]: [INFO] connector:EvseM  ::                                     CAR ISO V2G CurrentDemandReq
2025-12-16T23:42:41.435365+0100 chargesom manager[934598]: [INFO] connector:EvseM  :: EVSE ISO V2G CurrentDemandRes
2025-12-16T23:42:41.556939+0100 chargesom manager[934598]: [INFO] connector:EvseM  ::                                     CAR ISO V2G CurrentDemandReq
2025-12-16T23:42:41.681407+0100 chargesom manager[934598]: [INFO] connector:EvseM  :: EVSE ISO V2G CurrentDemandRes
2025-12-16T23:42:41.787361+0100 chargesom manager[934598]: [INFO] connector:EvseM  ::                                     CAR ISO V2G CurrentDemandReq
2025-12-16T23:42:41.877879+0100 chargesom manager[934598]: [INFO] connector:EvseM  :: EVSE ISO V2G CurrentDemandRes
2025-12-16T23:42:41.996851+0100 chargesom manager[934598]: [INFO] connector:EvseM  ::                                     CAR ISO V2G CurrentDemandReq
2025-12-16T23:42:42.095781+0100 chargesom manager[934598]: [INFO] connector:EvseM  :: EVSE ISO V2G CurrentDemandRes
2025-12-16T23:42:42.216902+0100 chargesom manager[934598]: [INFO] connector:EvseM  ::                                     CAR ISO V2G CurrentDemandReq
2025-12-16T23:42:42.251801+0100 chargesom manager[934598]: [INFO] connector:EvseM  :: EVSE IEC Isolation measurement Ok R_F 900000.
2025-12-16T23:42:42.341860+0100 chargesom manager[934598]: [INFO] connector:EvseM  :: EVSE ISO V2G CurrentDemandRes
2025-12-16T23:42:42.437025+0100 chargesom manager[934598]: [INFO] connector:EvseM  ::                                     CAR ISO V2G CurrentDemandReq
2025-12-16T23:42:42.534807+0100 chargesom manager[934598]: [INFO] connector:EvseM  :: EVSE ISO V2G CurrentDemandRes
2025-12-16T23:42:42.681191+0100 chargesom manager[934598]: [INFO] connector:EvseM  ::                                     CAR ISO V2G CurrentDemandReq
2025-12-16T23:42:42.754374+0100 chargesom manager[934598]: [INFO] connector:EvseM  :: EVSE ISO V2G CurrentDemandRes
2025-12-16T23:42:42.878481+0100 chargesom manager[934598]: [INFO] connector:EvseM  ::                                     CAR ISO V2G CurrentDemandReq
2025-12-16T23:42:42.976754+0100 chargesom manager[934598]: [INFO] connector:EvseM  :: EVSE ISO V2G CurrentDemandRes
2025-12-16T23:42:43.096999+0100 chargesom manager[934598]: [INFO] connector:EvseM  ::                                     CAR ISO V2G CurrentDemandReq
2025-12-16T23:42:43.195281+0100 chargesom manager[934598]: [INFO] connector:EvseM  :: EVSE ISO V2G CurrentDemandRes
2025-12-16T23:42:43.251705+0100 chargesom manager[934598]: [INFO] connector:EvseM  :: EVSE IEC Isolation measurement Ok R_F 900000.
2025-12-16T23:42:43.341195+0100 chargesom manager[934598]: [INFO] connector:EvseM  ::                                     CAR ISO V2G CurrentDemandReq
2025-12-16T23:42:43.414358+0100 chargesom manager[934598]: [INFO] connector:EvseM  :: EVSE ISO V2G CurrentDemandRes
2025-12-16T23:42:43.536737+0100 chargesom manager[934598]: [INFO] connector:EvseM  ::                                     CAR ISO V2G CurrentDemandReq
2025-12-16T23:42:43.634146+0100 chargesom manager[934598]: [INFO] connector:EvseM  :: EVSE ISO V2G CurrentDemandRes
2025-12-16T23:42:43.756940+0100 chargesom manager[934598]: [INFO] connector:EvseM  ::                                     CAR ISO V2G CurrentDemandReq
2025-12-16T23:42:43.854935+0100 chargesom manager[934598]: [INFO] connector:EvseM  :: EVSE ISO V2G CurrentDemandRes
2025-12-16T23:42:43.977332+0100 chargesom manager[934598]: [INFO] connector:EvseM  ::                                     CAR ISO V2G CurrentDemandReq
2025-12-16T23:42:44.110214+0100 chargesom manager[934598]: [INFO] connector:EvseM  :: EVSE ISO V2G CurrentDemandRes
2025-12-16T23:42:44.196731+0100 chargesom manager[934598]: [INFO] connector:EvseM  ::                                     CAR ISO V2G CurrentDemandReq
2025-12-16T23:42:44.252027+0100 chargesom manager[934598]: [INFO] connector:EvseM  :: EVSE IEC Isolation measurement Ok R_F 900000.
2025-12-16T23:42:44.297799+0100 chargesom manager[934598]: [INFO] connector:EvseM  :: EVSE ISO V2G CurrentDemandRes
2025-12-16T23:42:44.416992+0100 chargesom manager[934598]: [INFO] connector:EvseM  ::                                     CAR ISO V2G CurrentDemandReq
2025-12-16T23:42:44.515279+0100 chargesom manager[934598]: [INFO] connector:EvseM  :: EVSE ISO V2G CurrentDemandRes
2025-12-16T23:42:44.636796+0100 chargesom manager[934598]: [INFO] connector:EvseM  ::                                     CAR ISO V2G CurrentDemandReq
2025-12-16T23:42:44.734243+0100 chargesom manager[934598]: [INFO] connector:EvseM  :: EVSE ISO V2G CurrentDemandRes
2025-12-16T23:42:44.858111+0100 chargesom manager[934598]: [INFO] connector:EvseM  ::                                     CAR ISO V2G CurrentDemandReq
2025-12-16T23:42:44.954272+0100 chargesom manager[934598]: [INFO] connector:EvseM  :: EVSE ISO V2G CurrentDemandRes
2025-12-16T23:42:45.076862+0100 chargesom manager[934598]: [INFO] connector:EvseM  ::                                     CAR ISO V2G CurrentDemandReq
2025-12-16T23:42:45.205807+0100 chargesom manager[934598]: [INFO] connector:EvseM  :: EVSE ISO V2G CurrentDemandRes
2025-12-16T23:42:45.293956+0100 chargesom manager[934598]: [INFO] connector:EvseM  :: EVSE IEC Isolation measurement Ok R_F 900000.
2025-12-16T23:42:45.337948+0100 chargesom manager[934598]: [INFO] connector:EvseM  ::                                     CAR ISO V2G CurrentDemandReq
2025-12-16T23:42:45.395613+0100 chargesom manager[934598]: [INFO] connector:EvseM  :: EVSE ISO V2G CurrentDemandRes
2025-12-16T23:42:45.516571+0100 chargesom manager[934598]: [INFO] connector:EvseM  ::                                     CAR ISO V2G CurrentDemandReq
2025-12-16T23:42:45.614162+0100 chargesom manager[934598]: [INFO] connector:EvseM  :: EVSE ISO V2G CurrentDemandRes
2025-12-16T23:42:45.736645+0100 chargesom manager[934598]: [INFO] connector:EvseM  ::                                     CAR ISO V2G CurrentDemandReq
2025-12-16T23:42:45.834108+0100 chargesom manager[934598]: [INFO] connector:EvseM  :: EVSE ISO V2G CurrentDemandRes
2025-12-16T23:42:45.957381+0100 chargesom manager[934598]: [INFO] connector:EvseM  ::                                     CAR ISO V2G CurrentDemandReq
2025-12-16T23:42:46.097459+0100 chargesom manager[934598]: [INFO] connector:EvseM  :: EVSE ISO V2G CurrentDemandRes
2025-12-16T23:42:46.176759+0100 chargesom manager[934598]: [INFO] connector:EvseM  ::                                     CAR ISO V2G CurrentDemandReq
2025-12-16T23:42:46.253747+0100 chargesom manager[934598]: [INFO] connector:EvseM  :: EVSE IEC Isolation measurement Ok R_F 900000.
2025-12-16T23:42:46.297763+0100 chargesom manager[934598]: [INFO] connector:EvseM  :: EVSE ISO V2G CurrentDemandRes
2025-12-16T23:42:46.397250+0100 chargesom manager[934598]: [INFO] connector:EvseM  ::                                     CAR ISO V2G CurrentDemandReq
2025-12-16T23:42:46.494089+0100 chargesom manager[934598]: [INFO] connector:EvseM  :: EVSE ISO V2G CurrentDemandRes
2025-12-16T23:42:46.616712+0100 chargesom manager[934598]: [INFO] connector:EvseM  ::                                     CAR ISO V2G CurrentDemandReq
2025-12-16T23:42:46.714051+0100 chargesom manager[934598]: [INFO] connector:EvseM  :: EVSE ISO V2G CurrentDemandRes
2025-12-16T23:42:46.837570+0100 chargesom manager[934598]: [INFO] connector:EvseM  ::                                     CAR ISO V2G CurrentDemandReq
2025-12-16T23:42:46.934150+0100 chargesom manager[934598]: [INFO] connector:EvseM  :: EVSE ISO V2G CurrentDemandRes
2025-12-16T23:42:47.056775+0100 chargesom manager[934598]: [INFO] connector:EvseM  ::                                     CAR ISO V2G CurrentDemandReq
2025-12-16T23:42:47.154281+0100 chargesom manager[934598]: [INFO] connector:EvseM  :: EVSE ISO V2G CurrentDemandRes
2025-12-16T23:42:47.254519+0100 chargesom manager[934598]: [INFO] connector:EvseM  :: EVSE IEC Isolation measurement Ok R_F 900000.
2025-12-16T23:42:47.297608+0100 chargesom manager[934598]: [INFO] connector:EvseM  ::                                     CAR ISO V2G CurrentDemandReq
2025-12-16T23:42:47.409309+0100 chargesom manager[934598]: [INFO] connector:EvseM  :: EVSE ISO V2G CurrentDemandRes
2025-12-16T23:42:47.505580+0100 chargesom manager[934598]: [INFO] connector:EvseM  ::                                     CAR ISO V2G CurrentDemandReq
2025-12-16T23:42:47.594048+0100 chargesom manager[934598]: [INFO] connector:EvseM  :: EVSE ISO V2G CurrentDemandRes
2025-12-16T23:42:47.716530+0100 chargesom manager[934598]: [INFO] connector:EvseM  ::                                     CAR ISO V2G CurrentDemandReq
2025-12-16T23:42:47.815236+0100 chargesom manager[934598]: [INFO] connector:EvseM  :: EVSE ISO V2G CurrentDemandRes
2025-12-16T23:42:47.937378+0100 chargesom manager[934598]: [INFO] connector:EvseM  ::                                     CAR ISO V2G CurrentDemandReq
2025-12-16T23:42:48.034122+0100 chargesom manager[934598]: [INFO] connector:EvseM  :: EVSE ISO V2G CurrentDemandRes
2025-12-16T23:42:48.156720+0100 chargesom manager[934598]: [INFO] connector:EvseM  ::                                     CAR ISO V2G CurrentDemandReq
2025-12-16T23:42:48.255946+0100 chargesom manager[934598]: [INFO] connector:EvseM  :: EVSE IEC Isolation measurement Ok R_F 900000.
2025-12-16T23:42:48.255946+0100 chargesom manager[934598]: [INFO] connector:EvseM  :: EVSE ISO V2G CurrentDemandRes
2025-12-16T23:42:48.385197+0100 chargesom manager[934598]: [INFO] connector:EvseM  ::                                     CAR ISO V2G CurrentDemandReq
2025-12-16T23:42:48.513381+0100 chargesom manager[934598]: [INFO] connector:EvseM  :: EVSE ISO V2G CurrentDemandRes
2025-12-16T23:42:48.596706+0100 chargesom manager[934598]: [INFO] connector:EvseM  ::                                     CAR ISO V2G CurrentDemandReq
2025-12-16T23:42:48.694252+0100 chargesom manager[934598]: [INFO] connector:EvseM  :: EVSE ISO V2G CurrentDemandRes
2025-12-16T23:42:48.818684+0100 chargesom manager[934598]: [INFO] connector:EvseM  ::                                     CAR ISO V2G CurrentDemandReq
2025-12-16T23:42:48.914240+0100 chargesom manager[934598]: [INFO] connector:EvseM  :: EVSE ISO V2G CurrentDemandRes
2025-12-16T23:42:49.049908+0100 chargesom manager[934598]: [INFO] connector:EvseM  ::                                     CAR ISO V2G CurrentDemandReq
2025-12-16T23:42:49.135289+0100 chargesom manager[934598]: [INFO] connector:EvseM  :: EVSE ISO V2G CurrentDemandRes
2025-12-16T23:42:49.254530+0100 chargesom manager[934598]: [INFO] connector:EvseM  :: EVSE IEC Isolation measurement Ok R_F 900000.
2025-12-16T23:42:49.258827+0100 chargesom manager[934598]: [INFO] connector:EvseM  ::                                     CAR ISO V2G CurrentDemandReq
2025-12-16T23:42:49.355786+0100 chargesom manager[934598]: [INFO] connector:EvseM  :: EVSE ISO V2G CurrentDemandRes
2025-12-16T23:42:49.476506+0100 chargesom manager[934598]: [INFO] connector:EvseM  ::                                     CAR ISO V2G CurrentDemandReq
2025-12-16T23:42:49.575775+0100 chargesom manager[934598]: [INFO] connector:EvseM  :: EVSE ISO V2G CurrentDemandRes
2025-12-16T23:42:49.733791+0100 chargesom manager[934598]: [INFO] connector:EvseM  ::                                     CAR ISO V2G CurrentDemandReq
2025-12-16T23:42:49.794075+0100 chargesom manager[934598]: [INFO] connector:EvseM  :: EVSE ISO V2G CurrentDemandRes
2025-12-16T23:42:49.917670+0100 chargesom manager[934598]: [INFO] connector:EvseM  ::                                     CAR ISO V2G CurrentDemandReq
2025-12-16T23:42:50.014696+0100 chargesom manager[934598]: [INFO] connector:EvseM  :: EVSE ISO V2G CurrentDemandRes
2025-12-16T23:42:50.136453+0100 chargesom manager[934598]: [INFO] connector:EvseM  ::                                     CAR ISO V2G CurrentDemandReq
2025-12-16T23:42:50.234863+0100 chargesom manager[934598]: [INFO] connector:EvseM  :: EVSE ISO V2G CurrentDemandRes
2025-12-16T23:42:50.255436+0100 chargesom manager[934598]: [INFO] connector:EvseM  :: EVSE IEC Isolation measurement Ok R_F 900000.
2025-12-16T23:42:50.385443+0100 chargesom manager[934598]: [INFO] connector:EvseM  ::                                     CAR ISO V2G CurrentDemandReq
2025-12-16T23:42:50.454964+0100 chargesom manager[934598]: [INFO] connector:EvseM  :: EVSE ISO V2G CurrentDemandRes
2025-12-16T23:42:50.576303+0100 chargesom manager[934598]: [INFO] connector:EvseM  ::                                     CAR ISO V2G CurrentDemandReq
2025-12-16T23:42:50.689262+0100 chargesom manager[934598]: [INFO] connector:EvseM  :: EVSE ISO V2G CurrentDemandRes
2025-12-16T23:42:50.830328+0100 chargesom manager[934598]: [INFO] connector:EvseM  ::                                     CAR ISO V2G CurrentDemandReq
2025-12-16T23:42:50.895059+0100 chargesom manager[934598]: [INFO] connector:EvseM  :: EVSE ISO V2G CurrentDemandRes
2025-12-16T23:42:51.053857+0100 chargesom manager[934598]: [INFO] connector:EvseM  ::                                     CAR ISO V2G CurrentDemandReq
2025-12-16T23:42:51.114910+0100 chargesom manager[934598]: [INFO] connector:EvseM  :: EVSE ISO V2G CurrentDemandRes
2025-12-16T23:42:51.236504+0100 chargesom manager[934598]: [INFO] connector:EvseM  ::                                     CAR ISO V2G CurrentDemandReq
2025-12-16T23:42:51.255242+0100 chargesom manager[934598]: [INFO] connector:EvseM  :: EVSE IEC Isolation measurement Ok R_F 900000.
2025-12-16T23:42:51.343822+0100 chargesom manager[934598]: [INFO] connector:EvseM  :: EVSE ISO V2G CurrentDemandRes
2025-12-16T23:42:51.456261+0100 chargesom manager[934598]: [INFO] connector:EvseM  ::                                     CAR ISO V2G CurrentDemandReq
2025-12-16T23:42:51.554808+0100 chargesom manager[934598]: [INFO] connector:EvseM  :: EVSE ISO V2G CurrentDemandRes
2025-12-16T23:42:51.689255+0100 chargesom manager[934598]: [INFO] connector:EvseM  ::                                     CAR ISO V2G CurrentDemandReq
2025-12-16T23:42:51.774928+0100 chargesom manager[934598]: [INFO] connector:EvseM  :: EVSE ISO V2G CurrentDemandRes
2025-12-16T23:42:51.922416+0100 chargesom manager[934598]: [INFO] connector:EvseM  ::                                     CAR ISO V2G CurrentDemandReq
2025-12-16T23:42:52.014866+0100 chargesom manager[934598]: [INFO] connector:EvseM  :: EVSE ISO V2G CurrentDemandRes
2025-12-16T23:42:52.116295+0100 chargesom manager[934598]: [INFO] connector:EvseM  ::                                     CAR ISO V2G CurrentDemandReq
2025-12-16T23:42:52.214948+0100 chargesom manager[934598]: [INFO] connector:EvseM  :: EVSE ISO V2G CurrentDemandRes
2025-12-16T23:42:52.255673+0100 chargesom manager[934598]: [INFO] connector:EvseM  :: EVSE IEC Isolation measurement Ok R_F 900000.
2025-12-16T23:42:52.341599+0100 chargesom manager[934598]: [INFO] connector:EvseM  ::                                     CAR ISO V2G CurrentDemandReq
2025-12-16T23:42:52.434845+0100 chargesom manager[934598]: [INFO] connector:EvseM  :: EVSE ISO V2G CurrentDemandRes
2025-12-16T23:42:52.556211+0100 chargesom manager[934598]: [INFO] connector:EvseM  ::                                     CAR ISO V2G CurrentDemandReq
2025-12-16T23:42:52.689266+0100 chargesom manager[934598]: [INFO] connector:EvseM  :: EVSE ISO V2G CurrentDemandRes
2025-12-16T23:42:52.777282+0100 chargesom manager[934598]: [INFO] connector:EvseM  ::                                     CAR ISO V2G CurrentDemandReq
2025-12-16T23:42:52.874954+0100 chargesom manager[934598]: [INFO] connector:EvseM  :: EVSE ISO V2G CurrentDemandRes
2025-12-16T23:42:52.996754+0100 chargesom manager[934598]: [INFO] connector:EvseM  ::                                     CAR ISO V2G CurrentDemandReq
2025-12-16T23:42:53.109777+0100 chargesom manager[934598]: [INFO] connector:EvseM  :: EVSE ISO V2G CurrentDemandRes
2025-12-16T23:42:53.216242+0100 chargesom manager[934598]: [INFO] connector:EvseM  ::                                     CAR ISO V2G CurrentDemandReq
2025-12-16T23:42:53.256100+0100 chargesom manager[934598]: [INFO] connector:EvseM  :: EVSE IEC Isolation measurement Ok R_F 900000.
2025-12-16T23:42:53.345578+0100 chargesom manager[934598]: [INFO] connector:EvseM  :: EVSE ISO V2G CurrentDemandRes
2025-12-16T23:42:53.436243+0100 chargesom manager[934598]: [INFO] connector:EvseM  ::                                     CAR ISO V2G CurrentDemandReq
2025-12-16T23:42:53.534889+0100 chargesom manager[934598]: [INFO] connector:EvseM  :: EVSE ISO V2G CurrentDemandRes
2025-12-16T23:42:53.689209+0100 chargesom manager[934598]: [INFO] connector:EvseM  ::                                     CAR ISO V2G CurrentDemandReq
2025-12-16T23:42:53.754717+0100 chargesom manager[934598]: [INFO] connector:EvseM  :: EVSE ISO V2G CurrentDemandRes
2025-12-16T23:42:53.877952+0100 chargesom manager[934598]: [INFO] connector:EvseM  ::                                     CAR ISO V2G CurrentDemandReq
2025-12-16T23:42:53.977713+0100 chargesom manager[934598]: [INFO] connector:EvseM  :: EVSE ISO V2G CurrentDemandRes
2025-12-16T23:42:54.096194+0100 chargesom manager[934598]: [INFO] connector:EvseM  ::                                     CAR ISO V2G CurrentDemandReq
2025-12-16T23:42:54.205824+0100 chargesom manager[934598]: [INFO] connector:EvseM  :: EVSE ISO V2G CurrentDemandRes
2025-12-16T23:42:54.281665+0100 chargesom manager[934598]: [INFO] connector:EvseM  :: EVSE IEC Isolation measurement Ok R_F 900000.
2025-12-16T23:42:54.329552+0100 chargesom manager[934598]: [INFO] connector:EvseM  ::                                     CAR ISO V2G CurrentDemandReq
2025-12-16T23:42:54.415081+0100 chargesom manager[934598]: [INFO] connector:EvseM  :: EVSE ISO V2G CurrentDemandRes
2025-12-16T23:42:54.536366+0100 chargesom manager[934598]: [INFO] connector:EvseM  ::                                     CAR ISO V2G CurrentDemandReq
2025-12-16T23:42:54.634620+0100 chargesom manager[934598]: [INFO] connector:EvseM  :: EVSE ISO V2G CurrentDemandRes
2025-12-16T23:42:54.756152+0100 chargesom manager[934598]: [INFO] connector:EvseM  ::                                     CAR ISO V2G CurrentDemandReq
2025-12-16T23:42:54.855511+0100 chargesom manager[934598]: [INFO] connector:EvseM  :: EVSE ISO V2G CurrentDemandRes
2025-12-16T23:42:54.977140+0100 chargesom manager[934598]: [INFO] connector:EvseM  ::                                     CAR ISO V2G CurrentDemandReq
2025-12-16T23:42:55.074804+0100 chargesom manager[934598]: [INFO] connector:EvseM  :: EVSE ISO V2G CurrentDemandRes
2025-12-16T23:42:55.196374+0100 chargesom manager[934598]: [INFO] connector:EvseM  ::                                     CAR ISO V2G CurrentDemandReq
2025-12-16T23:42:55.256601+0100 chargesom manager[934598]: [INFO] connector:EvseM  :: EVSE IEC Isolation measurement Ok R_F 900000.
2025-12-16T23:42:55.306579+0100 chargesom manager[934598]: [INFO] connector:EvseM  :: EVSE ISO V2G CurrentDemandRes
2025-12-16T23:42:55.441780+0100 chargesom manager[934598]: [INFO] connector:EvseM  ::                                     CAR ISO V2G CurrentDemandReq
2025-12-16T23:42:55.515235+0100 chargesom manager[934598]: [INFO] connector:EvseM  :: EVSE ISO V2G CurrentDemandRes
2025-12-16T23:42:55.636247+0100 chargesom manager[934598]: [INFO] connector:EvseM  ::                                     CAR ISO V2G CurrentDemandReq
2025-12-16T23:42:55.734791+0100 chargesom manager[934598]: [INFO] connector:EvseM  :: EVSE ISO V2G CurrentDemandRes
2025-12-16T23:42:55.857820+0100 chargesom manager[934598]: [INFO] connector:EvseM  ::                                     CAR ISO V2G CurrentDemandReq
2025-12-16T23:42:55.955005+0100 chargesom manager[934598]: [INFO] connector:EvseM  :: EVSE ISO V2G CurrentDemandRes
2025-12-16T23:42:56.097227+0100 chargesom manager[934598]: [INFO] connector:EvseM  ::                                     CAR ISO V2G CurrentDemandReq
2025-12-16T23:42:56.174848+0100 chargesom manager[934598]: [INFO] connector:EvseM  :: EVSE ISO V2G CurrentDemandRes
2025-12-16T23:42:56.256887+0100 chargesom manager[934598]: [INFO] connector:EvseM  :: EVSE IEC Isolation measurement Ok R_F 900000.
2025-12-16T23:42:56.301435+0100 chargesom manager[934598]: [INFO] connector:EvseM  ::                                     CAR ISO V2G CurrentDemandReq
2025-12-16T23:42:56.395247+0100 chargesom manager[934598]: [INFO] connector:EvseM  :: EVSE ISO V2G CurrentDemandRes
2025-12-16T23:42:56.538154+0100 chargesom manager[934598]: [INFO] connector:EvseM  ::                                     CAR ISO V2G CurrentDemandReq
2025-12-16T23:42:56.625405+0100 chargesom manager[934598]: [INFO] connector:EvseM  :: EVSE ISO V2G CurrentDemandRes
2025-12-16T23:42:56.736166+0100 chargesom manager[934598]: [INFO] connector:EvseM  ::                                     CAR ISO V2G CurrentDemandReq
2025-12-16T23:42:56.834824+0100 chargesom manager[934598]: [INFO] connector:EvseM  :: EVSE ISO V2G CurrentDemandRes
2025-12-16T23:42:56.956997+0100 chargesom manager[934598]: [INFO] connector:EvseM  ::                                     CAR ISO V2G CurrentDemandReq
2025-12-16T23:42:57.054567+0100 chargesom manager[934598]: [INFO] connector:EvseM  :: EVSE ISO V2G CurrentDemandRes
2025-12-16T23:42:57.176193+0100 chargesom manager[934598]: [INFO] connector:EvseM  ::                                     CAR ISO V2G CurrentDemandReq
2025-12-16T23:42:57.257110+0100 chargesom manager[934598]: [INFO] connector:EvseM  :: EVSE IEC Isolation measurement Ok R_F 900000.
2025-12-16T23:42:57.301365+0100 chargesom manager[934598]: [INFO] connector:EvseM  :: EVSE ISO V2G CurrentDemandRes
2025-12-16T23:42:57.396143+0100 chargesom manager[934598]: [INFO] connector:EvseM  ::                                     CAR ISO V2G CurrentDemandReq
2025-12-16T23:42:57.494778+0100 chargesom manager[934598]: [INFO] connector:EvseM  :: EVSE ISO V2G CurrentDemandRes
2025-12-16T23:42:57.616192+0100 chargesom manager[934598]: [INFO] connector:EvseM  ::                                     CAR ISO V2G CurrentDemandReq
2025-12-16T23:42:57.745678+0100 chargesom manager[934598]: [INFO] connector:EvseM  :: EVSE ISO V2G CurrentDemandRes
2025-12-16T23:42:57.836896+0100 chargesom manager[934598]: [INFO] connector:EvseM  ::                                     CAR ISO V2G CurrentDemandReq
2025-12-16T23:42:57.934661+0100 chargesom manager[934598]: [INFO] connector:EvseM  :: EVSE ISO V2G CurrentDemandRes
2025-12-16T23:42:58.056822+0100 chargesom manager[934598]: [INFO] connector:EvseM  ::                                     CAR ISO V2G CurrentDemandReq
2025-12-16T23:42:58.154547+0100 chargesom manager[934598]: [INFO] connector:EvseM  :: EVSE ISO V2G CurrentDemandRes
2025-12-16T23:42:58.257335+0100 chargesom manager[934598]: [INFO] connector:EvseM  :: EVSE IEC Isolation measurement Ok R_F 900000.
2025-12-16T23:42:58.301566+0100 chargesom manager[934598]: [INFO] connector:EvseM  ::                                     CAR ISO V2G CurrentDemandReq
2025-12-16T23:42:58.374712+0100 chargesom manager[934598]: [INFO] connector:EvseM  :: EVSE ISO V2G CurrentDemandRes
2025-12-16T23:42:58.496062+0100 chargesom manager[934598]: [INFO] connector:EvseM  ::                                     CAR ISO V2G CurrentDemandReq
2025-12-16T23:42:58.594573+0100 chargesom manager[934598]: [INFO] connector:EvseM  :: EVSE ISO V2G CurrentDemandRes
2025-12-16T23:42:58.716019+0100 chargesom manager[934598]: [INFO] connector:EvseM  ::                                     CAR ISO V2G CurrentDemandReq
2025-12-16T23:42:58.845522+0100 chargesom manager[934598]: [INFO] connector:EvseM  :: EVSE ISO V2G CurrentDemandRes
2025-12-16T23:42:58.945788+0100 chargesom manager[934598]: [INFO] connector:EvseM  ::                                     CAR ISO V2G CurrentDemandReq
2025-12-16T23:42:59.045734+0100 chargesom manager[934598]: [INFO] connector:EvseM  :: EVSE ISO V2G CurrentDemandRes
2025-12-16T23:42:59.155916+0100 chargesom manager[934598]: [INFO] connector:EvseM  ::                                     CAR ISO V2G CurrentDemandReq
2025-12-16T23:42:59.254420+0100 chargesom manager[934598]: [INFO] connector:EvseM  :: EVSE ISO V2G CurrentDemandRes
2025-12-16T23:42:59.257690+0100 chargesom manager[934598]: [INFO] connector:EvseM  :: EVSE IEC Isolation measurement Ok R_F 900000.
2025-12-16T23:42:59.389368+0100 chargesom manager[934598]: [INFO] connector:EvseM  ::                                     CAR ISO V2G CurrentDemandReq
2025-12-16T23:42:59.474707+0100 chargesom manager[934598]: [INFO] connector:EvseM  :: EVSE ISO V2G CurrentDemandRes
2025-12-16T23:42:59.595900+0100 chargesom manager[934598]: [INFO] connector:EvseM  ::                                     CAR ISO V2G CurrentDemandReq
2025-12-16T23:42:59.697302+0100 chargesom manager[934598]: [INFO] connector:EvseM  :: EVSE ISO V2G CurrentDemandRes
2025-12-16T23:42:59.816773+0100 chargesom manager[934598]: [INFO] connector:EvseM  ::                                     CAR ISO V2G CurrentDemandReq
2025-12-16T23:42:59.954102+0100 chargesom manager[934598]: [INFO] connector:EvseM  :: EVSE ISO V2G CurrentDemandRes
2025-12-16T23:43:00.045349+0100 chargesom manager[934598]: [INFO] connector:EvseM  ::                                     CAR ISO V2G CurrentDemandReq
2025-12-16T23:43:00.134459+0100 chargesom manager[934598]: [INFO] connector:EvseM  :: EVSE ISO V2G CurrentDemandRes
2025-12-16T23:43:00.256101+0100 chargesom manager[934598]: [INFO] connector:EvseM  ::                                     CAR ISO V2G CurrentDemandReq
2025-12-16T23:43:00.258927+0100 chargesom manager[934598]: [INFO] connector:EvseM  :: EVSE IEC Isolation measurement Ok R_F 900000.
2025-12-16T23:43:00.353389+0100 chargesom manager[934598]: [INFO] connector:EvseM  :: EVSE ISO V2G CurrentDemandRes
2025-12-16T23:43:00.475893+0100 chargesom manager[934598]: [INFO] connector:EvseM  ::                                     CAR ISO V2G CurrentDemandReq
2025-12-16T23:43:00.573699+0100 chargesom manager[934598]: [INFO] connector:EvseM  :: EVSE ISO V2G CurrentDemandRes
2025-12-16T23:43:00.697277+0100 chargesom manager[934598]: [INFO] connector:EvseM  ::                                     CAR ISO V2G CurrentDemandReq
2025-12-16T23:43:00.793444+0100 chargesom manager[934598]: [INFO] connector:EvseM  :: EVSE ISO V2G CurrentDemandRes
2025-12-16T23:43:00.917418+0100 chargesom manager[934598]: [INFO] connector:EvseM  ::                                     CAR ISO V2G CurrentDemandReq
2025-12-16T23:43:01.054160+0100 chargesom manager[934598]: [INFO] connector:EvseM  :: EVSE ISO V2G CurrentDemandRes
2025-12-16T23:43:01.145482+0100 chargesom manager[934598]: [INFO] connector:EvseM  ::                                     CAR ISO V2G CurrentDemandReq
2025-12-16T23:43:01.233469+0100 chargesom manager[934598]: [INFO] connector:EvseM  :: EVSE ISO V2G CurrentDemandRes
2025-12-16T23:43:01.259118+0100 chargesom manager[934598]: [INFO] connector:EvseM  :: EVSE IEC Isolation measurement Ok R_F 900000.
2025-12-16T23:43:01.389324+0100 chargesom manager[934598]: [INFO] connector:EvseM  ::                                     CAR ISO V2G CurrentDemandReq
2025-12-16T23:43:01.454526+0100 chargesom manager[934598]: [INFO] connector:EvseM  :: EVSE ISO V2G CurrentDemandRes
2025-12-16T23:43:01.576017+0100 chargesom manager[934598]: [INFO] connector:EvseM  ::                                     CAR ISO V2G CurrentDemandReq
2025-12-16T23:43:01.697329+0100 chargesom manager[934598]: [INFO] connector:EvseM  :: EVSE ISO V2G CurrentDemandRes
2025-12-16T23:43:01.796780+0100 chargesom manager[934598]: [INFO] connector:EvseM  ::                                     CAR ISO V2G CurrentDemandReq
2025-12-16T23:43:01.893746+0100 chargesom manager[934598]: [INFO] connector:EvseM  :: EVSE ISO V2G CurrentDemandRes
2025-12-16T23:43:02.015943+0100 chargesom manager[934598]: [INFO] connector:EvseM  ::                                     CAR ISO V2G CurrentDemandReq
2025-12-16T23:43:02.116504+0100 chargesom manager[934598]: [INFO] connector:EvseM  :: EVSE ISO V2G CurrentDemandRes
2025-12-16T23:43:02.245387+0100 chargesom manager[934598]: [INFO] connector:EvseM  ::                                     CAR ISO V2G CurrentDemandReq
2025-12-16T23:43:02.259436+0100 chargesom manager[934598]: [INFO] connector:EvseM  :: EVSE IEC Isolation measurement Ok R_F 900000.
2025-12-16T23:43:02.349258+0100 chargesom manager[934598]: [INFO] connector:EvseM  :: EVSE ISO V2G CurrentDemandRes
2025-12-16T23:43:02.456155+0100 chargesom manager[934598]: [INFO] connector:EvseM  ::                                     CAR ISO V2G CurrentDemandReq
2025-12-16T23:43:02.553553+0100 chargesom manager[934598]: [INFO] connector:EvseM  :: EVSE ISO V2G CurrentDemandRes
2025-12-16T23:43:02.697359+0100 chargesom manager[934598]: [INFO] connector:EvseM  ::                                     CAR ISO V2G CurrentDemandReq
2025-12-16T23:43:02.774524+0100 chargesom manager[934598]: [INFO] connector:EvseM  :: EVSE ISO V2G CurrentDemandRes
2025-12-16T23:43:02.897653+0100 chargesom manager[934598]: [INFO] connector:EvseM  ::                                     CAR ISO V2G CurrentDemandReq
2025-12-16T23:43:02.994624+0100 chargesom manager[934598]: [INFO] connector:EvseM  :: EVSE ISO V2G CurrentDemandRes
2025-12-16T23:43:03.115761+0100 chargesom manager[934598]: [INFO] connector:EvseM  ::                                     CAR ISO V2G CurrentDemandReq
2025-12-16T23:43:03.257900+0100 chargesom manager[934598]: [INFO] connector:EvseM  :: EVSE ISO V2G CurrentDemandRes
2025-12-16T23:43:03.261801+0100 chargesom manager[934598]: [INFO] connector:EvseM  :: EVSE IEC Isolation measurement Ok R_F 900000.
2025-12-16T23:43:03.349822+0100 chargesom manager[934598]: [INFO] connector:EvseM  ::                                     CAR ISO V2G CurrentDemandReq
2025-12-16T23:43:03.433765+0100 chargesom manager[934598]: [INFO] connector:EvseM  :: EVSE ISO V2G CurrentDemandRes
2025-12-16T23:43:03.556300+0100 chargesom manager[934598]: [INFO] connector:EvseM  ::                                     CAR ISO V2G CurrentDemandReq
2025-12-16T23:43:03.653435+0100 chargesom manager[934598]: [INFO] connector:EvseM  :: EVSE ISO V2G CurrentDemandRes
2025-12-16T23:43:03.777064+0100 chargesom manager[934598]: [INFO] connector:EvseM  ::                                     CAR ISO V2G CurrentDemandReq
2025-12-16T23:43:03.873568+0100 chargesom manager[934598]: [INFO] connector:EvseM  :: EVSE ISO V2G CurrentDemandRes
2025-12-16T23:43:03.995749+0100 chargesom manager[934598]: [INFO] connector:EvseM  ::                                     CAR ISO V2G CurrentDemandReq
2025-12-16T23:43:04.093551+0100 chargesom manager[934598]: [INFO] connector:EvseM  :: EVSE ISO V2G CurrentDemandRes
2025-12-16T23:43:04.215761+0100 chargesom manager[934598]: [INFO] connector:EvseM  ::                                     CAR ISO V2G CurrentDemandReq
2025-12-16T23:43:04.260484+0100 chargesom manager[934598]: [INFO] connector:EvseM  :: EVSE IEC Isolation measurement Ok R_F 900000.
2025-12-16T23:43:04.350018+0100 chargesom manager[934598]: [INFO] connector:EvseM  :: EVSE ISO V2G CurrentDemandRes
2025-12-16T23:43:04.449457+0100 chargesom manager[934598]: [INFO] connector:EvseM  ::                                     CAR ISO V2G CurrentDemandReq
2025-12-16T23:43:04.537503+0100 chargesom manager[934598]: [INFO] connector:EvseM  :: EVSE ISO V2G CurrentDemandRes
2025-12-16T23:43:04.656050+0100 chargesom manager[934598]: [INFO] connector:EvseM  ::                                     CAR ISO V2G CurrentDemandReq
2025-12-16T23:43:04.753320+0100 chargesom manager[934598]: [INFO] connector:EvseM  :: EVSE ISO V2G CurrentDemandRes
2025-12-16T23:43:04.877206+0100 chargesom manager[934598]: [INFO] connector:EvseM  ::                                     CAR ISO V2G CurrentDemandReq
2025-12-16T23:43:04.973637+0100 chargesom manager[934598]: [INFO] connector:EvseM  :: EVSE ISO V2G CurrentDemandRes
2025-12-16T23:43:05.095999+0100 chargesom manager[934598]: [INFO] connector:EvseM  ::                                     CAR ISO V2G CurrentDemandReq
2025-12-16T23:43:05.193318+0100 chargesom manager[934598]: [INFO] connector:EvseM  :: EVSE ISO V2G CurrentDemandRes
2025-12-16T23:43:05.260675+0100 chargesom manager[934598]: [INFO] connector:EvseM  :: EVSE IEC Isolation measurement Ok R_F 900000.
2025-12-16T23:43:05.349371+0100 chargesom manager[934598]: [INFO] connector:EvseM  ::                                     CAR ISO V2G CurrentDemandReq
2025-12-16T23:43:05.414877+0100 chargesom manager[934598]: [INFO] connector:EvseM  :: EVSE ISO V2G CurrentDemandRes
2025-12-16T23:43:05.545777+0100 chargesom manager[934598]: [INFO] connector:EvseM  ::                                     CAR ISO V2G CurrentDemandReq
2025-12-16T23:43:05.658169+0100 chargesom manager[934598]: [INFO] connector:EvseM  :: EVSE ISO V2G CurrentDemandRes
2025-12-16T23:43:05.755769+0100 chargesom manager[934598]: [INFO] connector:EvseM  ::                                     CAR ISO V2G CurrentDemandReq
2025-12-16T23:43:05.853508+0100 chargesom manager[934598]: [INFO] connector:EvseM  :: EVSE ISO V2G CurrentDemandRes
2025-12-16T23:43:05.976776+0100 chargesom manager[934598]: [INFO] connector:EvseM  ::                                     CAR ISO V2G CurrentDemandReq
2025-12-16T23:43:06.109737+0100 chargesom manager[934598]: [INFO] connector:EvseM  :: EVSE ISO V2G CurrentDemandRes
2025-12-16T23:43:06.195753+0100 chargesom manager[934598]: [INFO] connector:EvseM  ::                                     CAR ISO V2G CurrentDemandReq
2025-12-16T23:43:06.260980+0100 chargesom manager[934598]: [INFO] connector:EvseM  :: EVSE IEC Isolation measurement Ok R_F 900000.
2025-12-16T23:43:06.306656+0100 chargesom manager[934598]: [INFO] connector:EvseM  :: EVSE ISO V2G CurrentDemandRes
2025-12-16T23:43:06.416319+0100 chargesom manager[934598]: [INFO] connector:EvseM  ::                                     CAR ISO V2G CurrentDemandReq
2025-12-16T23:43:06.513362+0100 chargesom manager[934598]: [INFO] connector:EvseM  :: EVSE ISO V2G CurrentDemandRes
2025-12-16T23:43:06.673586+0100 chargesom manager[934598]: [INFO] connector:EvseM  ::                                     CAR ISO V2G CurrentDemandReq
2025-12-16T23:43:06.733114+0100 chargesom manager[934598]: [INFO] connector:EvseM  :: EVSE ISO V2G CurrentDemandRes
2025-12-16T23:43:06.856928+0100 chargesom manager[934598]: [INFO] connector:EvseM  ::                                     CAR ISO V2G CurrentDemandReq
2025-12-16T23:43:06.954386+0100 chargesom manager[934598]: [INFO] connector:EvseM  :: EVSE ISO V2G CurrentDemandRes
2025-12-16T23:43:07.075724+0100 chargesom manager[934598]: [INFO] connector:EvseM  ::                                     CAR ISO V2G CurrentDemandReq
2025-12-16T23:43:07.173250+0100 chargesom manager[934598]: [INFO] connector:EvseM  :: EVSE ISO V2G CurrentDemandRes
2025-12-16T23:43:07.261960+0100 chargesom manager[934598]: [INFO] connector:EvseM  :: EVSE IEC Isolation measurement Ok R_F 900000.
2025-12-16T23:43:07.309841+0100 chargesom manager[934598]: [INFO] connector:EvseM  ::                                     CAR ISO V2G CurrentDemandReq
2025-12-16T23:43:07.394165+0100 chargesom manager[934598]: [INFO] connector:EvseM  :: EVSE ISO V2G CurrentDemandRes
2025-12-16T23:43:07.516233+0100 chargesom manager[934598]: [INFO] connector:EvseM  ::                                     CAR ISO V2G CurrentDemandReq
2025-12-16T23:43:07.613259+0100 chargesom manager[934598]: [INFO] connector:EvseM  :: EVSE ISO V2G CurrentDemandRes
2025-12-16T23:43:07.769719+0100 chargesom manager[934598]: [INFO] connector:EvseM  ::                                     CAR ISO V2G CurrentDemandReq
2025-12-16T23:43:07.834109+0100 chargesom manager[934598]: [INFO] connector:EvseM  :: EVSE ISO V2G CurrentDemandRes
2025-12-16T23:43:07.956627+0100 chargesom manager[934598]: [INFO] connector:EvseM  ::                                     CAR ISO V2G CurrentDemandReq
2025-12-16T23:43:08.053368+0100 chargesom manager[934598]: [INFO] connector:EvseM  :: EVSE ISO V2G CurrentDemandRes
2025-12-16T23:43:08.175522+0100 chargesom manager[934598]: [INFO] connector:EvseM  ::                                     CAR ISO V2G CurrentDemandReq
2025-12-16T23:43:08.261713+0100 chargesom manager[934598]: [INFO] connector:EvseM  :: EVSE IEC Isolation measurement Ok R_F 900000.
2025-12-16T23:43:08.306150+0100 chargesom manager[934598]: [INFO] connector:EvseM  :: EVSE ISO V2G CurrentDemandRes
2025-12-16T23:43:08.395741+0100 chargesom manager[934598]: [INFO] connector:EvseM  ::                                     CAR ISO V2G CurrentDemandReq
2025-12-16T23:43:08.493243+0100 chargesom manager[934598]: [INFO] connector:EvseM  :: EVSE ISO V2G CurrentDemandRes
2025-12-16T23:43:08.615741+0100 chargesom manager[934598]: [INFO] connector:EvseM  ::                                     CAR ISO V2G CurrentDemandReq
2025-12-16T23:43:08.714091+0100 chargesom manager[934598]: [INFO] connector:EvseM  :: EVSE ISO V2G CurrentDemandRes
2025-12-16T23:43:08.838200+0100 chargesom manager[934598]: [INFO] connector:EvseM  ::                                     CAR ISO V2G CurrentDemandReq
2025-12-16T23:43:08.969475+0100 chargesom manager[934598]: [INFO] connector:EvseM  :: EVSE ISO V2G CurrentDemandRes
2025-12-16T23:43:09.093439+0100 chargesom manager[934598]: [INFO] connector:EvseM  ::                                     CAR ISO V2G CurrentDemandReq
2025-12-16T23:43:09.154818+0100 chargesom manager[934598]: [INFO] connector:EvseM  :: EVSE ISO V2G CurrentDemandRes
2025-12-16T23:43:09.262585+0100 chargesom manager[934598]: [INFO] connector:EvseM  :: EVSE IEC Isolation measurement Ok R_F 900000.
2025-12-16T23:43:09.305871+0100 chargesom manager[934598]: [INFO] connector:EvseM  ::                                     CAR ISO V2G CurrentDemandReq
2025-12-16T23:43:09.374124+0100 chargesom manager[934598]: [INFO] connector:EvseM  :: EVSE ISO V2G CurrentDemandRes
2025-12-16T23:43:09.495467+0100 chargesom manager[934598]: [INFO] connector:EvseM  ::                                     CAR ISO V2G CurrentDemandReq
2025-12-16T23:43:09.594213+0100 chargesom manager[934598]: [INFO] connector:EvseM  :: EVSE ISO V2G CurrentDemandRes
2025-12-16T23:43:09.715511+0100 chargesom manager[934598]: [INFO] connector:EvseM  ::                                     CAR ISO V2G CurrentDemandReq
2025-12-16T23:43:09.813977+0100 chargesom manager[934598]: [INFO] connector:EvseM  :: EVSE ISO V2G CurrentDemandRes
2025-12-16T23:43:09.936389+0100 chargesom manager[934598]: [INFO] connector:EvseM  ::                                     CAR ISO V2G CurrentDemandReq
2025-12-16T23:43:10.061706+0100 chargesom manager[934598]: [INFO] connector:EvseM  :: EVSE ISO V2G CurrentDemandRes
2025-12-16T23:43:10.155503+0100 chargesom manager[934598]: [INFO] connector:EvseM  ::                                     CAR ISO V2G CurrentDemandReq
2025-12-16T23:43:10.254677+0100 chargesom manager[934598]: [INFO] connector:EvseM  :: EVSE ISO V2G CurrentDemandRes
2025-12-16T23:43:10.262140+0100 chargesom manager[934598]: [INFO] connector:EvseM  :: EVSE IEC Isolation measurement Ok R_F 900000.
2025-12-16T23:43:10.375620+0100 chargesom manager[934598]: [INFO] connector:EvseM  ::                                     CAR ISO V2G CurrentDemandReq
2025-12-16T23:43:10.474130+0100 chargesom manager[934598]: [INFO] connector:EvseM  :: EVSE ISO V2G CurrentDemandRes
2025-12-16T23:43:10.595600+0100 chargesom manager[934598]: [INFO] connector:EvseM  ::                                     CAR ISO V2G CurrentDemandReq
2025-12-16T23:43:10.705322+0100 chargesom manager[934598]: [INFO] connector:EvseM  :: EVSE ISO V2G CurrentDemandRes
2025-12-16T23:43:10.816461+0100 chargesom manager[934598]: [INFO] connector:EvseM  ::                                     CAR ISO V2G CurrentDemandReq
2025-12-16T23:43:10.914755+0100 chargesom manager[934598]: [INFO] connector:EvseM  :: EVSE ISO V2G CurrentDemandRes
2025-12-16T23:43:11.053783+0100 chargesom manager[934598]: [INFO] connector:EvseM  ::                                     CAR ISO V2G CurrentDemandReq
2025-12-16T23:43:11.157627+0100 chargesom manager[934598]: [INFO] connector:EvseM  :: EVSE ISO V2G CurrentDemandRes
2025-12-16T23:43:11.269730+0100 chargesom manager[934598]: [INFO] connector:EvseM  ::                                     CAR ISO V2G CurrentDemandReq
2025-12-16T23:43:11.270973+0100 chargesom manager[934598]: [INFO] connector:EvseM  :: EVSE IEC Isolation measurement Ok R_F 900000.
2025-12-16T23:43:11.358344+0100 chargesom manager[934598]: [INFO] connector:EvseM  :: EVSE ISO V2G CurrentDemandRes
2025-12-16T23:43:11.475404+0100 chargesom manager[934598]: [INFO] connector:EvseM  ::                                     CAR ISO V2G CurrentDemandReq
2025-12-16T23:43:11.574659+0100 chargesom manager[934598]: [INFO] connector:EvseM  :: EVSE ISO V2G CurrentDemandRes
2025-12-16T23:43:11.705392+0100 chargesom manager[934598]: [INFO] connector:EvseM  ::                                     CAR ISO V2G CurrentDemandReq
2025-12-16T23:43:11.793943+0100 chargesom manager[934598]: [INFO] connector:EvseM  :: EVSE ISO V2G CurrentDemandRes
2025-12-16T23:43:11.916702+0100 chargesom manager[934598]: [INFO] connector:EvseM  ::                                     CAR ISO V2G CurrentDemandReq
2025-12-16T23:43:12.014199+0100 chargesom manager[934598]: [INFO] connector:EvseM  :: EVSE ISO V2G CurrentDemandRes
2025-12-16T23:43:12.135334+0100 chargesom manager[934598]: [INFO] connector:EvseM  ::                                     CAR ISO V2G CurrentDemandReq
2025-12-16T23:43:12.233881+0100 chargesom manager[934598]: [INFO] connector:EvseM  :: EVSE ISO V2G CurrentDemandRes
2025-12-16T23:43:12.262777+0100 chargesom manager[934598]: [INFO] connector:EvseM  :: EVSE IEC Isolation measurement Ok R_F 900000.
2025-12-16T23:43:12.357463+0100 chargesom manager[934598]: [INFO] connector:EvseM  ::                                     CAR ISO V2G CurrentDemandReq
2025-12-16T23:43:12.490029+0100 chargesom manager[934598]: [INFO] connector:EvseM  :: EVSE ISO V2G CurrentDemandRes
2025-12-16T23:43:12.575579+0100 chargesom manager[934598]: [INFO] connector:EvseM  ::                                     CAR ISO V2G CurrentDemandReq
2025-12-16T23:43:12.705372+0100 chargesom manager[934598]: [INFO] connector:EvseM  :: EVSE ISO V2G CurrentDemandRes
2025-12-16T23:43:12.796219+0100 chargesom manager[934598]: [INFO] connector:EvseM  ::                                     CAR ISO V2G CurrentDemandReq
2025-12-16T23:43:12.894084+0100 chargesom manager[934598]: [INFO] connector:EvseM  :: EVSE ISO V2G CurrentDemandRes
2025-12-16T23:43:13.015468+0100 chargesom manager[934598]: [INFO] connector:EvseM  ::                                     CAR ISO V2G CurrentDemandReq
2025-12-16T23:43:13.114266+0100 chargesom manager[934598]: [INFO] connector:EvseM  :: EVSE ISO V2G CurrentDemandRes
2025-12-16T23:43:13.235492+0100 chargesom manager[934598]: [INFO] connector:EvseM  ::                                     CAR ISO V2G CurrentDemandReq
2025-12-16T23:43:13.263242+0100 chargesom manager[934598]: [INFO] connector:EvseM  :: EVSE IEC Isolation measurement Ok R_F 900000.
2025-12-16T23:43:13.349527+0100 chargesom manager[934598]: [INFO] connector:EvseM  :: EVSE ISO V2G CurrentDemandRes
2025-12-16T23:43:13.456946+0100 chargesom manager[934598]: [INFO] connector:EvseM  ::                                     CAR ISO V2G CurrentDemandReq
2025-12-16T23:43:13.589707+0100 chargesom manager[934598]: [INFO] connector:EvseM  :: EVSE ISO V2G CurrentDemandRes
2025-12-16T23:43:13.709809+0100 chargesom manager[934598]: [INFO] connector:EvseM  ::                                     CAR ISO V2G CurrentDemandReq
2025-12-16T23:43:13.773877+0100 chargesom manager[934598]: [INFO] connector:EvseM  :: EVSE ISO V2G CurrentDemandRes
2025-12-16T23:43:13.896284+0100 chargesom manager[934598]: [INFO] connector:EvseM  ::                                     CAR ISO V2G CurrentDemandReq
2025-12-16T23:43:13.994285+0100 chargesom manager[934598]: [INFO] connector:EvseM  :: EVSE ISO V2G CurrentDemandRes
2025-12-16T23:43:14.133348+0100 chargesom manager[934598]: [INFO] connector:EvseM  ::                                     CAR ISO V2G CurrentDemandReq
2025-12-16T23:43:14.213905+0100 chargesom manager[934598]: [INFO] connector:EvseM  :: EVSE ISO V2G CurrentDemandRes
2025-12-16T23:43:14.263526+0100 chargesom manager[934598]: [INFO] connector:EvseM  :: EVSE IEC Isolation measurement Ok R_F 900000.
2025-12-16T23:43:14.349517+0100 chargesom manager[934598]: [INFO] connector:EvseM  ::                                     CAR ISO V2G CurrentDemandReq
2025-12-16T23:43:14.434007+0100 chargesom manager[934598]: [INFO] connector:EvseM  :: EVSE ISO V2G CurrentDemandRes
2025-12-16T23:43:14.555848+0100 chargesom manager[934598]: [INFO] connector:EvseM  ::                                     CAR ISO V2G CurrentDemandReq
2025-12-16T23:43:14.665723+0100 chargesom manager[934598]: [INFO] connector:EvseM  :: EVSE ISO V2G CurrentDemandRes
2025-12-16T23:43:14.776063+0100 chargesom manager[934598]: [INFO] connector:EvseM  ::                                     CAR ISO V2G CurrentDemandReq
2025-12-16T23:43:14.874130+0100 chargesom manager[934598]: [INFO] connector:EvseM  :: EVSE ISO V2G CurrentDemandRes
2025-12-16T23:43:14.995359+0100 chargesom manager[934598]: [INFO] connector:EvseM  ::                                     CAR ISO V2G CurrentDemandReq
2025-12-16T23:43:15.093860+0100 chargesom manager[934598]: [INFO] connector:EvseM  :: EVSE ISO V2G CurrentDemandRes
2025-12-16T23:43:15.215324+0100 chargesom manager[934598]: [INFO] connector:EvseM  ::                                     CAR ISO V2G CurrentDemandReq
2025-12-16T23:43:15.263848+0100 chargesom manager[934598]: [INFO] connector:EvseM  :: EVSE IEC Isolation measurement Ok R_F 900000.
2025-12-16T23:43:15.353404+0100 chargesom manager[934598]: [INFO] connector:EvseM  :: EVSE ISO V2G CurrentDemandRes
2025-12-16T23:43:15.435239+0100 chargesom manager[934598]: [INFO] connector:EvseM  ::                                     CAR ISO V2G CurrentDemandReq
2025-12-16T23:43:15.534243+0100 chargesom manager[934598]: [INFO] connector:EvseM  :: EVSE ISO V2G CurrentDemandRes
2025-12-16T23:43:15.655370+0100 chargesom manager[934598]: [INFO] connector:EvseM  ::                                     CAR ISO V2G CurrentDemandReq
2025-12-16T23:43:15.753868+0100 chargesom manager[934598]: [INFO] connector:EvseM  :: EVSE ISO V2G CurrentDemandRes
2025-12-16T23:43:15.898889+0100 chargesom manager[934598]: [INFO] connector:EvseM  ::                                     CAR ISO V2G CurrentDemandReq
2025-12-16T23:43:15.974071+0100 chargesom manager[934598]: [INFO] connector:EvseM  :: EVSE ISO V2G CurrentDemandRes
2025-12-16T23:43:16.097652+0100 chargesom manager[934598]: [INFO] connector:EvseM  ::                                     CAR ISO V2G CurrentDemandReq
2025-12-16T23:43:16.193801+0100 chargesom manager[934598]: [INFO] connector:EvseM  :: EVSE ISO V2G CurrentDemandRes
2025-12-16T23:43:16.264374+0100 chargesom manager[934598]: [INFO] connector:EvseM  :: EVSE IEC Isolation measurement Ok R_F 900000.
2025-12-16T23:43:16.358174+0100 chargesom manager[934598]: [INFO] connector:EvseM  ::                                     CAR ISO V2G CurrentDemandReq
2025-12-16T23:43:16.416631+0100 chargesom manager[934598]: [INFO] connector:EvseM  :: EVSE ISO V2G CurrentDemandRes
2025-12-16T23:43:16.535357+0100 chargesom manager[934598]: [INFO] connector:EvseM  ::                                     CAR ISO V2G CurrentDemandReq
2025-12-16T23:43:16.633755+0100 chargesom manager[934598]: [INFO] connector:EvseM  :: EVSE ISO V2G CurrentDemandRes
2025-12-16T23:43:16.755211+0100 chargesom manager[934598]: [INFO] connector:EvseM  ::                                     CAR ISO V2G CurrentDemandReq
2025-12-16T23:43:16.853902+0100 chargesom manager[934598]: [INFO] connector:EvseM  :: EVSE ISO V2G CurrentDemandRes
2025-12-16T23:43:17.002571+0100 chargesom manager[934598]: [INFO] connector:EvseM  ::                                     CAR ISO V2G CurrentDemandReq
2025-12-16T23:43:17.093772+0100 chargesom manager[934598]: [INFO] connector:EvseM  :: EVSE ISO V2G CurrentDemandRes
2025-12-16T23:43:17.195258+0100 chargesom manager[934598]: [INFO] connector:EvseM  ::                                     CAR ISO V2G CurrentDemandReq
2025-12-16T23:43:17.264894+0100 chargesom manager[934598]: [INFO] connector:EvseM  :: EVSE IEC Isolation measurement Ok R_F 900000.
2025-12-16T23:43:17.309811+0100 chargesom manager[934598]: [INFO] connector:EvseM  :: EVSE ISO V2G CurrentDemandRes
2025-12-16T23:43:17.415128+0100 chargesom manager[934598]: [INFO] connector:EvseM  ::                                     CAR ISO V2G CurrentDemandReq
2025-12-16T23:43:17.513873+0100 chargesom manager[934598]: [INFO] connector:EvseM  :: EVSE ISO V2G CurrentDemandRes
2025-12-16T23:43:17.635109+0100 chargesom manager[934598]: [INFO] connector:EvseM  ::                                     CAR ISO V2G CurrentDemandReq
2025-12-16T23:43:17.733465+0100 chargesom manager[934598]: [INFO] connector:EvseM  :: EVSE ISO V2G CurrentDemandRes
2025-12-16T23:43:17.857265+0100 chargesom manager[934598]: [INFO] connector:EvseM  ::                                     CAR ISO V2G CurrentDemandReq
2025-12-16T23:43:17.953790+0100 chargesom manager[934598]: [INFO] connector:EvseM  :: EVSE ISO V2G CurrentDemandRes
2025-12-16T23:43:18.101667+0100 chargesom manager[934598]: [INFO] connector:EvseM  ::                                     CAR ISO V2G CurrentDemandReq
2025-12-16T23:43:18.173679+0100 chargesom manager[934598]: [INFO] connector:EvseM  :: EVSE ISO V2G CurrentDemandRes
2025-12-16T23:43:18.264655+0100 chargesom manager[934598]: [INFO] connector:EvseM  :: EVSE IEC Isolation measurement Ok R_F 900000.
2025-12-16T23:43:18.309354+0100 chargesom manager[934598]: [INFO] connector:EvseM  ::                                     CAR ISO V2G CurrentDemandReq
2025-12-16T23:43:18.393520+0100 chargesom manager[934598]: [INFO] connector:EvseM  :: EVSE ISO V2G CurrentDemandRes
2025-12-16T23:43:18.515178+0100 chargesom manager[934598]: [INFO] connector:EvseM  ::                                     CAR ISO V2G CurrentDemandReq
2025-12-16T23:43:18.613473+0100 chargesom manager[934598]: [INFO] connector:EvseM  :: EVSE ISO V2G CurrentDemandRes
2025-12-16T23:43:18.734909+0100 chargesom manager[934598]: [INFO] connector:EvseM  ::                                     CAR ISO V2G CurrentDemandReq
2025-12-16T23:43:18.833564+0100 chargesom manager[934598]: [INFO] connector:EvseM  :: EVSE ISO V2G CurrentDemandRes
2025-12-16T23:43:18.955927+0100 chargesom manager[934598]: [INFO] connector:EvseM  ::                                     CAR ISO V2G CurrentDemandReq
2025-12-16T23:43:19.093651+0100 chargesom manager[934598]: [INFO] connector:EvseM  :: EVSE ISO V2G CurrentDemandRes
2025-12-16T23:43:19.177362+0100 chargesom manager[934598]: [INFO] connector:EvseM  ::                                     CAR ISO V2G CurrentDemandReq
2025-12-16T23:43:19.305230+0100 chargesom manager[934598]: [INFO] connector:EvseM  :: EVSE IEC Isolation measurement Ok R_F 900000.
2025-12-16T23:43:19.306215+0100 chargesom manager[934598]: [INFO] connector:EvseM  :: EVSE ISO V2G CurrentDemandRes
2025-12-16T23:43:19.395040+0100 chargesom manager[934598]: [INFO] connector:EvseM  ::                                     CAR ISO V2G CurrentDemandReq
2025-12-16T23:43:19.493513+0100 chargesom manager[934598]: [INFO] connector:EvseM  :: EVSE ISO V2G CurrentDemandRes
2025-12-16T23:43:19.614816+0100 chargesom manager[934598]: [INFO] connector:EvseM  ::                                     CAR ISO V2G CurrentDemandReq
2025-12-16T23:43:19.713210+0100 chargesom manager[934598]: [INFO] connector:EvseM  :: EVSE ISO V2G CurrentDemandRes
2025-12-16T23:43:19.835682+0100 chargesom manager[934598]: [INFO] connector:EvseM  ::                                     CAR ISO V2G CurrentDemandReq
2025-12-16T23:43:19.932437+0100 chargesom manager[934598]: [INFO] connector:EvseM  :: EVSE ISO V2G CurrentDemandRes
2025-12-16T23:43:20.055450+0100 chargesom manager[934598]: [INFO] connector:EvseM  ::                                     CAR ISO V2G CurrentDemandReq
2025-12-16T23:43:20.153552+0100 chargesom manager[934598]: [INFO] connector:EvseM  :: EVSE ISO V2G CurrentDemandRes
2025-12-16T23:43:20.266037+0100 chargesom manager[934598]: [INFO] connector:EvseM  :: EVSE IEC Isolation measurement Ok R_F 900000.
2025-12-16T23:43:20.311031+0100 chargesom manager[934598]: [INFO] connector:EvseM  ::                                     CAR ISO V2G CurrentDemandReq
2025-12-16T23:43:20.401526+0100 chargesom manager[934598]: [INFO] connector:EvseM  :: EVSE ISO V2G CurrentDemandRes
2025-12-16T23:43:20.533267+0100 chargesom manager[934598]: [INFO] connector:EvseM  ::                                     CAR ISO V2G CurrentDemandReq
2025-12-16T23:43:20.593205+0100 chargesom manager[934598]: [INFO] connector:EvseM  :: EVSE ISO V2G CurrentDemandRes
2025-12-16T23:43:20.715024+0100 chargesom manager[934598]: [INFO] connector:EvseM  ::                                     CAR ISO V2G CurrentDemandReq
2025-12-16T23:43:20.813481+0100 chargesom manager[934598]: [INFO] connector:EvseM  :: EVSE ISO V2G CurrentDemandRes
2025-12-16T23:43:20.935944+0100 chargesom manager[934598]: [INFO] connector:EvseM  ::                                     CAR ISO V2G CurrentDemandReq
2025-12-16T23:43:21.053608+0100 chargesom manager[934598]: [INFO] connector:EvseM  :: EVSE ISO V2G CurrentDemandRes
2025-12-16T23:43:21.154744+0100 chargesom manager[934598]: [INFO] connector:EvseM  ::                                     CAR ISO V2G CurrentDemandReq
2025-12-16T23:43:21.252666+0100 chargesom manager[934598]: [INFO] connector:EvseM  :: EVSE ISO V2G CurrentDemandRes
2025-12-16T23:43:21.265405+0100 chargesom manager[934598]: [INFO] connector:EvseM  :: EVSE IEC Isolation measurement Ok R_F 900000.
2025-12-16T23:43:21.397152+0100 chargesom manager[934598]: [INFO] connector:EvseM  ::                                     CAR ISO V2G CurrentDemandReq
2025-12-16T23:43:21.472309+0100 chargesom manager[934598]: [INFO] connector:EvseM  :: EVSE ISO V2G CurrentDemandRes
2025-12-16T23:43:21.629400+0100 chargesom manager[934598]: [INFO] connector:EvseM  ::                                     CAR ISO V2G CurrentDemandReq
2025-12-16T23:43:21.713492+0100 chargesom manager[934598]: [INFO] connector:EvseM  :: EVSE ISO V2G CurrentDemandRes
2025-12-16T23:43:21.815357+0100 chargesom manager[934598]: [INFO] connector:EvseM  ::                                     CAR ISO V2G CurrentDemandReq
2025-12-16T23:43:21.912653+0100 chargesom manager[934598]: [INFO] connector:EvseM  :: EVSE ISO V2G CurrentDemandRes
2025-12-16T23:43:22.034812+0100 chargesom manager[934598]: [INFO] connector:EvseM  ::                                     CAR ISO V2G CurrentDemandReq
2025-12-16T23:43:22.132412+0100 chargesom manager[934598]: [INFO] connector:EvseM  :: EVSE ISO V2G CurrentDemandRes
2025-12-16T23:43:22.254687+0100 chargesom manager[934598]: [INFO] connector:EvseM  ::                                     CAR ISO V2G CurrentDemandReq
2025-12-16T23:43:22.265675+0100 chargesom manager[934598]: [INFO] connector:EvseM  :: EVSE IEC Isolation measurement Ok R_F 900000.
2025-12-16T23:43:22.353643+0100 chargesom manager[934598]: [INFO] connector:EvseM  :: EVSE ISO V2G CurrentDemandRes
2025-12-16T23:43:22.474765+0100 chargesom manager[934598]: [INFO] connector:EvseM  ::                                     CAR ISO V2G CurrentDemandReq
2025-12-16T23:43:22.572462+0100 chargesom manager[934598]: [INFO] connector:EvseM  :: EVSE ISO V2G CurrentDemandRes
2025-12-16T23:43:22.725591+0100 chargesom manager[934598]: [INFO] connector:EvseM  ::                                     CAR ISO V2G CurrentDemandReq
2025-12-16T23:43:22.813683+0100 chargesom manager[934598]: [INFO] connector:EvseM  :: EVSE ISO V2G CurrentDemandRes
2025-12-16T23:43:22.915513+0100 chargesom manager[934598]: [INFO] connector:EvseM  ::                                     CAR ISO V2G CurrentDemandReq
2025-12-16T23:43:23.012457+0100 chargesom manager[934598]: [INFO] connector:EvseM  :: EVSE ISO V2G CurrentDemandRes
2025-12-16T23:43:23.134563+0100 chargesom manager[934598]: [INFO] connector:EvseM  ::                                     CAR ISO V2G CurrentDemandReq
2025-12-16T23:43:23.232131+0100 chargesom manager[934598]: [INFO] connector:EvseM  :: EVSE ISO V2G CurrentDemandRes
2025-12-16T23:43:23.266082+0100 chargesom manager[934598]: [INFO] connector:EvseM  :: EVSE IEC Isolation measurement Ok R_F 900000.
2025-12-16T23:43:23.357280+0100 chargesom manager[934598]: [INFO] connector:EvseM  ::                                     CAR ISO V2G CurrentDemandReq
2025-12-16T23:43:23.452410+0100 chargesom manager[934598]: [INFO] connector:EvseM  :: EVSE ISO V2G CurrentDemandRes
2025-12-16T23:43:23.574770+0100 chargesom manager[934598]: [INFO] connector:EvseM  ::                                     CAR ISO V2G CurrentDemandReq
2025-12-16T23:43:23.672469+0100 chargesom manager[934598]: [INFO] connector:EvseM  :: EVSE ISO V2G CurrentDemandRes
2025-12-16T23:43:23.821583+0100 chargesom manager[934598]: [INFO] connector:EvseM  ::                                     CAR ISO V2G CurrentDemandReq
2025-12-16T23:43:23.925284+0100 chargesom manager[934598]: [INFO] connector:EvseM  :: EVSE ISO V2G CurrentDemandRes
2025-12-16T23:43:24.049490+0100 chargesom manager[934598]: [INFO] connector:EvseM  ::                                     CAR ISO V2G CurrentDemandReq
2025-12-16T23:43:24.112215+0100 chargesom manager[934598]: [INFO] connector:EvseM  :: EVSE ISO V2G CurrentDemandRes
2025-12-16T23:43:24.235022+0100 chargesom manager[934598]: [INFO] connector:EvseM  ::                                     CAR ISO V2G CurrentDemandReq
2025-12-16T23:43:24.266445+0100 chargesom manager[934598]: [INFO] connector:EvseM  :: EVSE IEC Isolation measurement Ok R_F 900000.
2025-12-16T23:43:24.353397+0100 chargesom manager[934598]: [INFO] connector:EvseM  :: EVSE ISO V2G CurrentDemandRes
2025-12-16T23:43:24.454565+0100 chargesom manager[934598]: [INFO] connector:EvseM  ::                                     CAR ISO V2G CurrentDemandReq
2025-12-16T23:43:24.552287+0100 chargesom manager[934598]: [INFO] connector:EvseM  :: EVSE ISO V2G CurrentDemandRes
2025-12-16T23:43:24.717188+0100 chargesom manager[934598]: [INFO] connector:EvseM  ::                                     CAR ISO V2G CurrentDemandReq
2025-12-16T23:43:24.772563+0100 chargesom manager[934598]: [INFO] connector:EvseM  :: EVSE ISO V2G CurrentDemandRes
2025-12-16T23:43:24.933940+0100 chargesom manager[934598]: [INFO] connector:EvseM  ::                                     CAR ISO V2G CurrentDemandReq
2025-12-16T23:43:25.025447+0100 chargesom manager[934598]: [INFO] connector:EvseM  :: EVSE ISO V2G CurrentDemandRes
2025-12-16T23:43:25.114483+0100 chargesom manager[934598]: [INFO] connector:EvseM  ::                                     CAR ISO V2G CurrentDemandReq
2025-12-16T23:43:25.213359+0100 chargesom manager[934598]: [INFO] connector:EvseM  :: EVSE ISO V2G CurrentDemandRes
2025-12-16T23:43:25.266659+0100 chargesom manager[934598]: [INFO] connector:EvseM  :: EVSE IEC Isolation measurement Ok R_F 900000.
2025-12-16T23:43:25.353257+0100 chargesom manager[934598]: [INFO] connector:EvseM  ::                                     CAR ISO V2G CurrentDemandReq
2025-12-16T23:43:25.432155+0100 chargesom manager[934598]: [INFO] connector:EvseM  :: EVSE ISO V2G CurrentDemandRes
2025-12-16T23:43:25.554766+0100 chargesom manager[934598]: [INFO] connector:EvseM  ::                                     CAR ISO V2G CurrentDemandReq
2025-12-16T23:43:25.652181+0100 chargesom manager[934598]: [INFO] connector:EvseM  :: EVSE ISO V2G CurrentDemandRes
2025-12-16T23:43:25.775476+0100 chargesom manager[934598]: [INFO] connector:EvseM  ::                                     CAR ISO V2G CurrentDemandReq
2025-12-16T23:43:25.872898+0100 chargesom manager[934598]: [INFO] connector:EvseM  :: EVSE ISO V2G CurrentDemandRes
2025-12-16T23:43:25.994384+0100 chargesom manager[934598]: [INFO] connector:EvseM  ::                                     CAR ISO V2G CurrentDemandReq
2025-12-16T23:43:26.097168+0100 chargesom manager[934598]: [INFO] connector:EvseM  :: EVSE ISO V2G CurrentDemandRes
2025-12-16T23:43:26.226461+0100 chargesom manager[934598]: [INFO] connector:EvseM  ::                                     CAR ISO V2G CurrentDemandReq
2025-12-16T23:43:26.266873+0100 chargesom manager[934598]: [INFO] connector:EvseM  :: EVSE IEC Isolation measurement Ok R_F 900000.
2025-12-16T23:43:26.358198+0100 chargesom manager[934598]: [INFO] connector:EvseM  :: EVSE ISO V2G CurrentDemandRes
2025-12-16T23:43:26.434575+0100 chargesom manager[934598]: [INFO] connector:EvseM  ::                                     CAR ISO V2G CurrentDemandReq
2025-12-16T23:43:26.533310+0100 chargesom manager[934598]: [INFO] connector:EvseM  :: EVSE ISO V2G CurrentDemandRes
2025-12-16T23:43:26.654397+0100 chargesom manager[934598]: [INFO] connector:EvseM  ::                                     CAR ISO V2G CurrentDemandReq
2025-12-16T23:43:26.753036+0100 chargesom manager[934598]: [INFO] connector:EvseM  :: EVSE ISO V2G CurrentDemandRes
2025-12-16T23:43:26.875132+0100 chargesom manager[934598]: [INFO] connector:EvseM  ::                                     CAR ISO V2G CurrentDemandReq
2025-12-16T23:43:26.972281+0100 chargesom manager[934598]: [INFO] connector:EvseM  :: EVSE ISO V2G CurrentDemandRes
2025-12-16T23:43:27.094502+0100 chargesom manager[934598]: [INFO] connector:EvseM  ::                                     CAR ISO V2G CurrentDemandReq
2025-12-16T23:43:27.195084+0100 chargesom manager[934598]: [INFO] connector:EvseM  :: EVSE ISO V2G CurrentDemandRes
2025-12-16T23:43:27.278214+0100 chargesom manager[934598]: [INFO] connector:EvseM  :: EVSE IEC Isolation measurement Ok R_F 900000.
2025-12-16T23:43:27.321772+0100 chargesom manager[934598]: [INFO] connector:EvseM  ::                                     CAR ISO V2G CurrentDemandReq
2025-12-16T23:43:27.412121+0100 chargesom manager[934598]: [INFO] connector:EvseM  :: EVSE ISO V2G CurrentDemandRes
2025-12-16T23:43:27.534612+0100 chargesom manager[934598]: [INFO] connector:EvseM  ::                                     CAR ISO V2G CurrentDemandReq
2025-12-16T23:43:27.633161+0100 chargesom manager[934598]: [INFO] connector:EvseM  :: EVSE ISO V2G CurrentDemandRes
2025-12-16T23:43:27.754417+0100 chargesom manager[934598]: [INFO] connector:EvseM  ::                                     CAR ISO V2G CurrentDemandReq
2025-12-16T23:43:27.853252+0100 chargesom manager[934598]: [INFO] connector:EvseM  :: EVSE ISO V2G CurrentDemandRes
2025-12-16T23:43:27.975344+0100 chargesom manager[934598]: [INFO] connector:EvseM  ::                                     CAR ISO V2G CurrentDemandReq
2025-12-16T23:43:28.072713+0100 chargesom manager[934598]: [INFO] connector:EvseM  :: EVSE ISO V2G CurrentDemandRes
2025-12-16T23:43:28.194570+0100 chargesom manager[934598]: [INFO] connector:EvseM  ::                                     CAR ISO V2G CurrentDemandReq
2025-12-16T23:43:28.267524+0100 chargesom manager[934598]: [INFO] connector:EvseM  :: EVSE IEC Isolation measurement Ok R_F 900000.
2025-12-16T23:43:28.309338+0100 chargesom manager[934598]: [INFO] connector:EvseM  :: EVSE ISO V2G CurrentDemandRes
2025-12-16T23:43:28.421216+0100 chargesom manager[934598]: [INFO] connector:EvseM  ::                                     CAR ISO V2G CurrentDemandReq
2025-12-16T23:43:28.513314+0100 chargesom manager[934598]: [INFO] connector:EvseM  :: EVSE ISO V2G CurrentDemandRes
2025-12-16T23:43:28.634486+0100 chargesom manager[934598]: [INFO] connector:EvseM  ::                                     CAR ISO V2G CurrentDemandReq
2025-12-16T23:43:28.732984+0100 chargesom manager[934598]: [INFO] connector:EvseM  :: EVSE ISO V2G CurrentDemandRes
2025-12-16T23:43:28.855904+0100 chargesom manager[934598]: [INFO] connector:EvseM  ::                                     CAR ISO V2G CurrentDemandReq
2025-12-16T23:43:28.952055+0100 chargesom manager[934598]: [INFO] connector:EvseM  :: EVSE ISO V2G CurrentDemandRes
2025-12-16T23:43:29.089317+0100 chargesom manager[934598]: [INFO] connector:EvseM  ::                                     CAR ISO V2G CurrentDemandReq
2025-12-16T23:43:29.173134+0100 chargesom manager[934598]: [INFO] connector:EvseM  :: EVSE ISO V2G CurrentDemandRes
2025-12-16T23:43:29.267849+0100 chargesom manager[934598]: [INFO] connector:EvseM  :: EVSE IEC Isolation measurement Ok R_F 900000.
2025-12-16T23:43:29.313272+0100 chargesom manager[934598]: [INFO] connector:EvseM  ::                                     CAR ISO V2G CurrentDemandReq
2025-12-16T23:43:29.392894+0100 chargesom manager[934598]: [INFO] connector:EvseM  :: EVSE ISO V2G CurrentDemandRes
2025-12-16T23:43:29.517979+0100 chargesom manager[934598]: [INFO] connector:EvseM  ::                                     CAR ISO V2G CurrentDemandReq
2025-12-16T23:43:29.649234+0100 chargesom manager[934598]: [INFO] connector:EvseM  :: EVSE ISO V2G CurrentDemandRes
2025-12-16T23:43:29.734483+0100 chargesom manager[934598]: [INFO] connector:EvseM  ::                                     CAR ISO V2G CurrentDemandReq
2025-12-16T23:43:29.833306+0100 chargesom manager[934598]: [INFO] connector:EvseM  :: EVSE ISO V2G CurrentDemandRes
2025-12-16T23:43:29.955168+0100 chargesom manager[934598]: [INFO] connector:EvseM  ::                                     CAR ISO V2G CurrentDemandReq
2025-12-16T23:43:30.053075+0100 chargesom manager[934598]: [INFO] connector:EvseM  :: EVSE ISO V2G CurrentDemandRes
2025-12-16T23:43:30.174370+0100 chargesom manager[934598]: [INFO] connector:EvseM  ::                                     CAR ISO V2G CurrentDemandReq
2025-12-16T23:43:30.268125+0100 chargesom manager[934598]: [INFO] connector:EvseM  :: EVSE IEC Isolation measurement Ok R_F 900000.
2025-12-16T23:43:30.313968+0100 chargesom manager[934598]: [INFO] connector:EvseM  :: EVSE ISO V2G CurrentDemandRes
2025-12-16T23:43:30.394305+0100 chargesom manager[934598]: [INFO] connector:EvseM  ::                                     CAR ISO V2G CurrentDemandReq
2025-12-16T23:43:30.492982+0100 chargesom manager[934598]: [INFO] connector:EvseM  :: EVSE ISO V2G CurrentDemandRes
2025-12-16T23:43:30.657949+0100 chargesom manager[934598]: [INFO] connector:EvseM  ::                                     CAR ISO V2G CurrentDemandReq
2025-12-16T23:43:30.753785+0100 chargesom manager[934598]: [INFO] connector:EvseM  :: EVSE ISO V2G CurrentDemandRes
2025-12-16T23:43:30.877195+0100 chargesom manager[934598]: [INFO] connector:EvseM  ::                                     CAR ISO V2G CurrentDemandReq
2025-12-16T23:43:30.932430+0100 chargesom manager[934598]: [INFO] connector:EvseM  :: EVSE ISO V2G CurrentDemandRes
2025-12-16T23:43:31.055258+0100 chargesom manager[934598]: [INFO] connector:EvseM  ::                                     CAR ISO V2G CurrentDemandReq
2025-12-16T23:43:31.153020+0100 chargesom manager[934598]: [INFO] connector:EvseM  :: EVSE ISO V2G CurrentDemandRes
2025-12-16T23:43:31.268410+0100 chargesom manager[934598]: [INFO] connector:EvseM  :: EVSE IEC Isolation measurement Ok R_F 900000.
2025-12-16T23:43:31.313913+0100 chargesom manager[934598]: [INFO] connector:EvseM  ::                                     CAR ISO V2G CurrentDemandReq
2025-12-16T23:43:31.401176+0100 chargesom manager[934598]: [INFO] connector:EvseM  :: EVSE ISO V2G CurrentDemandRes
2025-12-16T23:43:31.494260+0100 chargesom manager[934598]: [INFO] connector:EvseM  ::                                     CAR ISO V2G CurrentDemandReq
2025-12-16T23:43:31.592995+0100 chargesom manager[934598]: [INFO] connector:EvseM  :: EVSE ISO V2G CurrentDemandRes
2025-12-16T23:43:31.721182+0100 chargesom manager[934598]: [INFO] connector:EvseM  ::                                     CAR ISO V2G CurrentDemandReq
2025-12-16T23:43:31.850573+0100 chargesom manager[934598]: [INFO] connector:EvseM  :: EVSE ISO V2G CurrentDemandRes
2025-12-16T23:43:31.938984+0100 chargesom manager[934598]: [INFO] connector:EvseM  ::                                     CAR ISO V2G CurrentDemandReq
2025-12-16T23:43:32.033168+0100 chargesom manager[934598]: [INFO] connector:EvseM  :: EVSE ISO V2G CurrentDemandRes
2025-12-16T23:43:32.155019+0100 chargesom manager[934598]: [INFO] connector:EvseM  ::                                     CAR ISO V2G CurrentDemandReq
2025-12-16T23:43:32.252934+0100 chargesom manager[934598]: [INFO] connector:EvseM  :: EVSE ISO V2G CurrentDemandRes
2025-12-16T23:43:32.268864+0100 chargesom manager[934598]: [INFO] connector:EvseM  :: EVSE IEC Isolation measurement Ok R_F 900000.
2025-12-16T23:43:32.374391+0100 chargesom manager[934598]: [INFO] connector:EvseM  ::                                     CAR ISO V2G CurrentDemandReq
2025-12-16T23:43:32.472993+0100 chargesom manager[934598]: [INFO] connector:EvseM  :: EVSE ISO V2G CurrentDemandRes
2025-12-16T23:43:32.594192+0100 chargesom manager[934598]: [INFO] connector:EvseM  ::                                     CAR ISO V2G CurrentDemandReq
2025-12-16T23:43:32.721171+0100 chargesom manager[934598]: [INFO] connector:EvseM  :: EVSE ISO V2G CurrentDemandRes
2025-12-16T23:43:32.815771+0100 chargesom manager[934598]: [INFO] connector:EvseM  ::                                     CAR ISO V2G CurrentDemandReq
2025-12-16T23:43:32.945331+0100 chargesom manager[934598]: [INFO] connector:EvseM  :: EVSE ISO V2G CurrentDemandRes
2025-12-16T23:43:33.041804+0100 chargesom manager[934598]: [INFO] connector:EvseM  ::                                     CAR ISO V2G CurrentDemandReq
2025-12-16T23:43:33.132799+0100 chargesom manager[934598]: [INFO] connector:EvseM  :: EVSE ISO V2G CurrentDemandRes
2025-12-16T23:43:33.254166+0100 chargesom manager[934598]: [INFO] connector:EvseM  ::                                     CAR ISO V2G CurrentDemandReq
2025-12-16T23:43:33.269170+0100 chargesom manager[934598]: [INFO] connector:EvseM  :: EVSE IEC Isolation measurement Ok R_F 900000.
2025-12-16T23:43:33.357147+0100 chargesom manager[934598]: [INFO] connector:EvseM  :: EVSE ISO V2G CurrentDemandRes
2025-12-16T23:43:33.474276+0100 chargesom manager[934598]: [INFO] connector:EvseM  ::                                     CAR ISO V2G CurrentDemandReq
2025-12-16T23:43:33.573014+0100 chargesom manager[934598]: [INFO] connector:EvseM  :: EVSE ISO V2G CurrentDemandRes
2025-12-16T23:43:33.721198+0100 chargesom manager[934598]: [INFO] connector:EvseM  ::                                     CAR ISO V2G CurrentDemandReq
2025-12-16T23:43:33.792903+0100 chargesom manager[934598]: [INFO] connector:EvseM  :: EVSE ISO V2G CurrentDemandRes
2025-12-16T23:43:33.915902+0100 chargesom manager[934598]: [INFO] connector:EvseM  ::                                     CAR ISO V2G CurrentDemandReq
2025-12-16T23:43:34.045910+0100 chargesom manager[934598]: [INFO] connector:EvseM  :: EVSE ISO V2G CurrentDemandRes
2025-12-16T23:43:34.145357+0100 chargesom manager[934598]: [INFO] connector:EvseM  ::                                     CAR ISO V2G CurrentDemandReq
2025-12-16T23:43:34.265254+0100 chargesom manager[934598]: [INFO] connector:EvseM  :: EVSE ISO V2G CurrentDemandRes
2025-12-16T23:43:34.269451+0100 chargesom manager[934598]: [INFO] connector:EvseM  :: EVSE IEC Isolation measurement Ok R_F 900000.
2025-12-16T23:43:34.358077+0100 chargesom manager[934598]: [INFO] connector:EvseM  ::                                     CAR ISO V2G CurrentDemandReq
2025-12-16T23:43:34.452760+0100 chargesom manager[934598]: [INFO] connector:EvseM  :: EVSE ISO V2G CurrentDemandRes
2025-12-16T23:43:34.574202+0100 chargesom manager[934598]: [INFO] connector:EvseM  ::                                     CAR ISO V2G CurrentDemandReq
2025-12-16T23:43:34.672925+0100 chargesom manager[934598]: [INFO] connector:EvseM  :: EVSE ISO V2G CurrentDemandRes
2025-12-16T23:43:34.795188+0100 chargesom manager[934598]: [INFO] connector:EvseM  ::                                     CAR ISO V2G CurrentDemandReq
2025-12-16T23:43:34.892878+0100 chargesom manager[934598]: [INFO] connector:EvseM  :: EVSE ISO V2G CurrentDemandRes
2025-12-16T23:43:35.014349+0100 chargesom manager[934598]: [INFO] connector:EvseM  ::                                     CAR ISO V2G CurrentDemandReq
2025-12-16T23:43:35.112626+0100 chargesom manager[934598]: [INFO] connector:EvseM  :: EVSE ISO V2G CurrentDemandRes
2025-12-16T23:43:35.234335+0100 chargesom manager[934598]: [INFO] connector:EvseM  ::                                     CAR ISO V2G CurrentDemandReq
2025-12-16T23:43:35.271386+0100 chargesom manager[934598]: [INFO] connector:EvseM  :: EVSE IEC Isolation measurement Ok R_F 900000.
2025-12-16T23:43:35.361562+0100 chargesom manager[934598]: [INFO] connector:EvseM  :: EVSE ISO V2G CurrentDemandRes
2025-12-16T23:43:35.461255+0100 chargesom manager[934598]: [INFO] connector:EvseM  ::                                     CAR ISO V2G CurrentDemandReq
2025-12-16T23:43:35.553409+0100 chargesom manager[934598]: [INFO] connector:EvseM  :: EVSE ISO V2G CurrentDemandRes
2025-12-16T23:43:35.674105+0100 chargesom manager[934598]: [INFO] connector:EvseM  ::                                     CAR ISO V2G CurrentDemandReq
2025-12-16T23:43:35.772678+0100 chargesom manager[934598]: [INFO] connector:EvseM  :: EVSE ISO V2G CurrentDemandRes
2025-12-16T23:43:35.896397+0100 chargesom manager[934598]: [INFO] connector:EvseM  ::                                     CAR ISO V2G CurrentDemandReq
2025-12-16T23:43:35.992326+0100 chargesom manager[934598]: [INFO] connector:EvseM  :: EVSE ISO V2G CurrentDemandRes
2025-12-16T23:43:36.141196+0100 chargesom manager[934598]: [INFO] connector:EvseM  ::                                     CAR ISO V2G CurrentDemandReq
2025-12-16T23:43:36.212739+0100 chargesom manager[934598]: [INFO] connector:EvseM  :: EVSE ISO V2G CurrentDemandRes
2025-12-16T23:43:36.269960+0100 chargesom manager[934598]: [INFO] connector:EvseM  :: EVSE IEC Isolation measurement Ok R_F 900000.
2025-12-16T23:43:36.366016+0100 chargesom manager[934598]: [INFO] connector:EvseM  ::                                     CAR ISO V2G CurrentDemandReq
2025-12-16T23:43:36.470117+0100 chargesom manager[934598]: [INFO] connector:EvseM  :: EVSE ISO V2G CurrentDemandRes
2025-12-16T23:43:36.561201+0100 chargesom manager[934598]: [INFO] connector:EvseM  ::                                     CAR ISO V2G CurrentDemandReq
2025-12-16T23:43:36.652665+0100 chargesom manager[934598]: [INFO] connector:EvseM  :: EVSE ISO V2G CurrentDemandRes
2025-12-16T23:43:36.776830+0100 chargesom manager[934598]: [INFO] connector:EvseM  ::                                     CAR ISO V2G CurrentDemandReq
2025-12-16T23:43:36.872398+0100 chargesom manager[934598]: [INFO] connector:EvseM  :: EVSE ISO V2G CurrentDemandRes
2025-12-16T23:43:36.993993+0100 chargesom manager[934598]: [INFO] connector:EvseM  ::                                     CAR ISO V2G CurrentDemandReq
2025-12-16T23:43:37.091746+0100 chargesom manager[934598]: [INFO] connector:EvseM  :: EVSE ISO V2G CurrentDemandRes
2025-12-16T23:43:37.214346+0100 chargesom manager[934598]: [INFO] connector:EvseM  ::                                     CAR ISO V2G CurrentDemandReq
2025-12-16T23:43:37.270404+0100 chargesom manager[934598]: [INFO] connector:EvseM  :: EVSE IEC Isolation measurement Ok R_F 900000.
2025-12-16T23:43:37.313357+0100 chargesom manager[934598]: [INFO] connector:EvseM  :: EVSE ISO V2G CurrentDemandRes
2025-12-16T23:43:37.434046+0100 chargesom manager[934598]: [INFO] connector:EvseM  ::                                     CAR ISO V2G CurrentDemandReq
2025-12-16T23:43:37.569780+0100 chargesom manager[934598]: [INFO] connector:EvseM  :: EVSE ISO V2G CurrentDemandRes
2025-12-16T23:43:37.665293+0100 chargesom manager[934598]: [INFO] connector:EvseM  ::                                     CAR ISO V2G CurrentDemandReq
2025-12-16T23:43:37.753032+0100 chargesom manager[934598]: [INFO] connector:EvseM  :: EVSE ISO V2G CurrentDemandRes
2025-12-16T23:43:37.874687+0100 chargesom manager[934598]: [INFO] connector:EvseM  ::                                     CAR ISO V2G CurrentDemandReq
2025-12-16T23:43:37.972962+0100 chargesom manager[934598]: [INFO] connector:EvseM  :: EVSE ISO V2G CurrentDemandRes
2025-12-16T23:43:38.094599+0100 chargesom manager[934598]: [INFO] connector:EvseM  ::                                     CAR ISO V2G CurrentDemandReq
2025-12-16T23:43:38.192833+0100 chargesom manager[934598]: [INFO] connector:EvseM  :: EVSE ISO V2G CurrentDemandRes
2025-12-16T23:43:38.270534+0100 chargesom manager[934598]: [INFO] connector:EvseM  :: EVSE IEC Isolation measurement Ok R_F 900000.
2025-12-16T23:43:38.314898+0100 chargesom manager[934598]: [INFO] connector:EvseM  ::                                     CAR ISO V2G CurrentDemandReq
2025-12-16T23:43:38.412291+0100 chargesom manager[934598]: [INFO] connector:EvseM  :: EVSE ISO V2G CurrentDemandRes
2025-12-16T23:43:38.533965+0100 chargesom manager[934598]: [INFO] connector:EvseM  ::                                     CAR ISO V2G CurrentDemandReq
2025-12-16T23:43:38.673850+0100 chargesom manager[934598]: [INFO] connector:EvseM  :: EVSE ISO V2G CurrentDemandRes
2025-12-16T23:43:38.765407+0100 chargesom manager[934598]: [INFO] connector:EvseM  ::                                     CAR ISO V2G CurrentDemandReq
2025-12-16T23:43:38.852654+0100 chargesom manager[934598]: [INFO] connector:EvseM  :: EVSE ISO V2G CurrentDemandRes
2025-12-16T23:43:39.017670+0100 chargesom manager[934598]: [INFO] connector:EvseM  ::                                     CAR ISO V2G CurrentDemandReq
2025-12-16T23:43:39.105301+0100 chargesom manager[934598]: [INFO] connector:EvseM  :: EVSE ISO V2G CurrentDemandRes
2025-12-16T23:43:39.193993+0100 chargesom manager[934598]: [INFO] connector:EvseM  ::                                     CAR ISO V2G CurrentDemandReq
2025-12-16T23:43:39.271020+0100 chargesom manager[934598]: [INFO] connector:EvseM  :: EVSE IEC Isolation measurement Ok R_F 900000.
2025-12-16T23:43:39.313378+0100 chargesom manager[934598]: [INFO] connector:EvseM  :: EVSE ISO V2G CurrentDemandRes
2025-12-16T23:43:39.414034+0100 chargesom manager[934598]: [INFO] connector:EvseM  ::                                     CAR ISO V2G CurrentDemandReq
2025-12-16T23:43:39.512736+0100 chargesom manager[934598]: [INFO] connector:EvseM  :: EVSE ISO V2G CurrentDemandRes
2025-12-16T23:43:39.634502+0100 chargesom manager[934598]: [INFO] connector:EvseM  ::                                     CAR ISO V2G CurrentDemandReq
2025-12-16T23:43:39.732785+0100 chargesom manager[934598]: [INFO] connector:EvseM  :: EVSE ISO V2G CurrentDemandRes
2025-12-16T23:43:39.866737+0100 chargesom manager[934598]: [INFO] connector:EvseM  ::                                     CAR ISO V2G CurrentDemandReq
2025-12-16T23:43:39.951160+0100 chargesom manager[934598]: [INFO] connector:EvseM  :: EVSE ISO V2G CurrentDemandRes
2025-12-16T23:43:40.073921+0100 chargesom manager[934598]: [INFO] connector:EvseM  ::                                     CAR ISO V2G CurrentDemandReq
2025-12-16T23:43:40.171725+0100 chargesom manager[934598]: [INFO] connector:EvseM  :: EVSE ISO V2G CurrentDemandRes
2025-12-16T23:43:40.271345+0100 chargesom manager[934598]: [INFO] connector:EvseM  :: EVSE IEC Isolation measurement Ok R_F 900000.
2025-12-16T23:43:40.313647+0100 chargesom manager[934598]: [INFO] connector:EvseM  ::                                     CAR ISO V2G CurrentDemandReq
2025-12-16T23:43:40.392561+0100 chargesom manager[934598]: [INFO] connector:EvseM  :: EVSE ISO V2G CurrentDemandRes
2025-12-16T23:43:40.513717+0100 chargesom manager[934598]: [INFO] connector:EvseM  ::                                     CAR ISO V2G CurrentDemandReq
2025-12-16T23:43:40.611490+0100 chargesom manager[934598]: [INFO] connector:EvseM  :: EVSE ISO V2G CurrentDemandRes
2025-12-16T23:43:40.734194+0100 chargesom manager[934598]: [INFO] connector:EvseM  ::                                     CAR ISO V2G CurrentDemandReq
2025-12-16T23:43:40.831452+0100 chargesom manager[934598]: [INFO] connector:EvseM  :: EVSE ISO V2G CurrentDemandRes
2025-12-16T23:43:40.961927+0100 chargesom manager[934598]: [INFO] connector:EvseM  ::                                     CAR ISO V2G CurrentDemandReq
2025-12-16T23:43:41.097843+0100 chargesom manager[934598]: [INFO] connector:EvseM  :: EVSE ISO V2G CurrentDemandRes
2025-12-16T23:43:41.173899+0100 chargesom manager[934598]: [INFO] connector:EvseM  ::                                     CAR ISO V2G CurrentDemandReq
2025-12-16T23:43:41.271825+0100 chargesom manager[934598]: [INFO] connector:EvseM  :: EVSE ISO V2G CurrentDemandRes
2025-12-16T23:43:41.273678+0100 chargesom manager[934598]: [INFO] connector:EvseM  :: EVSE IEC Isolation measurement Ok R_F 900000.
2025-12-16T23:43:41.409152+0100 chargesom manager[934598]: [INFO] connector:EvseM  ::                                     CAR ISO V2G CurrentDemandReq
2025-12-16T23:43:41.491618+0100 chargesom manager[934598]: [INFO] connector:EvseM  :: EVSE ISO V2G CurrentDemandRes
2025-12-16T23:43:41.613981+0100 chargesom manager[934598]: [INFO] connector:EvseM  ::                                     CAR ISO V2G CurrentDemandReq
2025-12-16T23:43:41.729192+0100 chargesom manager[934598]: [INFO] connector:EvseM  :: EVSE ISO V2G CurrentDemandRes
2025-12-16T23:43:41.834910+0100 chargesom manager[934598]: [INFO] connector:EvseM  ::                                     CAR ISO V2G CurrentDemandReq
2025-12-16T23:43:41.931514+0100 chargesom manager[934598]: [INFO] connector:EvseM  :: EVSE ISO V2G CurrentDemandRes
2025-12-16T23:43:42.054190+0100 chargesom manager[934598]: [INFO] connector:EvseM  ::                                     CAR ISO V2G CurrentDemandReq
2025-12-16T23:43:42.193395+0100 chargesom manager[934598]: [INFO] connector:EvseM  :: EVSE ISO V2G CurrentDemandRes
2025-12-16T23:43:42.272342+0100 chargesom manager[934598]: [INFO] connector:EvseM  :: EVSE IEC Isolation measurement Ok R_F 900000.
2025-12-16T23:43:42.317552+0100 chargesom manager[934598]: [INFO] connector:EvseM  ::                                     CAR ISO V2G CurrentDemandReq
2025-12-16T23:43:42.372329+0100 chargesom manager[934598]: [INFO] connector:EvseM  :: EVSE ISO V2G CurrentDemandRes
2025-12-16T23:43:42.493968+0100 chargesom manager[934598]: [INFO] connector:EvseM  ::                                     CAR ISO V2G CurrentDemandReq
2025-12-16T23:43:42.591425+0100 chargesom manager[934598]: [INFO] connector:EvseM  :: EVSE ISO V2G CurrentDemandRes
2025-12-16T23:43:42.729202+0100 chargesom manager[934598]: [INFO] connector:EvseM  ::                                     CAR ISO V2G CurrentDemandReq
2025-12-16T23:43:42.811426+0100 chargesom manager[934598]: [INFO] connector:EvseM  :: EVSE ISO V2G CurrentDemandRes
2025-12-16T23:43:42.935473+0100 chargesom manager[934598]: [INFO] connector:EvseM  ::                                     CAR ISO V2G CurrentDemandReq
2025-12-16T23:43:43.031385+0100 chargesom manager[934598]: [INFO] connector:EvseM  :: EVSE ISO V2G CurrentDemandRes
2025-12-16T23:43:43.153886+0100 chargesom manager[934598]: [INFO] connector:EvseM  ::                                     CAR ISO V2G CurrentDemandReq
2025-12-16T23:43:43.289359+0100 chargesom manager[934598]: [INFO] connector:EvseM  :: EVSE IEC Isolation measurement Ok R_F 900000.
2025-12-16T23:43:43.290402+0100 chargesom manager[934598]: [INFO] connector:EvseM  :: EVSE ISO V2G CurrentDemandRes
2025-12-16T23:43:43.377348+0100 chargesom manager[934598]: [INFO] connector:EvseM  ::                                     CAR ISO V2G CurrentDemandReq
2025-12-16T23:43:43.471319+0100 chargesom manager[934598]: [INFO] connector:EvseM  :: EVSE ISO V2G CurrentDemandRes
2025-12-16T23:43:43.593798+0100 chargesom manager[934598]: [INFO] connector:EvseM  ::                                     CAR ISO V2G CurrentDemandReq
2025-12-16T23:43:43.733423+0100 chargesom manager[934598]: [INFO] connector:EvseM  :: EVSE ISO V2G CurrentDemandRes
2025-12-16T23:43:43.815146+0100 chargesom manager[934598]: [INFO] connector:EvseM  ::                                     CAR ISO V2G CurrentDemandReq
2025-12-16T23:43:43.911628+0100 chargesom manager[934598]: [INFO] connector:EvseM  :: EVSE ISO V2G CurrentDemandRes
2025-12-16T23:43:44.049723+0100 chargesom manager[934598]: [INFO] connector:EvseM  ::                                     CAR ISO V2G CurrentDemandReq
2025-12-16T23:43:44.132235+0100 chargesom manager[934598]: [INFO] connector:EvseM  :: EVSE ISO V2G CurrentDemandRes
2025-12-16T23:43:44.253791+0100 chargesom manager[934598]: [INFO] connector:EvseM  ::                                     CAR ISO V2G CurrentDemandReq
2025-12-16T23:43:44.272841+0100 chargesom manager[934598]: [INFO] connector:EvseM  :: EVSE IEC Isolation measurement Ok R_F 900000.
2025-12-16T23:43:44.366002+0100 chargesom manager[934598]: [INFO] connector:EvseM  :: EVSE ISO V2G CurrentDemandRes
2025-12-16T23:43:44.473830+0100 chargesom manager[934598]: [INFO] connector:EvseM  ::                                     CAR ISO V2G CurrentDemandReq
2025-12-16T23:43:44.571302+0100 chargesom manager[934598]: [INFO] connector:EvseM  :: EVSE ISO V2G CurrentDemandRes
2025-12-16T23:43:44.733224+0100 chargesom manager[934598]: [INFO] connector:EvseM  ::                                     CAR ISO V2G CurrentDemandReq
2025-12-16T23:43:44.793006+0100 chargesom manager[934598]: [INFO] connector:EvseM  :: EVSE ISO V2G CurrentDemandRes
2025-12-16T23:43:44.914887+0100 chargesom manager[934598]: [INFO] connector:EvseM  ::                                     CAR ISO V2G CurrentDemandReq
2025-12-16T23:43:45.011656+0100 chargesom manager[934598]: [INFO] connector:EvseM  :: EVSE ISO V2G CurrentDemandRes
2025-12-16T23:43:45.133923+0100 chargesom manager[934598]: [INFO] connector:EvseM  ::                                     CAR ISO V2G CurrentDemandReq
2025-12-16T23:43:45.232131+0100 chargesom manager[934598]: [INFO] connector:EvseM  :: EVSE ISO V2G CurrentDemandRes
2025-12-16T23:43:45.273424+0100 chargesom manager[934598]: [INFO] connector:EvseM  :: EVSE IEC Isolation measurement Ok R_F 900000.
2025-12-16T23:43:45.361842+0100 chargesom manager[934598]: [INFO] connector:EvseM  ::                                     CAR ISO V2G CurrentDemandReq
2025-12-16T23:43:45.469393+0100 chargesom manager[934598]: [INFO] connector:EvseM  :: EVSE ISO V2G CurrentDemandRes
2025-12-16T23:43:45.585696+0100 chargesom manager[934598]: [INFO] connector:EvseM  ::                                     CAR ISO V2G CurrentDemandReq
2025-12-16T23:43:45.671357+0100 chargesom manager[934598]: [INFO] connector:EvseM  :: EVSE ISO V2G CurrentDemandRes
2025-12-16T23:43:45.794664+0100 chargesom manager[934598]: [INFO] connector:EvseM  ::                                     CAR ISO V2G CurrentDemandReq
2025-12-16T23:43:45.891530+0100 chargesom manager[934598]: [INFO] connector:EvseM  :: EVSE ISO V2G CurrentDemandRes
