2025-12-16T18:51:48.554858+0100 chargesom manager[867806]: [INFO] connector:EvseM  :: EVSE IEC Transaction Finished: EVDisconnected (0 kWh)
2025-12-16T18:51:48.690865+0100 chargesom manager[867806]: [INFO] connector:EvseM  :: EVSE IEC Session Finished
2025-12-16T18:51:48.691336+0100 chargesom manager[867806]: [INFO] connector:EvseM  :: SYS  Session logging stopped.
2025-12-16T18:51:48.829537+0100 chargesom manager[867805]: [INFO] bsp:CbChargeSOM  :: handle_pwm_off: Setting new duty cycle of 100.0%
2025-12-16T18:52:11.909732+0100 chargesom manager[867837]: [WARN] powersupply_dc: size_t InfyCanDevice::remove_expired_telemetry_entries() :: Infy[0x00/SN_2818a396c70776_V]: module communication expired (timeout: 15s). Removing from active modules.
2025-12-16T18:52:11.911030+0100 chargesom manager[867837]: [INFO] powersupply_dc:  :: Infy: Communication fault detected - all 1 modules unresponsive, forcing system OFF for safety
2025-12-16T18:52:11.911030+0100 chargesom manager[867837]: [ERRO] powersupply_dc: module::main::power_supply_DCImpl::init()::<lambda(uint8_t, InfyCanDevice::Error, bool)> :: Infy[0xFF]: communication fault detected
2025-12-16T18:52:11.911030+0100 chargesom manager[867837]: [ERRO] powersupply_dc:  :: Error raised, type: power_supply_DC/CommunicationFault, sub_type: , message: Infy[0xFF]: communication fault detected
2025-12-16T18:52:11.911030+0100 chargesom manager[867837]: [INFO] powersupply_dc:  :: Infy: Removed 1 expired modules. Active modules remaining: 0
2025-12-16T18:52:11.911030+0100 chargesom manager[867837]: [INFO] powersupply_dc:  :: Infy: No telemetries received, setting default capabilities
2025-12-16T18:52:41.139780+0100 chargesom systemd[1]: Stopping EVerest...
2025-12-16T18:52:41.168861+0100 chargesom systemd[1]: everest.service: Deactivated successfully.
2025-12-16T18:52:41.169711+0100 chargesom systemd[1]: Stopped EVerest.
2025-12-16T18:52:41.198941+0100 chargesom systemd[1]: Starting EVerest...
2025-12-16T18:52:41.204046+0100 chargesom sh[870900]: Starting to migrate EVerest configurations
2025-12-16T18:52:41.222310+0100 chargesom sh[870900]: EVerest configurations migrated successfully
2025-12-16T18:52:41.245212+0100 chargesom systemd[1]: Started EVerest.
2025-12-16T18:52:41.269417+0100 chargesom manager[870904]: [INFO] manager          ::   ________      __                _
2025-12-16T18:52:41.269417+0100 chargesom manager[870904]: [INFO] manager          ::  |  ____\ \    / /               | |
2025-12-16T18:52:41.270672+0100 chargesom manager[870904]: [INFO] manager          ::  | |__   \ \  / /__ _ __ ___  ___| |_
2025-12-16T18:52:41.270672+0100 chargesom manager[870904]: [INFO] manager          ::  |  __|   \ \/ / _ \ '__/ _ \/ __| __|
2025-12-16T18:52:41.270672+0100 chargesom manager[870904]: [INFO] manager          ::  | |____   \  /  __/ | |  __/\__ \ |_
2025-12-16T18:52:41.270672+0100 chargesom manager[870904]: [INFO] manager          ::  |______|   \/ \___|_|  \___||___/\__|
2025-12-16T18:52:41.270672+0100 chargesom manager[870904]: [INFO] manager          ::
2025-12-16T18:52:41.270672+0100 chargesom manager[870904]: [INFO] manager          :: everest-framework 0.23.0 main@v0.23.0
2025-12-16T18:52:41.270672+0100 chargesom manager[870904]: [INFO] manager          :: everest-core 2025.8.0 feature/json-rpc-api-2025.8.0@2025.8.0-351-g14709eef-dirty
2025-12-16T18:52:41.270672+0100 chargesom manager[870904]: [INFO] manager          ::
2025-12-16T18:52:41.270672+0100 chargesom manager[870904]: [INFO] manager          :: Using MQTT broker localhost:1883
2025-12-16T18:52:41.286450+0100 chargesom manager[870905]: [INFO] everest_ctrl     :: Launching controller service on port 8849
2025-12-16T18:52:41.302652+0100 chargesom manager[870904]: [INFO] manager          :: Boot mode is set to YamlFile, loading module configs from YAML file
2025-12-16T18:52:41.303009+0100 chargesom manager[870904]: [INFO] manager          :: Loading config file at: /etc/everest/config.yaml
2025-12-16T18:52:41.422781+0100 chargesom manager[870904]: [INFO] manager          :: Config loading completed in 148ms
2025-12-16T18:52:41.425710+0100 chargesom manager[870904]: [INFO] manager          :: Starting 14 modules
2025-12-16T18:52:43.203516+0100 chargesom manager[870932]: [INFO] error_history:E  :: Using database at "/tmp/error_history.db"
2025-12-16T18:52:43.205673+0100 chargesom manager[870932]: [INFO] error_history:E  :: Checking database
2025-12-16T18:52:43.239300+0100 chargesom manager[870932]: [INFO] error_history:E  :: Module error_history initialized [1699ms]
2025-12-16T18:52:43.247009+0100 chargesom manager[870931]: [INFO] energy_manager:  :: Module energy_manager initialized [1746ms]
2025-12-16T18:52:43.249040+0100 chargesom manager[870925]: [INFO] auth:Auth        :: Module auth initialized [1744ms]
2025-12-16T18:52:43.274389+0100 chargesom manager[870924]: [WARN] api:API          :: No evse energy sink configured for evse_id: 1. API module does therefore not allow control of amps or power limits for this EVSE
2025-12-16T18:52:43.280671+0100 chargesom manager[870924]: [INFO] api:API          :: Module api initialized [1818ms]
2025-12-16T18:52:43.294445+0100 chargesom manager[870951]: [INFO] iso15118_charge  :: Module iso15118_charger initialized [1702ms]
2025-12-16T18:52:43.309493+0100 chargesom manager[870941]: [INFO] evse_slac:EvseS  :: Module evse_slac initialized [1769ms]
2025-12-16T18:52:43.322052+0100 chargesom manager[870926]: [INFO] bsp:CbChargeSOM  :: chargebyte's Charge SOM EVerest module (version: 0.24.0)
2025-12-16T18:52:43.325899+0100 chargesom manager[870933]: [INFO] evse_security:E  :: Module evse_security initialized [1765ms]
2025-12-16T18:52:43.341357+0100 chargesom manager[870930]: [INFO] connector:EvseM  :: Module connector initialized [1838ms]
2025-12-16T18:52:43.353998+0100 chargesom manager[870948]: [INFO] imd:IMDSimulato  :: Module imd initialized [1730ms]
2025-12-16T18:52:43.362980+0100 chargesom manager[870945]: [INFO] grid_connection  :: Module grid_connection_point initialized [1763ms]
2025-12-16T18:52:43.368119+0100 chargesom manager[870961]: [INFO] token_provider:  :: Module token_provider initialized [1723ms]
2025-12-16T18:52:43.398537+0100 chargesom manager[870955]: [INFO] powersupply_dc:  :: Infy: Setting config values: CAN device: can0
2025-12-16T18:52:43.398537+0100 chargesom manager[870955]: [INFO] powersupply_dc:  :: Infy: Operating with controller address: 0xf0
2025-12-16T18:52:43.398537+0100 chargesom manager[870955]: [INFO] powersupply_dc:  :: Infy: Operating in FIXED_ADDRESS mode with 1 addresses: 0
2025-12-16T18:52:43.398537+0100 chargesom manager[870955]: [INFO] powersupply_dc:  :: Infy: module communication timeout: 15s
2025-12-16T18:52:43.398537+0100 chargesom manager[870955]: [INFO] powersupply_dc:  :: Infy: Operating in FIXED_ADDRESS mode. No need to ping.
2025-12-16T18:52:43.398537+0100 chargesom manager[870955]: [INFO] powersupply_dc:  :: Infy: switch_on_off(false) - active modules: 1
2025-12-16T18:52:43.398537+0100 chargesom manager[870955]: [INFO] powersupply_dc:  :: Module powersupply_dc initialized [1770ms]
2025-12-16T18:52:43.398537+0100 chargesom manager[870955]: [INFO] powersupply_dc:  :: Starting CAN RX thread
2025-12-16T18:52:43.400861+0100 chargesom manager[870955]: [INFO] powersupply_dc:  :: CAN error cleared: Success
2025-12-16T18:52:43.404276+0100 chargesom manager[870969]: [INFO] token_validator  :: Module token_validator initialized [1750ms]
2025-12-16T18:52:43.700137+0100 chargesom manager[870926]: [INFO] bsp:CbChargeSOM  :: Safety Controller Firmware: 0.2.5 (gde7345017c7932bc, Charge SOM, firmware)
2025-12-16T18:52:43.700772+0100 chargesom manager[870926]: [INFO] bsp:CbChargeSOM  :: Module bsp initialized [2189ms]
2025-12-16T18:52:43.701581+0100 chargesom manager[870904]: [INFO] manager          :: Clearing retained topics published by manager during startup
2025-12-16T18:52:43.704475+0100 chargesom manager[870904]: [INFO] manager          :: 🚙🚙🚙 All modules are initialized. EVerest up and running [2437ms] 🚙🚙🚙
2025-12-16T18:52:43.709538+0100 chargesom manager[870951]: [INFO] iso15118_charge  :: TCP server on eth1 is listening on port [fe80::201:87ff:fe00:3035%3]:61341
2025-12-16T18:52:43.709538+0100 chargesom manager[870951]: [INFO] iso15118_charge  :: SDP socket setup succeeded
2025-12-16T18:52:43.721138+0100 chargesom manager[870941]: [INFO] evse_slac:EvseS  :: Starting the SLAC state machine
2025-12-16T18:52:43.809260+0100 chargesom manager[870925]: [WARN] auth:Auth        :: Can not load reservations because no storage was configured.
2025-12-16T18:52:43.923555+0100 chargesom manager[870941]: [INFO] evse_slac:EvseS  :: Entered Reset state
2025-12-16T18:52:43.924008+0100 chargesom manager[870941]: [INFO] evse_slac:EvseS  :: New NMK key: 47:50:58:35:4E:4E:49:50:53:38:4B:36:37:4F:46:4D
2025-12-16T18:52:43.925156+0100 chargesom manager[870941]: [INFO] evse_slac:EvseS  :: Received CM_SET_KEY_CNF
2025-12-16T18:52:43.925747+0100 chargesom manager[870941]: [INFO] evse_slac:EvseS  :: Entered Idle state
2025-12-16T18:52:49.347205+0100 chargesom manager[870930]: [INFO] connector:EvseM  :: Cleaning up any other transaction on start up
2025-12-16T18:52:49.360557+0100 chargesom manager[870930]: [INFO] connector:EvseM  :: 🌀🌀🌀 Ready to start charging 🌀🌀🌀
2025-12-16T18:52:49.360557+0100 chargesom manager[870930]: [WARN] connector:EvseM void module::EvseManager::ready_to_start_charging() :: No powermeter value received yet!
2025-12-16T18:52:49.669421+0100 chargesom manager[870926]: [INFO] bsp:CbChargeSOM  :: handle_enable: Setting new duty cycle of 100.0%
2025-12-16T18:52:49.795631+0100 chargesom manager[870926]: [INFO] bsp:CbChargeSOM  :: CP state change from PowerOn to A, PWM: 100.0%
2025-12-16T18:52:49.837113+0100 chargesom manager[870926]: [INFO] bsp:CbChargeSOM  :: handle_pwm_off: Setting new duty cycle of 100.0%
2025-12-16T18:52:49.929503+0100 chargesom manager[870926]: [INFO] bsp:CbChargeSOM  :: handle_allow_power_on: request to OPEN the contactor
2025-12-16T18:52:49.973118+0100 chargesom manager[870926]: [INFO] bsp:CbChargeSOM  :: handle_pwm_off: Setting new duty cycle of 100.0%
2025-12-16T18:52:49.989992+0100 chargesom manager[870930]: [INFO] connector:EvseM  :: All errors cleared
2025-12-16T18:54:27.288293+0100 chargesom manager[870955]: [INFO] powersupply_dc:  :: Infy[0x00]: capabilities: 1000V / 50V, 102A, power 30000W
2025-12-16T18:54:27.307725+0100 chargesom manager[870955]: [INFO] powersupply_dc:  :: Infy: Capabilities updated: 1000V / 50V, 102A, power 30000W
2025-12-16T18:54:27.307725+0100 chargesom manager[870955]: [INFO] powersupply_dc:  :: Infy: Hot plug detected - module count increased from 0 to 1 modules, redistributing 0A from 0 to 1 modules
2025-12-16T18:54:27.307725+0100 chargesom manager[870955]: [INFO] powersupply_dc:  :: Infy: Restoring last settings: voltage=0V, current=0A, mode=Off, phase=CableCheck
2025-12-16T18:54:27.307725+0100 chargesom manager[870955]: [INFO] powersupply_dc:  :: Infy: Updating voltage/current via CAN: 50V / 1A total → 1A per module - active modules: 1
2025-12-16T18:54:27.307725+0100 chargesom manager[870955]: [INFO] powersupply_dc:  :: Infy: set_voltage_current(50V, 1A) - active modules: 1
2025-12-16T18:54:27.307725+0100 chargesom manager[870955]: [INFO] powersupply_dc:  :: Set mode via CAN: Off with phase CableCheck
2025-12-16T18:54:27.307725+0100 chargesom manager[870955]: [INFO] powersupply_dc:  :: Infy: switch_on_off(false) - active modules: 1
2025-12-16T18:54:27.307725+0100 chargesom manager[870955]: [INFO] powersupply_dc:  :: Infy[0x00]: serial number: SN_2818a396c70776_V
2025-12-16T18:54:27.307725+0100 chargesom manager[870955]: [INFO] powersupply_dc:  :: Infy[0x00]: capabilities: 1000V / 50V, 102A, power 30000W
2025-12-16T18:54:27.307725+0100 chargesom manager[870955]: [INFO] powersupply_dc:  :: Infy: Capabilities updated: 1000V / 50V, 102A, power 30000W
2025-12-16T18:54:27.307725+0100 chargesom manager[870955]: [INFO] powersupply_dc:  :: Infy[0x00]: serial number: SN_2818a396c70776_V
2025-12-16T18:54:27.311577+0100 chargesom manager[870955]: [INFO] powersupply_dc:  :: Infy[0x00]: serial number: SN_2818a396c70776_V
2025-12-16T18:54:27.313802+0100 chargesom manager[870955]: [INFO] powersupply_dc:  :: Infy[0x00]: capabilities: 1000V / 50V, 102A, power 30000W
2025-12-16T18:54:27.314076+0100 chargesom manager[870955]: [INFO] powersupply_dc:  :: Infy: Capabilities updated: 1000V / 50V, 102A, power 30000W
2025-12-16T18:54:27.323205+0100 chargesom manager[870955]: [INFO] powersupply_dc:  :: Infy[0x00]: capabilities: 1000V / 50V, 102A, power 30000W
2025-12-16T18:54:27.323549+0100 chargesom manager[870955]: [INFO] powersupply_dc:  :: Infy: Capabilities updated: 1000V / 50V, 102A, power 30000W
2025-12-16T18:54:27.325481+0100 chargesom manager[870955]: [INFO] powersupply_dc:  :: Infy[0x00]: serial number: SN_2818a396c70776_V
2025-12-16T18:54:27.332829+0100 chargesom manager[870955]: [INFO] powersupply_dc:  :: Infy[0x00]: capabilities: 1000V / 50V, 102A, power 30000W
2025-12-16T18:54:27.332829+0100 chargesom manager[870955]: [INFO] powersupply_dc:  :: Infy: Capabilities updated: 1000V / 50V, 102A, power 30000W
2025-12-16T18:54:27.339549+0100 chargesom manager[870955]: [INFO] powersupply_dc:  :: Infy[0x00]: serial number: SN_2818a396c70776_V
2025-12-16T18:54:27.346505+0100 chargesom manager[870955]: [INFO] powersupply_dc:  :: Infy[0x00]: capabilities: 1000V / 50V, 102A, power 30000W
2025-12-16T18:54:27.346853+0100 chargesom manager[870955]: [INFO] powersupply_dc:  :: Infy: Capabilities updated: 1000V / 50V, 102A, power 30000W
2025-12-16T18:54:27.348831+0100 chargesom manager[870955]: [INFO] powersupply_dc:  :: Infy[0x00]: serial number: SN_2818a396c70776_V
2025-12-16T18:54:27.358068+0100 chargesom manager[870955]: [INFO] powersupply_dc:  :: Infy[0x00]: serial number: SN_2818a396c70776_V
2025-12-16T18:54:27.360377+0100 chargesom manager[870955]: [INFO] powersupply_dc:  :: Infy[0x00]: capabilities: 1000V / 50V, 102A, power 30000W
2025-12-16T18:54:27.360728+0100 chargesom manager[870955]: [INFO] powersupply_dc:  :: Infy: Capabilities updated: 1000V / 50V, 102A, power 30000W
2025-12-16T18:54:27.369746+0100 chargesom manager[870955]: [INFO] powersupply_dc:  :: Infy[0x00]: serial number: SN_2818a396c70776_V
2025-12-16T18:54:27.372007+0100 chargesom manager[870955]: [INFO] powersupply_dc:  :: Infy[0x00]: capabilities: 1000V / 50V, 102A, power 30000W
2025-12-16T18:54:27.372281+0100 chargesom manager[870955]: [INFO] powersupply_dc:  :: Infy: Capabilities updated: 1000V / 50V, 102A, power 30000W
2025-12-16T18:54:27.381448+0100 chargesom manager[870955]: [INFO] powersupply_dc:  :: Infy[0x00]: capabilities: 1000V / 50V, 102A, power 30000W
2025-12-16T18:54:27.381786+0100 chargesom manager[870955]: [INFO] powersupply_dc:  :: Infy: Capabilities updated: 1000V / 50V, 102A, power 30000W
2025-12-16T18:54:27.383705+0100 chargesom manager[870955]: [INFO] powersupply_dc:  :: Infy[0x00]: serial number: SN_2818a396c70776_V
2025-12-16T18:54:27.393011+0100 chargesom manager[870955]: [INFO] powersupply_dc:  :: Infy[0x00]: serial number: SN_2818a396c70776_V
2025-12-16T18:54:27.395321+0100 chargesom manager[870955]: [INFO] powersupply_dc:  :: Infy[0x00]: capabilities: 1000V / 50V, 102A, power 30000W
2025-12-16T18:54:27.395625+0100 chargesom manager[870955]: [INFO] powersupply_dc:  :: Infy: Capabilities updated: 1000V / 50V, 102A, power 30000W
2025-12-16T18:54:27.404827+0100 chargesom manager[870955]: [INFO] powersupply_dc:  :: Infy[0x00]: capabilities: 1000V / 50V, 102A, power 30000W
2025-12-16T18:54:27.405201+0100 chargesom manager[870955]: [INFO] powersupply_dc:  :: Infy: Capabilities updated: 1000V / 50V, 102A, power 30000W
2025-12-16T18:54:27.407023+0100 chargesom manager[870955]: [INFO] powersupply_dc:  :: Infy[0x00]: serial number: SN_2818a396c70776_V
2025-12-16T18:54:27.416305+0100 chargesom manager[870955]: [INFO] powersupply_dc:  :: Infy[0x00]: serial number: SN_2818a396c70776_V
2025-12-16T18:54:27.418885+0100 chargesom manager[870955]: [INFO] powersupply_dc:  :: Infy[0x00]: capabilities: 1000V / 50V, 102A, power 30000W
2025-12-16T18:54:27.418885+0100 chargesom manager[870955]: [INFO] powersupply_dc:  :: Infy: Capabilities updated: 1000V / 50V, 102A, power 30000W
2025-12-16T18:54:27.425687+0100 chargesom manager[870955]: [INFO] powersupply_dc:  :: Infy[0x00]: capabilities: 1000V / 50V, 102A, power 30000W
2025-12-16T18:54:27.426031+0100 chargesom manager[870955]: [INFO] powersupply_dc:  :: Infy: Capabilities updated: 1000V / 50V, 102A, power 30000W
2025-12-16T18:54:27.430334+0100 chargesom manager[870955]: [INFO] powersupply_dc:  :: Infy[0x00]: serial number: SN_2818a396c70776_V
2025-12-16T18:54:27.437302+0100 chargesom manager[870955]: [INFO] powersupply_dc:  :: Infy[0x00]: capabilities: 1000V / 50V, 102A, power 30000W
2025-12-16T18:54:27.437600+0100 chargesom manager[870955]: [INFO] powersupply_dc:  :: Infy: Capabilities updated: 1000V / 50V, 102A, power 30000W
2025-12-16T18:54:27.441950+0100 chargesom manager[870955]: [INFO] powersupply_dc:  :: Infy[0x00]: serial number: SN_2818a396c70776_V
2025-12-16T18:54:27.451266+0100 chargesom manager[870955]: [INFO] powersupply_dc:  :: Infy[0x00]: serial number: SN_2818a396c70776_V
2025-12-16T18:54:27.455971+0100 chargesom manager[870955]: [INFO] powersupply_dc:  :: Infy[0x00]: capabilities: 1000V / 50V, 102A, power 30000W
2025-12-16T18:54:27.456335+0100 chargesom manager[870955]: [INFO] powersupply_dc:  :: Infy: Capabilities updated: 1000V / 50V, 102A, power 30000W
2025-12-16T18:54:27.462999+0100 chargesom manager[870955]: [INFO] powersupply_dc:  :: Infy[0x00]: serial number: SN_2818a396c70776_V
2025-12-16T18:54:27.468223+0100 chargesom manager[870955]: [INFO] powersupply_dc:  :: Infy[0x00]: capabilities: 1000V / 50V, 102A, power 30000W
2025-12-16T18:54:27.468223+0100 chargesom manager[870955]: [INFO] powersupply_dc:  :: Infy: Capabilities updated: 1000V / 50V, 102A, power 30000W
2025-12-16T18:54:27.472232+0100 chargesom manager[870955]: [INFO] powersupply_dc:  :: Infy[0x00]: capabilities: 1000V / 50V, 102A, power 30000W
2025-12-16T18:54:27.472689+0100 chargesom manager[870955]: [INFO] powersupply_dc:  :: Infy: Capabilities updated: 1000V / 50V, 102A, power 30000W
2025-12-16T18:54:27.476854+0100 chargesom manager[870955]: [INFO] powersupply_dc:  :: Infy[0x00]: serial number: SN_2818a396c70776_V
2025-12-16T18:54:27.486279+0100 chargesom manager[870955]: [INFO] powersupply_dc:  :: Infy[0x00]: capabilities: 1000V / 50V, 102A, power 30000W
2025-12-16T18:54:27.486622+0100 chargesom manager[870955]: [INFO] powersupply_dc:  :: Infy: Capabilities updated: 1000V / 50V, 102A, power 30000W
2025-12-16T18:54:27.488513+0100 chargesom manager[870955]: [INFO] powersupply_dc:  :: Infy[0x00]: serial number: SN_2818a396c70776_V
2025-12-16T18:54:27.497911+0100 chargesom manager[870955]: [INFO] powersupply_dc:  :: Infy[0x00]: capabilities: 1000V / 50V, 102A, power 30000W
2025-12-16T18:54:27.498262+0100 chargesom manager[870955]: [INFO] powersupply_dc:  :: Infy: Capabilities updated: 1000V / 50V, 102A, power 30000W
2025-12-16T18:54:27.500176+0100 chargesom manager[870955]: [INFO] powersupply_dc:  :: Infy[0x00]: serial number: SN_2818a396c70776_V
2025-12-16T18:54:27.510414+0100 chargesom manager[870955]: [INFO] powersupply_dc:  :: Infy[0x00]: serial number: SN_2818a396c70776_V
2025-12-16T18:54:27.512510+0100 chargesom manager[870955]: [INFO] powersupply_dc:  :: Infy[0x00]: capabilities: 1000V / 50V, 102A, power 30000W
2025-12-16T18:54:27.512510+0100 chargesom manager[870955]: [INFO] powersupply_dc:  :: Infy: Capabilities updated: 1000V / 50V, 102A, power 30000W
2025-12-16T18:54:27.521227+0100 chargesom manager[870955]: [INFO] powersupply_dc:  :: Infy[0x00]: capabilities: 1000V / 50V, 102A, power 30000W
2025-12-16T18:54:27.521574+0100 chargesom manager[870955]: [INFO] powersupply_dc:  :: Infy: Capabilities updated: 1000V / 50V, 102A, power 30000W
2025-12-16T18:54:27.523482+0100 chargesom manager[870955]: [INFO] powersupply_dc:  :: Infy[0x00]: serial number: SN_2818a396c70776_V
2025-12-16T18:54:27.532778+0100 chargesom manager[870955]: [INFO] powersupply_dc:  :: Infy[0x00]: serial number: SN_2818a396c70776_V
2025-12-16T18:54:27.535060+0100 chargesom manager[870955]: [INFO] powersupply_dc:  :: Infy[0x00]: capabilities: 1000V / 50V, 102A, power 30000W
2025-12-16T18:54:27.535434+0100 chargesom manager[870955]: [INFO] powersupply_dc:  :: Infy: Capabilities updated: 1000V / 50V, 102A, power 30000W
2025-12-16T18:54:27.544652+0100 chargesom manager[870955]: [INFO] powersupply_dc:  :: Infy[0x00]: serial number: SN_2818a396c70776_V
2025-12-16T18:54:27.547556+0100 chargesom manager[870955]: [INFO] powersupply_dc:  :: Infy[0x00]: capabilities: 1000V / 50V, 102A, power 30000W
2025-12-16T18:54:27.547556+0100 chargesom manager[870955]: [INFO] powersupply_dc:  :: Infy: Capabilities updated: 1000V / 50V, 102A, power 30000W
2025-12-16T18:54:27.556845+0100 chargesom manager[870955]: [INFO] powersupply_dc:  :: Infy[0x00]: serial number: SN_2818a396c70776_V
2025-12-16T18:54:27.558616+0100 chargesom manager[870955]: [INFO] powersupply_dc:  :: Infy[0x00]: capabilities: 1000V / 50V, 102A, power 30000W
2025-12-16T18:54:27.560119+0100 chargesom manager[870955]: [INFO] powersupply_dc:  :: Infy: Capabilities updated: 1000V / 50V, 102A, power 30000W
2025-12-16T18:54:27.565404+0100 chargesom manager[870955]: [INFO] powersupply_dc:  :: Infy[0x00]: capabilities: 1000V / 50V, 102A, power 30000W
2025-12-16T18:54:27.565741+0100 chargesom manager[870955]: [INFO] powersupply_dc:  :: Infy: Capabilities updated: 1000V / 50V, 102A, power 30000W
2025-12-16T18:54:27.572396+0100 chargesom manager[870955]: [INFO] powersupply_dc:  :: Infy[0x00]: serial number: SN_2818a396c70776_V
2025-12-16T18:54:27.579305+0100 chargesom manager[870955]: [INFO] powersupply_dc:  :: Infy[0x00]: serial number: SN_2818a396c70776_V
2025-12-16T18:54:27.581632+0100 chargesom manager[870955]: [INFO] powersupply_dc:  :: Infy[0x00]: capabilities: 1000V / 50V, 102A, power 30000W
2025-12-16T18:54:27.581938+0100 chargesom manager[870955]: [INFO] powersupply_dc:  :: Infy: Capabilities updated: 1000V / 50V, 102A, power 30000W
2025-12-16T18:54:27.591014+0100 chargesom manager[870955]: [INFO] powersupply_dc:  :: Infy[0x00]: capabilities: 1000V / 50V, 102A, power 30000W
2025-12-16T18:54:27.591335+0100 chargesom manager[870955]: [INFO] powersupply_dc:  :: Infy: Capabilities updated: 1000V / 50V, 102A, power 30000W
2025-12-16T18:54:27.593293+0100 chargesom manager[870955]: [INFO] powersupply_dc:  :: Infy[0x00]: serial number: SN_2818a396c70776_V
2025-12-16T18:54:27.600318+0100 chargesom manager[870955]: [INFO] powersupply_dc:  :: Infy[0x00]: capabilities: 1000V / 50V, 102A, power 30000W
2025-12-16T18:54:27.600729+0100 chargesom manager[870955]: [INFO] powersupply_dc:  :: Infy: Capabilities updated: 1000V / 50V, 102A, power 30000W
2025-12-16T18:54:27.605040+0100 chargesom manager[870955]: [INFO] powersupply_dc:  :: Infy[0x00]: serial number: SN_2818a396c70776_V
2025-12-16T18:54:27.611882+0100 chargesom manager[870955]: [INFO] powersupply_dc:  :: Infy[0x00]: capabilities: 1000V / 50V, 102A, power 30000W
2025-12-16T18:54:27.612184+0100 chargesom manager[870955]: [INFO] powersupply_dc:  :: Infy: Capabilities updated: 1000V / 50V, 102A, power 30000W
2025-12-16T18:54:27.618916+0100 chargesom manager[870955]: [INFO] powersupply_dc:  :: Infy[0x00]: serial number: SN_2818a396c70776_V
2025-12-16T18:54:27.625843+0100 chargesom manager[870955]: [INFO] powersupply_dc:  :: Infy[0x00]: serial number: SN_2818a396c70776_V
2025-12-16T18:54:27.628154+0100 chargesom manager[870955]: [INFO] powersupply_dc:  :: Infy[0x00]: capabilities: 1000V / 50V, 102A, power 30000W
2025-12-16T18:54:27.628456+0100 chargesom manager[870955]: [INFO] powersupply_dc:  :: Infy: Capabilities updated: 1000V / 50V, 102A, power 30000W
2025-12-16T18:54:27.637564+0100 chargesom manager[870955]: [INFO] powersupply_dc:  :: Infy[0x00]: capabilities: 1000V / 50V, 102A, power 30000W
2025-12-16T18:54:27.637889+0100 chargesom manager[870955]: [INFO] powersupply_dc:  :: Infy: Capabilities updated: 1000V / 50V, 102A, power 30000W
2025-12-16T18:54:27.639847+0100 chargesom manager[870955]: [INFO] powersupply_dc:  :: Infy[0x00]: serial number: SN_2818a396c70776_V
2025-12-16T18:54:27.649416+0100 chargesom manager[870955]: [INFO] powersupply_dc:  :: Infy[0x00]: serial number: SN_2818a396c70776_V
2025-12-16T18:54:27.652066+0100 chargesom manager[870955]: [INFO] powersupply_dc:  :: Infy[0x00]: capabilities: 1000V / 50V, 102A, power 30000W
2025-12-16T18:54:27.652066+0100 chargesom manager[870955]: [INFO] powersupply_dc:  :: Infy: Capabilities updated: 1000V / 50V, 102A, power 30000W
2025-12-16T18:54:27.660805+0100 chargesom manager[870955]: [INFO] powersupply_dc:  :: Infy[0x00]: serial number: SN_2818a396c70776_V
2025-12-16T18:54:27.663111+0100 chargesom manager[870955]: [INFO] powersupply_dc:  :: Infy[0x00]: capabilities: 1000V / 50V, 102A, power 30000W
2025-12-16T18:54:27.663446+0100 chargesom manager[870955]: [INFO] powersupply_dc:  :: Infy: Capabilities updated: 1000V / 50V, 102A, power 30000W
2025-12-16T18:54:27.672418+0100 chargesom manager[870955]: [INFO] powersupply_dc:  :: Infy[0x00]: serial number: SN_2818a396c70776_V
2025-12-16T18:54:27.674730+0100 chargesom manager[870955]: [INFO] powersupply_dc:  :: Infy[0x00]: capabilities: 1000V / 50V, 102A, power 30000W
2025-12-16T18:54:27.675020+0100 chargesom manager[870955]: [INFO] powersupply_dc:  :: Infy: Capabilities updated: 1000V / 50V, 102A, power 30000W
2025-12-16T18:54:27.681747+0100 chargesom manager[870955]: [INFO] powersupply_dc:  :: Infy[0x00]: capabilities: 1000V / 50V, 102A, power 30000W
2025-12-16T18:54:27.682070+0100 chargesom manager[870955]: [INFO] powersupply_dc:  :: Infy: Capabilities updated: 1000V / 50V, 102A, power 30000W
2025-12-16T18:54:27.686440+0100 chargesom manager[870955]: [INFO] powersupply_dc:  :: Infy[0x00]: serial number: SN_2818a396c70776_V
2025-12-16T18:54:27.695777+0100 chargesom manager[870955]: [INFO] powersupply_dc:  :: Infy[0x00]: serial number: SN_2818a396c70776_V
2025-12-16T18:54:27.697999+0100 chargesom manager[870955]: [INFO] powersupply_dc:  :: Infy[0x00]: capabilities: 1000V / 50V, 102A, power 30000W
2025-12-16T18:54:27.698299+0100 chargesom manager[870955]: [INFO] powersupply_dc:  :: Infy: Capabilities updated: 1000V / 50V, 102A, power 30000W
2025-12-16T18:54:27.707520+0100 chargesom manager[870955]: [INFO] powersupply_dc:  :: Infy[0x00]: serial number: SN_2818a396c70776_V
2025-12-16T18:54:27.710181+0100 chargesom manager[870955]: [INFO] powersupply_dc:  :: Infy[0x00]: capabilities: 1000V / 50V, 102A, power 30000W
2025-12-16T18:54:27.710181+0100 chargesom manager[870955]: [INFO] powersupply_dc:  :: Infy: Capabilities updated: 1000V / 50V, 102A, power 30000W
2025-12-16T18:54:27.719033+0100 chargesom manager[870955]: [INFO] powersupply_dc:  :: Infy[0x00]: capabilities: 1000V / 50V, 102A, power 30000W
2025-12-16T18:54:27.719381+0100 chargesom manager[870955]: [INFO] powersupply_dc:  :: Infy: Capabilities updated: 1000V / 50V, 102A, power 30000W
2025-12-16T18:54:27.721297+0100 chargesom manager[870955]: [INFO] powersupply_dc:  :: Infy[0x00]: serial number: SN_2818a396c70776_V
2025-12-16T18:54:27.728252+0100 chargesom manager[870955]: [INFO] powersupply_dc:  :: Infy[0x00]: capabilities: 1000V / 50V, 102A, power 30000W
2025-12-16T18:54:27.728866+0100 chargesom manager[870955]: [INFO] powersupply_dc:  :: Infy: Capabilities updated: 1000V / 50V, 102A, power 30000W
2025-12-16T18:54:27.735293+0100 chargesom manager[870955]: [INFO] powersupply_dc:  :: Infy[0x00]: serial number: SN_2818a396c70776_V
2025-12-16T18:54:27.742357+0100 chargesom manager[870955]: [INFO] powersupply_dc:  :: Infy[0x00]: capabilities: 1000V / 50V, 102A, power 30000W
2025-12-16T18:54:27.742703+0100 chargesom manager[870955]: [INFO] powersupply_dc:  :: Infy: Capabilities updated: 1000V / 50V, 102A, power 30000W
2025-12-16T18:54:27.746958+0100 chargesom manager[870955]: [INFO] powersupply_dc:  :: Infy[0x00]: serial number: SN_2818a396c70776_V
2025-12-16T18:54:27.754080+0100 chargesom manager[870955]: [INFO] powersupply_dc:  :: Infy[0x00]: capabilities: 1000V / 50V, 102A, power 30000W
2025-12-16T18:54:27.754417+0100 chargesom manager[870955]: [INFO] powersupply_dc:  :: Infy: Capabilities updated: 1000V / 50V, 102A, power 30000W
2025-12-16T18:54:27.756205+0100 chargesom manager[870955]: [INFO] powersupply_dc:  :: Infy[0x00]: serial number: SN_2818a396c70776_V
2025-12-16T18:54:27.765602+0100 chargesom manager[870955]: [INFO] powersupply_dc:  :: Infy[0x00]: capabilities: 1000V / 50V, 102A, power 30000W
2025-12-16T18:54:27.765946+0100 chargesom manager[870955]: [INFO] powersupply_dc:  :: Infy: Capabilities updated: 1000V / 50V, 102A, power 30000W
2025-12-16T18:54:27.767822+0100 chargesom manager[870955]: [INFO] powersupply_dc:  :: Infy[0x00]: serial number: SN_2818a396c70776_V
2025-12-16T18:54:27.777188+0100 chargesom manager[870955]: [INFO] powersupply_dc:  :: Infy[0x00]: capabilities: 1000V / 50V, 102A, power 30000W
2025-12-16T18:54:27.777512+0100 chargesom manager[870955]: [INFO] powersupply_dc:  :: Infy: Capabilities updated: 1000V / 50V, 102A, power 30000W
2025-12-16T18:54:27.781958+0100 chargesom manager[870955]: [INFO] powersupply_dc:  :: Infy[0x00]: serial number: SN_2818a396c70776_V
2025-12-16T18:54:27.788849+0100 chargesom manager[870955]: [INFO] powersupply_dc:  :: Infy[0x00]: capabilities: 1000V / 50V, 102A, power 30000W
2025-12-16T18:54:27.789282+0100 chargesom manager[870955]: [INFO] powersupply_dc:  :: Infy: Capabilities updated: 1000V / 50V, 102A, power 30000W
2025-12-16T18:54:27.791078+0100 chargesom manager[870955]: [INFO] powersupply_dc:  :: Infy[0x00]: serial number: SN_2818a396c70776_V
2025-12-16T18:54:27.798211+0100 chargesom manager[870955]: [INFO] powersupply_dc:  :: Infy[0x00]: capabilities: 1000V / 50V, 102A, power 30000W
2025-12-16T18:54:27.798211+0100 chargesom manager[870955]: [INFO] powersupply_dc:  :: Infy: Capabilities updated: 1000V / 50V, 102A, power 30000W
2025-12-16T18:54:27.802822+0100 chargesom manager[870955]: [INFO] powersupply_dc:  :: Infy[0x00]: serial number: SN_2818a396c70776_V
2025-12-16T18:54:27.809704+0100 chargesom manager[870955]: [INFO] powersupply_dc:  :: Infy[0x00]: capabilities: 1000V / 50V, 102A, power 30000W
2025-12-16T18:54:27.810033+0100 chargesom manager[870955]: [INFO] powersupply_dc:  :: Infy: Capabilities updated: 1000V / 50V, 102A, power 30000W
2025-12-16T18:54:27.816713+0100 chargesom manager[870955]: [INFO] powersupply_dc:  :: Infy[0x00]: serial number: SN_2818a396c70776_V
2025-12-16T18:54:27.823567+0100 chargesom manager[870955]: [INFO] powersupply_dc:  :: Infy[0x00]: serial number: SN_2818a396c70776_V
2025-12-16T18:54:27.825954+0100 chargesom manager[870955]: [INFO] powersupply_dc:  :: Infy[0x00]: capabilities: 1000V / 50V, 102A, power 30000W
2025-12-16T18:54:27.826365+0100 chargesom manager[870955]: [INFO] powersupply_dc:  :: Infy: Capabilities updated: 1000V / 50V, 102A, power 30000W
2025-12-16T18:54:27.835350+0100 chargesom manager[870955]: [INFO] powersupply_dc:  :: Infy[0x00]: capabilities: 1000V / 50V, 102A, power 30000W
2025-12-16T18:54:27.835726+0100 chargesom manager[870955]: [INFO] powersupply_dc:  :: Infy: Capabilities updated: 1000V / 50V, 102A, power 30000W
2025-12-16T18:54:27.837585+0100 chargesom manager[870955]: [INFO] powersupply_dc:  :: Infy[0x00]: serial number: SN_2818a396c70776_V
2025-12-16T18:54:27.846912+0100 chargesom manager[870955]: [INFO] powersupply_dc:  :: Infy[0x00]: capabilities: 1000V / 50V, 102A, power 30000W
2025-12-16T18:54:27.847218+0100 chargesom manager[870955]: [INFO] powersupply_dc:  :: Infy: Capabilities updated: 1000V / 50V, 102A, power 30000W
2025-12-16T18:54:27.849202+0100 chargesom manager[870955]: [INFO] powersupply_dc:  :: Infy[0x00]: serial number: SN_2818a396c70776_V
2025-12-16T18:54:27.858526+0100 chargesom manager[870955]: [INFO] powersupply_dc:  :: Infy[0x00]: capabilities: 1000V / 50V, 102A, power 30000W
2025-12-16T18:54:27.858814+0100 chargesom manager[870955]: [INFO] powersupply_dc:  :: Infy: Capabilities updated: 1000V / 50V, 102A, power 30000W
2025-12-16T18:54:27.863192+0100 chargesom manager[870955]: [INFO] powersupply_dc:  :: Infy[0x00]: serial number: SN_2818a396c70776_V
2025-12-16T18:54:27.870156+0100 chargesom manager[870955]: [INFO] powersupply_dc:  :: Infy[0x00]: capabilities: 1000V / 50V, 102A, power 30000W
2025-12-16T18:54:27.870556+0100 chargesom manager[870955]: [INFO] powersupply_dc:  :: Infy: Capabilities updated: 1000V / 50V, 102A, power 30000W
2025-12-16T18:54:27.872457+0100 chargesom manager[870955]: [INFO] powersupply_dc:  :: Infy[0x00]: serial number: SN_2818a396c70776_V
2025-12-16T18:54:27.881823+0100 chargesom manager[870955]: [INFO] powersupply_dc:  :: Infy[0x00]: serial number: SN_2818a396c70776_V
2025-12-16T18:54:27.884087+0100 chargesom manager[870955]: [INFO] powersupply_dc:  :: Infy[0x00]: capabilities: 1000V / 50V, 102A, power 30000W
2025-12-16T18:54:27.884410+0100 chargesom manager[870955]: [INFO] powersupply_dc:  :: Infy: Capabilities updated: 1000V / 50V, 102A, power 30000W
2025-12-16T18:54:27.893517+0100 chargesom manager[870955]: [INFO] powersupply_dc:  :: Infy[0x00]: capabilities: 1000V / 50V, 102A, power 30000W
2025-12-16T18:54:27.893860+0100 chargesom manager[870955]: [INFO] powersupply_dc:  :: Infy: Capabilities updated: 1000V / 50V, 102A, power 30000W
2025-12-16T18:54:27.895744+0100 chargesom manager[870955]: [INFO] powersupply_dc:  :: Infy[0x00]: serial number: SN_2818a396c70776_V
2025-12-16T18:54:27.902722+0100 chargesom manager[870955]: [INFO] powersupply_dc:  :: Infy[0x00]: capabilities: 1000V / 50V, 102A, power 30000W
2025-12-16T18:54:27.903028+0100 chargesom manager[870955]: [INFO] powersupply_dc:  :: Infy: Capabilities updated: 1000V / 50V, 102A, power 30000W
2025-12-16T18:54:27.907374+0100 chargesom manager[870955]: [INFO] powersupply_dc:  :: Infy[0x00]: serial number: SN_2818a396c70776_V
2025-12-16T18:54:27.917325+0100 chargesom manager[870955]: [INFO] powersupply_dc:  :: Infy[0x00]: capabilities: 1000V / 50V, 102A, power 30000W
2025-12-16T18:54:27.917325+0100 chargesom manager[870955]: [INFO] powersupply_dc:  :: Infy: Capabilities updated: 1000V / 50V, 102A, power 30000W
2025-12-16T18:54:27.919103+0100 chargesom manager[870955]: [INFO] powersupply_dc:  :: Infy[0x00]: serial number: SN_2818a396c70776_V
2025-12-16T18:54:27.928348+0100 chargesom manager[870955]: [INFO] powersupply_dc:  :: Infy[0x00]: serial number: SN_2818a396c70776_V
2025-12-16T18:54:27.930640+0100 chargesom manager[870955]: [INFO] powersupply_dc:  :: Infy[0x00]: capabilities: 1000V / 50V, 102A, power 30000W
2025-12-16T18:54:27.930922+0100 chargesom manager[870955]: [INFO] powersupply_dc:  :: Infy: Capabilities updated: 1000V / 50V, 102A, power 30000W
2025-12-16T18:54:27.939968+0100 chargesom manager[870955]: [INFO] powersupply_dc:  :: Infy[0x00]: serial number: SN_2818a396c70776_V
2025-12-16T18:54:27.942260+0100 chargesom manager[870955]: [INFO] powersupply_dc:  :: Infy[0x00]: capabilities: 1000V / 50V, 102A, power 30000W
2025-12-16T18:54:27.942541+0100 chargesom manager[870955]: [INFO] powersupply_dc:  :: Infy: Capabilities updated: 1000V / 50V, 102A, power 30000W
2025-12-16T18:54:27.951603+0100 chargesom manager[870955]: [INFO] powersupply_dc:  :: Infy[0x00]: serial number: SN_2818a396c70776_V
2025-12-16T18:54:27.953895+0100 chargesom manager[870955]: [INFO] powersupply_dc:  :: Infy[0x00]: capabilities: 1000V / 50V, 102A, power 30000W
2025-12-16T18:54:27.954208+0100 chargesom manager[870955]: [INFO] powersupply_dc:  :: Infy: Capabilities updated: 1000V / 50V, 102A, power 30000W
2025-12-16T18:54:27.961706+0100 chargesom manager[870955]: [INFO] powersupply_dc:  :: Infy[0x00]: capabilities: 1000V / 50V, 102A, power 30000W
2025-12-16T18:54:27.961706+0100 chargesom manager[870955]: [INFO] powersupply_dc:  :: Infy: Capabilities updated: 1000V / 50V, 102A, power 30000W
2025-12-16T18:54:27.966124+0100 chargesom manager[870955]: [INFO] powersupply_dc:  :: Infy[0x00]: serial number: SN_2818a396c70776_V
2025-12-16T18:54:27.972585+0100 chargesom manager[870955]: [INFO] powersupply_dc:  :: Infy[0x00]: capabilities: 1000V / 50V, 102A, power 30000W
2025-12-16T18:54:27.972978+0100 chargesom manager[870955]: [INFO] powersupply_dc:  :: Infy: Capabilities updated: 1000V / 50V, 102A, power 30000W
2025-12-16T18:54:27.977244+0100 chargesom manager[870955]: [INFO] powersupply_dc:  :: Infy[0x00]: serial number: SN_2818a396c70776_V
2025-12-16T18:54:27.984201+0100 chargesom manager[870955]: [INFO] powersupply_dc:  :: Infy[0x00]: capabilities: 1000V / 50V, 102A, power 30000W
2025-12-16T18:54:27.984591+0100 chargesom manager[870955]: [INFO] powersupply_dc:  :: Infy: Capabilities updated: 1000V / 50V, 102A, power 30000W
2025-12-16T18:54:27.988814+0100 chargesom manager[870955]: [INFO] powersupply_dc:  :: Infy[0x00]: serial number: SN_2818a396c70776_V
2025-12-16T18:54:27.995812+0100 chargesom manager[870955]: [INFO] powersupply_dc:  :: Infy[0x00]: capabilities: 1000V / 50V, 102A, power 30000W
2025-12-16T18:54:27.996145+0100 chargesom manager[870955]: [INFO] powersupply_dc:  :: Infy: Capabilities updated: 1000V / 50V, 102A, power 30000W
2025-12-16T18:54:28.000466+0100 chargesom manager[870955]: [INFO] powersupply_dc:  :: Infy[0x00]: serial number: SN_2818a396c70776_V
2025-12-16T18:54:28.010428+0100 chargesom manager[870955]: [INFO] powersupply_dc:  :: Infy[0x00]: capabilities: 1000V / 50V, 102A, power 30000W
2025-12-16T18:54:28.011190+0100 chargesom manager[870955]: [INFO] powersupply_dc:  :: Infy: Capabilities updated: 1000V / 50V, 102A, power 30000W
2025-12-16T18:54:28.012660+0100 chargesom manager[870955]: [INFO] powersupply_dc:  :: Infy[0x00]: serial number: SN_2818a396c70776_V
2025-12-16T18:54:28.021434+0100 chargesom manager[870955]: [INFO] powersupply_dc:  :: Infy[0x00]: serial number: SN_2818a396c70776_V
2025-12-16T18:54:28.023708+0100 chargesom manager[870955]: [INFO] powersupply_dc:  :: Infy[0x00]: capabilities: 1000V / 50V, 102A, power 30000W
2025-12-16T18:54:28.023984+0100 chargesom manager[870955]: [INFO] powersupply_dc:  :: Infy: Capabilities updated: 1000V / 50V, 102A, power 30000W
2025-12-16T18:54:28.033064+0100 chargesom manager[870955]: [INFO] powersupply_dc:  :: Infy[0x00]: serial number: SN_2818a396c70776_V
2025-12-16T18:54:28.035348+0100 chargesom manager[870955]: [INFO] powersupply_dc:  :: Infy[0x00]: capabilities: 1000V / 50V, 102A, power 30000W
2025-12-16T18:54:28.035765+0100 chargesom manager[870955]: [INFO] powersupply_dc:  :: Infy: Capabilities updated: 1000V / 50V, 102A, power 30000W
2025-12-16T18:54:28.044826+0100 chargesom manager[870955]: [INFO] powersupply_dc:  :: Infy[0x00]: capabilities: 1000V / 50V, 102A, power 30000W
2025-12-16T18:54:28.044826+0100 chargesom manager[870955]: [INFO] powersupply_dc:  :: Infy: Capabilities updated: 1000V / 50V, 102A, power 30000W
2025-12-16T18:54:28.047047+0100 chargesom manager[870955]: [INFO] powersupply_dc:  :: Infy[0x00]: serial number: SN_2818a396c70776_V
2025-12-16T18:54:28.056515+0100 chargesom manager[870955]: [INFO] powersupply_dc:  :: Infy[0x00]: serial number: SN_2818a396c70776_V
2025-12-16T18:54:28.059131+0100 chargesom manager[870955]: [INFO] powersupply_dc:  :: Infy[0x00]: capabilities: 1000V / 50V, 102A, power 30000W
2025-12-16T18:54:28.059131+0100 chargesom manager[870955]: [INFO] powersupply_dc:  :: Infy: Capabilities updated: 1000V / 50V, 102A, power 30000W
2025-12-16T18:54:28.068019+0100 chargesom manager[870955]: [INFO] powersupply_dc:  :: Infy[0x00]: serial number: SN_2818a396c70776_V
2025-12-16T18:54:28.070281+0100 chargesom manager[870955]: [INFO] powersupply_dc:  :: Infy[0x00]: capabilities: 1000V / 50V, 102A, power 30000W
2025-12-16T18:54:28.070570+0100 chargesom manager[870955]: [INFO] powersupply_dc:  :: Infy: Capabilities updated: 1000V / 50V, 102A, power 30000W
2025-12-16T18:54:28.079621+0100 chargesom manager[870955]: [INFO] powersupply_dc:  :: Infy[0x00]: serial number: SN_2818a396c70776_V
2025-12-16T18:54:28.081908+0100 chargesom manager[870955]: [INFO] powersupply_dc:  :: Infy[0x00]: capabilities: 1000V / 50V, 102A, power 30000W
2025-12-16T18:54:28.082205+0100 chargesom manager[870955]: [INFO] powersupply_dc:  :: Infy: Capabilities updated: 1000V / 50V, 102A, power 30000W
2025-12-16T18:54:28.088950+0100 chargesom manager[870955]: [INFO] powersupply_dc:  :: Infy[0x00]: capabilities: 1000V / 50V, 102A, power 30000W
2025-12-16T18:54:28.089272+0100 chargesom manager[870955]: [INFO] powersupply_dc:  :: Infy: Capabilities updated: 1000V / 50V, 102A, power 30000W
2025-12-16T18:54:28.095973+0100 chargesom manager[870955]: [INFO] powersupply_dc:  :: Infy[0x00]: serial number: SN_2818a396c70776_V
2025-12-16T18:54:28.102889+0100 chargesom manager[870955]: [INFO] powersupply_dc:  :: Infy[0x00]: serial number: SN_2818a396c70776_V
2025-12-16T18:54:28.105719+0100 chargesom manager[870955]: [INFO] powersupply_dc:  :: Infy[0x00]: capabilities: 1000V / 50V, 102A, power 30000W
2025-12-16T18:54:28.106057+0100 chargesom manager[870955]: [INFO] powersupply_dc:  :: Infy: Capabilities updated: 1000V / 50V, 102A, power 30000W
2025-12-16T18:54:28.112263+0100 chargesom manager[870955]: [INFO] powersupply_dc:  :: Infy[0x00]: capabilities: 1000V / 50V, 102A, power 30000W
2025-12-16T18:54:28.112660+0100 chargesom manager[870955]: [INFO] powersupply_dc:  :: Infy: Capabilities updated: 1000V / 50V, 102A, power 30000W
2025-12-16T18:54:28.119192+0100 chargesom manager[870955]: [INFO] powersupply_dc:  :: Infy[0x00]: serial number: SN_2818a396c70776_V
2025-12-16T18:54:28.126142+0100 chargesom manager[870955]: [INFO] powersupply_dc:  :: Infy[0x00]: serial number: SN_2818a396c70776_V
2025-12-16T18:54:28.128440+0100 chargesom manager[870955]: [INFO] powersupply_dc:  :: Infy[0x00]: capabilities: 1000V / 50V, 102A, power 30000W
2025-12-16T18:54:28.128855+0100 chargesom manager[870955]: [INFO] powersupply_dc:  :: Infy: Capabilities updated: 1000V / 50V, 102A, power 30000W
2025-12-16T18:54:28.137781+0100 chargesom manager[870955]: [INFO] powersupply_dc:  :: Infy[0x00]: serial number: SN_2818a396c70776_V
2025-12-16T18:54:28.142428+0100 chargesom manager[870955]: [INFO] powersupply_dc:  :: Infy[0x00]: capabilities: 1000V / 50V, 102A, power 30000W
2025-12-16T18:54:28.142722+0100 chargesom manager[870955]: [INFO] powersupply_dc:  :: Infy: Capabilities updated: 1000V / 50V, 102A, power 30000W
2025-12-16T18:54:28.147110+0100 chargesom manager[870955]: [INFO] powersupply_dc:  :: Infy[0x00]: capabilities: 1000V / 50V, 102A, power 30000W
2025-12-16T18:54:28.147427+0100 chargesom manager[870955]: [INFO] powersupply_dc:  :: Infy: Capabilities updated: 1000V / 50V, 102A, power 30000W
2025-12-16T18:54:28.154532+0100 chargesom manager[870955]: [INFO] powersupply_dc:  :: Infy[0x00]: serial number: SN_2818a396c70776_V
2025-12-16T18:54:28.161089+0100 chargesom manager[870955]: [INFO] powersupply_dc:  :: Infy[0x00]: serial number: SN_2818a396c70776_V
2025-12-16T18:54:28.163350+0100 chargesom manager[870955]: [INFO] powersupply_dc:  :: Infy[0x00]: capabilities: 1000V / 50V, 102A, power 30000W
2025-12-16T18:54:28.163652+0100 chargesom manager[870955]: [INFO] powersupply_dc:  :: Infy: Capabilities updated: 1000V / 50V, 102A, power 30000W
2025-12-16T18:54:28.172792+0100 chargesom manager[870955]: [INFO] powersupply_dc:  :: Infy[0x00]: capabilities: 1000V / 50V, 102A, power 30000W
2025-12-16T18:54:28.173144+0100 chargesom manager[870955]: [INFO] powersupply_dc:  :: Infy: Capabilities updated: 1000V / 50V, 102A, power 30000W
2025-12-16T18:54:28.175016+0100 chargesom manager[870955]: [INFO] powersupply_dc:  :: Infy[0x00]: serial number: SN_2818a396c70776_V
2025-12-16T18:54:28.182007+0100 chargesom manager[870955]: [INFO] powersupply_dc:  :: Infy[0x00]: capabilities: 1000V / 50V, 102A, power 30000W
2025-12-16T18:54:28.182308+0100 chargesom manager[870955]: [INFO] powersupply_dc:  :: Infy: Capabilities updated: 1000V / 50V, 102A, power 30000W
2025-12-16T18:54:28.186661+0100 chargesom manager[870955]: [INFO] powersupply_dc:  :: Infy[0x00]: serial number: SN_2818a396c70776_V
2025-12-16T18:54:28.193768+0100 chargesom manager[870955]: [INFO] powersupply_dc:  :: Infy[0x00]: capabilities: 1000V / 50V, 102A, power 30000W
2025-12-16T18:54:28.194111+0100 chargesom manager[870955]: [INFO] powersupply_dc:  :: Infy: Capabilities updated: 1000V / 50V, 102A, power 30000W
2025-12-16T18:54:28.200772+0100 chargesom manager[870955]: [INFO] powersupply_dc:  :: Infy[0x00]: serial number: SN_2818a396c70776_V
2025-12-16T18:54:28.207603+0100 chargesom manager[870955]: [INFO] powersupply_dc:  :: Infy[0x00]: serial number: SN_2818a396c70776_V
2025-12-16T18:54:28.209911+0100 chargesom manager[870955]: [INFO] powersupply_dc:  :: Infy[0x00]: capabilities: 1000V / 50V, 102A, power 30000W
2025-12-16T18:54:28.210204+0100 chargesom manager[870955]: [INFO] powersupply_dc:  :: Infy: Capabilities updated: 1000V / 50V, 102A, power 30000W
2025-12-16T18:54:28.219304+0100 chargesom manager[870955]: [INFO] powersupply_dc:  :: Infy[0x00]: capabilities: 1000V / 50V, 102A, power 30000W
2025-12-16T18:54:28.219632+0100 chargesom manager[870955]: [INFO] powersupply_dc:  :: Infy: Capabilities updated: 1000V / 50V, 102A, power 30000W
2025-12-16T18:54:28.221574+0100 chargesom manager[870955]: [INFO] powersupply_dc:  :: Infy[0x00]: serial number: SN_2818a396c70776_V
2025-12-16T18:54:28.230844+0100 chargesom manager[870955]: [INFO] powersupply_dc:  :: Infy[0x00]: serial number: SN_2818a396c70776_V
2025-12-16T18:54:28.233163+0100 chargesom manager[870955]: [INFO] powersupply_dc:  :: Infy[0x00]: capabilities: 1000V / 50V, 102A, power 30000W
2025-12-16T18:54:28.233438+0100 chargesom manager[870955]: [INFO] powersupply_dc:  :: Infy: Capabilities updated: 1000V / 50V, 102A, power 30000W
2025-12-16T18:54:28.243058+0100 chargesom manager[870955]: [INFO] powersupply_dc:  :: Infy[0x00]: capabilities: 1000V / 50V, 102A, power 30000W
2025-12-16T18:54:28.243058+0100 chargesom manager[870955]: [INFO] powersupply_dc:  :: Infy: Capabilities updated: 1000V / 50V, 102A, power 30000W
2025-12-16T18:54:28.244878+0100 chargesom manager[870955]: [INFO] powersupply_dc:  :: Infy[0x00]: serial number: SN_2818a396c70776_V
2025-12-16T18:54:28.251812+0100 chargesom manager[870955]: [INFO] powersupply_dc:  :: Infy[0x00]: capabilities: 1000V / 50V, 102A, power 30000W
2025-12-16T18:54:28.252122+0100 chargesom manager[870955]: [INFO] powersupply_dc:  :: Infy: Capabilities updated: 1000V / 50V, 102A, power 30000W
2025-12-16T18:54:28.256479+0100 chargesom manager[870955]: [INFO] powersupply_dc:  :: Infy[0x00]: serial number: SN_2818a396c70776_V
2025-12-16T18:54:28.263454+0100 chargesom manager[870955]: [INFO] powersupply_dc:  :: Infy[0x00]: capabilities: 1000V / 50V, 102A, power 30000W
2025-12-16T18:54:28.263749+0100 chargesom manager[870955]: [INFO] powersupply_dc:  :: Infy: Capabilities updated: 1000V / 50V, 102A, power 30000W
2025-12-16T18:54:28.270478+0100 chargesom manager[870955]: [INFO] powersupply_dc:  :: Infy[0x00]: serial number: SN_2818a396c70776_V
2025-12-16T18:54:28.277545+0100 chargesom manager[870955]: [INFO] powersupply_dc:  :: Infy[0x00]: capabilities: 1000V / 50V, 102A, power 30000W
2025-12-16T18:54:28.277889+0100 chargesom manager[870955]: [INFO] powersupply_dc:  :: Infy: Capabilities updated: 1000V / 50V, 102A, power 30000W
2025-12-16T18:54:28.282168+0100 chargesom manager[870955]: [INFO] powersupply_dc:  :: Infy[0x00]: serial number: SN_2818a396c70776_V
2025-12-16T18:54:28.287323+0100 chargesom manager[870955]: [INFO] powersupply_dc:  :: Infy[0x00]: capabilities: 1000V / 50V, 102A, power 30000W
2025-12-16T18:54:28.287323+0100 chargesom manager[870955]: [INFO] powersupply_dc:  :: Infy: Capabilities updated: 1000V / 50V, 102A, power 30000W
2025-12-16T18:54:28.291373+0100 chargesom manager[870955]: [INFO] powersupply_dc:  :: Infy[0x00]: serial number: SN_2818a396c70776_V
2025-12-16T18:54:28.300747+0100 chargesom manager[870955]: [INFO] powersupply_dc:  :: Infy[0x00]: capabilities: 1000V / 50V, 102A, power 30000W
2025-12-16T18:54:28.301076+0100 chargesom manager[870955]: [INFO] powersupply_dc:  :: Infy: Capabilities updated: 1000V / 50V, 102A, power 30000W
2025-12-16T18:54:28.302973+0100 chargesom manager[870955]: [INFO] powersupply_dc:  :: Infy[0x00]: serial number: SN_2818a396c70776_V
2025-12-16T18:54:28.312523+0100 chargesom manager[870955]: [INFO] powersupply_dc:  :: Infy[0x00]: capabilities: 1000V / 50V, 102A, power 30000W
2025-12-16T18:54:28.312523+0100 chargesom manager[870955]: [INFO] powersupply_dc:  :: Infy: Capabilities updated: 1000V / 50V, 102A, power 30000W
2025-12-16T18:54:28.314989+0100 chargesom manager[870955]: [INFO] powersupply_dc:  :: Infy[0x00]: serial number: SN_2818a396c70776_V
2025-12-16T18:54:28.323941+0100 chargesom manager[870955]: [INFO] powersupply_dc:  :: Infy[0x00]: capabilities: 1000V / 50V, 102A, power 30000W
2025-12-16T18:54:28.324373+0100 chargesom manager[870955]: [INFO] powersupply_dc:  :: Infy: Capabilities updated: 1000V / 50V, 102A, power 30000W
2025-12-16T18:54:28.326248+0100 chargesom manager[870955]: [INFO] powersupply_dc:  :: Infy[0x00]: serial number: SN_2818a396c70776_V
2025-12-16T18:54:28.336768+0100 chargesom manager[870955]: [INFO] powersupply_dc:  :: Infy[0x00]: capabilities: 1000V / 50V, 102A, power 30000W
2025-12-16T18:54:28.337158+0100 chargesom manager[870955]: [INFO] powersupply_dc:  :: Infy: Capabilities updated: 1000V / 50V, 102A, power 30000W
2025-12-16T18:55:04.903642+0100 chargesom manager[870926]: [INFO] bsp:CbChargeSOM  :: CP state change from A to B, PWM: 100.0%
2025-12-16T18:55:04.907070+0100 chargesom manager[870941]: [INFO] evse_slac:EvseS  :: Entered Matching state, waiting for CM_SLAC_PARM_REQ
2025-12-16T18:55:04.993715+0100 chargesom manager[870926]: [INFO] bsp:CbChargeSOM  :: handle_allow_power_on: request to OPEN the contactor
2025-12-16T18:55:05.115843+0100 chargesom manager[870930]: [INFO] connector:EvseM  :: SYS  Session logging started.
2025-12-16T18:55:05.115843+0100 chargesom manager[870930]: [INFO] connector:EvseM  :: EVSE IEC Session Started: EVConnected
2025-12-16T18:55:05.118841+0100 chargesom manager[870961]: [INFO] token_provider:  :: Publishing new dummy token: {
2025-12-16T18:55:05.118841+0100 chargesom manager[870961]:     "authorization_type": "RFID",
2025-12-16T18:55:05.118841+0100 chargesom manager[870961]:     "id_token": {
2025-12-16T18:55:05.118841+0100 chargesom manager[870961]:         "type": "ISO14443",
2025-12-16T18:55:05.118841+0100 chargesom manager[870961]:         "value": "[redacted] hash: 29F2679CA504908"
2025-12-16T18:55:05.118841+0100 chargesom manager[870961]:     },
2025-12-16T18:55:05.118841+0100 chargesom manager[870961]:     "parent_id_token": {
2025-12-16T18:55:05.118841+0100 chargesom manager[870961]:         "type": "ISO14443",
2025-12-16T18:55:05.118841+0100 chargesom manager[870961]:         "value": "[redacted] hash: 29F2679CA504908"
2025-12-16T18:55:05.118841+0100 chargesom manager[870961]:     }
2025-12-16T18:55:05.118841+0100 chargesom manager[870961]: }
2025-12-16T18:55:05.122954+0100 chargesom manager[870925]: [INFO] auth:Auth        :: Plug In event for evse#1, starting auth
2025-12-16T18:55:05.126970+0100 chargesom manager[870925]: [INFO] auth:Auth        :: Received new token: {
2025-12-16T18:55:05.126970+0100 chargesom manager[870925]:     "authorization_type": "RFID",
2025-12-16T18:55:05.126970+0100 chargesom manager[870925]:     "id_token": {
2025-12-16T18:55:05.126970+0100 chargesom manager[870925]:         "type": "ISO14443",
2025-12-16T18:55:05.126970+0100 chargesom manager[870925]:         "value": "[redacted] hash: 29F2679CA504908"
2025-12-16T18:55:05.126970+0100 chargesom manager[870925]:     },
2025-12-16T18:55:05.126970+0100 chargesom manager[870925]:     "parent_id_token": {
2025-12-16T18:55:05.126970+0100 chargesom manager[870925]:         "type": "ISO14443",
2025-12-16T18:55:05.126970+0100 chargesom manager[870925]:         "value": "[redacted] hash: 29F2679CA504908"
2025-12-16T18:55:05.126970+0100 chargesom manager[870925]:     }
2025-12-16T18:55:05.126970+0100 chargesom manager[870925]: }
2025-12-16T18:55:05.129637+0100 chargesom manager[870969]: [INFO] token_validator  :: Got validation request for token: [redacted] hash: 29F2679CA504908
2025-12-16T18:55:05.380824+0100 chargesom manager[870969]: [INFO] token_validator  :: Returning validation status: Accepted
2025-12-16T18:55:05.382938+0100 chargesom manager[870925]: [INFO] auth:Auth        :: Providing authorization to evse#1
2025-12-16T18:55:05.616268+0100 chargesom manager[870930]: [INFO] connector:EvseM  :: EVSE IEC Set PWM On (5.0%) took 0 ms
2025-12-16T18:55:05.618427+0100 chargesom manager[870926]: [INFO] bsp:CbChargeSOM  :: handle_pwm_on: Setting new duty cycle of 5.0%
2025-12-16T18:55:05.754882+0100 chargesom manager[870925]: [INFO] auth:Auth        :: Result for token: [redacted] hash: 29F2679CA504908: ACCEPTED
2025-12-16T18:55:05.764517+0100 chargesom manager[870930]: [INFO] connector:EvseM  :: EVSE IEC EIM Authorization received
2025-12-16T18:55:05.766295+0100 chargesom manager[870930]: [INFO] connector:EvseM  :: EVSE IEC Transaction Started (0 kWh)
2025-12-16T18:55:05.766955+0100 chargesom manager[870930]: [INFO] connector:EvseM  :: EVSE IEC DC mode. We are in 5percent mode so we can continue without further action.
2025-12-16T18:55:05.768529+0100 chargesom manager[870930]: [INFO] connector:EvseM  :: EVSE IEC Charger state: Wait for Auth->PrepareCharging
2025-12-16T18:55:11.725844+0100 chargesom manager[870941]: [INFO] evse_slac:EvseS  :: Session (run_id=D86C261A8C8437D0, ev_mac=F0:7F:0C:11:12:F1): initialized, waiting for CM_START_ATTEN_CHAR_IND
2025-12-16T18:55:11.964099+0100 chargesom manager[870941]: [INFO] evse_slac:EvseS  :: Session (run_id=D86C261A8C8437D0, ev_mac=F0:7F:0C:11:12:F1): received CM_START_ATTEN_CHAR_IND, going to substate SOUNDING
2025-12-16T18:55:12.004334+0100 chargesom manager[870941]: [INFO] evse_slac:EvseS  :: Session (run_id=D86C261A8C8437D0, ev_mac=F0:7F:0C:11:12:F1): needs to be in state WAIT_FOR_START_ATTEN_CHAR for CM_START_ATTEN_CHAR_IND
2025-12-16T18:55:12.044019+0100 chargesom manager[870941]: [INFO] evse_slac:EvseS  :: Session (run_id=D86C261A8C8437D0, ev_mac=F0:7F:0C:11:12:F1): needs to be in state WAIT_FOR_START_ATTEN_CHAR for CM_START_ATTEN_CHAR_IND
2025-12-16T18:55:12.084130+0100 chargesom manager[870941]: [INFO] evse_slac:EvseS  :: Session (run_id=D86C261A8C8437D0, ev_mac=F0:7F:0C:11:12:F1): received CM_MNBC_SOUND_IND
2025-12-16T18:55:12.091657+0100 chargesom manager[870941]: [INFO] evse_slac:EvseS  :: Session (run_id=D86C261A8C8437D0, ev_mac=F0:7F:0C:11:12:F1): received CM_ATTEN_PROFILE_IND
2025-12-16T18:55:12.124077+0100 chargesom manager[870941]: [INFO] evse_slac:EvseS  :: Session (run_id=D86C261A8C8437D0, ev_mac=F0:7F:0C:11:12:F1): received CM_MNBC_SOUND_IND
2025-12-16T18:55:12.131620+0100 chargesom manager[870941]: [INFO] evse_slac:EvseS  :: Session (run_id=D86C261A8C8437D0, ev_mac=F0:7F:0C:11:12:F1): received CM_ATTEN_PROFILE_IND
2025-12-16T18:55:12.164117+0100 chargesom manager[870941]: [INFO] evse_slac:EvseS  :: Session (run_id=D86C261A8C8437D0, ev_mac=F0:7F:0C:11:12:F1): received CM_MNBC_SOUND_IND
2025-12-16T18:55:12.171617+0100 chargesom manager[870941]: [INFO] evse_slac:EvseS  :: Session (run_id=D86C261A8C8437D0, ev_mac=F0:7F:0C:11:12:F1): received CM_ATTEN_PROFILE_IND
2025-12-16T18:55:12.204269+0100 chargesom manager[870941]: [INFO] evse_slac:EvseS  :: Session (run_id=D86C261A8C8437D0, ev_mac=F0:7F:0C:11:12:F1): received CM_MNBC_SOUND_IND
2025-12-16T18:55:12.211549+0100 chargesom manager[870941]: [INFO] evse_slac:EvseS  :: Session (run_id=D86C261A8C8437D0, ev_mac=F0:7F:0C:11:12:F1): received CM_ATTEN_PROFILE_IND
2025-12-16T18:55:12.244069+0100 chargesom manager[870941]: [INFO] evse_slac:EvseS  :: Session (run_id=D86C261A8C8437D0, ev_mac=F0:7F:0C:11:12:F1): received CM_MNBC_SOUND_IND
2025-12-16T18:55:12.251340+0100 chargesom manager[870941]: [INFO] evse_slac:EvseS  :: Session (run_id=D86C261A8C8437D0, ev_mac=F0:7F:0C:11:12:F1): received CM_ATTEN_PROFILE_IND
2025-12-16T18:55:12.284377+0100 chargesom manager[870941]: [INFO] evse_slac:EvseS  :: Session (run_id=D86C261A8C8437D0, ev_mac=F0:7F:0C:11:12:F1): received CM_MNBC_SOUND_IND
2025-12-16T18:55:12.291638+0100 chargesom manager[870941]: [INFO] evse_slac:EvseS  :: Session (run_id=D86C261A8C8437D0, ev_mac=F0:7F:0C:11:12:F1): received CM_ATTEN_PROFILE_IND
2025-12-16T18:55:12.324117+0100 chargesom manager[870941]: [INFO] evse_slac:EvseS  :: Session (run_id=D86C261A8C8437D0, ev_mac=F0:7F:0C:11:12:F1): received CM_MNBC_SOUND_IND
2025-12-16T18:55:12.331708+0100 chargesom manager[870941]: [INFO] evse_slac:EvseS  :: Session (run_id=D86C261A8C8437D0, ev_mac=F0:7F:0C:11:12:F1): received CM_ATTEN_PROFILE_IND
2025-12-16T18:55:12.364276+0100 chargesom manager[870941]: [INFO] evse_slac:EvseS  :: Session (run_id=D86C261A8C8437D0, ev_mac=F0:7F:0C:11:12:F1): received CM_MNBC_SOUND_IND
2025-12-16T18:55:12.371579+0100 chargesom manager[870941]: [INFO] evse_slac:EvseS  :: Session (run_id=D86C261A8C8437D0, ev_mac=F0:7F:0C:11:12:F1): received CM_ATTEN_PROFILE_IND
2025-12-16T18:55:12.404346+0100 chargesom manager[870941]: [INFO] evse_slac:EvseS  :: Session (run_id=D86C261A8C8437D0, ev_mac=F0:7F:0C:11:12:F1): received CM_MNBC_SOUND_IND
2025-12-16T18:55:12.411646+0100 chargesom manager[870941]: [INFO] evse_slac:EvseS  :: Session (run_id=D86C261A8C8437D0, ev_mac=F0:7F:0C:11:12:F1): received CM_ATTEN_PROFILE_IND
2025-12-16T18:55:12.444265+0100 chargesom manager[870941]: [INFO] evse_slac:EvseS  :: Session (run_id=D86C261A8C8437D0, ev_mac=F0:7F:0C:11:12:F1): received CM_MNBC_SOUND_IND
2025-12-16T18:55:12.451734+0100 chargesom manager[870941]: [INFO] evse_slac:EvseS  :: Session (run_id=D86C261A8C8437D0, ev_mac=F0:7F:0C:11:12:F1): received CM_ATTEN_PROFILE_IND
2025-12-16T18:55:12.452082+0100 chargesom manager[870941]: [INFO] evse_slac:EvseS  :: Session (run_id=D86C261A8C8437D0, ev_mac=F0:7F:0C:11:12:F1): received all sounds, going to substate FINALIZE_SOUNDING
2025-12-16T18:55:12.496096+0100 chargesom manager[870941]: [INFO] evse_slac:EvseS  :: Session (run_id=D86C261A8C8437D0, ev_mac=F0:7F:0C:11:12:F1): Finalize sounding, sending CM_ATTEN_CHAR_IND
2025-12-16T18:55:12.503010+0100 chargesom manager[870941]: [INFO] evse_slac:EvseS  :: Session (run_id=D86C261A8C8437D0, ev_mac=F0:7F:0C:11:12:F1): received CM_ATTEN_CHAR_RSP, going to substate WAIT_FOR_SLAC_MATCH
2025-12-16T18:55:13.173777+0100 chargesom manager[870941]: [INFO] evse_slac:EvseS  :: Session (run_id=D86C261A8C8437D0, ev_mac=F0:7F:0C:11:12:F1): Received CM_SLAC_MATCH_REQ, sending CM_SLAC_MATCH_CNF -> session complete
2025-12-16T18:55:13.175038+0100 chargesom manager[870941]: [INFO] evse_slac:EvseS  :: Entered Matched state
2025-12-16T18:55:13.176416+0100 chargesom manager[870930]: [INFO] connector:EvseM  :: EVSE ISO SLAC MATCHED
2025-12-16T18:55:13.217359+0100 chargesom manager[870930]: [INFO] connector:EvseM  :: EVSE ISO D-LINK_READY (true)
2025-12-16T18:55:14.964153+0100 chargesom manager[870951]: [INFO] iso15118_charge  :: Received packet from [fe80::f27f:cff:fe11:12f1]:49152 with security 0x10 and protocol 0x00
2025-12-16T18:55:14.964153+0100 chargesom manager[870951]: [INFO] iso15118_charge  :: SDP requested NO-TLS, announcing NO-TLS
2025-12-16T18:55:14.964153+0100 chargesom manager[870951]: [INFO] iso15118_charge  :: sendto([fe80::f27f:cff:fe11:12f1]:49152) succeeded
2025-12-16T18:55:15.033776+0100 chargesom manager[870951]: [INFO] iso15118_charge  :: Incoming connection on eth1 from [a00:c000:0:0:fe80::]:49152
2025-12-16T18:55:15.034484+0100 chargesom manager[870951]: [INFO] iso15118_charge  :: Started new TCP connection thread
2025-12-16T18:55:15.054298+0100 chargesom manager[870951]: [INFO] iso15118_charge  :: Handling SupportedAppProtocolReq
2025-12-16T18:55:15.055499+0100 chargesom manager[870951]: [INFO] iso15118_charge  :: Protocol negotiation was successful. Selected protocol is ISO15118
2025-12-16T18:55:15.093992+0100 chargesom manager[870951]: [INFO] iso15118_charge  :: SessionSetupReq.EVCCID: F0:7F:0C:11:12:F1
2025-12-16T18:55:15.094324+0100 chargesom manager[870951]: [INFO] iso15118_charge  :: No session_id found or not equal to the id from the preceding v2g session. Generating random session id.
2025-12-16T18:55:15.094324+0100 chargesom manager[870951]: [INFO] iso15118_charge  :: Created new session with id 0x12059500704004276359
2025-12-16T18:55:15.098051+0100 chargesom manager[870930]: [INFO] connector:EvseM  ::                                     CAR ISO V2G SupportedAppProtocolReq
2025-12-16T18:55:15.141834+0100 chargesom manager[870930]: [INFO] connector:EvseM  :: EVSE ISO V2G SupportedAppProtocolRes
2025-12-16T18:55:15.185659+0100 chargesom manager[870930]: [INFO] connector:EvseM  ::                                     CAR ISO V2G SessionSetupReq
2025-12-16T18:55:15.193949+0100 chargesom manager[870930]: [INFO] connector:EvseM  :: EVSE ISO V2G SessionSetupRes
2025-12-16T18:55:15.233855+0100 chargesom manager[870951]: [WARN] iso15118_charge  :: PnC is not allowed without TLS-communication. Correcting value to '1' (ExternalPayment)
2025-12-16T18:55:15.236167+0100 chargesom manager[870930]: [INFO] connector:EvseM  ::                                     CAR ISO V2G ServiceDiscoveryReq
2025-12-16T18:55:15.333648+0100 chargesom manager[870930]: [INFO] connector:EvseM  :: EVSE ISO V2G ServiceDiscoveryRes
2025-12-16T18:55:15.374029+0100 chargesom manager[870951]: [INFO] iso15118_charge  :: SelectedPaymentOption: ExternalPayment
2025-12-16T18:55:15.375669+0100 chargesom manager[870930]: [INFO] connector:EvseM  ::                                     CAR ISO V2G PaymentServiceSelectionReq
2025-12-16T18:55:15.489813+0100 chargesom manager[870930]: [INFO] connector:EvseM  :: EVSE ISO V2G PaymentServiceSelectionRes
2025-12-16T18:55:15.571285+0100 chargesom manager[870930]: [INFO] connector:EvseM  ::                                     CAR ISO V2G AuthorizationReq
2025-12-16T18:55:15.623715+0100 chargesom manager[870930]: [INFO] connector:EvseM  :: EVSE ISO V2G AuthorizationRes
2025-12-16T18:55:15.745198+0100 chargesom manager[870930]: [INFO] connector:EvseM  ::                                     CAR ISO V2G AuthorizationReq
2025-12-16T18:55:15.869746+0100 chargesom manager[870930]: [INFO] connector:EvseM  :: EVSE ISO V2G AuthorizationRes
2025-12-16T18:55:15.884000+0100 chargesom manager[870951]: [INFO] iso15118_charge  :: Parameter-phase started
2025-12-16T18:55:15.885014+0100 chargesom manager[870951]: [INFO] iso15118_charge  :: Selected energy transfer mode: DC_extended
2025-12-16T18:55:15.916451+0100 chargesom manager[870930]: [INFO] connector:EvseM  :: Received EV maximum limits: {
2025-12-16T18:55:15.916451+0100 chargesom manager[870930]:     "dc_ev_maximum_current_limit": 350.0,
2025-12-16T18:55:15.916451+0100 chargesom manager[870930]:     "dc_ev_maximum_voltage_limit": 464.0
2025-12-16T18:55:15.916451+0100 chargesom manager[870930]: }
2025-12-16T18:55:15.916451+0100 chargesom manager[870930]: [INFO] connector:EvseM  ::                                     CAR ISO V2G ChargeParameterDiscoveryReq
2025-12-16T18:55:16.005394+0100 chargesom manager[870930]: [INFO] connector:EvseM  :: EVSE ISO V2G ChargeParameterDiscoveryRes
2025-12-16T18:55:17.893548+0100 chargesom manager[870926]: [INFO] bsp:CbChargeSOM  :: CP state change from B to C, PWM: 5.0%
2025-12-16T18:55:17.895266+0100 chargesom manager[870930]: [INFO] connector:EvseM  ::                                     CAR IEC Event CarRequestedPower
2025-12-16T18:55:17.985296+0100 chargesom manager[870930]: [INFO] connector:EvseM  :: EVSE ISO Start cable check...
2025-12-16T18:55:17.985660+0100 chargesom manager[870930]: [INFO] connector:EvseM  ::                                     CAR ISO DC HLC Close contactor (in CableCheck)
2025-12-16T18:55:17.986618+0100 chargesom manager[870930]: [INFO] connector:EvseM  ::                                     CAR ISO V2G CableCheckReq
2025-12-16T18:55:18.081810+0100 chargesom manager[870926]: [INFO] bsp:CbChargeSOM  :: handle_allow_power_on: request to CLOSE the contactor
2025-12-16T18:55:18.113370+0100 chargesom manager[870926]: [INFO] bsp:CbChargeSOM  :: Contactor 1 state change detected: now Closed
2025-12-16T18:55:18.113952+0100 chargesom manager[870926]: [INFO] bsp:CbChargeSOM  :: Contactor 2 state change detected: now Closed
2025-12-16T18:55:18.126000+0100 chargesom manager[870930]: [INFO] connector:EvseM  :: EVSE IEC Event PowerOn
2025-12-16T18:55:18.126376+0100 chargesom manager[870930]: [INFO] connector:EvseM  :: EVSE ISO V2G CableCheckRes
2025-12-16T18:55:18.186140+0100 chargesom manager[870930]: [INFO] connector:EvseM  :: EV reports 464 V as maximum voltage
2025-12-16T18:55:18.186617+0100 chargesom manager[870930]: [INFO] connector:EvseM  :: EVSE IEC DC power supply set: 500.00V/2.00A, requested was 500.00V/2.00A.
2025-12-16T18:55:18.229488+0100 chargesom manager[870930]: [INFO] connector:EvseM  ::                                     CAR ISO V2G CableCheckReq
2025-12-16T18:55:18.230815+0100 chargesom manager[870955]: [INFO] powersupply_dc:  :: Infy: Updating voltage/current via CAN: 500V / 2A total → 2A per module - active modules: 1
2025-12-16T18:55:18.230815+0100 chargesom manager[870955]: [INFO] powersupply_dc:  :: Infy: set_voltage_current(500V, 2A) - active modules: 1
2025-12-16T18:55:18.235161+0100 chargesom manager[870930]: [INFO] connector:EvseM  :: CableCheck: Using 500 V
2025-12-16T18:55:18.235161+0100 chargesom manager[870930]: [INFO] connector:EvseM  :: EVSE IEC DC power supply: switch ON called, ChargingPhase: CableCheck
2025-12-16T18:55:18.281788+0100 chargesom manager[870955]: [INFO] powersupply_dc:  :: Set mode via CAN: Export with phase CableCheck
2025-12-16T18:55:18.282392+0100 chargesom manager[870955]: [INFO] powersupply_dc:  :: Infy: switch_on_off(true) - active modules: 1
2025-12-16T18:55:18.325578+0100 chargesom manager[870930]: [INFO] connector:EvseM  :: EVSE ISO V2G CableCheckRes
2025-12-16T18:55:18.424959+0100 chargesom manager[870930]: [INFO] connector:EvseM  ::                                     CAR ISO V2G CableCheckReq
2025-12-16T18:55:18.523315+0100 chargesom manager[870930]: [INFO] connector:EvseM  :: EVSE ISO V2G CableCheckRes
2025-12-16T18:55:18.644988+0100 chargesom manager[870930]: [INFO] connector:EvseM  ::                                     CAR ISO V2G CableCheckReq
2025-12-16T18:55:18.743525+0100 chargesom manager[870930]: [INFO] connector:EvseM  :: EVSE ISO V2G CableCheckRes
2025-12-16T18:55:18.865044+0100 chargesom manager[870930]: [INFO] connector:EvseM  ::                                     CAR ISO V2G CableCheckReq
2025-12-16T18:55:18.962334+0100 chargesom manager[870930]: [INFO] connector:EvseM  :: EVSE ISO V2G CableCheckRes
2025-12-16T18:55:19.085232+0100 chargesom manager[870930]: [INFO] connector:EvseM  ::                                     CAR ISO V2G CableCheckReq
2025-12-16T18:55:19.183616+0100 chargesom manager[870930]: [INFO] connector:EvseM  :: EVSE ISO V2G CableCheckRes
2025-12-16T18:55:19.333657+0100 chargesom manager[870930]: [INFO] connector:EvseM  ::                                     CAR ISO V2G CableCheckReq
2025-12-16T18:55:19.402436+0100 chargesom manager[870930]: [INFO] connector:EvseM  :: EVSE ISO V2G CableCheckRes
2025-12-16T18:55:19.525079+0100 chargesom manager[870930]: [INFO] connector:EvseM  ::                                     CAR ISO V2G CableCheckReq
2025-12-16T18:55:19.622286+0100 chargesom manager[870930]: [INFO] connector:EvseM  :: EVSE ISO V2G CableCheckRes
2025-12-16T18:55:19.744918+0100 chargesom manager[870930]: [INFO] connector:EvseM  ::                                     CAR ISO V2G CableCheckReq
2025-12-16T18:55:19.842484+0100 chargesom manager[870930]: [INFO] connector:EvseM  :: EVSE ISO V2G CableCheckRes
2025-12-16T18:55:19.965040+0100 chargesom manager[870930]: [INFO] connector:EvseM  ::                                     CAR ISO V2G CableCheckReq
2025-12-16T18:55:20.081239+0100 chargesom manager[870930]: [INFO] connector:EvseM  :: EVSE ISO V2G CableCheckRes
2025-12-16T18:55:20.185025+0100 chargesom manager[870930]: [INFO] connector:EvseM  ::                                     CAR ISO V2G CableCheckReq
2025-12-16T18:55:20.282347+0100 chargesom manager[870930]: [INFO] connector:EvseM  :: EVSE ISO V2G CableCheckRes
2025-12-16T18:55:20.430261+0100 chargesom manager[870930]: [INFO] connector:EvseM  ::                                     CAR ISO V2G CableCheckReq
2025-12-16T18:55:20.537427+0100 chargesom manager[870930]: [INFO] connector:EvseM  :: EVSE ISO V2G CableCheckRes
2025-12-16T18:55:20.624919+0100 chargesom manager[870930]: [INFO] connector:EvseM  ::                                     CAR ISO V2G CableCheckReq
2025-12-16T18:55:20.722390+0100 chargesom manager[870930]: [INFO] connector:EvseM  :: EVSE ISO V2G CableCheckRes
2025-12-16T18:55:20.845104+0100 chargesom manager[870930]: [INFO] connector:EvseM  ::                                     CAR ISO V2G CableCheckReq
2025-12-16T18:55:20.942473+0100 chargesom manager[870930]: [INFO] connector:EvseM  :: EVSE ISO V2G CableCheckRes
2025-12-16T18:55:21.081196+0100 chargesom manager[870930]: [INFO] connector:EvseM  ::                                     CAR ISO V2G CableCheckReq
2025-12-16T18:55:21.162557+0100 chargesom manager[870930]: [INFO] connector:EvseM  :: EVSE ISO V2G CableCheckRes
2025-12-16T18:55:21.285168+0100 chargesom manager[870930]: [INFO] connector:EvseM  ::                                     CAR ISO V2G CableCheckReq
2025-12-16T18:55:21.383658+0100 chargesom manager[870930]: [INFO] connector:EvseM  :: EVSE ISO V2G CableCheckRes
2025-12-16T18:55:21.504999+0100 chargesom manager[870930]: [INFO] connector:EvseM  ::                                     CAR ISO V2G CableCheckReq
2025-12-16T18:55:21.633390+0100 chargesom manager[870930]: [INFO] connector:EvseM  :: EVSE ISO V2G CableCheckRes
2025-12-16T18:55:21.765840+0100 chargesom manager[870930]: [INFO] connector:EvseM  ::                                     CAR ISO V2G CableCheckReq
2025-12-16T18:55:21.822449+0100 chargesom manager[870930]: [INFO] connector:EvseM  :: EVSE ISO V2G CableCheckRes
2025-12-16T18:55:21.944699+0100 chargesom manager[870930]: [INFO] connector:EvseM  ::                                     CAR ISO V2G CableCheckReq
2025-12-16T18:55:22.086037+0100 chargesom manager[870930]: [INFO] connector:EvseM  :: EVSE ISO V2G CableCheckRes
2025-12-16T18:55:22.165169+0100 chargesom manager[870930]: [INFO] connector:EvseM  ::                                     CAR ISO V2G CableCheckReq
2025-12-16T18:55:22.263580+0100 chargesom manager[870930]: [INFO] connector:EvseM  :: EVSE ISO V2G CableCheckRes
2025-12-16T18:55:22.384971+0100 chargesom manager[870930]: [INFO] connector:EvseM  ::                                     CAR ISO V2G CableCheckReq
2025-12-16T18:55:22.452666+0100 chargesom manager[870930]: [INFO] connector:EvseM  :: CableCheck: IMD self test started.
2025-12-16T18:55:22.497167+0100 chargesom manager[870930]: [INFO] connector:EvseM  :: EVSE ISO V2G CableCheckRes
2025-12-16T18:55:22.605005+0100 chargesom manager[870930]: [INFO] connector:EvseM  ::                                     CAR ISO V2G CableCheckReq
2025-12-16T18:55:22.702455+0100 chargesom manager[870930]: [INFO] connector:EvseM  :: EVSE ISO V2G CableCheckRes
2025-12-16T18:55:22.818047+0100 chargesom manager[870930]: [INFO] connector:EvseM  :: EVSE ISO Change HLC Limits: 900W/102A, target_voltage 0, actual_voltage 501.9, hack_bpt false
2025-12-16T18:55:22.865627+0100 chargesom manager[870930]: [INFO] connector:EvseM  ::                                     CAR ISO V2G CableCheckReq
2025-12-16T18:55:22.957517+0100 chargesom manager[870930]: [INFO] connector:EvseM  :: EVSE ISO V2G CableCheckRes
2025-12-16T18:55:23.085191+0100 chargesom manager[870930]: [INFO] connector:EvseM  ::                                     CAR ISO V2G CableCheckReq
2025-12-16T18:55:23.143996+0100 chargesom manager[870930]: [INFO] connector:EvseM  :: EVSE ISO V2G CableCheckRes
2025-12-16T18:55:23.265028+0100 chargesom manager[870930]: [INFO] connector:EvseM  ::                                     CAR ISO V2G CableCheckReq
2025-12-16T18:55:23.362248+0100 chargesom manager[870930]: [INFO] connector:EvseM  :: EVSE ISO V2G CableCheckRes
2025-12-16T18:55:23.484915+0100 chargesom manager[870930]: [INFO] connector:EvseM  ::                                     CAR ISO V2G CableCheckReq
2025-12-16T18:55:23.582978+0100 chargesom manager[870930]: [INFO] connector:EvseM  :: EVSE ISO V2G CableCheckRes
2025-12-16T18:55:23.704606+0100 chargesom manager[870930]: [INFO] connector:EvseM  ::                                     CAR ISO V2G CableCheckReq
2025-12-16T18:55:23.803023+0100 chargesom manager[870930]: [INFO] connector:EvseM  :: EVSE ISO V2G CableCheckRes
2025-12-16T18:55:23.969452+0100 chargesom manager[870930]: [INFO] connector:EvseM  ::                                     CAR ISO V2G CableCheckReq
2025-12-16T18:55:24.043071+0100 chargesom manager[870930]: [INFO] connector:EvseM  :: EVSE ISO V2G CableCheckRes
2025-12-16T18:55:24.144590+0100 chargesom manager[870930]: [INFO] connector:EvseM  ::                                     CAR ISO V2G CableCheckReq
2025-12-16T18:55:24.243217+0100 chargesom manager[870930]: [INFO] connector:EvseM  :: EVSE ISO V2G CableCheckRes
2025-12-16T18:55:24.365232+0100 chargesom manager[870930]: [INFO] connector:EvseM  ::                                     CAR ISO V2G CableCheckReq
2025-12-16T18:55:24.463597+0100 chargesom manager[870930]: [INFO] connector:EvseM  :: EVSE ISO V2G CableCheckRes
2025-12-16T18:55:24.584736+0100 chargesom manager[870930]: [INFO] connector:EvseM  ::                                     CAR ISO V2G CableCheckReq
2025-12-16T18:55:24.683103+0100 chargesom manager[870930]: [INFO] connector:EvseM  :: EVSE ISO V2G CableCheckRes
2025-12-16T18:55:24.804939+0100 chargesom manager[870930]: [INFO] connector:EvseM  ::                                     CAR ISO V2G CableCheckReq
2025-12-16T18:55:24.902597+0100 chargesom manager[870930]: [INFO] connector:EvseM  :: EVSE ISO V2G CableCheckRes
2025-12-16T18:55:25.025221+0100 chargesom manager[870930]: [INFO] connector:EvseM  ::                                     CAR ISO V2G CableCheckReq
2025-12-16T18:55:25.137377+0100 chargesom manager[870930]: [INFO] connector:EvseM  :: EVSE ISO V2G CableCheckRes
2025-12-16T18:55:25.253350+0100 chargesom manager[870930]: [INFO] connector:EvseM  ::                                     CAR ISO V2G CableCheckReq
2025-12-16T18:55:25.343680+0100 chargesom manager[870930]: [INFO] connector:EvseM  :: EVSE ISO V2G CableCheckRes
2025-12-16T18:55:25.445703+0100 chargesom manager[870930]: [INFO] connector:EvseM  :: EVSE IEC Isolation monitor self test result: true
2025-12-16T18:55:25.489905+0100 chargesom manager[870930]: [INFO] connector:EvseM  ::                                     CAR ISO V2G CableCheckReq
2025-12-16T18:55:25.490299+0100 chargesom manager[870948]: [INFO] imd:IMDSimulato  :: Started simulated isolation monitoring with 1000 ms interval
2025-12-16T18:55:25.492383+0100 chargesom manager[870930]: [INFO] connector:EvseM  :: CableCheck: Waiting for 1 isolation measurement sample(s)
2025-12-16T18:55:25.533557+0100 chargesom manager[870930]: [INFO] connector:EvseM  :: EVSE IEC Isolation measurement Ok R_F 900000.
2025-12-16T18:55:25.577419+0100 chargesom manager[870930]: [INFO] connector:EvseM  :: EVSE ISO V2G CableCheckRes
2025-12-16T18:55:25.607055+0100 chargesom manager[870930]: [INFO] connector:EvseM  :: EVSE IEC DC power supply OFF
2025-12-16T18:55:25.649754+0100 chargesom manager[870955]: [INFO] powersupply_dc:  :: Set mode via CAN: Off with phase CableCheck
2025-12-16T18:55:25.649754+0100 chargesom manager[870955]: [INFO] powersupply_dc:  :: Infy: switch_on_off(false) - active modules: 1
2025-12-16T18:55:25.693645+0100 chargesom manager[870930]: [INFO] connector:EvseM  ::                                     CAR ISO V2G CableCheckReq
2025-12-16T18:55:25.782314+0100 chargesom manager[870930]: [INFO] connector:EvseM  :: EVSE ISO V2G CableCheckRes
2025-12-16T18:55:25.905049+0100 chargesom manager[870930]: [INFO] connector:EvseM  ::                                     CAR ISO V2G CableCheckReq
2025-12-16T18:55:26.002965+0100 chargesom manager[870930]: [INFO] connector:EvseM  :: EVSE ISO V2G CableCheckRes
2025-12-16T18:55:26.125089+0100 chargesom manager[870930]: [INFO] connector:EvseM  ::                                     CAR ISO V2G CableCheckReq
2025-12-16T18:55:26.261315+0100 chargesom manager[870930]: [INFO] connector:EvseM  :: EVSE ISO V2G CableCheckRes
2025-12-16T18:55:26.354275+0100 chargesom manager[870930]: [INFO] connector:EvseM  ::                                     CAR ISO V2G CableCheckReq
2025-12-16T18:55:26.443107+0100 chargesom manager[870930]: [INFO] connector:EvseM  :: EVSE ISO V2G CableCheckRes
2025-12-16T18:55:26.565982+0100 chargesom manager[870930]: [INFO] connector:EvseM  ::                                     CAR ISO V2G CableCheckReq
2025-12-16T18:55:26.663755+0100 chargesom manager[870930]: [INFO] connector:EvseM  :: EVSE ISO V2G CableCheckRes
2025-12-16T18:55:26.784855+0100 chargesom manager[870930]: [INFO] connector:EvseM  ::                                     CAR ISO V2G CableCheckReq
2025-12-16T18:55:26.882338+0100 chargesom manager[870930]: [INFO] connector:EvseM  :: EVSE ISO V2G CableCheckRes
2025-12-16T18:55:27.005231+0100 chargesom manager[870930]: [INFO] connector:EvseM  ::                                     CAR ISO V2G CableCheckReq
2025-12-16T18:55:27.103663+0100 chargesom manager[870930]: [INFO] connector:EvseM  :: EVSE ISO V2G CableCheckRes
2025-12-16T18:55:27.224473+0100 chargesom manager[870930]: [INFO] connector:EvseM  ::                                     CAR ISO V2G CableCheckReq
2025-12-16T18:55:27.361353+0100 chargesom manager[870930]: [INFO] connector:EvseM  :: EVSE ISO V2G CableCheckRes
2025-12-16T18:55:27.409551+0100 chargesom manager[870930]: [INFO] connector:EvseM  :: CableCheck done, output is below 60V
2025-12-16T18:55:27.461181+0100 chargesom manager[870930]: [INFO] connector:EvseM  ::                                     CAR ISO V2G CableCheckReq
2025-12-16T18:55:27.543091+0100 chargesom manager[870930]: [INFO] connector:EvseM  :: EVSE ISO V2G CableCheckRes
2025-12-16T18:55:27.735225+0100 chargesom manager[870951]: [INFO] iso15118_charge  :: Precharge-phase started
2025-12-16T18:55:27.737203+0100 chargesom manager[870930]: [INFO] connector:EvseM  :: EVSE IEC DC power supply set: 447.00V/1.00A, requested was 447.00V/1.00A.
2025-12-16T18:55:27.781584+0100 chargesom manager[870955]: [INFO] powersupply_dc:  :: Infy: Updating voltage/current via CAN: 447V / 1A total → 1A per module - active modules: 1
2025-12-16T18:55:27.781584+0100 chargesom manager[870955]: [INFO] powersupply_dc:  :: Infy: set_voltage_current(447V, 1A) - active modules: 1
2025-12-16T18:55:27.826026+0100 chargesom manager[870930]: [INFO] connector:EvseM  :: EVSE IEC DC power supply: switch ON called, ChargingPhase: PreCharge
2025-12-16T18:55:27.870014+0100 chargesom manager[870955]: [INFO] powersupply_dc:  :: Set mode via CAN: Export with phase PreCharge
2025-12-16T18:55:27.870014+0100 chargesom manager[870955]: [INFO] powersupply_dc:  :: Infy: switch_on_off(true) - active modules: 1
2025-12-16T18:55:27.872512+0100 chargesom manager[870930]: [INFO] connector:EvseM  ::                                     CAR ISO V2G PreChargeReq
2025-12-16T18:55:27.873217+0100 chargesom manager[870930]: [INFO] connector:EvseM  :: EVSE ISO V2G PreChargeRes
2025-12-16T18:55:27.954534+0100 chargesom manager[870930]: [INFO] connector:EvseM  ::                                     CAR ISO V2G PreChargeReq
2025-12-16T18:55:28.089657+0100 chargesom manager[870930]: [INFO] connector:EvseM  :: EVSE ISO V2G PreChargeRes
2025-12-16T18:55:28.174513+0100 chargesom manager[870930]: [INFO] connector:EvseM  ::                                     CAR ISO V2G PreChargeReq
2025-12-16T18:55:28.273033+0100 chargesom manager[870930]: [INFO] connector:EvseM  :: EVSE ISO V2G PreChargeRes
2025-12-16T18:55:28.394791+0100 chargesom manager[870930]: [INFO] connector:EvseM  ::                                     CAR ISO V2G PreChargeReq
2025-12-16T18:55:28.510645+0100 chargesom manager[870930]: [INFO] connector:EvseM  :: EVSE ISO Change HLC Limits: 900W/2.0134227A, target_voltage 447, actual_voltage 0, hack_bpt false
2025-12-16T18:55:28.510645+0100 chargesom manager[870930]: [INFO] connector:EvseM  :: EVSE ISO V2G PreChargeRes
2025-12-16T18:55:28.598051+0100 chargesom manager[870930]: [INFO] connector:EvseM  :: EVSE IEC DC power supply set: 447.00V/1.00A, requested was 447.00V/1.00A.
2025-12-16T18:55:28.642046+0100 chargesom manager[870930]: [INFO] connector:EvseM  ::                                     CAR ISO V2G PreChargeReq
2025-12-16T18:55:28.642685+0100 chargesom manager[870955]: [INFO] powersupply_dc:  :: Infy: Updating voltage/current via CAN: 447V / 1A total → 1A per module - active modules: 1
2025-12-16T18:55:28.642685+0100 chargesom manager[870955]: [INFO] powersupply_dc:  :: Infy: set_voltage_current(447V, 1A) - active modules: 1
2025-12-16T18:55:28.733439+0100 chargesom manager[870930]: [INFO] connector:EvseM  :: EVSE ISO V2G PreChargeRes
2025-12-16T18:55:28.834429+0100 chargesom manager[870930]: [INFO] connector:EvseM  ::                                     CAR ISO V2G PreChargeReq
2025-12-16T18:55:28.933124+0100 chargesom manager[870930]: [INFO] connector:EvseM  :: EVSE ISO V2G PreChargeRes
2025-12-16T18:55:29.089767+0100 chargesom manager[870930]: [INFO] connector:EvseM  ::                                     CAR ISO V2G PreChargeReq
2025-12-16T18:55:29.152942+0100 chargesom manager[870930]: [INFO] connector:EvseM  :: EVSE ISO V2G PreChargeRes
2025-12-16T18:55:29.274510+0100 chargesom manager[870930]: [INFO] connector:EvseM  ::                                     CAR ISO V2G PreChargeReq
2025-12-16T18:55:29.373256+0100 chargesom manager[870930]: [INFO] connector:EvseM  :: EVSE ISO V2G PreChargeRes
2025-12-16T18:55:29.494391+0100 chargesom manager[870930]: [INFO] connector:EvseM  ::                                     CAR ISO V2G PreChargeReq
2025-12-16T18:55:29.592992+0100 chargesom manager[870930]: [INFO] connector:EvseM  :: EVSE ISO V2G PreChargeRes
2025-12-16T18:55:29.741524+0100 chargesom manager[870930]: [INFO] connector:EvseM  ::                                     CAR ISO V2G PreChargeReq
2025-12-16T18:55:29.845316+0100 chargesom manager[870930]: [INFO] connector:EvseM  :: EVSE ISO V2G PreChargeRes
2025-12-16T18:55:29.934341+0100 chargesom manager[870930]: [INFO] connector:EvseM  ::                                     CAR ISO V2G PreChargeReq
2025-12-16T18:55:30.033061+0100 chargesom manager[870930]: [INFO] connector:EvseM  :: EVSE ISO V2G PreChargeRes
2025-12-16T18:55:30.154271+0100 chargesom manager[870930]: [INFO] connector:EvseM  ::                                     CAR ISO V2G PreChargeReq
2025-12-16T18:55:30.252755+0100 chargesom manager[870930]: [INFO] connector:EvseM  :: EVSE ISO V2G PreChargeRes
2025-12-16T18:55:30.374385+0100 chargesom manager[870930]: [INFO] connector:EvseM  ::                                     CAR ISO V2G PreChargeReq
2025-12-16T18:55:30.489283+0100 chargesom manager[870930]: [INFO] connector:EvseM  :: EVSE ISO V2G PreChargeRes
2025-12-16T18:55:30.594579+0100 chargesom manager[870930]: [INFO] connector:EvseM  ::                                     CAR ISO V2G PreChargeReq
2025-12-16T18:55:30.693164+0100 chargesom manager[870930]: [INFO] connector:EvseM  :: EVSE ISO V2G PreChargeRes
2025-12-16T18:55:30.853541+0100 chargesom manager[870930]: [INFO] connector:EvseM  ::                                     CAR ISO V2G PreChargeReq
2025-12-16T18:55:30.861512+0100 chargesom manager[870930]: [INFO] connector:EvseM  :: EVSE ISO Change HLC Limits: 900W/2.0134227A, target_voltage 447, actual_voltage 1.5, hack_bpt false
2025-12-16T18:55:30.950332+0100 chargesom manager[870930]: [INFO] connector:EvseM  :: EVSE ISO V2G PreChargeRes
2025-12-16T18:55:30.950332+0100 chargesom manager[870930]: [INFO] connector:EvseM  :: EVSE IEC DC power supply set: 447.00V/1.00A, requested was 447.00V/1.00A.
2025-12-16T18:55:30.993788+0100 chargesom manager[870955]: [INFO] powersupply_dc:  :: Infy: Updating voltage/current via CAN: 447V / 1A total → 1A per module - active modules: 1
2025-12-16T18:55:30.993788+0100 chargesom manager[870955]: [INFO] powersupply_dc:  :: Infy: set_voltage_current(447V, 1A) - active modules: 1
2025-12-16T18:55:31.038224+0100 chargesom manager[870930]: [INFO] connector:EvseM  ::                                     CAR ISO V2G PreChargeReq
2025-12-16T18:55:31.132656+0100 chargesom manager[870930]: [INFO] connector:EvseM  :: EVSE ISO V2G PreChargeRes
2025-12-16T18:55:31.254380+0100 chargesom manager[870930]: [INFO] connector:EvseM  ::                                     CAR ISO V2G PreChargeReq
2025-12-16T18:55:31.352974+0100 chargesom manager[870930]: [INFO] connector:EvseM  :: EVSE ISO V2G PreChargeRes
2025-12-16T18:55:31.474239+0100 chargesom manager[870930]: [INFO] connector:EvseM  ::                                     CAR ISO V2G PreChargeReq
2025-12-16T18:55:31.572958+0100 chargesom manager[870930]: [INFO] connector:EvseM  :: EVSE ISO V2G PreChargeRes
2025-12-16T18:55:31.694246+0100 chargesom manager[870930]: [INFO] connector:EvseM  ::                                     CAR ISO V2G PreChargeReq
2025-12-16T18:55:31.792821+0100 chargesom manager[870930]: [INFO] connector:EvseM  :: EVSE ISO V2G PreChargeRes
2025-12-16T18:55:31.869874+0100 chargesom manager[870930]: [INFO] connector:EvseM  ::                                     CAR ISO V2G PowerDeliveryReq
2025-12-16T18:55:31.922656+0100 chargesom manager[870930]: [INFO] connector:EvseM  :: EVSE ISO V2G PowerDeliveryRes
2025-12-16T18:55:31.964634+0100 chargesom manager[870930]: [INFO] connector:EvseM  :: EVSE IEC DC power supply: switch ON in export mode
2025-12-16T18:55:32.010383+0100 chargesom manager[870955]: [INFO] powersupply_dc:  :: Set mode via CAN: Export with phase Charging
2025-12-16T18:55:32.010383+0100 chargesom manager[870955]: [INFO] powersupply_dc:  :: Infy: switch_on_off(true) - active modules: 1
2025-12-16T18:55:32.012521+0100 chargesom manager[870930]: [INFO] connector:EvseM  :: EVSE IEC DC power supply set: 447.00V/1.00A, requested was 447.00V/1.00A.
2025-12-16T18:55:32.053576+0100 chargesom manager[870955]: [INFO] powersupply_dc:  :: Infy: Updating voltage/current via CAN: 447V / 1A total → 1A per module - active modules: 1
2025-12-16T18:55:32.053939+0100 chargesom manager[870955]: [INFO] powersupply_dc:  :: Infy: set_voltage_current(447V, 1A) - active modules: 1
2025-12-16T18:55:32.099844+0100 chargesom manager[870930]: [INFO] connector:EvseM  :: EVSE IEC DC power supply set: 459.00V/1.00A, requested was 459.00V/0.00A.
2025-12-16T18:55:32.110481+0100 chargesom manager[870930]: [INFO] connector:EvseM  :: EVSE IEC Charger state: PrepareCharging->Charging
2025-12-16T18:55:32.110925+0100 chargesom manager[870930]: [INFO] connector:EvseM  :: Timing statistics (Plugin to CurrentDemand)
2025-12-16T18:55:32.111237+0100 chargesom manager[870930]: [INFO] connector:EvseM  :: -------------------------------------------
2025-12-16T18:55:32.111237+0100 chargesom manager[870930]: [INFO] connector:EvseM  :: ConnSetup | HLC_PWM_5%_ON: 714 ms | D-LINK_READY: 7641 ms | Auth EIM Done: 2265 ms | Total: 13035 ms
2025-12-16T18:55:32.111237+0100 chargesom manager[870930]: [INFO] connector:EvseM  :: CableCheck | <60V: 0 ms | Relay On: 200 ms | EVInfo: 0 ms | VRampUp: 4219 ms | Self test: 3039 ms | Measure: 87 ms | VRampDown: 1876 ms | Total: 9431 ms
2025-12-16T18:55:32.111237+0100 chargesom manager[870930]: [INFO] connector:EvseM  :: PrepareCharging | Charging started: 4694 ms | Total: 4694 ms
2025-12-16T18:55:32.111237+0100 chargesom manager[870930]: [INFO] connector:EvseM  :: Total duration all phases: 27160 ms
2025-12-16T18:55:32.157930+0100 chargesom manager[870955]: [INFO] powersupply_dc:  :: Infy: Updating voltage/current via CAN: 459V / 1A total → 1A per module - active modules: 1
2025-12-16T18:55:32.157930+0100 chargesom manager[870955]: [INFO] powersupply_dc:  :: Infy: set_voltage_current(459V, 1A) - active modules: 1
2025-12-16T18:55:32.204047+0100 chargesom manager[870930]: [INFO] connector:EvseM  ::                                     CAR ISO V2G CurrentDemandReq
2025-12-16T18:55:32.204047+0100 chargesom manager[870930]: [INFO] connector:EvseM  :: EVSE ISO V2G CurrentDemandRes
2025-12-16T18:55:32.207098+0100 chargesom manager[870930]: [INFO] connector:EvseM  :: EVSE IEC DC power supply set: 459.00V/2.00A, requested was 459.00V/2.00A.
2025-12-16T18:55:32.209431+0100 chargesom manager[870955]: [INFO] powersupply_dc:  :: Infy: Updating voltage/current via CAN: 459V / 2A total → 2A per module - active modules: 1
2025-12-16T18:55:32.209822+0100 chargesom manager[870955]: [INFO] powersupply_dc:  :: Infy: set_voltage_current(459V, 2A) - active modules: 1
2025-12-16T18:55:32.254185+0100 chargesom manager[870930]: [INFO] connector:EvseM  ::                                     CAR ISO V2G CurrentDemandReq
2025-12-16T18:55:32.297632+0100 chargesom manager[870930]: [INFO] connector:EvseM  :: EVSE ISO V2G CurrentDemandRes
2025-12-16T18:55:32.404166+0100 chargesom manager[870930]: [INFO] connector:EvseM  ::                                     CAR ISO V2G CurrentDemandReq
2025-12-16T18:55:32.502775+0100 chargesom manager[870930]: [INFO] connector:EvseM  :: EVSE ISO V2G CurrentDemandRes
2025-12-16T18:55:32.505382+0100 chargesom manager[870930]: [INFO] connector:EvseM  :: EVSE IEC Isolation measurement Ok R_F 900000.
2025-12-16T18:55:32.641329+0100 chargesom manager[870930]: [INFO] connector:EvseM  ::                                     CAR ISO V2G CurrentDemandReq
2025-12-16T18:55:32.722905+0100 chargesom manager[870930]: [INFO] connector:EvseM  :: EVSE ISO V2G CurrentDemandRes
2025-12-16T18:55:32.844417+0100 chargesom manager[870930]: [INFO] connector:EvseM  ::                                     CAR ISO V2G CurrentDemandReq
2025-12-16T18:55:32.942756+0100 chargesom manager[870930]: [INFO] connector:EvseM  :: EVSE ISO V2G CurrentDemandRes
2025-12-16T18:55:33.093468+0100 chargesom manager[870930]: [INFO] connector:EvseM  ::                                     CAR ISO V2G CurrentDemandReq
2025-12-16T18:55:33.185555+0100 chargesom manager[870930]: [INFO] connector:EvseM  :: EVSE ISO V2G CurrentDemandRes
2025-12-16T18:55:33.207967+0100 chargesom manager[870930]: [INFO] connector:EvseM  :: EVSE ISO Change HLC Limits: 900W/2.007584A, target_voltage 459, actual_voltage 448.30002, hack_bpt false
2025-12-16T18:55:33.299346+0100 chargesom manager[870930]: [INFO] connector:EvseM  ::                                     CAR ISO V2G CurrentDemandReq
2025-12-16T18:55:33.299346+0100 chargesom manager[870930]: [INFO] connector:EvseM  :: EVSE IEC DC power supply set: 459.00V/2.00A, requested was 459.00V/2.00A.
2025-12-16T18:55:33.301262+0100 chargesom manager[870955]: [INFO] powersupply_dc:  :: Infy: Updating voltage/current via CAN: 459V / 2A total → 2A per module - active modules: 1
2025-12-16T18:55:33.301262+0100 chargesom manager[870955]: [INFO] powersupply_dc:  :: Infy: set_voltage_current(459V, 2A) - active modules: 1
2025-12-16T18:55:33.385369+0100 chargesom manager[870930]: [INFO] connector:EvseM  :: EVSE ISO V2G CurrentDemandRes
2025-12-16T18:55:33.504700+0100 chargesom manager[870930]: [INFO] connector:EvseM  ::                                     CAR ISO V2G CurrentDemandReq
2025-12-16T18:55:33.506580+0100 chargesom manager[870930]: [INFO] connector:EvseM  :: EVSE IEC Isolation measurement Ok R_F 900000.
2025-12-16T18:55:33.603001+0100 chargesom manager[870930]: [INFO] connector:EvseM  :: EVSE ISO V2G CurrentDemandRes
2025-12-16T18:55:33.724186+0100 chargesom manager[870930]: [INFO] connector:EvseM  ::                                     CAR ISO V2G CurrentDemandReq
2025-12-16T18:55:33.823316+0100 chargesom manager[870930]: [INFO] connector:EvseM  :: EVSE ISO V2G CurrentDemandRes
2025-12-16T18:55:33.945443+0100 chargesom manager[870930]: [INFO] connector:EvseM  ::                                     CAR ISO V2G CurrentDemandReq
2025-12-16T18:55:34.042991+0100 chargesom manager[870930]: [INFO] connector:EvseM  :: EVSE ISO V2G CurrentDemandRes
2025-12-16T18:55:34.164322+0100 chargesom manager[870930]: [INFO] connector:EvseM  ::                                     CAR ISO V2G CurrentDemandReq
2025-12-16T18:55:34.262639+0100 chargesom manager[870930]: [INFO] connector:EvseM  :: EVSE ISO V2G CurrentDemandRes
2025-12-16T18:55:34.393593+0100 chargesom manager[870930]: [INFO] connector:EvseM  ::                                     CAR ISO V2G CurrentDemandReq
2025-12-16T18:55:34.518021+0100 chargesom manager[870930]: [INFO] connector:EvseM  :: EVSE ISO V2G CurrentDemandRes
2025-12-16T18:55:34.518509+0100 chargesom manager[870930]: [INFO] connector:EvseM  :: EVSE IEC Isolation measurement Ok R_F 900000.
2025-12-16T18:55:34.605545+0100 chargesom manager[870930]: [INFO] connector:EvseM  ::                                     CAR ISO V2G CurrentDemandReq
2025-12-16T18:55:34.702633+0100 chargesom manager[870930]: [INFO] connector:EvseM  :: EVSE ISO V2G CurrentDemandRes
2025-12-16T18:55:34.825608+0100 chargesom manager[870930]: [INFO] connector:EvseM  ::                                     CAR ISO V2G CurrentDemandReq
2025-12-16T18:55:34.923047+0100 chargesom manager[870930]: [INFO] connector:EvseM  :: EVSE ISO V2G CurrentDemandRes
2025-12-16T18:55:35.044041+0100 chargesom manager[870930]: [INFO] connector:EvseM  ::                                     CAR ISO V2G CurrentDemandReq
2025-12-16T18:55:35.141837+0100 chargesom manager[870930]: [INFO] connector:EvseM  :: EVSE ISO V2G CurrentDemandRes
2025-12-16T18:55:35.264472+0100 chargesom manager[870930]: [INFO] connector:EvseM  ::                                     CAR ISO V2G CurrentDemandReq
2025-12-16T18:55:35.363035+0100 chargesom manager[870930]: [INFO] connector:EvseM  :: EVSE ISO V2G CurrentDemandRes
2025-12-16T18:55:35.490243+0100 chargesom manager[870930]: [INFO] connector:EvseM  ::                                     CAR ISO V2G CurrentDemandReq
2025-12-16T18:55:35.533434+0100 chargesom manager[870930]: [INFO] connector:EvseM  :: EVSE IEC Isolation measurement Ok R_F 900000.
2025-12-16T18:55:35.622112+0100 chargesom manager[870930]: [INFO] connector:EvseM  :: EVSE ISO V2G CurrentDemandRes
2025-12-16T18:55:35.704408+0100 chargesom manager[870930]: [INFO] connector:EvseM  ::                                     CAR ISO V2G CurrentDemandReq
2025-12-16T18:55:35.803703+0100 chargesom manager[870930]: [INFO] connector:EvseM  :: EVSE ISO V2G CurrentDemandRes
2025-12-16T18:55:35.925092+0100 chargesom manager[870930]: [INFO] connector:EvseM  ::                                     CAR ISO V2G CurrentDemandReq
2025-12-16T18:55:36.021760+0100 chargesom manager[870930]: [INFO] connector:EvseM  :: EVSE ISO V2G CurrentDemandRes
2025-12-16T18:55:36.144529+0100 chargesom manager[870930]: [INFO] connector:EvseM  ::                                     CAR ISO V2G CurrentDemandReq
2025-12-16T18:55:36.242817+0100 chargesom manager[870930]: [INFO] connector:EvseM  :: EVSE ISO V2G CurrentDemandRes
2025-12-16T18:55:36.364192+0100 chargesom manager[870930]: [INFO] connector:EvseM  ::                                     CAR ISO V2G CurrentDemandReq
2025-12-16T18:55:36.461630+0100 chargesom manager[870930]: [INFO] connector:EvseM  :: EVSE ISO V2G CurrentDemandRes
2025-12-16T18:55:36.507010+0100 chargesom manager[870930]: [INFO] connector:EvseM  :: EVSE IEC Isolation measurement Ok R_F 900000.
2025-12-16T18:55:36.593879+0100 chargesom manager[870930]: [INFO] connector:EvseM  ::                                     CAR ISO V2G CurrentDemandReq
2025-12-16T18:55:36.685441+0100 chargesom manager[870930]: [INFO] connector:EvseM  :: EVSE ISO V2G CurrentDemandRes
2025-12-16T18:55:36.805286+0100 chargesom manager[870930]: [INFO] connector:EvseM  ::                                     CAR ISO V2G CurrentDemandReq
2025-12-16T18:55:36.902008+0100 chargesom manager[870930]: [INFO] connector:EvseM  :: EVSE ISO V2G CurrentDemandRes
2025-12-16T18:55:37.024307+0100 chargesom manager[870930]: [INFO] connector:EvseM  ::                                     CAR ISO V2G CurrentDemandReq
2025-12-16T18:55:37.123513+0100 chargesom manager[870930]: [INFO] connector:EvseM  :: EVSE ISO V2G CurrentDemandRes
2025-12-16T18:55:37.243912+0100 chargesom manager[870930]: [INFO] connector:EvseM  ::                                     CAR ISO V2G CurrentDemandReq
2025-12-16T18:55:37.341438+0100 chargesom manager[870930]: [INFO] connector:EvseM  :: EVSE ISO V2G CurrentDemandRes
2025-12-16T18:55:37.493490+0100 chargesom manager[870930]: [INFO] connector:EvseM  ::                                     CAR ISO V2G CurrentDemandReq
2025-12-16T18:55:37.507277+0100 chargesom manager[870930]: [INFO] connector:EvseM  :: EVSE IEC Isolation measurement Ok R_F 900000.
2025-12-16T18:55:37.594161+0100 chargesom manager[870930]: [INFO] connector:EvseM  :: EVSE ISO V2G CurrentDemandRes
2025-12-16T18:55:37.683946+0100 chargesom manager[870930]: [INFO] connector:EvseM  ::                                     CAR ISO V2G CurrentDemandReq
2025-12-16T18:55:37.785531+0100 chargesom manager[870930]: [INFO] connector:EvseM  :: EVSE ISO V2G CurrentDemandRes
2025-12-16T18:55:37.922222+0100 chargesom manager[870930]: [INFO] connector:EvseM  ::                                     CAR ISO V2G CurrentDemandReq
2025-12-16T18:55:38.002951+0100 chargesom manager[870930]: [INFO] connector:EvseM  :: EVSE ISO V2G CurrentDemandRes
2025-12-16T18:55:38.124189+0100 chargesom manager[870930]: [INFO] connector:EvseM  ::                                     CAR ISO V2G CurrentDemandReq
2025-12-16T18:55:38.221579+0100 chargesom manager[870930]: [INFO] connector:EvseM  :: EVSE ISO V2G CurrentDemandRes
2025-12-16T18:55:38.344379+0100 chargesom manager[870930]: [INFO] connector:EvseM  ::                                     CAR ISO V2G CurrentDemandReq
2025-12-16T18:55:38.442987+0100 chargesom manager[870930]: [INFO] connector:EvseM  :: EVSE ISO V2G CurrentDemandRes
2025-12-16T18:55:38.507570+0100 chargesom manager[870930]: [INFO] connector:EvseM  :: EVSE IEC Isolation measurement Ok R_F 900000.
2025-12-16T18:55:38.593854+0100 chargesom manager[870930]: [INFO] connector:EvseM  ::                                     CAR ISO V2G CurrentDemandReq
2025-12-16T18:55:38.661677+0100 chargesom manager[870930]: [INFO] connector:EvseM  :: EVSE ISO V2G CurrentDemandRes
2025-12-16T18:55:38.784752+0100 chargesom manager[870930]: [INFO] connector:EvseM  ::                                     CAR ISO V2G CurrentDemandReq
2025-12-16T18:55:38.883646+0100 chargesom manager[870930]: [INFO] connector:EvseM  :: EVSE ISO V2G CurrentDemandRes
2025-12-16T18:55:39.019410+0100 chargesom manager[870930]: [INFO] connector:EvseM  ::                                     CAR ISO V2G CurrentDemandReq
2025-12-16T18:55:39.101808+0100 chargesom manager[870930]: [INFO] connector:EvseM  :: EVSE ISO V2G CurrentDemandRes
2025-12-16T18:55:39.224386+0100 chargesom manager[870930]: [INFO] connector:EvseM  ::                                     CAR ISO V2G CurrentDemandReq
2025-12-16T18:55:39.322758+0100 chargesom manager[870930]: [INFO] connector:EvseM  :: EVSE ISO V2G CurrentDemandRes
2025-12-16T18:55:39.443906+0100 chargesom manager[870930]: [INFO] connector:EvseM  ::                                     CAR ISO V2G CurrentDemandReq
2025-12-16T18:55:39.507722+0100 chargesom manager[870930]: [INFO] connector:EvseM  :: EVSE IEC Isolation measurement Ok R_F 900000.
2025-12-16T18:55:39.553493+0100 chargesom manager[870930]: [INFO] connector:EvseM  :: EVSE ISO V2G CurrentDemandRes
2025-12-16T18:55:39.664465+0100 chargesom manager[870930]: [INFO] connector:EvseM  ::                                     CAR ISO V2G CurrentDemandReq
2025-12-16T18:55:39.762925+0100 chargesom manager[870930]: [INFO] connector:EvseM  :: EVSE ISO V2G CurrentDemandRes
2025-12-16T18:55:39.885661+0100 chargesom manager[870930]: [INFO] connector:EvseM  ::                                     CAR ISO V2G CurrentDemandReq
2025-12-16T18:55:39.981669+0100 chargesom manager[870930]: [INFO] connector:EvseM  :: EVSE ISO V2G CurrentDemandRes
2025-12-16T18:55:40.105843+0100 chargesom manager[870930]: [INFO] connector:EvseM  ::                                     CAR ISO V2G CurrentDemandReq
2025-12-16T18:55:40.241306+0100 chargesom manager[870930]: [INFO] connector:EvseM  :: EVSE ISO V2G CurrentDemandRes
2025-12-16T18:55:40.323852+0100 chargesom manager[870930]: [INFO] connector:EvseM  ::                                     CAR ISO V2G CurrentDemandReq
2025-12-16T18:55:40.445312+0100 chargesom manager[870930]: [INFO] connector:EvseM  :: EVSE ISO V2G CurrentDemandRes
2025-12-16T18:55:40.509447+0100 chargesom manager[870930]: [INFO] connector:EvseM  :: EVSE IEC Isolation measurement Ok R_F 900000.
2025-12-16T18:55:40.553676+0100 chargesom manager[870930]: [INFO] connector:EvseM  ::                                     CAR ISO V2G CurrentDemandReq
2025-12-16T18:55:40.641492+0100 chargesom manager[870930]: [INFO] connector:EvseM  :: EVSE ISO V2G CurrentDemandRes
2025-12-16T18:55:40.764844+0100 chargesom manager[870930]: [INFO] connector:EvseM  ::                                     CAR ISO V2G CurrentDemandReq
2025-12-16T18:55:40.861507+0100 chargesom manager[870930]: [INFO] connector:EvseM  :: EVSE ISO V2G CurrentDemandRes
2025-12-16T18:55:40.985191+0100 chargesom manager[870930]: [INFO] connector:EvseM  ::                                     CAR ISO V2G CurrentDemandReq
2025-12-16T18:55:41.101456+0100 chargesom manager[870930]: [INFO] connector:EvseM  :: EVSE ISO V2G CurrentDemandRes
2025-12-16T18:55:41.204793+0100 chargesom manager[870930]: [INFO] connector:EvseM  ::                                     CAR ISO V2G CurrentDemandReq
2025-12-16T18:55:41.339319+0100 chargesom manager[870930]: [INFO] connector:EvseM  :: EVSE ISO V2G CurrentDemandRes
2025-12-16T18:55:41.429656+0100 chargesom manager[870930]: [INFO] connector:EvseM  ::                                     CAR ISO V2G CurrentDemandReq
2025-12-16T18:55:41.508285+0100 chargesom manager[870930]: [INFO] connector:EvseM  :: EVSE IEC Isolation measurement Ok R_F 900000.
2025-12-16T18:55:41.557955+0100 chargesom manager[870930]: [INFO] connector:EvseM  :: EVSE ISO V2G CurrentDemandRes
2025-12-16T18:55:41.643882+0100 chargesom manager[870930]: [INFO] connector:EvseM  ::                                     CAR ISO V2G CurrentDemandReq
2025-12-16T18:55:41.741603+0100 chargesom manager[870930]: [INFO] connector:EvseM  :: EVSE ISO V2G CurrentDemandRes
2025-12-16T18:55:41.865744+0100 chargesom manager[870930]: [INFO] connector:EvseM  ::                                     CAR ISO V2G CurrentDemandReq
2025-12-16T18:55:41.963399+0100 chargesom manager[870930]: [INFO] connector:EvseM  :: EVSE ISO V2G CurrentDemandRes
2025-12-16T18:55:42.101850+0100 chargesom manager[870930]: [INFO] connector:EvseM  ::                                     CAR ISO V2G CurrentDemandReq
2025-12-16T18:55:42.182133+0100 chargesom manager[870930]: [INFO] connector:EvseM  :: EVSE ISO V2G CurrentDemandRes
2025-12-16T18:55:42.304507+0100 chargesom manager[870930]: [INFO] connector:EvseM  ::                                     CAR ISO V2G CurrentDemandReq
2025-12-16T18:55:42.438238+0100 chargesom manager[870930]: [INFO] connector:EvseM  :: EVSE ISO V2G CurrentDemandRes
2025-12-16T18:55:42.526172+0100 chargesom manager[870930]: [INFO] connector:EvseM  :: EVSE IEC Isolation measurement Ok R_F 900000.
2025-12-16T18:55:42.526172+0100 chargesom manager[870930]: [INFO] connector:EvseM  ::                                     CAR ISO V2G CurrentDemandReq
2025-12-16T18:55:42.622264+0100 chargesom manager[870930]: [INFO] connector:EvseM  :: EVSE ISO V2G CurrentDemandRes
2025-12-16T18:55:42.744410+0100 chargesom manager[870930]: [INFO] connector:EvseM  ::                                     CAR ISO V2G CurrentDemandReq
2025-12-16T18:55:42.842800+0100 chargesom manager[870930]: [INFO] connector:EvseM  :: EVSE ISO V2G CurrentDemandRes
2025-12-16T18:55:42.964502+0100 chargesom manager[870930]: [INFO] connector:EvseM  ::                                     CAR ISO V2G CurrentDemandReq
2025-12-16T18:55:43.101787+0100 chargesom manager[870930]: [INFO] connector:EvseM  :: EVSE ISO V2G CurrentDemandRes
2025-12-16T18:55:43.184309+0100 chargesom manager[870930]: [INFO] connector:EvseM  ::                                     CAR ISO V2G CurrentDemandReq
2025-12-16T18:55:43.282877+0100 chargesom manager[870930]: [INFO] connector:EvseM  :: EVSE ISO V2G CurrentDemandRes
2025-12-16T18:55:43.404020+0100 chargesom manager[870930]: [INFO] connector:EvseM  ::                                     CAR ISO V2G CurrentDemandReq
2025-12-16T18:55:43.502199+0100 chargesom manager[870930]: [INFO] connector:EvseM  :: EVSE ISO V2G CurrentDemandRes
2025-12-16T18:55:43.508853+0100 chargesom manager[870930]: [INFO] connector:EvseM  :: EVSE IEC Isolation measurement Ok R_F 900000.
2025-12-16T18:55:43.665622+0100 chargesom manager[870930]: [INFO] connector:EvseM  ::                                     CAR ISO V2G CurrentDemandReq
2025-12-16T18:55:43.757987+0100 chargesom manager[870930]: [INFO] connector:EvseM  :: EVSE ISO V2G CurrentDemandRes
2025-12-16T18:55:43.845135+0100 chargesom manager[870930]: [INFO] connector:EvseM  ::                                     CAR ISO V2G CurrentDemandReq
2025-12-16T18:55:43.941535+0100 chargesom manager[870930]: [INFO] connector:EvseM  :: EVSE ISO V2G CurrentDemandRes
2025-12-16T18:55:44.101116+0100 chargesom manager[870930]: [INFO] connector:EvseM  ::                                     CAR ISO V2G CurrentDemandReq
2025-12-16T18:55:44.162826+0100 chargesom manager[870930]: [INFO] connector:EvseM  :: EVSE ISO V2G CurrentDemandRes
2025-12-16T18:55:44.283667+0100 chargesom manager[870930]: [INFO] connector:EvseM  ::                                     CAR ISO V2G CurrentDemandReq
2025-12-16T18:55:44.382132+0100 chargesom manager[870930]: [INFO] connector:EvseM  :: EVSE ISO V2G CurrentDemandRes
2025-12-16T18:55:44.506596+0100 chargesom manager[870930]: [INFO] connector:EvseM  ::                                     CAR ISO V2G CurrentDemandReq
2025-12-16T18:55:44.509036+0100 chargesom manager[870930]: [INFO] connector:EvseM  :: EVSE IEC Isolation measurement Ok R_F 900000.
2025-12-16T18:55:44.645316+0100 chargesom manager[870930]: [INFO] connector:EvseM  :: EVSE ISO V2G CurrentDemandRes
2025-12-16T18:55:44.765253+0100 chargesom manager[870930]: [INFO] connector:EvseM  ::                                     CAR ISO V2G CurrentDemandReq
2025-12-16T18:55:44.857297+0100 chargesom manager[870930]: [INFO] connector:EvseM  :: EVSE ISO V2G CurrentDemandRes
2025-12-16T18:55:44.945353+0100 chargesom manager[870930]: [INFO] connector:EvseM  ::                                     CAR ISO V2G CurrentDemandReq
2025-12-16T18:55:45.043128+0100 chargesom manager[870930]: [INFO] connector:EvseM  :: EVSE ISO V2G CurrentDemandRes
2025-12-16T18:55:45.163353+0100 chargesom manager[870930]: [INFO] connector:EvseM  ::                                     CAR ISO V2G CurrentDemandReq
2025-12-16T18:55:45.262039+0100 chargesom manager[870930]: [INFO] connector:EvseM  :: EVSE ISO V2G CurrentDemandRes
2025-12-16T18:55:45.384136+0100 chargesom manager[870930]: [INFO] connector:EvseM  ::                                     CAR ISO V2G CurrentDemandReq
2025-12-16T18:55:45.489636+0100 chargesom manager[870930]: [INFO] connector:EvseM  :: EVSE ISO V2G CurrentDemandRes
2025-12-16T18:55:45.509327+0100 chargesom manager[870930]: [INFO] connector:EvseM  :: EVSE IEC Isolation measurement Ok R_F 900000.
2025-12-16T18:55:45.603644+0100 chargesom manager[870930]: [INFO] connector:EvseM  ::                                     CAR ISO V2G CurrentDemandReq
2025-12-16T18:55:45.702133+0100 chargesom manager[870930]: [INFO] connector:EvseM  :: EVSE ISO V2G CurrentDemandRes
2025-12-16T18:55:45.869941+0100 chargesom manager[870930]: [INFO] connector:EvseM  ::                                     CAR ISO V2G CurrentDemandReq
2025-12-16T18:55:45.957727+0100 chargesom manager[870930]: [INFO] connector:EvseM  :: EVSE ISO V2G CurrentDemandRes
2025-12-16T18:55:46.043378+0100 chargesom manager[870930]: [INFO] connector:EvseM  ::                                     CAR ISO V2G CurrentDemandReq
2025-12-16T18:55:46.142093+0100 chargesom manager[870930]: [INFO] connector:EvseM  :: EVSE ISO V2G CurrentDemandRes
2025-12-16T18:55:46.267848+0100 chargesom manager[870930]: [INFO] connector:EvseM  ::                                     CAR ISO V2G CurrentDemandReq
2025-12-16T18:55:46.365224+0100 chargesom manager[870930]: [INFO] connector:EvseM  :: EVSE ISO V2G CurrentDemandRes
2025-12-16T18:55:46.483518+0100 chargesom manager[870930]: [INFO] connector:EvseM  ::                                     CAR ISO V2G CurrentDemandReq
2025-12-16T18:55:46.509571+0100 chargesom manager[870930]: [INFO] connector:EvseM  :: EVSE IEC Isolation measurement Ok R_F 900000.
2025-12-16T18:55:46.597135+0100 chargesom manager[870930]: [INFO] connector:EvseM  :: EVSE ISO V2G CurrentDemandRes
2025-12-16T18:55:46.703175+0100 chargesom manager[870930]: [INFO] connector:EvseM  ::                                     CAR ISO V2G CurrentDemandReq
2025-12-16T18:55:46.802620+0100 chargesom manager[870930]: [INFO] connector:EvseM  :: EVSE ISO V2G CurrentDemandRes
2025-12-16T18:55:46.924887+0100 chargesom manager[870930]: [INFO] connector:EvseM  ::                                     CAR ISO V2G CurrentDemandReq
2025-12-16T18:55:47.053902+0100 chargesom manager[870930]: [INFO] connector:EvseM  :: EVSE ISO V2G CurrentDemandRes
2025-12-16T18:55:47.143198+0100 chargesom manager[870930]: [INFO] connector:EvseM  ::                                     CAR ISO V2G CurrentDemandReq
2025-12-16T18:55:47.241840+0100 chargesom manager[870930]: [INFO] connector:EvseM  :: EVSE ISO V2G CurrentDemandRes
2025-12-16T18:55:47.363859+0100 chargesom manager[870930]: [INFO] connector:EvseM  ::                                     CAR ISO V2G CurrentDemandReq
2025-12-16T18:55:47.493139+0100 chargesom manager[870930]: [INFO] connector:EvseM  :: EVSE ISO V2G CurrentDemandRes
2025-12-16T18:55:47.509862+0100 chargesom manager[870930]: [INFO] connector:EvseM  :: EVSE IEC Isolation measurement Ok R_F 900000.
2025-12-16T18:55:47.597134+0100 chargesom manager[870930]: [INFO] connector:EvseM  ::                                     CAR ISO V2G CurrentDemandReq
2025-12-16T18:55:47.685308+0100 chargesom manager[870930]: [INFO] connector:EvseM  :: EVSE ISO V2G CurrentDemandRes
2025-12-16T18:55:47.804093+0100 chargesom manager[870930]: [INFO] connector:EvseM  ::                                     CAR ISO V2G CurrentDemandReq
2025-12-16T18:55:47.901844+0100 chargesom manager[870930]: [INFO] connector:EvseM  :: EVSE ISO V2G CurrentDemandRes
2025-12-16T18:55:48.023277+0100 chargesom manager[870930]: [INFO] connector:EvseM  ::                                     CAR ISO V2G CurrentDemandReq
2025-12-16T18:55:48.154008+0100 chargesom manager[870930]: [INFO] connector:EvseM  :: EVSE ISO V2G CurrentDemandRes
2025-12-16T18:55:48.285402+0100 chargesom manager[870930]: [INFO] connector:EvseM  ::                                     CAR ISO V2G CurrentDemandReq
2025-12-16T18:55:48.342085+0100 chargesom manager[870930]: [INFO] connector:EvseM  :: EVSE ISO V2G CurrentDemandRes
2025-12-16T18:55:48.463221+0100 chargesom manager[870930]: [INFO] connector:EvseM  ::                                     CAR ISO V2G CurrentDemandReq
2025-12-16T18:55:48.510142+0100 chargesom manager[870930]: [INFO] connector:EvseM  :: EVSE IEC Isolation measurement Ok R_F 900000.
2025-12-16T18:55:48.597820+0100 chargesom manager[870930]: [INFO] connector:EvseM  :: EVSE ISO V2G CurrentDemandRes
2025-12-16T18:55:48.683219+0100 chargesom manager[870930]: [INFO] connector:EvseM  ::                                     CAR ISO V2G CurrentDemandReq
2025-12-16T18:55:48.781665+0100 chargesom manager[870930]: [INFO] connector:EvseM  :: EVSE ISO V2G CurrentDemandRes
2025-12-16T18:55:48.904653+0100 chargesom manager[870930]: [INFO] connector:EvseM  ::                                     CAR ISO V2G CurrentDemandReq
2025-12-16T18:55:49.001844+0100 chargesom manager[870930]: [INFO] connector:EvseM  :: EVSE ISO V2G CurrentDemandRes
2025-12-16T18:55:49.123388+0100 chargesom manager[870930]: [INFO] connector:EvseM  ::                                     CAR ISO V2G CurrentDemandReq
2025-12-16T18:55:49.221658+0100 chargesom manager[870930]: [INFO] connector:EvseM  :: EVSE ISO V2G CurrentDemandRes
2025-12-16T18:55:49.381150+0100 chargesom manager[870930]: [INFO] connector:EvseM  ::                                     CAR ISO V2G CurrentDemandReq
2025-12-16T18:55:49.441788+0100 chargesom manager[870930]: [INFO] connector:EvseM  :: EVSE ISO V2G CurrentDemandRes
2025-12-16T18:55:49.510635+0100 chargesom manager[870930]: [INFO] connector:EvseM  :: EVSE IEC Isolation measurement Ok R_F 900000.
2025-12-16T18:55:49.601167+0100 chargesom manager[870930]: [INFO] connector:EvseM  ::                                     CAR ISO V2G CurrentDemandReq
2025-12-16T18:55:49.661721+0100 chargesom manager[870930]: [INFO] connector:EvseM  :: EVSE ISO V2G CurrentDemandRes
2025-12-16T18:55:49.784798+0100 chargesom manager[870930]: [INFO] connector:EvseM  ::                                     CAR ISO V2G CurrentDemandReq
2025-12-16T18:55:49.881672+0100 chargesom manager[870930]: [INFO] connector:EvseM  :: EVSE ISO V2G CurrentDemandRes
2025-12-16T18:55:50.004644+0100 chargesom manager[870930]: [INFO] connector:EvseM  ::                                     CAR ISO V2G CurrentDemandReq
2025-12-16T18:55:50.105339+0100 chargesom manager[870930]: [INFO] connector:EvseM  :: EVSE ISO V2G CurrentDemandRes
2025-12-16T18:55:50.223285+0100 chargesom manager[870930]: [INFO] connector:EvseM  ::                                     CAR ISO V2G CurrentDemandReq
2025-12-16T18:55:50.321717+0100 chargesom manager[870930]: [INFO] connector:EvseM  :: EVSE ISO V2G CurrentDemandRes
2025-12-16T18:55:50.477386+0100 chargesom manager[870930]: [INFO] connector:EvseM  ::                                     CAR ISO V2G CurrentDemandReq
2025-12-16T18:55:50.521155+0100 chargesom manager[870930]: [INFO] connector:EvseM  :: EVSE IEC Isolation measurement Ok R_F 900000.
2025-12-16T18:55:50.565388+0100 chargesom manager[870930]: [INFO] connector:EvseM  :: EVSE ISO V2G CurrentDemandRes
2025-12-16T18:55:50.663155+0100 chargesom manager[870930]: [INFO] connector:EvseM  ::                                     CAR ISO V2G CurrentDemandReq
2025-12-16T18:55:50.761903+0100 chargesom manager[870930]: [INFO] connector:EvseM  :: EVSE ISO V2G CurrentDemandRes
2025-12-16T18:55:50.884037+0100 chargesom manager[870930]: [INFO] connector:EvseM  ::                                     CAR ISO V2G CurrentDemandReq
2025-12-16T18:55:50.981375+0100 chargesom manager[870930]: [INFO] connector:EvseM  :: EVSE ISO V2G CurrentDemandRes
2025-12-16T18:55:51.109323+0100 chargesom manager[870930]: [INFO] connector:EvseM  ::                                     CAR ISO V2G CurrentDemandReq
2025-12-16T18:55:51.201760+0100 chargesom manager[870930]: [INFO] connector:EvseM  :: EVSE ISO V2G CurrentDemandRes
2025-12-16T18:55:51.324794+0100 chargesom manager[870930]: [INFO] connector:EvseM  ::                                     CAR ISO V2G CurrentDemandReq
2025-12-16T18:55:51.422343+0100 chargesom manager[870930]: [INFO] connector:EvseM  :: EVSE ISO V2G CurrentDemandRes
2025-12-16T18:55:51.533141+0100 chargesom manager[870930]: [INFO] connector:EvseM  :: EVSE IEC Isolation measurement Ok R_F 900000.
2025-12-16T18:55:51.581400+0100 chargesom manager[870930]: [INFO] connector:EvseM  ::                                     CAR ISO V2G CurrentDemandReq
2025-12-16T18:55:51.642111+0100 chargesom manager[870930]: [INFO] connector:EvseM  :: EVSE ISO V2G CurrentDemandRes
2025-12-16T18:55:51.763122+0100 chargesom manager[870930]: [INFO] connector:EvseM  ::                                     CAR ISO V2G CurrentDemandReq
2025-12-16T18:55:51.861582+0100 chargesom manager[870930]: [INFO] connector:EvseM  :: EVSE ISO V2G CurrentDemandRes
2025-12-16T18:55:51.984793+0100 chargesom manager[870930]: [INFO] connector:EvseM  ::                                     CAR ISO V2G CurrentDemandReq
2025-12-16T18:55:52.109357+0100 chargesom manager[870930]: [INFO] connector:EvseM  :: EVSE ISO V2G CurrentDemandRes
2025-12-16T18:55:52.205282+0100 chargesom manager[870930]: [INFO] connector:EvseM  ::                                     CAR ISO V2G CurrentDemandReq
2025-12-16T18:55:52.303788+0100 chargesom manager[870930]: [INFO] connector:EvseM  :: EVSE ISO V2G CurrentDemandRes
2025-12-16T18:55:52.449304+0100 chargesom manager[870930]: [INFO] connector:EvseM  ::                                     CAR ISO V2G CurrentDemandReq
2025-12-16T18:55:52.511647+0100 chargesom manager[870930]: [INFO] connector:EvseM  :: EVSE IEC Isolation measurement Ok R_F 900000.
2025-12-16T18:55:52.553248+0100 chargesom manager[870930]: [INFO] connector:EvseM  :: EVSE ISO V2G CurrentDemandRes
2025-12-16T18:55:52.657343+0100 chargesom manager[870930]: [INFO] connector:EvseM  ::                                     CAR ISO V2G CurrentDemandReq
2025-12-16T18:55:52.774238+0100 chargesom manager[870930]: [INFO] connector:EvseM  :: EVSE ISO V2G CurrentDemandRes
2025-12-16T18:55:52.863582+0100 chargesom manager[870930]: [INFO] connector:EvseM  ::                                     CAR ISO V2G CurrentDemandReq
2025-12-16T18:55:52.960644+0100 chargesom manager[870930]: [INFO] connector:EvseM  :: EVSE ISO V2G CurrentDemandRes
2025-12-16T18:55:53.109343+0100 chargesom manager[870930]: [INFO] connector:EvseM  ::                                     CAR ISO V2G CurrentDemandReq
2025-12-16T18:55:53.180648+0100 chargesom manager[870930]: [INFO] connector:EvseM  :: EVSE ISO V2G CurrentDemandRes
2025-12-16T18:55:53.303005+0100 chargesom manager[870930]: [INFO] connector:EvseM  ::                                     CAR ISO V2G CurrentDemandReq
2025-12-16T18:55:53.401171+0100 chargesom manager[870930]: [INFO] connector:EvseM  :: EVSE ISO V2G CurrentDemandRes
2025-12-16T18:55:53.511971+0100 chargesom manager[870930]: [INFO] connector:EvseM  :: EVSE IEC Isolation measurement Ok R_F 900000.
2025-12-16T18:55:53.557464+0100 chargesom manager[870930]: [INFO] connector:EvseM  ::                                     CAR ISO V2G CurrentDemandReq
2025-12-16T18:55:53.620616+0100 chargesom manager[870930]: [INFO] connector:EvseM  :: EVSE ISO V2G CurrentDemandRes
2025-12-16T18:55:53.742874+0100 chargesom manager[870930]: [INFO] connector:EvseM  ::                                     CAR ISO V2G CurrentDemandReq
2025-12-16T18:55:53.869240+0100 chargesom manager[870930]: [INFO] connector:EvseM  :: EVSE ISO V2G CurrentDemandRes
2025-12-16T18:55:53.970115+0100 chargesom manager[870930]: [INFO] connector:EvseM  ::                                     CAR ISO V2G CurrentDemandReq
2025-12-16T18:55:54.060733+0100 chargesom manager[870930]: [INFO] connector:EvseM  :: EVSE ISO V2G CurrentDemandRes
2025-12-16T18:55:54.182943+0100 chargesom manager[870930]: [INFO] connector:EvseM  ::                                     CAR ISO V2G CurrentDemandReq
2025-12-16T18:55:54.280387+0100 chargesom manager[870930]: [INFO] connector:EvseM  :: EVSE ISO V2G CurrentDemandRes
2025-12-16T18:55:54.403091+0100 chargesom manager[870930]: [INFO] connector:EvseM  ::                                     CAR ISO V2G CurrentDemandReq
2025-12-16T18:55:54.500477+0100 chargesom manager[870930]: [INFO] connector:EvseM  :: EVSE ISO V2G CurrentDemandRes
2025-12-16T18:55:54.512149+0100 chargesom manager[870930]: [INFO] connector:EvseM  :: EVSE IEC Isolation measurement Ok R_F 900000.
2025-12-16T18:55:54.645161+0100 chargesom manager[870930]: [INFO] connector:EvseM  ::                                     CAR ISO V2G CurrentDemandReq
2025-12-16T18:55:54.720455+0100 chargesom manager[870930]: [INFO] connector:EvseM  :: EVSE ISO V2G CurrentDemandRes
2025-12-16T18:55:54.843942+0100 chargesom manager[870930]: [INFO] connector:EvseM  ::                                     CAR ISO V2G CurrentDemandReq
2025-12-16T18:55:54.977651+0100 chargesom manager[870930]: [INFO] connector:EvseM  :: EVSE ISO V2G CurrentDemandRes
2025-12-16T18:55:55.067810+0100 chargesom manager[870930]: [INFO] connector:EvseM  ::                                     CAR ISO V2G CurrentDemandReq
2025-12-16T18:55:55.160392+0100 chargesom manager[870930]: [INFO] connector:EvseM  :: EVSE ISO V2G CurrentDemandRes
2025-12-16T18:55:55.283318+0100 chargesom manager[870930]: [INFO] connector:EvseM  ::                                     CAR ISO V2G CurrentDemandReq
2025-12-16T18:55:55.380461+0100 chargesom manager[870930]: [INFO] connector:EvseM  :: EVSE ISO V2G CurrentDemandRes
2025-12-16T18:55:55.533758+0100 chargesom manager[870930]: [INFO] connector:EvseM  :: EVSE IEC Isolation measurement Ok R_F 900000.
2025-12-16T18:55:55.533758+0100 chargesom manager[870930]: [INFO] connector:EvseM  ::                                     CAR ISO V2G CurrentDemandReq
2025-12-16T18:55:55.621774+0100 chargesom manager[870930]: [INFO] connector:EvseM  :: EVSE ISO V2G CurrentDemandRes
2025-12-16T18:55:55.722831+0100 chargesom manager[870930]: [INFO] connector:EvseM  ::                                     CAR ISO V2G CurrentDemandReq
2025-12-16T18:55:55.820581+0100 chargesom manager[870930]: [INFO] connector:EvseM  :: EVSE ISO V2G CurrentDemandRes
2025-12-16T18:55:55.944175+0100 chargesom manager[870930]: [INFO] connector:EvseM  ::                                     CAR ISO V2G CurrentDemandReq
2025-12-16T18:55:56.077851+0100 chargesom manager[870930]: [INFO] connector:EvseM  :: EVSE ISO V2G CurrentDemandRes
2025-12-16T18:55:56.169237+0100 chargesom manager[870930]: [INFO] connector:EvseM  ::                                     CAR ISO V2G CurrentDemandReq
2025-12-16T18:55:56.260326+0100 chargesom manager[870930]: [INFO] connector:EvseM  :: EVSE ISO V2G CurrentDemandRes
2025-12-16T18:55:56.383274+0100 chargesom manager[870930]: [INFO] connector:EvseM  ::                                     CAR ISO V2G CurrentDemandReq
2025-12-16T18:55:56.480824+0100 chargesom manager[870930]: [INFO] connector:EvseM  :: EVSE ISO V2G CurrentDemandRes
2025-12-16T18:55:56.512829+0100 chargesom manager[870930]: [INFO] connector:EvseM  :: EVSE IEC Isolation measurement Ok R_F 900000.
2025-12-16T18:55:56.645456+0100 chargesom manager[870930]: [INFO] connector:EvseM  ::                                     CAR ISO V2G CurrentDemandReq
2025-12-16T18:55:56.702049+0100 chargesom manager[870930]: [INFO] connector:EvseM  :: EVSE ISO V2G CurrentDemandRes
2025-12-16T18:55:56.823988+0100 chargesom manager[870930]: [INFO] connector:EvseM  ::                                     CAR ISO V2G CurrentDemandReq
2025-12-16T18:55:56.921610+0100 chargesom manager[870930]: [INFO] connector:EvseM  :: EVSE ISO V2G CurrentDemandRes
2025-12-16T18:55:57.042720+0100 chargesom manager[870930]: [INFO] connector:EvseM  ::                                     CAR ISO V2G CurrentDemandReq
2025-12-16T18:55:57.177565+0100 chargesom manager[870930]: [INFO] connector:EvseM  :: EVSE ISO V2G CurrentDemandRes
2025-12-16T18:55:57.273322+0100 chargesom manager[870930]: [INFO] connector:EvseM  ::                                     CAR ISO V2G CurrentDemandReq
2025-12-16T18:55:57.361244+0100 chargesom manager[870930]: [INFO] connector:EvseM  :: EVSE ISO V2G CurrentDemandRes
2025-12-16T18:55:57.497457+0100 chargesom manager[870930]: [INFO] connector:EvseM  ::                                     CAR ISO V2G CurrentDemandReq
2025-12-16T18:55:57.513117+0100 chargesom manager[870930]: [INFO] connector:EvseM  :: EVSE IEC Isolation measurement Ok R_F 900000.
2025-12-16T18:55:57.601550+0100 chargesom manager[870930]: [INFO] connector:EvseM  :: EVSE ISO V2G CurrentDemandRes
2025-12-16T18:55:57.702655+0100 chargesom manager[870930]: [INFO] connector:EvseM  ::                                     CAR ISO V2G CurrentDemandReq
2025-12-16T18:55:57.801422+0100 chargesom manager[870930]: [INFO] connector:EvseM  :: EVSE ISO V2G CurrentDemandRes
2025-12-16T18:55:57.923937+0100 chargesom manager[870930]: [INFO] connector:EvseM  ::                                     CAR ISO V2G CurrentDemandReq
2025-12-16T18:55:58.020367+0100 chargesom manager[870930]: [INFO] connector:EvseM  :: EVSE ISO V2G CurrentDemandRes
2025-12-16T18:55:58.142985+0100 chargesom manager[870930]: [INFO] connector:EvseM  ::                                     CAR ISO V2G CurrentDemandReq
2025-12-16T18:55:58.281600+0100 chargesom manager[870930]: [INFO] connector:EvseM  :: EVSE ISO V2G CurrentDemandRes
2025-12-16T18:55:58.373289+0100 chargesom manager[870930]: [INFO] connector:EvseM  ::                                     CAR ISO V2G CurrentDemandReq
2025-12-16T18:55:58.460505+0100 chargesom manager[870930]: [INFO] connector:EvseM  :: EVSE ISO V2G CurrentDemandRes
2025-12-16T18:55:58.513364+0100 chargesom manager[870930]: [INFO] connector:EvseM  :: EVSE IEC Isolation measurement Ok R_F 900000.
2025-12-16T18:55:58.601329+0100 chargesom manager[870930]: [INFO] connector:EvseM  ::                                     CAR ISO V2G CurrentDemandReq
2025-12-16T18:55:58.680329+0100 chargesom manager[870930]: [INFO] connector:EvseM  :: EVSE ISO V2G CurrentDemandRes
2025-12-16T18:55:58.803626+0100 chargesom manager[870930]: [INFO] connector:EvseM  ::                                     CAR ISO V2G CurrentDemandReq
2025-12-16T18:55:58.900317+0100 chargesom manager[870930]: [INFO] connector:EvseM  :: EVSE ISO V2G CurrentDemandRes
2025-12-16T18:55:59.022587+0100 chargesom manager[870930]: [INFO] connector:EvseM  ::                                     CAR ISO V2G CurrentDemandReq
2025-12-16T18:55:59.121851+0100 chargesom manager[870930]: [INFO] connector:EvseM  :: EVSE ISO V2G CurrentDemandRes
2025-12-16T18:55:59.242485+0100 chargesom manager[870930]: [INFO] connector:EvseM  ::                                     CAR ISO V2G CurrentDemandReq
2025-12-16T18:55:59.381687+0100 chargesom manager[870930]: [INFO] connector:EvseM  :: EVSE ISO V2G CurrentDemandRes
2025-12-16T18:55:59.462669+0100 chargesom manager[870930]: [INFO] connector:EvseM  ::                                     CAR ISO V2G CurrentDemandReq
2025-12-16T18:55:59.513661+0100 chargesom manager[870930]: [INFO] connector:EvseM  :: EVSE IEC Isolation measurement Ok R_F 900000.
2025-12-16T18:55:59.601658+0100 chargesom manager[870930]: [INFO] connector:EvseM  :: EVSE ISO V2G CurrentDemandRes
2025-12-16T18:55:59.682713+0100 chargesom manager[870930]: [INFO] connector:EvseM  ::                                     CAR ISO V2G CurrentDemandReq
2025-12-16T18:55:59.781333+0100 chargesom manager[870930]: [INFO] connector:EvseM  :: EVSE ISO V2G CurrentDemandRes
2025-12-16T18:55:59.903334+0100 chargesom manager[870930]: [INFO] connector:EvseM  ::                                     CAR ISO V2G CurrentDemandReq
2025-12-16T18:56:00.001077+0100 chargesom manager[870930]: [INFO] connector:EvseM  :: EVSE ISO V2G CurrentDemandRes
2025-12-16T18:56:00.122654+0100 chargesom manager[870930]: [INFO] connector:EvseM  ::                                     CAR ISO V2G CurrentDemandReq
2025-12-16T18:56:00.221122+0100 chargesom manager[870930]: [INFO] connector:EvseM  :: EVSE ISO V2G CurrentDemandRes
2025-12-16T18:56:00.342816+0100 chargesom manager[870930]: [INFO] connector:EvseM  ::                                     CAR ISO V2G CurrentDemandReq
2025-12-16T18:56:00.446507+0100 chargesom manager[870930]: [INFO] connector:EvseM  :: EVSE ISO V2G CurrentDemandRes
2025-12-16T18:56:00.533521+0100 chargesom manager[870930]: [INFO] connector:EvseM  :: EVSE IEC Isolation measurement Ok R_F 900000.
2025-12-16T18:56:00.577272+0100 chargesom manager[870930]: [INFO] connector:EvseM  ::                                     CAR ISO V2G CurrentDemandReq
2025-12-16T18:56:00.665806+0100 chargesom manager[870930]: [INFO] connector:EvseM  :: EVSE ISO V2G CurrentDemandRes
2025-12-16T18:56:00.783092+0100 chargesom manager[870930]: [INFO] connector:EvseM  ::                                     CAR ISO V2G CurrentDemandReq
2025-12-16T18:56:00.881442+0100 chargesom manager[870930]: [INFO] connector:EvseM  :: EVSE ISO V2G CurrentDemandRes
2025-12-16T18:56:01.003846+0100 chargesom manager[870930]: [INFO] connector:EvseM  ::                                     CAR ISO V2G CurrentDemandReq
2025-12-16T18:56:01.113188+0100 chargesom manager[870930]: [INFO] connector:EvseM  :: EVSE ISO V2G CurrentDemandRes
2025-12-16T18:56:01.222602+0100 chargesom manager[870930]: [INFO] connector:EvseM  ::                                     CAR ISO V2G CurrentDemandReq
2025-12-16T18:56:01.323083+0100 chargesom manager[870930]: [INFO] connector:EvseM  :: EVSE ISO V2G CurrentDemandRes
2025-12-16T18:56:01.442600+0100 chargesom manager[870930]: [INFO] connector:EvseM  ::                                     CAR ISO V2G CurrentDemandReq
2025-12-16T18:56:01.514230+0100 chargesom manager[870930]: [INFO] connector:EvseM  :: EVSE IEC Isolation measurement Ok R_F 900000.
2025-12-16T18:56:01.557682+0100 chargesom manager[870930]: [INFO] connector:EvseM  :: EVSE ISO V2G CurrentDemandRes
2025-12-16T18:56:01.669465+0100 chargesom manager[870930]: [INFO] connector:EvseM  ::                                     CAR ISO V2G CurrentDemandReq
2025-12-16T18:56:01.793700+0100 chargesom manager[870930]: [INFO] connector:EvseM  :: EVSE ISO V2G CurrentDemandRes
2025-12-16T18:56:01.883197+0100 chargesom manager[870930]: [INFO] connector:EvseM  ::                                     CAR ISO V2G CurrentDemandReq
2025-12-16T18:56:01.981334+0100 chargesom manager[870930]: [INFO] connector:EvseM  :: EVSE ISO V2G CurrentDemandRes
2025-12-16T18:56:02.117234+0100 chargesom manager[870930]: [INFO] connector:EvseM  ::                                     CAR ISO V2G CurrentDemandReq
2025-12-16T18:56:02.201129+0100 chargesom manager[870930]: [INFO] connector:EvseM  :: EVSE ISO V2G CurrentDemandRes
2025-12-16T18:56:02.322632+0100 chargesom manager[870930]: [INFO] connector:EvseM  ::                                     CAR ISO V2G CurrentDemandReq
2025-12-16T18:56:02.449413+0100 chargesom manager[870930]: [INFO] connector:EvseM  :: EVSE ISO V2G CurrentDemandRes
2025-12-16T18:56:02.514518+0100 chargesom manager[870930]: [INFO] connector:EvseM  :: EVSE IEC Isolation measurement Ok R_F 900000.
2025-12-16T18:56:02.557399+0100 chargesom manager[870930]: [INFO] connector:EvseM  ::                                     CAR ISO V2G CurrentDemandReq
2025-12-16T18:56:02.641513+0100 chargesom manager[870930]: [INFO] connector:EvseM  :: EVSE ISO V2G CurrentDemandRes
2025-12-16T18:56:02.762597+0100 chargesom manager[870930]: [INFO] connector:EvseM  ::                                     CAR ISO V2G CurrentDemandReq
2025-12-16T18:56:02.889990+0100 chargesom manager[870930]: [INFO] connector:EvseM  :: EVSE ISO V2G CurrentDemandRes
2025-12-16T18:56:02.983627+0100 chargesom manager[870930]: [INFO] connector:EvseM  ::                                     CAR ISO V2G CurrentDemandReq
2025-12-16T18:56:03.117175+0100 chargesom manager[870930]: [INFO] connector:EvseM  :: EVSE ISO V2G CurrentDemandRes
2025-12-16T18:56:03.204348+0100 chargesom manager[870930]: [INFO] connector:EvseM  ::                                     CAR ISO V2G CurrentDemandReq
2025-12-16T18:56:03.303044+0100 chargesom manager[870930]: [INFO] connector:EvseM  :: EVSE ISO V2G CurrentDemandRes
2025-12-16T18:56:03.422529+0100 chargesom manager[870930]: [INFO] connector:EvseM  ::                                     CAR ISO V2G CurrentDemandReq
2025-12-16T18:56:03.514692+0100 chargesom manager[870930]: [INFO] connector:EvseM  :: EVSE IEC Isolation measurement Ok R_F 900000.
2025-12-16T18:56:03.557517+0100 chargesom manager[870930]: [INFO] connector:EvseM  :: EVSE ISO V2G CurrentDemandRes
2025-12-16T18:56:03.642488+0100 chargesom manager[870930]: [INFO] connector:EvseM  ::                                     CAR ISO V2G CurrentDemandReq
2025-12-16T18:56:03.741180+0100 chargesom manager[870930]: [INFO] connector:EvseM  :: EVSE ISO V2G CurrentDemandRes
2025-12-16T18:56:03.864287+0100 chargesom manager[870930]: [INFO] connector:EvseM  ::                                     CAR ISO V2G CurrentDemandReq
2025-12-16T18:56:03.985303+0100 chargesom manager[870930]: [INFO] connector:EvseM  :: EVSE ISO V2G CurrentDemandRes
2025-12-16T18:56:04.117525+0100 chargesom manager[870930]: [INFO] connector:EvseM  ::                                     CAR ISO V2G CurrentDemandReq
2025-12-16T18:56:04.181009+0100 chargesom manager[870930]: [INFO] connector:EvseM  :: EVSE ISO V2G CurrentDemandRes
2025-12-16T18:56:04.302297+0100 chargesom manager[870930]: [INFO] connector:EvseM  ::                                     CAR ISO V2G CurrentDemandReq
2025-12-16T18:56:04.401168+0100 chargesom manager[870930]: [INFO] connector:EvseM  :: EVSE ISO V2G CurrentDemandRes
2025-12-16T18:56:04.514984+0100 chargesom manager[870930]: [INFO] connector:EvseM  :: EVSE IEC Isolation measurement Ok R_F 900000.
2025-12-16T18:56:04.557299+0100 chargesom manager[870930]: [INFO] connector:EvseM  ::                                     CAR ISO V2G CurrentDemandReq
2025-12-16T18:56:04.620866+0100 chargesom manager[870930]: [INFO] connector:EvseM  :: EVSE ISO V2G CurrentDemandRes
2025-12-16T18:56:04.742404+0100 chargesom manager[870930]: [INFO] connector:EvseM  ::                                     CAR ISO V2G CurrentDemandReq
2025-12-16T18:56:04.841007+0100 chargesom manager[870930]: [INFO] connector:EvseM  :: EVSE ISO V2G CurrentDemandRes
2025-12-16T18:56:04.963347+0100 chargesom manager[870930]: [INFO] connector:EvseM  ::                                     CAR ISO V2G CurrentDemandReq
2025-12-16T18:56:05.102249+0100 chargesom manager[870930]: [INFO] connector:EvseM  :: EVSE ISO V2G CurrentDemandRes
2025-12-16T18:56:05.193426+0100 chargesom manager[870930]: [INFO] connector:EvseM  ::                                     CAR ISO V2G CurrentDemandReq
2025-12-16T18:56:05.280902+0100 chargesom manager[870930]: [INFO] connector:EvseM  :: EVSE ISO V2G CurrentDemandRes
2025-12-16T18:56:05.403525+0100 chargesom manager[870930]: [INFO] connector:EvseM  ::                                     CAR ISO V2G CurrentDemandReq
2025-12-16T18:56:05.500903+0100 chargesom manager[870930]: [INFO] connector:EvseM  :: EVSE ISO V2G CurrentDemandRes
2025-12-16T18:56:05.515236+0100 chargesom manager[870930]: [INFO] connector:EvseM  :: EVSE IEC Isolation measurement Ok R_F 900000.
2025-12-16T18:56:05.645185+0100 chargesom manager[870930]: [INFO] connector:EvseM  ::                                     CAR ISO V2G CurrentDemandReq
2025-12-16T18:56:05.721033+0100 chargesom manager[870930]: [INFO] connector:EvseM  :: EVSE ISO V2G CurrentDemandRes
2025-12-16T18:56:05.844164+0100 chargesom manager[870930]: [INFO] connector:EvseM  ::                                     CAR ISO V2G CurrentDemandReq
2025-12-16T18:56:05.941136+0100 chargesom manager[870930]: [INFO] connector:EvseM  :: EVSE ISO V2G CurrentDemandRes
2025-12-16T18:56:06.062418+0100 chargesom manager[870930]: [INFO] connector:EvseM  ::                                     CAR ISO V2G CurrentDemandReq
2025-12-16T18:56:06.201782+0100 chargesom manager[870930]: [INFO] connector:EvseM  :: EVSE ISO V2G CurrentDemandRes
2025-12-16T18:56:06.293265+0100 chargesom manager[870930]: [INFO] connector:EvseM  ::                                     CAR ISO V2G CurrentDemandReq
2025-12-16T18:56:06.381701+0100 chargesom manager[870930]: [INFO] connector:EvseM  :: EVSE ISO V2G CurrentDemandRes
2025-12-16T18:56:06.502242+0100 chargesom manager[870930]: [INFO] connector:EvseM  ::                                     CAR ISO V2G CurrentDemandReq
2025-12-16T18:56:06.515546+0100 chargesom manager[870930]: [INFO] connector:EvseM  :: EVSE IEC Isolation measurement Ok R_F 900000.
2025-12-16T18:56:06.601361+0100 chargesom manager[870930]: [INFO] connector:EvseM  :: EVSE ISO V2G CurrentDemandRes
2025-12-16T18:56:06.722385+0100 chargesom manager[870930]: [INFO] connector:EvseM  ::                                     CAR ISO V2G CurrentDemandReq
2025-12-16T18:56:06.820934+0100 chargesom manager[870930]: [INFO] connector:EvseM  :: EVSE ISO V2G CurrentDemandRes
2025-12-16T18:56:06.943452+0100 chargesom manager[870930]: [INFO] connector:EvseM  ::                                     CAR ISO V2G CurrentDemandReq
2025-12-16T18:56:07.041905+0100 chargesom manager[870930]: [INFO] connector:EvseM  :: EVSE ISO V2G CurrentDemandRes
2025-12-16T18:56:07.162245+0100 chargesom manager[870930]: [INFO] connector:EvseM  ::                                     CAR ISO V2G CurrentDemandReq
2025-12-16T18:56:07.260798+0100 chargesom manager[870930]: [INFO] connector:EvseM  :: EVSE ISO V2G CurrentDemandRes
2025-12-16T18:56:07.393562+0100 chargesom manager[870930]: [INFO] connector:EvseM  ::                                     CAR ISO V2G CurrentDemandReq
2025-12-16T18:56:07.493414+0100 chargesom manager[870930]: [INFO] connector:EvseM  :: EVSE ISO V2G CurrentDemandRes
2025-12-16T18:56:07.515814+0100 chargesom manager[870930]: [INFO] connector:EvseM  :: EVSE IEC Isolation measurement Ok R_F 900000.
2025-12-16T18:56:07.605839+0100 chargesom manager[870930]: [INFO] connector:EvseM  ::                                     CAR ISO V2G CurrentDemandReq
2025-12-16T18:56:07.700901+0100 chargesom manager[870930]: [INFO] connector:EvseM  :: EVSE ISO V2G CurrentDemandRes
2025-12-16T18:56:07.823190+0100 chargesom manager[870930]: [INFO] connector:EvseM  ::                                     CAR ISO V2G CurrentDemandReq
2025-12-16T18:56:07.920994+0100 chargesom manager[870930]: [INFO] connector:EvseM  :: EVSE ISO V2G CurrentDemandRes
2025-12-16T18:56:08.042661+0100 chargesom manager[870930]: [INFO] connector:EvseM  ::                                     CAR ISO V2G CurrentDemandReq
2025-12-16T18:56:08.140810+0100 chargesom manager[870930]: [INFO] connector:EvseM  :: EVSE ISO V2G CurrentDemandRes
2025-12-16T18:56:08.262273+0100 chargesom manager[870930]: [INFO] connector:EvseM  ::                                     CAR ISO V2G CurrentDemandReq
2025-12-16T18:56:08.361010+0100 chargesom manager[870930]: [INFO] connector:EvseM  :: EVSE ISO V2G CurrentDemandRes
2025-12-16T18:56:08.493584+0100 chargesom manager[870930]: [INFO] connector:EvseM  ::                                     CAR ISO V2G CurrentDemandReq
2025-12-16T18:56:08.537653+0100 chargesom manager[870930]: [INFO] connector:EvseM  :: EVSE IEC Isolation measurement Ok R_F 900000.
2025-12-16T18:56:08.581669+0100 chargesom manager[870930]: [INFO] connector:EvseM  :: EVSE ISO V2G CurrentDemandRes
2025-12-16T18:56:08.702258+0100 chargesom manager[870930]: [INFO] connector:EvseM  ::                                     CAR ISO V2G CurrentDemandReq
2025-12-16T18:56:08.800818+0100 chargesom manager[870930]: [INFO] connector:EvseM  :: EVSE ISO V2G CurrentDemandRes
2025-12-16T18:56:08.923033+0100 chargesom manager[870930]: [INFO] connector:EvseM  ::                                     CAR ISO V2G CurrentDemandReq
2025-12-16T18:56:09.019916+0100 chargesom manager[870930]: [INFO] connector:EvseM  :: EVSE ISO V2G CurrentDemandRes
2025-12-16T18:56:09.142218+0100 chargesom manager[870930]: [INFO] connector:EvseM  ::                                     CAR ISO V2G CurrentDemandReq
2025-12-16T18:56:09.239706+0100 chargesom manager[870930]: [INFO] connector:EvseM  :: EVSE ISO V2G CurrentDemandRes
2025-12-16T18:56:09.362431+0100 chargesom manager[870930]: [INFO] connector:EvseM  ::                                     CAR ISO V2G CurrentDemandReq
2025-12-16T18:56:09.459718+0100 chargesom manager[870930]: [INFO] connector:EvseM  :: EVSE ISO V2G CurrentDemandRes
2025-12-16T18:56:09.516479+0100 chargesom manager[870930]: [INFO] connector:EvseM  :: EVSE IEC Isolation measurement Ok R_F 900000.
2025-12-16T18:56:09.582732+0100 chargesom manager[870930]: [INFO] connector:EvseM  ::                                     CAR ISO V2G CurrentDemandReq
2025-12-16T18:56:09.713234+0100 chargesom manager[870930]: [INFO] connector:EvseM  :: EVSE ISO V2G CurrentDemandRes
2025-12-16T18:56:09.845171+0100 chargesom manager[870930]: [INFO] connector:EvseM  ::                                     CAR ISO V2G CurrentDemandReq
2025-12-16T18:56:09.899432+0100 chargesom manager[870930]: [INFO] connector:EvseM  :: EVSE ISO V2G CurrentDemandRes
2025-12-16T18:56:10.022332+0100 chargesom manager[870930]: [INFO] connector:EvseM  ::                                     CAR ISO V2G CurrentDemandReq
2025-12-16T18:56:10.121207+0100 chargesom manager[870930]: [INFO] connector:EvseM  :: EVSE ISO V2G CurrentDemandRes
2025-12-16T18:56:10.242047+0100 chargesom manager[870930]: [INFO] connector:EvseM  ::                                     CAR ISO V2G CurrentDemandReq
2025-12-16T18:56:10.340160+0100 chargesom manager[870930]: [INFO] connector:EvseM  :: EVSE ISO V2G CurrentDemandRes
2025-12-16T18:56:10.493379+0100 chargesom manager[870930]: [INFO] connector:EvseM  ::                                     CAR ISO V2G CurrentDemandReq
2025-12-16T18:56:10.516748+0100 chargesom manager[870930]: [INFO] connector:EvseM  :: EVSE IEC Isolation measurement Ok R_F 900000.
2025-12-16T18:56:10.561389+0100 chargesom manager[870930]: [INFO] connector:EvseM  :: EVSE ISO V2G CurrentDemandRes
2025-12-16T18:56:10.725792+0100 chargesom manager[870930]: [INFO] connector:EvseM  ::                                     CAR ISO V2G CurrentDemandReq
2025-12-16T18:56:10.817374+0100 chargesom manager[870930]: [INFO] connector:EvseM  :: EVSE ISO V2G CurrentDemandRes
2025-12-16T18:56:10.903694+0100 chargesom manager[870930]: [INFO] connector:EvseM  ::                                     CAR ISO V2G CurrentDemandReq
2025-12-16T18:56:11.000687+0100 chargesom manager[870930]: [INFO] connector:EvseM  :: EVSE ISO V2G CurrentDemandRes
2025-12-16T18:56:11.122457+0100 chargesom manager[870930]: [INFO] connector:EvseM  ::                                     CAR ISO V2G CurrentDemandReq
2025-12-16T18:56:11.219609+0100 chargesom manager[870930]: [INFO] connector:EvseM  :: EVSE ISO V2G CurrentDemandRes
2025-12-16T18:56:11.343968+0100 chargesom manager[870930]: [INFO] connector:EvseM  ::                                     CAR ISO V2G CurrentDemandReq
2025-12-16T18:56:11.439884+0100 chargesom manager[870930]: [INFO] connector:EvseM  :: EVSE ISO V2G CurrentDemandRes
2025-12-16T18:56:11.517116+0100 chargesom manager[870930]: [INFO] connector:EvseM  :: EVSE IEC Isolation measurement Ok R_F 900000.
2025-12-16T18:56:11.605978+0100 chargesom manager[870930]: [INFO] connector:EvseM  ::                                     CAR ISO V2G CurrentDemandReq
2025-12-16T18:56:11.659695+0100 chargesom manager[870930]: [INFO] connector:EvseM  :: EVSE ISO V2G CurrentDemandRes
2025-12-16T18:56:11.785461+0100 chargesom manager[870930]: [INFO] connector:EvseM  ::                                     CAR ISO V2G CurrentDemandReq
2025-12-16T18:56:11.917502+0100 chargesom manager[870930]: [INFO] connector:EvseM  :: EVSE ISO V2G CurrentDemandRes
2025-12-16T18:56:12.003868+0100 chargesom manager[870930]: [INFO] connector:EvseM  ::                                     CAR ISO V2G CurrentDemandReq
2025-12-16T18:56:12.125205+0100 chargesom manager[870930]: [INFO] connector:EvseM  :: EVSE ISO V2G CurrentDemandRes
2025-12-16T18:56:12.222216+0100 chargesom manager[870930]: [INFO] connector:EvseM  ::                                     CAR ISO V2G CurrentDemandReq
2025-12-16T18:56:12.320803+0100 chargesom manager[870930]: [INFO] connector:EvseM  :: EVSE ISO V2G CurrentDemandRes
2025-12-16T18:56:12.453760+0100 chargesom manager[870930]: [INFO] connector:EvseM  ::                                     CAR ISO V2G CurrentDemandReq
2025-12-16T18:56:12.517544+0100 chargesom manager[870930]: [INFO] connector:EvseM  :: EVSE IEC Isolation measurement Ok R_F 900000.
2025-12-16T18:56:12.561403+0100 chargesom manager[870930]: [INFO] connector:EvseM  :: EVSE ISO V2G CurrentDemandRes
2025-12-16T18:56:12.661939+0100 chargesom manager[870930]: [INFO] connector:EvseM  ::                                     CAR ISO V2G CurrentDemandReq
2025-12-16T18:56:12.759469+0100 chargesom manager[870930]: [INFO] connector:EvseM  :: EVSE ISO V2G CurrentDemandRes
2025-12-16T18:56:12.884770+0100 chargesom manager[870930]: [INFO] connector:EvseM  ::                                     CAR ISO V2G CurrentDemandReq
2025-12-16T18:56:13.017991+0100 chargesom manager[870930]: [INFO] connector:EvseM  :: EVSE ISO V2G CurrentDemandRes
2025-12-16T18:56:13.125216+0100 chargesom manager[870930]: [INFO] connector:EvseM  ::                                     CAR ISO V2G CurrentDemandReq
2025-12-16T18:56:13.199490+0100 chargesom manager[870930]: [INFO] connector:EvseM  :: EVSE ISO V2G CurrentDemandRes
2025-12-16T18:56:13.322002+0100 chargesom manager[870930]: [INFO] connector:EvseM  ::                                     CAR ISO V2G CurrentDemandReq
2025-12-16T18:56:13.419509+0100 chargesom manager[870930]: [INFO] connector:EvseM  :: EVSE ISO V2G CurrentDemandRes
2025-12-16T18:56:13.517904+0100 chargesom manager[870930]: [INFO] connector:EvseM  :: EVSE IEC Isolation measurement Ok R_F 900000.
2025-12-16T18:56:13.561836+0100 chargesom manager[870930]: [INFO] connector:EvseM  ::                                     CAR ISO V2G CurrentDemandReq
2025-12-16T18:56:13.639526+0100 chargesom manager[870930]: [INFO] connector:EvseM  :: EVSE ISO V2G CurrentDemandRes
2025-12-16T18:56:13.761975+0100 chargesom manager[870930]: [INFO] connector:EvseM  ::                                     CAR ISO V2G CurrentDemandReq
2025-12-16T18:56:13.859650+0100 chargesom manager[870930]: [INFO] connector:EvseM  :: EVSE ISO V2G CurrentDemandRes
2025-12-16T18:56:13.983199+0100 chargesom manager[870930]: [INFO] connector:EvseM  ::                                     CAR ISO V2G CurrentDemandReq
2025-12-16T18:56:14.113663+0100 chargesom manager[870930]: [INFO] connector:EvseM  :: EVSE ISO V2G CurrentDemandRes
2025-12-16T18:56:14.210099+0100 chargesom manager[870930]: [INFO] connector:EvseM  ::                                     CAR ISO V2G CurrentDemandReq
2025-12-16T18:56:14.299505+0100 chargesom manager[870930]: [INFO] connector:EvseM  :: EVSE ISO V2G CurrentDemandRes
2025-12-16T18:56:14.422225+0100 chargesom manager[870930]: [INFO] connector:EvseM  ::                                     CAR ISO V2G CurrentDemandReq
2025-12-16T18:56:14.518260+0100 chargesom manager[870930]: [INFO] connector:EvseM  :: EVSE IEC Isolation measurement Ok R_F 900000.
2025-12-16T18:56:14.562244+0100 chargesom manager[870930]: [INFO] connector:EvseM  :: EVSE ISO V2G CurrentDemandRes
2025-12-16T18:56:14.641768+0100 chargesom manager[870930]: [INFO] connector:EvseM  ::                                     CAR ISO V2G CurrentDemandReq
2025-12-16T18:56:14.741121+0100 chargesom manager[870930]: [INFO] connector:EvseM  :: EVSE ISO V2G CurrentDemandRes
2025-12-16T18:56:14.863161+0100 chargesom manager[870930]: [INFO] connector:EvseM  ::                                     CAR ISO V2G CurrentDemandReq
2025-12-16T18:56:14.959690+0100 chargesom manager[870930]: [INFO] connector:EvseM  :: EVSE ISO V2G CurrentDemandRes
2025-12-16T18:56:15.082447+0100 chargesom manager[870930]: [INFO] connector:EvseM  ::                                     CAR ISO V2G CurrentDemandReq
2025-12-16T18:56:15.180345+0100 chargesom manager[870930]: [INFO] connector:EvseM  :: EVSE ISO V2G CurrentDemandRes
2025-12-16T18:56:15.305396+0100 chargesom manager[870930]: [INFO] connector:EvseM  ::                                     CAR ISO V2G CurrentDemandReq
2025-12-16T18:56:15.437340+0100 chargesom manager[870930]: [INFO] connector:EvseM  :: EVSE ISO V2G CurrentDemandRes
2025-12-16T18:56:15.525694+0100 chargesom manager[870930]: [INFO] connector:EvseM  :: EVSE IEC Isolation measurement Ok R_F 900000.
2025-12-16T18:56:15.526064+0100 chargesom manager[870930]: [INFO] connector:EvseM  ::                                     CAR ISO V2G CurrentDemandReq
2025-12-16T18:56:15.619560+0100 chargesom manager[870930]: [INFO] connector:EvseM  :: EVSE ISO V2G CurrentDemandRes
2025-12-16T18:56:15.742251+0100 chargesom manager[870930]: [INFO] connector:EvseM  ::                                     CAR ISO V2G CurrentDemandReq
2025-12-16T18:56:15.839499+0100 chargesom manager[870930]: [INFO] connector:EvseM  :: EVSE ISO V2G CurrentDemandRes
2025-12-16T18:56:15.963486+0100 chargesom manager[870930]: [INFO] connector:EvseM  ::                                     CAR ISO V2G CurrentDemandReq
2025-12-16T18:56:16.060164+0100 chargesom manager[870930]: [INFO] connector:EvseM  :: EVSE ISO V2G CurrentDemandRes
2025-12-16T18:56:16.181814+0100 chargesom manager[870930]: [INFO] connector:EvseM  ::                                     CAR ISO V2G CurrentDemandReq
2025-12-16T18:56:16.280357+0100 chargesom manager[870930]: [INFO] connector:EvseM  :: EVSE ISO V2G CurrentDemandRes
2025-12-16T18:56:16.403076+0100 chargesom manager[870930]: [INFO] connector:EvseM  ::                                     CAR ISO V2G CurrentDemandReq
2025-12-16T18:56:16.537252+0100 chargesom manager[870930]: [INFO] connector:EvseM  :: EVSE IEC Isolation measurement Ok R_F 900000.
2025-12-16T18:56:16.538215+0100 chargesom manager[870930]: [INFO] connector:EvseM  :: EVSE ISO V2G CurrentDemandRes
2025-12-16T18:56:16.625220+0100 chargesom manager[870930]: [INFO] connector:EvseM  ::                                     CAR ISO V2G CurrentDemandReq
2025-12-16T18:56:16.720294+0100 chargesom manager[870930]: [INFO] connector:EvseM  :: EVSE ISO V2G CurrentDemandRes
2025-12-16T18:56:16.842666+0100 chargesom manager[870930]: [INFO] connector:EvseM  ::                                     CAR ISO V2G CurrentDemandReq
2025-12-16T18:56:16.939450+0100 chargesom manager[870930]: [INFO] connector:EvseM  :: EVSE ISO V2G CurrentDemandRes
2025-12-16T18:56:17.062061+0100 chargesom manager[870930]: [INFO] connector:EvseM  ::                                     CAR ISO V2G CurrentDemandReq
2025-12-16T18:56:17.160363+0100 chargesom manager[870930]: [INFO] connector:EvseM  :: EVSE ISO V2G CurrentDemandRes
2025-12-16T18:56:17.281775+0100 chargesom manager[870930]: [INFO] connector:EvseM  ::                                     CAR ISO V2G CurrentDemandReq
2025-12-16T18:56:17.380391+0100 chargesom manager[870930]: [INFO] connector:EvseM  :: EVSE ISO V2G CurrentDemandRes
2025-12-16T18:56:17.501650+0100 chargesom manager[870930]: [INFO] connector:EvseM  ::                                     CAR ISO V2G CurrentDemandReq
2025-12-16T18:56:17.518698+0100 chargesom manager[870930]: [INFO] connector:EvseM  :: EVSE IEC Isolation measurement Ok R_F 900000.
2025-12-16T18:56:17.605467+0100 chargesom manager[870930]: [INFO] connector:EvseM  :: EVSE ISO V2G CurrentDemandRes
2025-12-16T18:56:17.721934+0100 chargesom manager[870930]: [INFO] connector:EvseM  ::                                     CAR ISO V2G CurrentDemandReq
2025-12-16T18:56:17.820207+0100 chargesom manager[870930]: [INFO] connector:EvseM  :: EVSE ISO V2G CurrentDemandRes
2025-12-16T18:56:17.943100+0100 chargesom manager[870930]: [INFO] connector:EvseM  ::                                     CAR ISO V2G CurrentDemandReq
2025-12-16T18:56:18.039944+0100 chargesom manager[870930]: [INFO] connector:EvseM  :: EVSE ISO V2G CurrentDemandRes
2025-12-16T18:56:18.161815+0100 chargesom manager[870930]: [INFO] connector:EvseM  ::                                     CAR ISO V2G CurrentDemandReq
2025-12-16T18:56:18.260181+0100 chargesom manager[870930]: [INFO] connector:EvseM  :: EVSE ISO V2G CurrentDemandRes
2025-12-16T18:56:18.381905+0100 chargesom manager[870930]: [INFO] connector:EvseM  ::                                     CAR ISO V2G CurrentDemandReq
2025-12-16T18:56:18.480171+0100 chargesom manager[870930]: [INFO] connector:EvseM  :: EVSE ISO V2G CurrentDemandRes
2025-12-16T18:56:18.519118+0100 chargesom manager[870930]: [INFO] connector:EvseM  :: EVSE IEC Isolation measurement Ok R_F 900000.
2025-12-16T18:56:18.609205+0100 chargesom manager[870930]: [INFO] connector:EvseM  ::                                     CAR ISO V2G CurrentDemandReq
2025-12-16T18:56:18.701898+0100 chargesom manager[870930]: [INFO] connector:EvseM  :: EVSE ISO V2G CurrentDemandRes
2025-12-16T18:56:18.829793+0100 chargesom manager[870930]: [INFO] connector:EvseM  ::                                     CAR ISO V2G CurrentDemandReq
2025-12-16T18:56:18.919789+0100 chargesom manager[870930]: [INFO] connector:EvseM  :: EVSE ISO V2G CurrentDemandRes
2025-12-16T18:56:19.041789+0100 chargesom manager[870930]: [INFO] connector:EvseM  ::                                     CAR ISO V2G CurrentDemandReq
2025-12-16T18:56:19.140128+0100 chargesom manager[870930]: [INFO] connector:EvseM  :: EVSE ISO V2G CurrentDemandRes
2025-12-16T18:56:19.261802+0100 chargesom manager[870930]: [INFO] connector:EvseM  ::                                     CAR ISO V2G CurrentDemandReq
2025-12-16T18:56:19.360502+0100 chargesom manager[870930]: [INFO] connector:EvseM  :: EVSE ISO V2G CurrentDemandRes
2025-12-16T18:56:19.481811+0100 chargesom manager[870930]: [INFO] connector:EvseM  ::                                     CAR ISO V2G CurrentDemandReq
2025-12-16T18:56:19.519314+0100 chargesom manager[870930]: [INFO] connector:EvseM  :: EVSE IEC Isolation measurement Ok R_F 900000.
2025-12-16T18:56:19.605726+0100 chargesom manager[870930]: [INFO] connector:EvseM  :: EVSE ISO V2G CurrentDemandRes
2025-12-16T18:56:19.701672+0100 chargesom manager[870930]: [INFO] connector:EvseM  ::                                     CAR ISO V2G CurrentDemandReq
2025-12-16T18:56:19.841338+0100 chargesom manager[870930]: [INFO] connector:EvseM  :: EVSE ISO V2G CurrentDemandRes
2025-12-16T18:56:19.929753+0100 chargesom manager[870930]: [INFO] connector:EvseM  ::                                     CAR ISO V2G CurrentDemandReq
2025-12-16T18:56:20.021060+0100 chargesom manager[870930]: [INFO] connector:EvseM  :: EVSE ISO V2G CurrentDemandRes
2025-12-16T18:56:20.141712+0100 chargesom manager[870930]: [INFO] connector:EvseM  ::                                     CAR ISO V2G CurrentDemandReq
2025-12-16T18:56:20.240208+0100 chargesom manager[870930]: [INFO] connector:EvseM  :: EVSE ISO V2G CurrentDemandRes
2025-12-16T18:56:20.361634+0100 chargesom manager[870930]: [INFO] connector:EvseM  ::                                     CAR ISO V2G CurrentDemandReq
2025-12-16T18:56:20.489250+0100 chargesom manager[870930]: [INFO] connector:EvseM  :: EVSE ISO V2G CurrentDemandRes
2025-12-16T18:56:20.519646+0100 chargesom manager[870930]: [INFO] connector:EvseM  :: EVSE IEC Isolation measurement Ok R_F 900000.
2025-12-16T18:56:20.605460+0100 chargesom manager[870930]: [INFO] connector:EvseM  ::                                     CAR ISO V2G CurrentDemandReq
2025-12-16T18:56:20.680034+0100 chargesom manager[870930]: [INFO] connector:EvseM  :: EVSE ISO V2G CurrentDemandRes
2025-12-16T18:56:20.802417+0100 chargesom manager[870930]: [INFO] connector:EvseM  ::                                     CAR ISO V2G CurrentDemandReq
2025-12-16T18:56:20.938422+0100 chargesom manager[870930]: [INFO] connector:EvseM  :: EVSE ISO V2G CurrentDemandRes
2025-12-16T18:56:21.033588+0100 chargesom manager[870930]: [INFO] connector:EvseM  ::                                     CAR ISO V2G CurrentDemandReq
2025-12-16T18:56:21.129238+0100 chargesom manager[870930]: [INFO] connector:EvseM  :: EVSE ISO V2G CurrentDemandRes
2025-12-16T18:56:21.241686+0100 chargesom manager[870930]: [INFO] connector:EvseM  ::                                     CAR ISO V2G CurrentDemandReq
2025-12-16T18:56:21.342198+0100 chargesom manager[870930]: [INFO] connector:EvseM  :: EVSE ISO V2G CurrentDemandRes
2025-12-16T18:56:21.461475+0100 chargesom manager[870930]: [INFO] connector:EvseM  ::                                     CAR ISO V2G CurrentDemandReq
2025-12-16T18:56:21.520316+0100 chargesom manager[870930]: [INFO] connector:EvseM  :: EVSE IEC Isolation measurement Ok R_F 900000.
2025-12-16T18:56:21.565705+0100 chargesom manager[870930]: [INFO] connector:EvseM  :: EVSE ISO V2G CurrentDemandRes
2025-12-16T18:56:21.681576+0100 chargesom manager[870930]: [INFO] connector:EvseM  ::                                     CAR ISO V2G CurrentDemandReq
2025-12-16T18:56:21.780807+0100 chargesom manager[870930]: [INFO] connector:EvseM  :: EVSE ISO V2G CurrentDemandRes
2025-12-16T18:56:21.902396+0100 chargesom manager[870930]: [INFO] connector:EvseM  ::                                     CAR ISO V2G CurrentDemandReq
2025-12-16T18:56:22.049772+0100 chargesom manager[870930]: [INFO] connector:EvseM  :: EVSE ISO V2G CurrentDemandRes
2025-12-16T18:56:22.142130+0100 chargesom manager[870930]: [INFO] connector:EvseM  ::                                     CAR ISO V2G CurrentDemandReq
2025-12-16T18:56:22.220042+0100 chargesom manager[870930]: [INFO] connector:EvseM  :: EVSE ISO V2G CurrentDemandRes
2025-12-16T18:56:22.342069+0100 chargesom manager[870930]: [INFO] connector:EvseM  ::                                     CAR ISO V2G CurrentDemandReq
2025-12-16T18:56:22.449676+0100 chargesom manager[870930]: [INFO] connector:EvseM  :: EVSE ISO V2G CurrentDemandRes
2025-12-16T18:56:22.520225+0100 chargesom manager[870930]: [INFO] connector:EvseM  :: EVSE IEC Isolation measurement Ok R_F 900000.
2025-12-16T18:56:22.565913+0100 chargesom manager[870930]: [INFO] connector:EvseM  ::                                     CAR ISO V2G CurrentDemandReq
2025-12-16T18:56:22.660498+0100 chargesom manager[870930]: [INFO] connector:EvseM  :: EVSE ISO V2G CurrentDemandRes
2025-12-16T18:56:22.781801+0100 chargesom manager[870930]: [INFO] connector:EvseM  ::                                     CAR ISO V2G CurrentDemandReq
2025-12-16T18:56:22.880010+0100 chargesom manager[870930]: [INFO] connector:EvseM  :: EVSE ISO V2G CurrentDemandRes
2025-12-16T18:56:23.002261+0100 chargesom manager[870930]: [INFO] connector:EvseM  ::                                     CAR ISO V2G CurrentDemandReq
2025-12-16T18:56:23.133964+0100 chargesom manager[870930]: [INFO] connector:EvseM  :: EVSE ISO V2G CurrentDemandRes
2025-12-16T18:56:23.226037+0100 chargesom manager[870930]: [INFO] connector:EvseM  ::                                     CAR ISO V2G CurrentDemandReq
2025-12-16T18:56:23.320065+0100 chargesom manager[870930]: [INFO] connector:EvseM  :: EVSE ISO V2G CurrentDemandRes
2025-12-16T18:56:23.441462+0100 chargesom manager[870930]: [INFO] connector:EvseM  ::                                     CAR ISO V2G CurrentDemandReq
2025-12-16T18:56:23.520568+0100 chargesom manager[870930]: [INFO] connector:EvseM  :: EVSE IEC Isolation measurement Ok R_F 900000.
2025-12-16T18:56:23.565477+0100 chargesom manager[870930]: [INFO] connector:EvseM  :: EVSE ISO V2G CurrentDemandRes
2025-12-16T18:56:23.662042+0100 chargesom manager[870930]: [INFO] connector:EvseM  ::                                     CAR ISO V2G CurrentDemandReq
2025-12-16T18:56:23.759893+0100 chargesom manager[870930]: [INFO] connector:EvseM  :: EVSE ISO V2G CurrentDemandRes
2025-12-16T18:56:23.884358+0100 chargesom manager[870930]: [INFO] connector:EvseM  ::                                     CAR ISO V2G CurrentDemandReq
2025-12-16T18:56:23.980784+0100 chargesom manager[870930]: [INFO] connector:EvseM  :: EVSE ISO V2G CurrentDemandRes
2025-12-16T18:56:24.133276+0100 chargesom manager[870930]: [INFO] connector:EvseM  ::                                     CAR ISO V2G CurrentDemandReq
2025-12-16T18:56:24.199966+0100 chargesom manager[870930]: [INFO] connector:EvseM  :: EVSE ISO V2G CurrentDemandRes
2025-12-16T18:56:24.322112+0100 chargesom manager[870930]: [INFO] connector:EvseM  ::                                     CAR ISO V2G CurrentDemandReq
2025-12-16T18:56:24.419828+0100 chargesom manager[870930]: [INFO] connector:EvseM  :: EVSE ISO V2G CurrentDemandRes
2025-12-16T18:56:24.520905+0100 chargesom manager[870930]: [INFO] connector:EvseM  :: EVSE IEC Isolation measurement Ok R_F 900000.
2025-12-16T18:56:24.565238+0100 chargesom manager[870930]: [INFO] connector:EvseM  ::                                     CAR ISO V2G CurrentDemandReq
2025-12-16T18:56:24.639007+0100 chargesom manager[870930]: [INFO] connector:EvseM  :: EVSE ISO V2G CurrentDemandRes
2025-12-16T18:56:24.761368+0100 chargesom manager[870930]: [INFO] connector:EvseM  ::                                     CAR ISO V2G CurrentDemandReq
2025-12-16T18:56:24.858802+0100 chargesom manager[870930]: [INFO] connector:EvseM  :: EVSE ISO V2G CurrentDemandRes
2025-12-16T18:56:24.983323+0100 chargesom manager[870930]: [INFO] connector:EvseM  ::                                     CAR ISO V2G CurrentDemandReq
2025-12-16T18:56:25.079873+0100 chargesom manager[870930]: [INFO] connector:EvseM  :: EVSE ISO V2G CurrentDemandRes
2025-12-16T18:56:25.201419+0100 chargesom manager[870930]: [INFO] connector:EvseM  ::                                     CAR ISO V2G CurrentDemandReq
2025-12-16T18:56:25.300483+0100 chargesom manager[870930]: [INFO] connector:EvseM  :: EVSE ISO V2G CurrentDemandRes
2025-12-16T18:56:25.429732+0100 chargesom manager[870930]: [INFO] connector:EvseM  ::                                     CAR ISO V2G CurrentDemandReq
2025-12-16T18:56:25.562400+0100 chargesom manager[870930]: [INFO] connector:EvseM  :: EVSE ISO V2G CurrentDemandRes
2025-12-16T18:56:25.562400+0100 chargesom manager[870930]: [INFO] connector:EvseM  :: EVSE IEC Isolation measurement Ok R_F 900000.
2025-12-16T18:56:25.653239+0100 chargesom manager[870930]: [INFO] connector:EvseM  ::                                     CAR ISO V2G CurrentDemandReq
2025-12-16T18:56:25.738824+0100 chargesom manager[870930]: [INFO] connector:EvseM  :: EVSE ISO V2G CurrentDemandRes
2025-12-16T18:56:25.862955+0100 chargesom manager[870930]: [INFO] connector:EvseM  ::                                     CAR ISO V2G CurrentDemandReq
2025-12-16T18:56:25.960127+0100 chargesom manager[870930]: [INFO] connector:EvseM  :: EVSE ISO V2G CurrentDemandRes
2025-12-16T18:56:26.081356+0100 chargesom manager[870930]: [INFO] connector:EvseM  ::                                     CAR ISO V2G CurrentDemandReq
2025-12-16T18:56:26.178866+0100 chargesom manager[870930]: [INFO] connector:EvseM  :: EVSE ISO V2G CurrentDemandRes
2025-12-16T18:56:26.301352+0100 chargesom manager[870930]: [INFO] connector:EvseM  ::                                     CAR ISO V2G CurrentDemandReq
2025-12-16T18:56:26.399055+0100 chargesom manager[870930]: [INFO] connector:EvseM  :: EVSE ISO V2G CurrentDemandRes
2025-12-16T18:56:26.521627+0100 chargesom manager[870930]: [INFO] connector:EvseM  ::                                     CAR ISO V2G CurrentDemandReq
2025-12-16T18:56:26.523300+0100 chargesom manager[870930]: [INFO] connector:EvseM  :: EVSE IEC Isolation measurement Ok R_F 900000.
2025-12-16T18:56:26.653829+0100 chargesom manager[870930]: [INFO] connector:EvseM  :: EVSE ISO V2G CurrentDemandRes
2025-12-16T18:56:26.753472+0100 chargesom manager[870930]: [INFO] connector:EvseM  ::                                     CAR ISO V2G CurrentDemandReq
2025-12-16T18:56:26.839015+0100 chargesom manager[870930]: [INFO] connector:EvseM  :: EVSE ISO V2G CurrentDemandRes
2025-12-16T18:56:26.962120+0100 chargesom manager[870930]: [INFO] connector:EvseM  ::                                     CAR ISO V2G CurrentDemandReq
2025-12-16T18:56:27.058987+0100 chargesom manager[870930]: [INFO] connector:EvseM  :: EVSE ISO V2G CurrentDemandRes
2025-12-16T18:56:27.181172+0100 chargesom manager[870930]: [INFO] connector:EvseM  ::                                     CAR ISO V2G CurrentDemandReq
2025-12-16T18:56:27.278308+0100 chargesom manager[870930]: [INFO] connector:EvseM  :: EVSE ISO V2G CurrentDemandRes
2025-12-16T18:56:27.400559+0100 chargesom manager[870930]: [INFO] connector:EvseM  ::                                     CAR ISO V2G CurrentDemandReq
2025-12-16T18:56:27.498053+0100 chargesom manager[870930]: [INFO] connector:EvseM  :: EVSE ISO V2G CurrentDemandRes
2025-12-16T18:56:27.522473+0100 chargesom manager[870930]: [INFO] connector:EvseM  :: EVSE IEC Isolation measurement Ok R_F 900000.
2025-12-16T18:56:27.653205+0100 chargesom manager[870930]: [INFO] connector:EvseM  ::                                     CAR ISO V2G CurrentDemandReq
2025-12-16T18:56:27.717941+0100 chargesom manager[870930]: [INFO] connector:EvseM  :: EVSE ISO V2G CurrentDemandRes
2025-12-16T18:56:27.850168+0100 chargesom manager[870930]: [INFO] connector:EvseM  ::                                     CAR ISO V2G CurrentDemandReq
2025-12-16T18:56:27.941496+0100 chargesom manager[870930]: [INFO] connector:EvseM  :: EVSE ISO V2G CurrentDemandRes
2025-12-16T18:56:28.060598+0100 chargesom manager[870930]: [INFO] connector:EvseM  ::                                     CAR ISO V2G CurrentDemandReq
2025-12-16T18:56:28.158365+0100 chargesom manager[870930]: [INFO] connector:EvseM  :: EVSE ISO V2G CurrentDemandRes
2025-12-16T18:56:28.280661+0100 chargesom manager[870930]: [INFO] connector:EvseM  ::                                     CAR ISO V2G CurrentDemandReq
2025-12-16T18:56:28.378138+0100 chargesom manager[870930]: [INFO] connector:EvseM  :: EVSE ISO V2G CurrentDemandRes
2025-12-16T18:56:28.500723+0100 chargesom manager[870930]: [INFO] connector:EvseM  ::                                     CAR ISO V2G CurrentDemandReq
2025-12-16T18:56:28.522718+0100 chargesom manager[870930]: [INFO] connector:EvseM  :: EVSE IEC Isolation measurement Ok R_F 900000.
2025-12-16T18:56:28.609794+0100 chargesom manager[870930]: [INFO] connector:EvseM  :: EVSE ISO V2G CurrentDemandRes
2025-12-16T18:56:28.720494+0100 chargesom manager[870930]: [INFO] connector:EvseM  ::                                     CAR ISO V2G CurrentDemandReq
2025-12-16T18:56:28.819371+0100 chargesom manager[870930]: [INFO] connector:EvseM  :: EVSE ISO V2G CurrentDemandRes
2025-12-16T18:56:28.941298+0100 chargesom manager[870930]: [INFO] connector:EvseM  ::                                     CAR ISO V2G CurrentDemandReq
2025-12-16T18:56:29.074597+0100 chargesom manager[870930]: [INFO] connector:EvseM  :: EVSE ISO V2G CurrentDemandRes
2025-12-16T18:56:29.160582+0100 chargesom manager[870930]: [INFO] connector:EvseM  ::                                     CAR ISO V2G CurrentDemandReq
2025-12-16T18:56:29.257966+0100 chargesom manager[870930]: [INFO] connector:EvseM  :: EVSE ISO V2G CurrentDemandRes
2025-12-16T18:56:29.381240+0100 chargesom manager[870930]: [INFO] connector:EvseM  ::                                     CAR ISO V2G CurrentDemandReq
2025-12-16T18:56:29.478238+0100 chargesom manager[870930]: [INFO] connector:EvseM  :: EVSE ISO V2G CurrentDemandRes
2025-12-16T18:56:29.522885+0100 chargesom manager[870930]: [INFO] connector:EvseM  :: EVSE IEC Isolation measurement Ok R_F 900000.
2025-12-16T18:56:29.613197+0100 chargesom manager[870930]: [INFO] connector:EvseM  ::                                     CAR ISO V2G CurrentDemandReq
2025-12-16T18:56:29.698896+0100 chargesom manager[870930]: [INFO] connector:EvseM  :: EVSE ISO V2G CurrentDemandRes
2025-12-16T18:56:29.821226+0100 chargesom manager[870930]: [INFO] connector:EvseM  ::                                     CAR ISO V2G CurrentDemandReq
2025-12-16T18:56:29.918971+0100 chargesom manager[870930]: [INFO] connector:EvseM  :: EVSE ISO V2G CurrentDemandRes
2025-12-16T18:56:30.042845+0100 chargesom manager[870930]: [INFO] connector:EvseM  ::                                     CAR ISO V2G CurrentDemandReq
2025-12-16T18:56:30.141727+0100 chargesom manager[870930]: [INFO] connector:EvseM  :: EVSE ISO V2G CurrentDemandRes
2025-12-16T18:56:30.260663+0100 chargesom manager[870930]: [INFO] connector:EvseM  ::                                     CAR ISO V2G CurrentDemandReq
2025-12-16T18:56:30.358200+0100 chargesom manager[870930]: [INFO] connector:EvseM  :: EVSE ISO V2G CurrentDemandRes
2025-12-16T18:56:30.489178+0100 chargesom manager[870930]: [INFO] connector:EvseM  ::                                     CAR ISO V2G CurrentDemandReq
2025-12-16T18:56:30.523664+0100 chargesom manager[870930]: [INFO] connector:EvseM  :: EVSE IEC Isolation measurement Ok R_F 900000.
2025-12-16T18:56:30.613646+0100 chargesom manager[870930]: [INFO] connector:EvseM  :: EVSE ISO V2G CurrentDemandRes
2025-12-16T18:56:30.700531+0100 chargesom manager[870930]: [INFO] connector:EvseM  ::                                     CAR ISO V2G CurrentDemandReq
2025-12-16T18:56:30.798965+0100 chargesom manager[870930]: [INFO] connector:EvseM  :: EVSE ISO V2G CurrentDemandRes
2025-12-16T18:56:30.921114+0100 chargesom manager[870930]: [INFO] connector:EvseM  ::                                     CAR ISO V2G CurrentDemandReq
2025-12-16T18:56:31.018951+0100 chargesom manager[870930]: [INFO] connector:EvseM  :: EVSE ISO V2G CurrentDemandRes
2025-12-16T18:56:31.140409+0100 chargesom manager[870930]: [INFO] connector:EvseM  ::                                     CAR ISO V2G CurrentDemandReq
2025-12-16T18:56:31.269949+0100 chargesom manager[870930]: [INFO] connector:EvseM  :: EVSE ISO V2G CurrentDemandRes
2025-12-16T18:56:31.363047+0100 chargesom manager[870930]: [INFO] connector:EvseM  ::                                     CAR ISO V2G CurrentDemandReq
2025-12-16T18:56:31.459371+0100 chargesom manager[870930]: [INFO] connector:EvseM  :: EVSE ISO V2G CurrentDemandRes
2025-12-16T18:56:31.524231+0100 chargesom manager[870930]: [INFO] connector:EvseM  :: EVSE IEC Isolation measurement Ok R_F 900000.
2025-12-16T18:56:31.613232+0100 chargesom manager[870930]: [INFO] connector:EvseM  ::                                     CAR ISO V2G CurrentDemandReq
2025-12-16T18:56:31.678705+0100 chargesom manager[870930]: [INFO] connector:EvseM  :: EVSE ISO V2G CurrentDemandRes
2025-12-16T18:56:31.801341+0100 chargesom manager[870930]: [INFO] connector:EvseM  ::                                     CAR ISO V2G CurrentDemandReq
2025-12-16T18:56:31.898898+0100 chargesom manager[870930]: [INFO] connector:EvseM  :: EVSE ISO V2G CurrentDemandRes
2025-12-16T18:56:32.020383+0100 chargesom manager[870930]: [INFO] connector:EvseM  ::                                     CAR ISO V2G CurrentDemandReq
2025-12-16T18:56:32.141386+0100 chargesom manager[870930]: [INFO] connector:EvseM  :: EVSE ISO V2G CurrentDemandRes
2025-12-16T18:56:32.240428+0100 chargesom manager[870930]: [INFO] connector:EvseM  ::                                     CAR ISO V2G CurrentDemandReq
2025-12-16T18:56:32.338910+0100 chargesom manager[870930]: [INFO] connector:EvseM  :: EVSE ISO V2G CurrentDemandRes
2025-12-16T18:56:32.461977+0100 chargesom manager[870930]: [INFO] connector:EvseM  ::                                     CAR ISO V2G CurrentDemandReq
2025-12-16T18:56:32.524365+0100 chargesom manager[870930]: [INFO] connector:EvseM  :: EVSE IEC Isolation measurement Ok R_F 900000.
2025-12-16T18:56:32.569446+0100 chargesom manager[870930]: [INFO] connector:EvseM  :: EVSE ISO V2G CurrentDemandRes
2025-12-16T18:56:32.680474+0100 chargesom manager[870930]: [INFO] connector:EvseM  ::                                     CAR ISO V2G CurrentDemandReq
2025-12-16T18:56:32.779494+0100 chargesom manager[870930]: [INFO] connector:EvseM  :: EVSE ISO V2G CurrentDemandRes
2025-12-16T18:56:32.901240+0100 chargesom manager[870930]: [INFO] connector:EvseM  ::                                     CAR ISO V2G CurrentDemandReq
2025-12-16T18:56:32.998888+0100 chargesom manager[870930]: [INFO] connector:EvseM  :: EVSE ISO V2G CurrentDemandRes
2025-12-16T18:56:33.141665+0100 chargesom manager[870930]: [INFO] connector:EvseM  ::                                     CAR ISO V2G CurrentDemandReq
2025-12-16T18:56:33.218754+0100 chargesom manager[870930]: [INFO] connector:EvseM  :: EVSE ISO V2G CurrentDemandRes
2025-12-16T18:56:33.340380+0100 chargesom manager[870930]: [INFO] connector:EvseM  ::                                     CAR ISO V2G CurrentDemandReq
2025-12-16T18:56:33.438800+0100 chargesom manager[870930]: [INFO] connector:EvseM  :: EVSE ISO V2G CurrentDemandRes
2025-12-16T18:56:33.558680+0100 chargesom manager[870930]: [INFO] connector:EvseM  :: EVSE IEC Isolation measurement Ok R_F 900000.
2025-12-16T18:56:33.602126+0100 chargesom manager[870930]: [INFO] connector:EvseM  ::                                     CAR ISO V2G CurrentDemandReq
2025-12-16T18:56:33.659760+0100 chargesom manager[870930]: [INFO] connector:EvseM  :: EVSE ISO V2G CurrentDemandRes
2025-12-16T18:56:33.780453+0100 chargesom manager[870930]: [INFO] connector:EvseM  ::                                     CAR ISO V2G CurrentDemandReq
2025-12-16T18:56:33.878894+0100 chargesom manager[870930]: [INFO] connector:EvseM  :: EVSE ISO V2G CurrentDemandRes
2025-12-16T18:56:34.001290+0100 chargesom manager[870930]: [INFO] connector:EvseM  ::                                     CAR ISO V2G CurrentDemandReq
2025-12-16T18:56:34.099407+0100 chargesom manager[870930]: [INFO] connector:EvseM  :: EVSE ISO V2G CurrentDemandRes
2025-12-16T18:56:34.220244+0100 chargesom manager[870930]: [INFO] connector:EvseM  ::                                     CAR ISO V2G CurrentDemandReq
2025-12-16T18:56:34.318791+0100 chargesom manager[870930]: [INFO] connector:EvseM  :: EVSE ISO V2G CurrentDemandRes
2025-12-16T18:56:34.440316+0100 chargesom manager[870930]: [INFO] connector:EvseM  ::                                     CAR ISO V2G CurrentDemandReq
2025-12-16T18:56:34.524412+0100 chargesom manager[870930]: [INFO] connector:EvseM  :: EVSE IEC Isolation measurement Ok R_F 900000.
2025-12-16T18:56:34.569653+0100 chargesom manager[870930]: [INFO] connector:EvseM  :: EVSE ISO V2G CurrentDemandRes
2025-12-16T18:56:34.663951+0100 chargesom manager[870930]: [INFO] connector:EvseM  ::                                     CAR ISO V2G CurrentDemandReq
2025-12-16T18:56:34.759493+0100 chargesom manager[870930]: [INFO] connector:EvseM  :: EVSE ISO V2G CurrentDemandRes
2025-12-16T18:56:34.881097+0100 chargesom manager[870930]: [INFO] connector:EvseM  ::                                     CAR ISO V2G CurrentDemandReq
2025-12-16T18:56:34.978730+0100 chargesom manager[870930]: [INFO] connector:EvseM  :: EVSE ISO V2G CurrentDemandRes
2025-12-16T18:56:35.100899+0100 chargesom manager[870930]: [INFO] connector:EvseM  ::                                     CAR ISO V2G CurrentDemandReq
2025-12-16T18:56:35.198623+0100 chargesom manager[870930]: [INFO] connector:EvseM  :: EVSE ISO V2G CurrentDemandRes
2025-12-16T18:56:35.320214+0100 chargesom manager[870930]: [INFO] connector:EvseM  ::                                     CAR ISO V2G CurrentDemandReq
2025-12-16T18:56:35.445872+0100 chargesom manager[870930]: [INFO] connector:EvseM  :: EVSE ISO V2G CurrentDemandRes
2025-12-16T18:56:35.524567+0100 chargesom manager[870930]: [INFO] connector:EvseM  :: EVSE IEC Isolation measurement Ok R_F 900000.
2025-12-16T18:56:35.569510+0100 chargesom manager[870930]: [INFO] connector:EvseM  ::                                     CAR ISO V2G CurrentDemandReq
2025-12-16T18:56:35.638597+0100 chargesom manager[870930]: [INFO] connector:EvseM  :: EVSE ISO V2G CurrentDemandRes
2025-12-16T18:56:35.762267+0100 chargesom manager[870930]: [INFO] connector:EvseM  ::                                     CAR ISO V2G CurrentDemandReq
2025-12-16T18:56:35.889424+0100 chargesom manager[870930]: [INFO] connector:EvseM  :: EVSE ISO V2G CurrentDemandRes
2025-12-16T18:56:35.981027+0100 chargesom manager[870930]: [INFO] connector:EvseM  ::                                     CAR ISO V2G CurrentDemandReq
2025-12-16T18:56:36.078851+0100 chargesom manager[870930]: [INFO] connector:EvseM  :: EVSE ISO V2G CurrentDemandRes
2025-12-16T18:56:36.200089+0100 chargesom manager[870930]: [INFO] connector:EvseM  ::                                     CAR ISO V2G CurrentDemandReq
2025-12-16T18:56:36.298597+0100 chargesom manager[870930]: [INFO] connector:EvseM  :: EVSE ISO V2G CurrentDemandRes
2025-12-16T18:56:36.420301+0100 chargesom manager[870930]: [INFO] connector:EvseM  ::                                     CAR ISO V2G CurrentDemandReq
2025-12-16T18:56:36.518496+0100 chargesom manager[870930]: [INFO] connector:EvseM  :: EVSE ISO V2G CurrentDemandRes
2025-12-16T18:56:36.525066+0100 chargesom manager[870930]: [INFO] connector:EvseM  :: EVSE IEC Isolation measurement Ok R_F 900000.
2025-12-16T18:56:36.657666+0100 chargesom manager[870930]: [INFO] connector:EvseM  ::                                     CAR ISO V2G CurrentDemandReq
2025-12-16T18:56:36.738598+0100 chargesom manager[870930]: [INFO] connector:EvseM  :: EVSE ISO V2G CurrentDemandRes
2025-12-16T18:56:36.899026+0100 chargesom manager[870930]: [INFO] connector:EvseM  ::                                     CAR ISO V2G CurrentDemandReq
2025-12-16T18:56:36.990043+0100 chargesom manager[870930]: [INFO] connector:EvseM  :: EVSE ISO V2G CurrentDemandRes
2025-12-16T18:56:37.080048+0100 chargesom manager[870930]: [INFO] connector:EvseM  ::                                     CAR ISO V2G CurrentDemandReq
2025-12-16T18:56:37.178464+0100 chargesom manager[870930]: [INFO] connector:EvseM  :: EVSE ISO V2G CurrentDemandRes
2025-12-16T18:56:37.300501+0100 chargesom manager[870930]: [INFO] connector:EvseM  ::                                     CAR ISO V2G CurrentDemandReq
2025-12-16T18:56:37.398922+0100 chargesom manager[870930]: [INFO] connector:EvseM  :: EVSE ISO V2G CurrentDemandRes
2025-12-16T18:56:37.520141+0100 chargesom manager[870930]: [INFO] connector:EvseM  ::                                     CAR ISO V2G CurrentDemandReq
2025-12-16T18:56:37.525257+0100 chargesom manager[870930]: [INFO] connector:EvseM  :: EVSE IEC Isolation measurement Ok R_F 900000.
2025-12-16T18:56:37.657459+0100 chargesom manager[870930]: [INFO] connector:EvseM  :: EVSE ISO V2G CurrentDemandRes
2025-12-16T18:56:37.740495+0100 chargesom manager[870930]: [INFO] connector:EvseM  ::                                     CAR ISO V2G CurrentDemandReq
2025-12-16T18:56:37.838603+0100 chargesom manager[870930]: [INFO] connector:EvseM  :: EVSE ISO V2G CurrentDemandRes
2025-12-16T18:56:38.002588+0100 chargesom manager[870930]: [INFO] connector:EvseM  ::                                     CAR ISO V2G CurrentDemandReq
2025-12-16T18:56:38.093509+0100 chargesom manager[870930]: [INFO] connector:EvseM  :: EVSE ISO V2G CurrentDemandRes
2025-12-16T18:56:38.179948+0100 chargesom manager[870930]: [INFO] connector:EvseM  ::                                     CAR ISO V2G CurrentDemandReq
2025-12-16T18:56:38.278958+0100 chargesom manager[870930]: [INFO] connector:EvseM  :: EVSE ISO V2G CurrentDemandRes
2025-12-16T18:56:38.400088+0100 chargesom manager[870930]: [INFO] connector:EvseM  ::                                     CAR ISO V2G CurrentDemandReq
2025-12-16T18:56:38.498538+0100 chargesom manager[870930]: [INFO] connector:EvseM  :: EVSE ISO V2G CurrentDemandRes
2025-12-16T18:56:38.525752+0100 chargesom manager[870930]: [INFO] connector:EvseM  :: EVSE IEC Isolation measurement Ok R_F 900000.
2025-12-16T18:56:38.657808+0100 chargesom manager[870930]: [INFO] connector:EvseM  ::                                     CAR ISO V2G CurrentDemandReq
2025-12-16T18:56:38.718640+0100 chargesom manager[870930]: [INFO] connector:EvseM  :: EVSE ISO V2G CurrentDemandRes
2025-12-16T18:56:38.841254+0100 chargesom manager[870930]: [INFO] connector:EvseM  ::                                     CAR ISO V2G CurrentDemandReq
2025-12-16T18:56:38.938524+0100 chargesom manager[870930]: [INFO] connector:EvseM  :: EVSE ISO V2G CurrentDemandRes
2025-12-16T18:56:39.105770+0100 chargesom manager[870930]: [INFO] connector:EvseM  ::                                     CAR ISO V2G CurrentDemandReq
2025-12-16T18:56:39.198073+0100 chargesom manager[870930]: [INFO] connector:EvseM  :: EVSE ISO V2G CurrentDemandRes
2025-12-16T18:56:39.279982+0100 chargesom manager[870930]: [INFO] connector:EvseM  ::                                     CAR ISO V2G CurrentDemandReq
2025-12-16T18:56:39.378202+0100 chargesom manager[870930]: [INFO] connector:EvseM  :: EVSE ISO V2G CurrentDemandRes
2025-12-16T18:56:39.500225+0100 chargesom manager[870930]: [INFO] connector:EvseM  ::                                     CAR ISO V2G CurrentDemandReq
2025-12-16T18:56:39.525899+0100 chargesom manager[870930]: [INFO] connector:EvseM  :: EVSE IEC Isolation measurement Ok R_F 900000.
2025-12-16T18:56:39.613351+0100 chargesom manager[870930]: [INFO] connector:EvseM  :: EVSE ISO V2G CurrentDemandRes
2025-12-16T18:56:39.719892+0100 chargesom manager[870930]: [INFO] connector:EvseM  ::                                     CAR ISO V2G CurrentDemandReq
2025-12-16T18:56:39.818990+0100 chargesom manager[870930]: [INFO] connector:EvseM  :: EVSE ISO V2G CurrentDemandRes
2025-12-16T18:56:39.940988+0100 chargesom manager[870930]: [INFO] connector:EvseM  ::                                     CAR ISO V2G CurrentDemandReq
2025-12-16T18:56:40.038594+0100 chargesom manager[870930]: [INFO] connector:EvseM  :: EVSE ISO V2G CurrentDemandRes
2025-12-16T18:56:40.160021+0100 chargesom manager[870930]: [INFO] connector:EvseM  ::                                     CAR ISO V2G CurrentDemandReq
2025-12-16T18:56:40.297978+0100 chargesom manager[870930]: [INFO] connector:EvseM  :: EVSE ISO V2G CurrentDemandRes
2025-12-16T18:56:40.389260+0100 chargesom manager[870930]: [INFO] connector:EvseM  ::                                     CAR ISO V2G CurrentDemandReq
2025-12-16T18:56:40.489789+0100 chargesom manager[870930]: [INFO] connector:EvseM  :: EVSE ISO V2G CurrentDemandRes
2025-12-16T18:56:40.526593+0100 chargesom manager[870930]: [INFO] connector:EvseM  :: EVSE IEC Isolation measurement Ok R_F 900000.
2025-12-16T18:56:40.617548+0100 chargesom manager[870930]: [INFO] connector:EvseM  ::                                     CAR ISO V2G CurrentDemandReq
2025-12-16T18:56:40.698387+0100 chargesom manager[870930]: [INFO] connector:EvseM  :: EVSE ISO V2G CurrentDemandRes
2025-12-16T18:56:40.821249+0100 chargesom manager[870930]: [INFO] connector:EvseM  ::                                     CAR ISO V2G CurrentDemandReq
2025-12-16T18:56:40.917482+0100 chargesom manager[870930]: [INFO] connector:EvseM  :: EVSE ISO V2G CurrentDemandRes
2025-12-16T18:56:41.039837+0100 chargesom manager[870930]: [INFO] connector:EvseM  ::                                     CAR ISO V2G CurrentDemandReq
2025-12-16T18:56:41.149979+0100 chargesom manager[870930]: [INFO] connector:EvseM  :: EVSE ISO V2G CurrentDemandRes
2025-12-16T18:56:41.259930+0100 chargesom manager[870930]: [INFO] connector:EvseM  ::                                     CAR ISO V2G CurrentDemandReq
2025-12-16T18:56:41.357371+0100 chargesom manager[870930]: [INFO] connector:EvseM  :: EVSE ISO V2G CurrentDemandRes
2025-12-16T18:56:41.485358+0100 chargesom manager[870930]: [INFO] connector:EvseM  ::                                     CAR ISO V2G CurrentDemandReq
2025-12-16T18:56:41.529931+0100 chargesom manager[870930]: [INFO] connector:EvseM  :: EVSE IEC Isolation measurement Ok R_F 900000.
2025-12-16T18:56:41.617524+0100 chargesom manager[870930]: [INFO] connector:EvseM  :: EVSE ISO V2G CurrentDemandRes
2025-12-16T18:56:41.699803+0100 chargesom manager[870930]: [INFO] connector:EvseM  ::                                     CAR ISO V2G CurrentDemandReq
2025-12-16T18:56:41.797454+0100 chargesom manager[870930]: [INFO] connector:EvseM  :: EVSE ISO V2G CurrentDemandRes
2025-12-16T18:56:41.920520+0100 chargesom manager[870930]: [INFO] connector:EvseM  ::                                     CAR ISO V2G CurrentDemandReq
2025-12-16T18:56:42.017341+0100 chargesom manager[870930]: [INFO] connector:EvseM  :: EVSE ISO V2G CurrentDemandRes
2025-12-16T18:56:42.149486+0100 chargesom manager[870930]: [INFO] connector:EvseM  ::                                     CAR ISO V2G CurrentDemandReq
2025-12-16T18:56:42.237167+0100 chargesom manager[870930]: [INFO] connector:EvseM  :: EVSE ISO V2G CurrentDemandRes
2025-12-16T18:56:42.360006+0100 chargesom manager[870930]: [INFO] connector:EvseM  ::                                     CAR ISO V2G CurrentDemandReq
2025-12-16T18:56:42.493752+0100 chargesom manager[870930]: [INFO] connector:EvseM  :: EVSE ISO V2G CurrentDemandRes
2025-12-16T18:56:42.537980+0100 chargesom manager[870930]: [INFO] connector:EvseM  :: EVSE IEC Isolation measurement Ok R_F 900000.
2025-12-16T18:56:42.585762+0100 chargesom manager[870930]: [INFO] connector:EvseM  ::                                     CAR ISO V2G CurrentDemandReq
2025-12-16T18:56:42.718806+0100 chargesom manager[870930]: [INFO] connector:EvseM  :: EVSE ISO V2G CurrentDemandRes
2025-12-16T18:56:42.810483+0100 chargesom manager[870930]: [INFO] connector:EvseM  ::                                     CAR ISO V2G CurrentDemandReq
2025-12-16T18:56:42.897295+0100 chargesom manager[870930]: [INFO] connector:EvseM  :: EVSE ISO V2G CurrentDemandRes
2025-12-16T18:56:43.019679+0100 chargesom manager[870930]: [INFO] connector:EvseM  ::                                     CAR ISO V2G CurrentDemandReq
2025-12-16T18:56:43.149553+0100 chargesom manager[870930]: [INFO] connector:EvseM  :: EVSE ISO V2G CurrentDemandRes
2025-12-16T18:56:43.239609+0100 chargesom manager[870930]: [INFO] connector:EvseM  ::                                     CAR ISO V2G CurrentDemandReq
2025-12-16T18:56:43.337152+0100 chargesom manager[870930]: [INFO] connector:EvseM  :: EVSE ISO V2G CurrentDemandRes
2025-12-16T18:56:43.459759+0100 chargesom manager[870930]: [INFO] connector:EvseM  ::                                     CAR ISO V2G CurrentDemandReq
2025-12-16T18:56:43.526805+0100 chargesom manager[870930]: [INFO] connector:EvseM  :: EVSE IEC Isolation measurement Ok R_F 900000.
2025-12-16T18:56:43.573377+0100 chargesom manager[870930]: [INFO] connector:EvseM  :: EVSE ISO V2G CurrentDemandRes
2025-12-16T18:56:43.679853+0100 chargesom manager[870930]: [INFO] connector:EvseM  ::                                     CAR ISO V2G CurrentDemandReq
2025-12-16T18:56:43.822060+0100 chargesom manager[870930]: [INFO] connector:EvseM  :: EVSE ISO V2G CurrentDemandRes
2025-12-16T18:56:43.914275+0100 chargesom manager[870930]: [INFO] connector:EvseM  ::                                     CAR ISO V2G CurrentDemandReq
2025-12-16T18:56:43.997319+0100 chargesom manager[870930]: [INFO] connector:EvseM  :: EVSE ISO V2G CurrentDemandRes
2025-12-16T18:56:44.149694+0100 chargesom manager[870930]: [INFO] connector:EvseM  ::                                     CAR ISO V2G CurrentDemandReq
2025-12-16T18:56:44.216979+0100 chargesom manager[870930]: [INFO] connector:EvseM  :: EVSE ISO V2G CurrentDemandRes
2025-12-16T18:56:44.339633+0100 chargesom manager[870930]: [INFO] connector:EvseM  ::                                     CAR ISO V2G CurrentDemandReq
2025-12-16T18:56:44.438204+0100 chargesom manager[870930]: [INFO] connector:EvseM  :: EVSE ISO V2G CurrentDemandRes
2025-12-16T18:56:44.527098+0100 chargesom manager[870930]: [INFO] connector:EvseM  :: EVSE IEC Isolation measurement Ok R_F 900000.
2025-12-16T18:56:44.573705+0100 chargesom manager[870930]: [INFO] connector:EvseM  ::                                     CAR ISO V2G CurrentDemandReq
2025-12-16T18:56:44.657191+0100 chargesom manager[870930]: [INFO] connector:EvseM  :: EVSE ISO V2G CurrentDemandRes
2025-12-16T18:56:44.780309+0100 chargesom manager[870930]: [INFO] connector:EvseM  ::                                     CAR ISO V2G CurrentDemandReq
2025-12-16T18:56:44.880871+0100 chargesom manager[870930]: [INFO] connector:EvseM  :: EVSE ISO V2G CurrentDemandRes
2025-12-16T18:56:45.000456+0100 chargesom manager[870930]: [INFO] connector:EvseM  ::                                     CAR ISO V2G CurrentDemandReq
2025-12-16T18:56:45.097812+0100 chargesom manager[870930]: [INFO] connector:EvseM  :: EVSE ISO V2G CurrentDemandRes
2025-12-16T18:56:45.219561+0100 chargesom manager[870930]: [INFO] connector:EvseM  ::                                     CAR ISO V2G CurrentDemandReq
2025-12-16T18:56:45.316951+0100 chargesom manager[870930]: [INFO] connector:EvseM  :: EVSE ISO V2G CurrentDemandRes
2025-12-16T18:56:45.445435+0100 chargesom manager[870930]: [INFO] connector:EvseM  ::                                     CAR ISO V2G CurrentDemandReq
2025-12-16T18:56:45.527380+0100 chargesom manager[870930]: [INFO] connector:EvseM  :: EVSE IEC Isolation measurement Ok R_F 900000.
2025-12-16T18:56:45.573531+0100 chargesom manager[870930]: [INFO] connector:EvseM  :: EVSE ISO V2G CurrentDemandRes
2025-12-16T18:56:45.659655+0100 chargesom manager[870930]: [INFO] connector:EvseM  ::                                     CAR ISO V2G CurrentDemandReq
2025-12-16T18:56:45.758176+0100 chargesom manager[870930]: [INFO] connector:EvseM  :: EVSE ISO V2G CurrentDemandRes
2025-12-16T18:56:45.880594+0100 chargesom manager[870930]: [INFO] connector:EvseM  ::                                     CAR ISO V2G CurrentDemandReq
2025-12-16T18:56:45.986087+0100 chargesom manager[870930]: [INFO] connector:EvseM  :: EVSE ISO V2G CurrentDemandRes
2025-12-16T18:56:46.099649+0100 chargesom manager[870930]: [INFO] connector:EvseM  ::                                     CAR ISO V2G CurrentDemandReq
2025-12-16T18:56:46.197763+0100 chargesom manager[870930]: [INFO] connector:EvseM  :: EVSE ISO V2G CurrentDemandRes
2025-12-16T18:56:46.321701+0100 chargesom manager[870930]: [INFO] connector:EvseM  ::                                     CAR ISO V2G CurrentDemandReq
2025-12-16T18:56:46.417340+0100 chargesom manager[870930]: [INFO] connector:EvseM  :: EVSE ISO V2G CurrentDemandRes
2025-12-16T18:56:46.527624+0100 chargesom manager[870930]: [INFO] connector:EvseM  :: EVSE IEC Isolation measurement Ok R_F 900000.
2025-12-16T18:56:46.569138+0100 chargesom manager[870930]: [INFO] connector:EvseM  ::                                     CAR ISO V2G CurrentDemandReq
2025-12-16T18:56:46.637699+0100 chargesom manager[870930]: [INFO] connector:EvseM  :: EVSE ISO V2G CurrentDemandRes
2025-12-16T18:56:46.759260+0100 chargesom manager[870930]: [INFO] connector:EvseM  ::                                     CAR ISO V2G CurrentDemandReq
2025-12-16T18:56:46.857819+0100 chargesom manager[870930]: [INFO] connector:EvseM  :: EVSE ISO V2G CurrentDemandRes
2025-12-16T18:56:46.980022+0100 chargesom manager[870930]: [INFO] connector:EvseM  ::                                     CAR ISO V2G CurrentDemandReq
2025-12-16T18:56:47.085638+0100 chargesom manager[870930]: [INFO] connector:EvseM  :: EVSE ISO V2G CurrentDemandRes
2025-12-16T18:56:47.241319+0100 chargesom manager[870930]: [INFO] connector:EvseM  ::                                     CAR ISO V2G CurrentDemandReq
2025-12-16T18:56:47.298563+0100 chargesom manager[870930]: [INFO] connector:EvseM  :: EVSE ISO V2G CurrentDemandRes
2025-12-16T18:56:47.449365+0100 chargesom manager[870930]: [INFO] connector:EvseM  ::                                     CAR ISO V2G CurrentDemandReq
2025-12-16T18:56:47.517632+0100 chargesom manager[870930]: [INFO] connector:EvseM  :: EVSE ISO V2G CurrentDemandRes
2025-12-16T18:56:47.528124+0100 chargesom manager[870930]: [INFO] connector:EvseM  :: EVSE IEC Isolation measurement Ok R_F 900000.
2025-12-16T18:56:47.661091+0100 chargesom manager[870930]: [INFO] connector:EvseM  ::                                     CAR ISO V2G CurrentDemandReq
2025-12-16T18:56:47.737923+0100 chargesom manager[870930]: [INFO] connector:EvseM  :: EVSE ISO V2G CurrentDemandRes
2025-12-16T18:56:47.859584+0100 chargesom manager[870930]: [INFO] connector:EvseM  ::                                     CAR ISO V2G CurrentDemandReq
2025-12-16T18:56:47.957711+0100 chargesom manager[870930]: [INFO] connector:EvseM  :: EVSE ISO V2G CurrentDemandRes
2025-12-16T18:56:48.079305+0100 chargesom manager[870930]: [INFO] connector:EvseM  ::                                     CAR ISO V2G CurrentDemandReq
2025-12-16T18:56:48.177638+0100 chargesom manager[870930]: [INFO] connector:EvseM  :: EVSE ISO V2G CurrentDemandRes
2025-12-16T18:56:48.341466+0100 chargesom manager[870930]: [INFO] connector:EvseM  ::                                     CAR ISO V2G CurrentDemandReq
2025-12-16T18:56:48.396983+0100 chargesom manager[870930]: [INFO] connector:EvseM  :: EVSE ISO V2G CurrentDemandRes
2025-12-16T18:56:48.519167+0100 chargesom manager[870930]: [INFO] connector:EvseM  ::                                     CAR ISO V2G CurrentDemandReq
2025-12-16T18:56:48.528052+0100 chargesom manager[870930]: [INFO] connector:EvseM  :: EVSE IEC Isolation measurement Ok R_F 900000.
2025-12-16T18:56:48.618223+0100 chargesom manager[870930]: [INFO] connector:EvseM  :: EVSE ISO V2G CurrentDemandRes
2025-12-16T18:56:48.739229+0100 chargesom manager[870930]: [INFO] connector:EvseM  ::                                     CAR ISO V2G CurrentDemandReq
2025-12-16T18:56:48.837728+0100 chargesom manager[870930]: [INFO] connector:EvseM  :: EVSE ISO V2G CurrentDemandRes
2025-12-16T18:56:48.960216+0100 chargesom manager[870930]: [INFO] connector:EvseM  ::                                     CAR ISO V2G CurrentDemandReq
2025-12-16T18:56:49.057721+0100 chargesom manager[870930]: [INFO] connector:EvseM  :: EVSE ISO V2G CurrentDemandRes
2025-12-16T18:56:49.179161+0100 chargesom manager[870930]: [INFO] connector:EvseM  ::                                     CAR ISO V2G CurrentDemandReq
2025-12-16T18:56:49.278525+0100 chargesom manager[870930]: [INFO] connector:EvseM  :: EVSE ISO V2G CurrentDemandRes
2025-12-16T18:56:49.437253+0100 chargesom manager[870930]: [INFO] connector:EvseM  ::                                     CAR ISO V2G CurrentDemandReq
2025-12-16T18:56:49.525169+0100 chargesom manager[870930]: [INFO] connector:EvseM  :: EVSE ISO V2G CurrentDemandRes
2025-12-16T18:56:49.528278+0100 chargesom manager[870930]: [INFO] connector:EvseM  :: EVSE IEC Isolation measurement Ok R_F 900000.
2025-12-16T18:56:49.661300+0100 chargesom manager[870930]: [INFO] connector:EvseM  ::                                     CAR ISO V2G CurrentDemandReq
2025-12-16T18:56:49.717573+0100 chargesom manager[870930]: [INFO] connector:EvseM  :: EVSE ISO V2G CurrentDemandRes
2025-12-16T18:56:49.839559+0100 chargesom manager[870930]: [INFO] connector:EvseM  ::                                     CAR ISO V2G CurrentDemandReq
2025-12-16T18:56:49.937660+0100 chargesom manager[870930]: [INFO] connector:EvseM  :: EVSE ISO V2G CurrentDemandRes
2025-12-16T18:56:50.059057+0100 chargesom manager[870930]: [INFO] connector:EvseM  ::                                     CAR ISO V2G CurrentDemandReq
2025-12-16T18:56:50.157554+0100 chargesom manager[870930]: [INFO] connector:EvseM  :: EVSE ISO V2G CurrentDemandRes
2025-12-16T18:56:50.279198+0100 chargesom manager[870930]: [INFO] connector:EvseM  ::                                     CAR ISO V2G CurrentDemandReq
2025-12-16T18:56:50.377582+0100 chargesom manager[870930]: [INFO] connector:EvseM  :: EVSE ISO V2G CurrentDemandRes
2025-12-16T18:56:50.533391+0100 chargesom manager[870930]: [INFO] connector:EvseM  :: EVSE IEC Isolation measurement Ok R_F 900000.
2025-12-16T18:56:50.534272+0100 chargesom manager[870930]: [INFO] connector:EvseM  ::                                     CAR ISO V2G CurrentDemandReq
2025-12-16T18:56:50.621395+0100 chargesom manager[870930]: [INFO] connector:EvseM  :: EVSE ISO V2G CurrentDemandRes
2025-12-16T18:56:50.719064+0100 chargesom manager[870930]: [INFO] connector:EvseM  ::                                     CAR ISO V2G CurrentDemandReq
2025-12-16T18:56:50.818195+0100 chargesom manager[870930]: [INFO] connector:EvseM  :: EVSE ISO V2G CurrentDemandRes
2025-12-16T18:56:50.939644+0100 chargesom manager[870930]: [INFO] connector:EvseM  ::                                     CAR ISO V2G CurrentDemandReq
2025-12-16T18:56:51.037698+0100 chargesom manager[870930]: [INFO] connector:EvseM  :: EVSE ISO V2G CurrentDemandRes
2025-12-16T18:56:51.159283+0100 chargesom manager[870930]: [INFO] connector:EvseM  ::                                     CAR ISO V2G CurrentDemandReq
2025-12-16T18:56:51.257608+0100 chargesom manager[870930]: [INFO] connector:EvseM  :: EVSE ISO V2G CurrentDemandRes
2025-12-16T18:56:51.379181+0100 chargesom manager[870930]: [INFO] connector:EvseM  ::                                     CAR ISO V2G CurrentDemandReq
2025-12-16T18:56:51.477721+0100 chargesom manager[870930]: [INFO] connector:EvseM  :: EVSE ISO V2G CurrentDemandRes
2025-12-16T18:56:51.529010+0100 chargesom manager[870930]: [INFO] connector:EvseM  :: EVSE IEC Isolation measurement Ok R_F 900000.
2025-12-16T18:56:51.617382+0100 chargesom manager[870930]: [INFO] connector:EvseM  ::                                     CAR ISO V2G CurrentDemandReq
2025-12-16T18:56:51.705206+0100 chargesom manager[870930]: [INFO] connector:EvseM  :: EVSE ISO V2G CurrentDemandRes
2025-12-16T18:56:51.829803+0100 chargesom manager[870930]: [INFO] connector:EvseM  ::                                     CAR ISO V2G CurrentDemandReq
2025-12-16T18:56:51.917667+0100 chargesom manager[870930]: [INFO] connector:EvseM  :: EVSE ISO V2G CurrentDemandRes
2025-12-16T18:56:52.039041+0100 chargesom manager[870930]: [INFO] connector:EvseM  ::                                     CAR ISO V2G CurrentDemandReq
2025-12-16T18:56:52.157330+0100 chargesom manager[870930]: [INFO] connector:EvseM  :: EVSE ISO V2G CurrentDemandRes
2025-12-16T18:56:52.258892+0100 chargesom manager[870930]: [INFO] connector:EvseM  ::                                     CAR ISO V2G CurrentDemandReq
2025-12-16T18:56:52.357483+0100 chargesom manager[870930]: [INFO] connector:EvseM  :: EVSE ISO V2G CurrentDemandRes
2025-12-16T18:56:52.493114+0100 chargesom manager[870930]: [INFO] connector:EvseM  ::                                     CAR ISO V2G CurrentDemandReq
2025-12-16T18:56:52.529278+0100 chargesom manager[870930]: [INFO] connector:EvseM  :: EVSE IEC Isolation measurement Ok R_F 900000.
2025-12-16T18:56:52.617290+0100 chargesom manager[870930]: [INFO] connector:EvseM  :: EVSE ISO V2G CurrentDemandRes
2025-12-16T18:56:52.699028+0100 chargesom manager[870930]: [INFO] connector:EvseM  ::                                     CAR ISO V2G CurrentDemandReq
2025-12-16T18:56:52.838002+0100 chargesom manager[870930]: [INFO] connector:EvseM  :: EVSE ISO V2G CurrentDemandRes
2025-12-16T18:56:52.930211+0100 chargesom manager[870930]: [INFO] connector:EvseM  ::                                     CAR ISO V2G CurrentDemandReq
2025-12-16T18:56:53.017611+0100 chargesom manager[870930]: [INFO] connector:EvseM  :: EVSE ISO V2G CurrentDemandRes
2025-12-16T18:56:53.157327+0100 chargesom manager[870930]: [INFO] connector:EvseM  ::                                     CAR ISO V2G CurrentDemandReq
2025-12-16T18:56:53.237466+0100 chargesom manager[870930]: [INFO] connector:EvseM  :: EVSE ISO V2G CurrentDemandRes
2025-12-16T18:56:53.359167+0100 chargesom manager[870930]: [INFO] connector:EvseM  ::                                     CAR ISO V2G CurrentDemandReq
2025-12-16T18:56:53.457499+0100 chargesom manager[870930]: [INFO] connector:EvseM  :: EVSE ISO V2G CurrentDemandRes
2025-12-16T18:56:53.529466+0100 chargesom manager[870930]: [INFO] connector:EvseM  :: EVSE IEC Isolation measurement Ok R_F 900000.
2025-12-16T18:56:53.617242+0100 chargesom manager[870930]: [INFO] connector:EvseM  ::                                     CAR ISO V2G CurrentDemandReq
2025-12-16T18:56:53.677504+0100 chargesom manager[870930]: [INFO] connector:EvseM  :: EVSE ISO V2G CurrentDemandRes
2025-12-16T18:56:53.799631+0100 chargesom manager[870930]: [INFO] connector:EvseM  ::                                     CAR ISO V2G CurrentDemandReq
2025-12-16T18:56:53.938410+0100 chargesom manager[870930]: [INFO] connector:EvseM  :: EVSE ISO V2G CurrentDemandRes
2025-12-16T18:56:54.018832+0100 chargesom manager[870930]: [INFO] connector:EvseM  ::                                     CAR ISO V2G CurrentDemandReq
2025-12-16T18:56:54.157340+0100 chargesom manager[870930]: [INFO] connector:EvseM  :: EVSE ISO V2G CurrentDemandRes
2025-12-16T18:56:54.239055+0100 chargesom manager[870930]: [INFO] connector:EvseM  ::                                     CAR ISO V2G CurrentDemandReq
2025-12-16T18:56:54.337451+0100 chargesom manager[870930]: [INFO] connector:EvseM  :: EVSE ISO V2G CurrentDemandRes
2025-12-16T18:56:54.458873+0100 chargesom manager[870930]: [INFO] connector:EvseM  ::                                     CAR ISO V2G CurrentDemandReq
2025-12-16T18:56:54.529817+0100 chargesom manager[870930]: [INFO] connector:EvseM  :: EVSE IEC Isolation measurement Ok R_F 900000.
2025-12-16T18:56:54.573377+0100 chargesom manager[870930]: [INFO] connector:EvseM  :: EVSE ISO V2G CurrentDemandRes
2025-12-16T18:56:54.678916+0100 chargesom manager[870930]: [INFO] connector:EvseM  ::                                     CAR ISO V2G CurrentDemandReq
2025-12-16T18:56:54.777613+0100 chargesom manager[870930]: [INFO] connector:EvseM  :: EVSE ISO V2G CurrentDemandRes
2025-12-16T18:56:54.899352+0100 chargesom manager[870930]: [INFO] connector:EvseM  ::                                     CAR ISO V2G CurrentDemandReq
2025-12-16T18:56:55.033814+0100 chargesom manager[870930]: [INFO] connector:EvseM  :: EVSE ISO V2G CurrentDemandRes
2025-12-16T18:56:55.161146+0100 chargesom manager[870930]: [INFO] connector:EvseM  ::                                     CAR ISO V2G CurrentDemandReq
2025-12-16T18:56:55.217438+0100 chargesom manager[870930]: [INFO] connector:EvseM  :: EVSE ISO V2G CurrentDemandRes
2025-12-16T18:56:55.338973+0100 chargesom manager[870930]: [INFO] connector:EvseM  ::                                     CAR ISO V2G CurrentDemandReq
2025-12-16T18:56:55.445608+0100 chargesom manager[870930]: [INFO] connector:EvseM  :: EVSE ISO V2G CurrentDemandRes
2025-12-16T18:56:55.530100+0100 chargesom manager[870930]: [INFO] connector:EvseM  :: EVSE IEC Isolation measurement Ok R_F 900000.
2025-12-16T18:56:55.573386+0100 chargesom manager[870930]: [INFO] connector:EvseM  ::                                     CAR ISO V2G CurrentDemandReq
2025-12-16T18:56:55.667859+0100 chargesom manager[870930]: [INFO] connector:EvseM  :: EVSE ISO V2G CurrentDemandRes
2025-12-16T18:56:55.778892+0100 chargesom manager[870930]: [INFO] connector:EvseM  ::                                     CAR ISO V2G CurrentDemandReq
2025-12-16T18:56:55.877437+0100 chargesom manager[870930]: [INFO] connector:EvseM  :: EVSE ISO V2G CurrentDemandRes
2025-12-16T18:56:55.999556+0100 chargesom manager[870930]: [INFO] connector:EvseM  ::                                     CAR ISO V2G CurrentDemandReq
2025-12-16T18:56:56.137621+0100 chargesom manager[870930]: [INFO] connector:EvseM  :: EVSE ISO V2G CurrentDemandRes
2025-12-16T18:56:56.225190+0100 chargesom manager[870930]: [INFO] connector:EvseM  ::                                     CAR ISO V2G CurrentDemandReq
2025-12-16T18:56:56.318000+0100 chargesom manager[870930]: [INFO] connector:EvseM  :: EVSE ISO V2G CurrentDemandRes
2025-12-16T18:56:56.438979+0100 chargesom manager[870930]: [INFO] connector:EvseM  ::                                     CAR ISO V2G CurrentDemandReq
2025-12-16T18:56:56.530380+0100 chargesom manager[870930]: [INFO] connector:EvseM  :: EVSE IEC Isolation measurement Ok R_F 900000.
2025-12-16T18:56:56.573464+0100 chargesom manager[870930]: [INFO] connector:EvseM  :: EVSE ISO V2G CurrentDemandRes
2025-12-16T18:56:56.658741+0100 chargesom manager[870930]: [INFO] connector:EvseM  ::                                     CAR ISO V2G CurrentDemandReq
2025-12-16T18:56:56.757320+0100 chargesom manager[870930]: [INFO] connector:EvseM  :: EVSE ISO V2G CurrentDemandRes
2025-12-16T18:56:56.879975+0100 chargesom manager[870930]: [INFO] connector:EvseM  ::                                     CAR ISO V2G CurrentDemandReq
2025-12-16T18:56:56.977533+0100 chargesom manager[870930]: [INFO] connector:EvseM  :: EVSE ISO V2G CurrentDemandRes
2025-12-16T18:56:57.098599+0100 chargesom manager[870930]: [INFO] connector:EvseM  ::                                     CAR ISO V2G CurrentDemandReq
2025-12-16T18:56:57.196261+0100 chargesom manager[870930]: [INFO] connector:EvseM  :: EVSE ISO V2G CurrentDemandRes
2025-12-16T18:56:57.321386+0100 chargesom manager[870930]: [INFO] connector:EvseM  ::                                     CAR ISO V2G CurrentDemandReq
2025-12-16T18:56:57.453789+0100 chargesom manager[870930]: [INFO] connector:EvseM  :: EVSE ISO V2G CurrentDemandRes
2025-12-16T18:56:57.530630+0100 chargesom manager[870930]: [INFO] connector:EvseM  :: EVSE IEC Isolation measurement Ok R_F 900000.
2025-12-16T18:56:57.573286+0100 chargesom manager[870930]: [INFO] connector:EvseM  ::                                     CAR ISO V2G CurrentDemandReq
2025-12-16T18:56:57.635998+0100 chargesom manager[870930]: [INFO] connector:EvseM  :: EVSE ISO V2G CurrentDemandRes
2025-12-16T18:56:57.759012+0100 chargesom manager[870930]: [INFO] connector:EvseM  ::                                     CAR ISO V2G CurrentDemandReq
2025-12-16T18:56:57.856139+0100 chargesom manager[870930]: [INFO] connector:EvseM  :: EVSE ISO V2G CurrentDemandRes
2025-12-16T18:56:57.979142+0100 chargesom manager[870930]: [INFO] connector:EvseM  ::                                     CAR ISO V2G CurrentDemandReq
2025-12-16T18:56:58.076312+0100 chargesom manager[870930]: [INFO] connector:EvseM  :: EVSE ISO V2G CurrentDemandRes
2025-12-16T18:56:58.200146+0100 chargesom manager[870930]: [INFO] connector:EvseM  ::                                     CAR ISO V2G CurrentDemandReq
2025-12-16T18:56:58.298806+0100 chargesom manager[870930]: [INFO] connector:EvseM  :: EVSE ISO V2G CurrentDemandRes
2025-12-16T18:56:58.461301+0100 chargesom manager[870930]: [INFO] connector:EvseM  ::                                     CAR ISO V2G CurrentDemandReq
2025-12-16T18:56:58.549586+0100 chargesom manager[870930]: [INFO] connector:EvseM  :: EVSE ISO V2G CurrentDemandRes
2025-12-16T18:56:58.549586+0100 chargesom manager[870930]: [INFO] connector:EvseM  :: EVSE IEC Isolation measurement Ok R_F 900000.
2025-12-16T18:56:58.681150+0100 chargesom manager[870930]: [INFO] connector:EvseM  ::                                     CAR ISO V2G CurrentDemandReq
2025-12-16T18:56:58.738197+0100 chargesom manager[870930]: [INFO] connector:EvseM  :: EVSE ISO V2G CurrentDemandRes
2025-12-16T18:56:58.859316+0100 chargesom manager[870930]: [INFO] connector:EvseM  ::                                     CAR ISO V2G CurrentDemandReq
2025-12-16T18:56:58.956172+0100 chargesom manager[870930]: [INFO] connector:EvseM  :: EVSE ISO V2G CurrentDemandRes
2025-12-16T18:56:59.078859+0100 chargesom manager[870930]: [INFO] connector:EvseM  ::                                     CAR ISO V2G CurrentDemandReq
2025-12-16T18:56:59.177250+0100 chargesom manager[870930]: [INFO] connector:EvseM  :: EVSE ISO V2G CurrentDemandRes
2025-12-16T18:56:59.298594+0100 chargesom manager[870930]: [INFO] connector:EvseM  ::                                     CAR ISO V2G CurrentDemandReq
2025-12-16T18:56:59.396339+0100 chargesom manager[870930]: [INFO] connector:EvseM  :: EVSE ISO V2G CurrentDemandRes
2025-12-16T18:56:59.557218+0100 chargesom manager[870930]: [INFO] connector:EvseM  :: EVSE IEC Isolation measurement Ok R_F 900000.
2025-12-16T18:56:59.559432+0100 chargesom manager[870930]: [INFO] connector:EvseM  ::                                     CAR ISO V2G CurrentDemandReq
2025-12-16T18:56:59.616278+0100 chargesom manager[870930]: [INFO] connector:EvseM  :: EVSE ISO V2G CurrentDemandRes
2025-12-16T18:56:59.738637+0100 chargesom manager[870930]: [INFO] connector:EvseM  ::                                     CAR ISO V2G CurrentDemandReq
2025-12-16T18:56:59.835934+0100 chargesom manager[870930]: [INFO] connector:EvseM  :: EVSE ISO V2G CurrentDemandRes
2025-12-16T18:56:59.959465+0100 chargesom manager[870930]: [INFO] connector:EvseM  ::                                     CAR ISO V2G CurrentDemandReq
2025-12-16T18:57:00.056804+0100 chargesom manager[870930]: [INFO] connector:EvseM  :: EVSE ISO V2G CurrentDemandRes
2025-12-16T18:57:00.178563+0100 chargesom manager[870930]: [INFO] connector:EvseM  ::                                     CAR ISO V2G CurrentDemandReq
2025-12-16T18:57:00.277120+0100 chargesom manager[870930]: [INFO] connector:EvseM  :: EVSE ISO V2G CurrentDemandRes
2025-12-16T18:57:00.398655+0100 chargesom manager[870930]: [INFO] connector:EvseM  ::                                     CAR ISO V2G CurrentDemandReq
2025-12-16T18:57:00.495897+0100 chargesom manager[870930]: [INFO] connector:EvseM  :: EVSE ISO V2G CurrentDemandRes
2025-12-16T18:57:00.531515+0100 chargesom manager[870930]: [INFO] connector:EvseM  :: EVSE IEC Isolation measurement Ok R_F 900000.
2025-12-16T18:57:00.620163+0100 chargesom manager[870930]: [INFO] connector:EvseM  ::                                     CAR ISO V2G CurrentDemandReq
2025-12-16T18:57:00.749711+0100 chargesom manager[870930]: [INFO] connector:EvseM  :: EVSE ISO V2G CurrentDemandRes
2025-12-16T18:57:00.840505+0100 chargesom manager[870930]: [INFO] connector:EvseM  ::                                     CAR ISO V2G CurrentDemandReq
2025-12-16T18:57:00.936248+0100 chargesom manager[870930]: [INFO] connector:EvseM  :: EVSE ISO V2G CurrentDemandRes
2025-12-16T18:57:01.058674+0100 chargesom manager[870930]: [INFO] connector:EvseM  ::                                     CAR ISO V2G CurrentDemandReq
2025-12-16T18:57:01.165165+0100 chargesom manager[870930]: [INFO] connector:EvseM  :: EVSE ISO V2G CurrentDemandRes
2025-12-16T18:57:01.278558+0100 chargesom manager[870930]: [INFO] connector:EvseM  ::                                     CAR ISO V2G CurrentDemandReq
2025-12-16T18:57:01.376342+0100 chargesom manager[870930]: [INFO] connector:EvseM  :: EVSE ISO V2G CurrentDemandRes
2025-12-16T18:57:01.498436+0100 chargesom manager[870930]: [INFO] connector:EvseM  ::                                     CAR ISO V2G CurrentDemandReq
2025-12-16T18:57:01.531712+0100 chargesom manager[870930]: [INFO] connector:EvseM  :: EVSE IEC Isolation measurement Ok R_F 900000.
2025-12-16T18:57:01.617362+0100 chargesom manager[870930]: [INFO] connector:EvseM  :: EVSE ISO V2G CurrentDemandRes
2025-12-16T18:57:01.718573+0100 chargesom manager[870930]: [INFO] connector:EvseM  ::                                     CAR ISO V2G CurrentDemandReq
2025-12-16T18:57:01.845508+0100 chargesom manager[870930]: [INFO] connector:EvseM  :: EVSE ISO V2G CurrentDemandRes
2025-12-16T18:57:01.945595+0100 chargesom manager[870930]: [INFO] connector:EvseM  ::                                     CAR ISO V2G CurrentDemandReq
2025-12-16T18:57:02.036228+0100 chargesom manager[870930]: [INFO] connector:EvseM  :: EVSE ISO V2G CurrentDemandRes
2025-12-16T18:57:02.165136+0100 chargesom manager[870930]: [INFO] connector:EvseM  ::                                     CAR ISO V2G CurrentDemandReq
2025-12-16T18:57:02.255926+0100 chargesom manager[870930]: [INFO] connector:EvseM  :: EVSE ISO V2G CurrentDemandRes
2025-12-16T18:57:02.378696+0100 chargesom manager[870930]: [INFO] connector:EvseM  ::                                     CAR ISO V2G CurrentDemandReq
2025-12-16T18:57:02.493769+0100 chargesom manager[870930]: [INFO] connector:EvseM  :: EVSE ISO V2G CurrentDemandRes
2025-12-16T18:57:02.532031+0100 chargesom manager[870930]: [INFO] connector:EvseM  :: EVSE IEC Isolation measurement Ok R_F 900000.
2025-12-16T18:57:02.621775+0100 chargesom manager[870930]: [INFO] connector:EvseM  ::                                     CAR ISO V2G CurrentDemandReq
2025-12-16T18:57:02.696881+0100 chargesom manager[870930]: [INFO] connector:EvseM  :: EVSE ISO V2G CurrentDemandRes
2025-12-16T18:57:02.819362+0100 chargesom manager[870930]: [INFO] connector:EvseM  ::                                     CAR ISO V2G CurrentDemandReq
2025-12-16T18:57:02.953631+0100 chargesom manager[870930]: [INFO] connector:EvseM  :: EVSE ISO V2G CurrentDemandRes
2025-12-16T18:57:03.045407+0100 chargesom manager[870930]: [INFO] connector:EvseM  ::                                     CAR ISO V2G CurrentDemandReq
2025-12-16T18:57:03.165164+0100 chargesom manager[870930]: [INFO] connector:EvseM  :: EVSE ISO V2G CurrentDemandRes
2025-12-16T18:57:03.258509+0100 chargesom manager[870930]: [INFO] connector:EvseM  ::                                     CAR ISO V2G CurrentDemandReq
2025-12-16T18:57:03.356867+0100 chargesom manager[870930]: [INFO] connector:EvseM  :: EVSE ISO V2G CurrentDemandRes
2025-12-16T18:57:03.478373+0100 chargesom manager[870930]: [INFO] connector:EvseM  ::                                     CAR ISO V2G CurrentDemandReq
2025-12-16T18:57:03.532503+0100 chargesom manager[870930]: [INFO] connector:EvseM  :: EVSE IEC Isolation measurement Ok R_F 900000.
2025-12-16T18:57:03.577557+0100 chargesom manager[870930]: [INFO] connector:EvseM  :: EVSE ISO V2G CurrentDemandRes
2025-12-16T18:57:03.698351+0100 chargesom manager[870930]: [INFO] connector:EvseM  ::                                     CAR ISO V2G CurrentDemandReq
2025-12-16T18:57:03.797535+0100 chargesom manager[870930]: [INFO] connector:EvseM  :: EVSE ISO V2G CurrentDemandRes
2025-12-16T18:57:03.919220+0100 chargesom manager[870930]: [INFO] connector:EvseM  ::                                     CAR ISO V2G CurrentDemandReq
2025-12-16T18:57:04.062796+0100 chargesom manager[870930]: [INFO] connector:EvseM  :: EVSE ISO V2G CurrentDemandRes
2025-12-16T18:57:04.165176+0100 chargesom manager[870930]: [INFO] connector:EvseM  ::                                     CAR ISO V2G CurrentDemandReq
2025-12-16T18:57:04.236810+0100 chargesom manager[870930]: [INFO] connector:EvseM  :: EVSE ISO V2G CurrentDemandRes
2025-12-16T18:57:04.358629+0100 chargesom manager[870930]: [INFO] connector:EvseM  ::                                     CAR ISO V2G CurrentDemandReq
2025-12-16T18:57:04.456798+0100 chargesom manager[870930]: [INFO] connector:EvseM  :: EVSE ISO V2G CurrentDemandRes
2025-12-16T18:57:04.532623+0100 chargesom manager[870930]: [INFO] connector:EvseM  :: EVSE IEC Isolation measurement Ok R_F 900000.
2025-12-16T18:57:04.621468+0100 chargesom manager[870930]: [INFO] connector:EvseM  ::                                     CAR ISO V2G CurrentDemandReq
2025-12-16T18:57:04.676422+0100 chargesom manager[870930]: [INFO] connector:EvseM  :: EVSE ISO V2G CurrentDemandRes
2025-12-16T18:57:04.799259+0100 chargesom manager[870930]: [INFO] connector:EvseM  ::                                     CAR ISO V2G CurrentDemandReq
2025-12-16T18:57:04.897515+0100 chargesom manager[870930]: [INFO] connector:EvseM  :: EVSE ISO V2G CurrentDemandRes
2025-12-16T18:57:05.018169+0100 chargesom manager[870930]: [INFO] connector:EvseM  ::                                     CAR ISO V2G CurrentDemandReq
2025-12-16T18:57:05.158052+0100 chargesom manager[870930]: [INFO] connector:EvseM  :: EVSE ISO V2G CurrentDemandRes
2025-12-16T18:57:05.250157+0100 chargesom manager[870930]: [INFO] connector:EvseM  ::                                     CAR ISO V2G CurrentDemandReq
2025-12-16T18:57:05.336750+0100 chargesom manager[870930]: [INFO] connector:EvseM  :: EVSE ISO V2G CurrentDemandRes
2025-12-16T18:57:05.458232+0100 chargesom manager[870930]: [INFO] connector:EvseM  ::                                     CAR ISO V2G CurrentDemandReq
2025-12-16T18:57:05.532916+0100 chargesom manager[870930]: [INFO] connector:EvseM  :: EVSE IEC Isolation measurement Ok R_F 900000.
2025-12-16T18:57:05.577248+0100 chargesom manager[870930]: [INFO] connector:EvseM  :: EVSE ISO V2G CurrentDemandRes
2025-12-16T18:57:05.678167+0100 chargesom manager[870930]: [INFO] connector:EvseM  ::                                     CAR ISO V2G CurrentDemandReq
2025-12-16T18:57:05.777185+0100 chargesom manager[870930]: [INFO] connector:EvseM  :: EVSE ISO V2G CurrentDemandRes
2025-12-16T18:57:05.899244+0100 chargesom manager[870930]: [INFO] connector:EvseM  ::                                     CAR ISO V2G CurrentDemandReq
2025-12-16T18:57:05.996993+0100 chargesom manager[870930]: [INFO] connector:EvseM  :: EVSE ISO V2G CurrentDemandRes
2025-12-16T18:57:06.118492+0100 chargesom manager[870930]: [INFO] connector:EvseM  ::                                     CAR ISO V2G CurrentDemandReq
2025-12-16T18:57:06.216839+0100 chargesom manager[870930]: [INFO] connector:EvseM  :: EVSE ISO V2G CurrentDemandRes
2025-12-16T18:57:06.345895+0100 chargesom manager[870930]: [INFO] connector:EvseM  ::                                     CAR ISO V2G CurrentDemandReq
2025-12-16T18:57:06.404420+0100 chargesom manager[870955]: [ERRO] powersupply_dc: module::main::power_supply_DCImpl::init()::<lambda(uint8_t, InfyCanDevice::Error, bool)> :: Infy[0x0]: undervoltage fault detected
2025-12-16T18:57:06.410245+0100 chargesom manager[870955]: [ERRO] powersupply_dc:  :: Error raised, type: power_supply_DC/UnderVoltageDC, sub_type: , message: Infy[0x0]: undervoltage fault detected
2025-12-16T18:57:06.411378+0100 chargesom manager[870955]: [ERRO] powersupply_dc: module::main::power_supply_DCImpl::init()::<lambda(uint8_t, InfyCanDevice::Error, bool)> :: Infy[0x0]: internal fault detected
2025-12-16T18:57:06.411378+0100 chargesom manager[870955]: [ERRO] powersupply_dc:  :: Error raised, type: power_supply_DC/HardwareFault, sub_type: , message: Infy[0x0]: internal fault detected
2025-12-16T18:57:06.469276+0100 chargesom manager[870930]: [INFO] connector:EvseM  :: EVSE ISO V2G CurrentDemandRes
2025-12-16T18:57:06.480270+0100 chargesom manager[870930]: [ERRO] connector:EvseM  :: Error raised, type: evse_manager/Inoperative, sub_type: , message: power_supply_DC/UnderVoltageDC
2025-12-16T18:57:06.502393+0100 chargesom manager[870930]: [INFO] connector:EvseM  :: EVSE IEC Charger state: Charging->Charging
2025-12-16T18:57:06.502768+0100 chargesom manager[870930]: [INFO] connector:EvseM  :: Timing statistics (Plugin to CurrentDemand)
2025-12-16T18:57:06.502768+0100 chargesom manager[870930]: [INFO] connector:EvseM  :: -------------------------------------------
2025-12-16T18:57:06.503329+0100 chargesom manager[870930]: [INFO] connector:EvseM  :: ConnSetup | HLC_PWM_5%_ON: 714 ms | D-LINK_READY: 7641 ms | Auth EIM Done: 2265 ms | Total: 13035 ms
2025-12-16T18:57:06.503329+0100 chargesom manager[870930]: [INFO] connector:EvseM  :: CableCheck | <60V: 0 ms | Relay On: 200 ms | EVInfo: 0 ms | VRampUp: 4219 ms | Self test: 3039 ms | Measure: 87 ms | VRampDown: 1876 ms | Total: 9431 ms
2025-12-16T18:57:06.503329+0100 chargesom manager[870930]: [INFO] connector:EvseM  :: PrepareCharging | Charging started: 4694 ms | Total: 4694 ms
2025-12-16T18:57:06.503329+0100 chargesom manager[870930]: [INFO] connector:EvseM  :: Total duration all phases: 27160 ms
2025-12-16T18:57:06.503329+0100 chargesom manager[870930]: [INFO] connector:EvseM  :: PrepareCharging | Charging started: 4694 ms | Total: 4694 ms | Charging started: 94391 ms | Total: 99086 ms
2025-12-16T18:57:06.503329+0100 chargesom manager[870930]: [INFO] connector:EvseM  :: Total duration all phases: 121552 ms
2025-12-16T18:57:06.503329+0100 chargesom manager[870930]: [INFO] connector:EvseM  :: EVSE IEC Set PWM Off
2025-12-16T18:57:06.545548+0100 chargesom manager[870926]: [INFO] bsp:CbChargeSOM  :: handle_pwm_off: Setting new duty cycle of 100.0%
2025-12-16T18:57:06.557789+0100 chargesom manager[870951]: [ERRO] iso15118_charge  :: Failed response code detected for message "Current Demand", error: Response FAILED
2025-12-16T18:57:06.589670+0100 chargesom manager[870930]: [INFO] connector:EvseM  ::                                     CAR ISO V2G CurrentDemandReq
2025-12-16T18:57:06.590548+0100 chargesom manager[870930]: [INFO] connector:EvseM  :: EVSE IEC DC power supply OFF
2025-12-16T18:57:06.633497+0100 chargesom manager[870955]: [INFO] powersupply_dc:  :: Set mode via CAN: Off with phase Charging
2025-12-16T18:57:06.633885+0100 chargesom manager[870955]: [INFO] powersupply_dc:  :: Infy: switch_on_off(false) - active modules: 1
2025-12-16T18:57:06.678076+0100 chargesom manager[870930]: [INFO] connector:EvseM  :: EVSE ISO V2G CurrentDemandRes
2025-12-16T18:57:06.680183+0100 chargesom manager[870948]: [INFO] imd:IMDSimulato  :: Stopped simulated isolation monitoring
2025-12-16T18:57:06.717949+0100 chargesom manager[870951]: [WARN] iso15118_charge  :: EV's charging profile is invalid (ChargingProfileEntryMaxPower too high)!
2025-12-16T18:57:06.718336+0100 chargesom manager[870951]: [ERRO] iso15118_charge  :: Failed response code detected for message "Power Delivery", error: Response FAILED
2025-12-16T18:57:06.723237+0100 chargesom manager[870926]: [INFO] bsp:CbChargeSOM  :: handle_allow_power_on: request to OPEN the contactor
2025-12-16T18:57:06.766414+0100 chargesom manager[870930]: [INFO] connector:EvseM  :: EVSE IEC Isolation measurement Ok R_F 900000.
2025-12-16T18:57:06.797857+0100 chargesom manager[870926]: [INFO] bsp:CbChargeSOM  :: Contactor 1 state change detected: now Open
2025-12-16T18:57:06.798228+0100 chargesom manager[870926]: [INFO] bsp:CbChargeSOM  :: Contactor 2 state change detected: now Open
2025-12-16T18:57:06.798228+0100 chargesom manager[870926]: [INFO] bsp:CbChargeSOM  :: CP state change from C to B, PWM: 100.0%
2025-12-16T18:57:06.809639+0100 chargesom manager[870930]: [INFO] connector:EvseM  :: EVSE IEC Event PowerOff
2025-12-16T18:57:06.810570+0100 chargesom manager[870930]: [INFO] connector:EvseM  ::                                     CAR ISO V2G PowerDeliveryReq
2025-12-16T18:57:06.853520+0100 chargesom manager[870930]: [INFO] connector:EvseM  :: EVSE ISO V2G PowerDeliveryRes
2025-12-16T18:57:06.897662+0100 chargesom manager[870926]: [INFO] bsp:CbChargeSOM  :: handle_allow_power_on: request to OPEN the contactor
2025-12-16T18:57:07.091048+0100 chargesom manager[870930]: [INFO] connector:EvseM  ::                                     CAR IEC Event CarRequestedStopPower
2025-12-16T18:57:07.126483+0100 chargesom manager[870930]: [INFO] connector:EvseM  :: EVSE IEC CP state transition C->B at this stage violates ISO15118-2
2025-12-16T18:57:07.126483+0100 chargesom manager[870930]: [INFO] connector:EvseM  :: EVSE IEC Charger state: Charging->Car Paused
2025-12-16T18:57:07.169585+0100 chargesom manager[870926]: [INFO] bsp:CbChargeSOM  :: handle_allow_power_on: request to OPEN the contactor
2025-12-16T18:57:08.630244+0100 chargesom manager[870930]: [INFO] connector:EvseM  :: EVSE ISO Change HLC Limits: 900W/1.9607843A, target_voltage 459, actual_voltage 0, hack_bpt false
2025-12-16T18:57:10.954576+0100 chargesom manager[870930]: [INFO] connector:EvseM  :: EVSE ISO Change HLC Limits: 900W/1.9607843A, target_voltage 459, actual_voltage 2.4, hack_bpt false
2025-12-16T18:57:13.370344+0100 chargesom manager[870930]: [INFO] connector:EvseM  :: EVSE ISO Change HLC Limits: 900W/1.9607843A, target_voltage 459, actual_voltage 3.7, hack_bpt false
2025-12-16T18:57:51.397688+0100 chargesom manager[870955]: [WARN] powersupply_dc: size_t InfyCanDevice::remove_expired_telemetry_entries() :: Infy[0x00/SN_2818a396c70776_V]: module communication expired (timeout: 15s). Removing from active modules.
2025-12-16T18:57:51.399164+0100 chargesom manager[870955]: [INFO] powersupply_dc:  :: Infy: Communication fault detected - all 1 modules unresponsive, forcing system OFF for safety
2025-12-16T18:57:51.399164+0100 chargesom manager[870955]: [ERRO] powersupply_dc: module::main::power_supply_DCImpl::init()::<lambda(uint8_t, InfyCanDevice::Error, bool)> :: Infy[0xFF]: communication fault detected
2025-12-16T18:57:51.399164+0100 chargesom manager[870955]: [ERRO] powersupply_dc:  :: Error raised, type: power_supply_DC/CommunicationFault, sub_type: , message: Infy[0xFF]: communication fault detected
2025-12-16T18:57:51.399164+0100 chargesom manager[870955]: [INFO] powersupply_dc:  :: Infy: Removed 1 expired modules. Active modules remaining: 0
2025-12-16T18:57:51.399164+0100 chargesom manager[870955]: [INFO] powersupply_dc:  :: Infy: No telemetries received, setting default capabilities
2025-12-16T18:57:53.387524+0100 chargesom manager[870930]: [INFO] connector:EvseM  :: EVSE ISO Change HLC Limits: 0W/0A, target_voltage 459, actual_voltage 3.3, hack_bpt false
2025-12-16T18:58:06.874485+0100 chargesom manager[870951]: [ERRO] iso15118_charge  :: Sequence timeout has occurred (message: Power Delivery)
2025-12-16T18:58:06.874485+0100 chargesom manager[870951]: [ERRO] iso15118_charge  :: Timeout waiting for next request or peer closed connection
2025-12-16T18:58:06.874485+0100 chargesom manager[870951]: [INFO] iso15118_charge  :: v2g_handle_connection exited with -1
2025-12-16T18:58:06.874485+0100 chargesom manager[870951]: [INFO] iso15118_charge  :: Closing TCP connection
2025-12-16T18:58:11.875295+0100 chargesom manager[870951]: [INFO] iso15118_charge  :: TCP connection closed gracefully
2025-12-16T18:59:01.794617+0100 chargesom manager[870926]: [INFO] bsp:CbChargeSOM  :: CP state change from B to A, PWM: 100.0%
2025-12-16T18:59:01.818071+0100 chargesom manager[870926]: [INFO] bsp:CbChargeSOM  :: handle_pwm_off: Setting new duty cycle of 100.0%
2025-12-16T18:59:01.886209+0100 chargesom manager[870926]: [INFO] bsp:CbChargeSOM  :: handle_allow_power_on: request to OPEN the contactor
2025-12-16T18:59:02.021408+0100 chargesom manager[870941]: [INFO] evse_slac:EvseS  :: Entered Reset state
2025-12-16T18:59:02.022388+0100 chargesom manager[870941]: [INFO] evse_slac:EvseS  :: New NMK key: 35:58:54:34:34:4C:50:30:55:59:4D:39:38:47:39:32
2025-12-16T18:59:02.023421+0100 chargesom manager[870941]: [INFO] evse_slac:EvseS  :: Received CM_SET_KEY_CNF
2025-12-16T18:59:02.024004+0100 chargesom manager[870941]: [INFO] evse_slac:EvseS  :: Entered Idle state
2025-12-16T18:59:02.065634+0100 chargesom manager[870930]: [INFO] connector:EvseM  :: EVSE ISO D-LINK_READY (false)
2025-12-16T18:59:02.066681+0100 chargesom manager[870930]: [INFO] connector:EvseM  ::                                     CAR IEC Event CarUnplugged
2025-12-16T18:59:02.066681+0100 chargesom manager[870930]: [INFO] connector:EvseM  :: EVSE IEC Charger state: Car Paused->Finished
2025-12-16T18:59:02.066681+0100 chargesom manager[870930]: [INFO] connector:EvseM  :: EVSE IEC Transaction Finished: EVDisconnected (0 kWh)
2025-12-16T18:59:02.124464+0100 chargesom manager[870930]: [INFO] connector:EvseM  :: EVSE IEC Session Finished
2025-12-16T18:59:02.124464+0100 chargesom manager[870930]: [INFO] connector:EvseM  :: SYS  Session logging stopped.
2025-12-16T18:59:02.214951+0100 chargesom manager[870926]: [INFO] bsp:CbChargeSOM  :: handle_pwm_off: Setting new duty cycle of 100.0%
2025-12-16T18:59:16.397733+0100 chargesom manager[870955]: [INFO] powersupply_dc:  :: Infy[0xFF]: communication fault cleared
2025-12-16T18:59:16.399305+0100 chargesom manager[870955]: [INFO] powersupply_dc:  :: Cleared error of type power_supply_DC/CommunicationFault with sub_type
2025-12-16T18:59:31.397698+0100 chargesom manager[870955]: [WARN] powersupply_dc: size_t InfyCanDevice::remove_expired_telemetry_entries() :: Infy[0x00]: module communication expired (timeout: 15s). Removing from active modules.
2025-12-16T18:59:31.416328+0100 chargesom manager[870955]: [INFO] powersupply_dc:  :: Infy: Communication fault detected - all 1 modules unresponsive, forcing system OFF for safety
2025-12-16T18:59:31.416328+0100 chargesom manager[870955]: [ERRO] powersupply_dc: module::main::power_supply_DCImpl::init()::<lambda(uint8_t, InfyCanDevice::Error, bool)> :: Infy[0xFF]: communication fault detected
2025-12-16T18:59:31.416328+0100 chargesom manager[870955]: [ERRO] powersupply_dc:  :: Error raised, type: power_supply_DC/CommunicationFault, sub_type: , message: Infy[0xFF]: communication fault detected
2025-12-16T18:59:31.416328+0100 chargesom manager[870955]: [INFO] powersupply_dc:  :: Infy: Removed 1 expired modules. Active modules remaining: 0
2025-12-16T18:59:31.416328+0100 chargesom manager[870955]: [INFO] powersupply_dc:  :: Infy: No telemetries received, setting default capabilities
